"Những định kiến khiến người Nga bị coi là ""khó gần"""|https://kienthuc.net.vn/the-gioi/nhung-dinh-kien-khien-nguoi-nga-bi-coi-la-kho-gan-1710941.html|https://photo-cms-kienthuc.zadn.vn/zoom/130_82/Uploaded/ctvthegioi/2022_06_09/nga10_HVNG.png|"Nước Nga có thực sự là một quốc gia của những người dân ""khó tính"", không biết cười hay ""con sâu rượu"" ngày đêm bên bàn nhậu?"|thế giới|kienthuc.net|"13:00 | 12/06/2022"
"Chú rể cười ""tươi rói"" rút lia lịa cuộn tiền là của hồi môn"|https://kienthuc.net.vn/the-gioi/chu-re-cuoi-tuoi-roi-rut-lia-lia-cuon-tien-la-cua-hoi-mon-1711512.html|https://photo-cms-kienthuc.zadn.vn/zoom/130_82/Uploaded/tructoasoan/2022_06_11/saostar-qv5vl38l4u0xfs1k_THVN.gif|"Chú rể hớn hở kéo cuộn tiền giấy tưởng như ""bất tận"" từ túi xách do mẹ ruột chuẩn bị là của hồi môn để gây ấn tượng với gia đình cô dâu."|thế giới|kienthuc.net|"12:51 | 12/06/2022"
Triều Tiên công bố số ca nghi mắc bệnh hô hấp cấp COVID-19|https://kienthuc.net.vn/doi-song/trieu-tien-cong-bo-so-ca-nghi-mac-benh-ho-hap-cap-covid-19-1711756.html|https://photo-cms-kienthuc.zadn.vn/zoom/130_82/Uploaded/hongngan/2022_06_12/ea593a2fc86d2133787c_HOUX.jpg|Theo số liệu từ Trung tâm Ngăn ngừa dịch bệnh khẩn cấp quốc gia Triều Tiên, hơn 40.060 người có triệu chứng sốt trong 24 giờ qua và 1 trường hợp thiệt mạng đã được xác nhận.|thế giới|kienthuc.net|"08:59 | 12/06/2022"
Bí ẩn “khu rừng nhảy múa” khiến các chuyên gia cũng bối rối|https://kienthuc.net.vn/the-gioi/bi-an-khu-rung-nhay-mua-khien-cac-chuyen-gia-cung-boi-roi-1710914.html|https://photo-cms-kienthuc.zadn.vn/zoom/130_82/Uploaded/ctvthegioi/2022_06_09/6290e6ebf9b23a487563fe2c_PXJQ.jpg|"Ở miền Tây nước Nga có một khu rừng ""dị thường"" trở thành ""nỗi đau đầu"" thực sự đối với các nhà khoa học, cũng như là một bí ẩn thú vị đối với khách du lịch."|thế giới|kienthuc.net|"07:00 | 12/06/2022"
Hồ nước 'đáng ghen tị' nhất thế giới|https://kienthuc.net.vn/the-gioi/ho-nuoc-dang-ghen-ti-nhat-the-gioi-1711732.html|https://photo-cms-kienthuc.zadn.vn/zoom/130_82/Uploaded/huutuan/2022_06_11/ho-nhua-ngoisaovn-w1080-h648_KEZW.jpg|Hầu hết mọi quốc gia trên thế giới đều có những phong cảnh đẹp và độc đáo, và những danh lam thắng cảnh này hiện đã trở thành điểm du lịch hấp dẫn mà mọi người từ khắp nơi trên...|thế giới|kienthuc.net|"06:48 | 12/06/2022"
Bé gái Ấn Độ bị mẹ trói phơi nắng vì lý do gây sốc|https://kienthuc.net.vn/the-gioi/be-gai-an-do-bi-me-troi-phoi-nang-vi-ly-do-gay-soc-1711186.html|https://photo-cms-kienthuc.zadn.vn/zoom/130_82/uploaded/hoangthao/2022_06_10/bi_troi_ASBC.jpg|Vụ việc bé gái 5 tuổi bị mẹ trói phơi nắng trên mái nhà trong cái nóng hơn 40 độ C ở Ấn Độ đang làm dấy lên làn sóng chỉ trích dữ dội.|thế giới|kienthuc.net|"06:00 | 12/06/2022"
Kinh hãi món đặc sản chuột lang gây tranh cãi của Peru|https://kienthuc.net.vn/the-gioi/kinh-hai-mon-dac-san-chuot-lang-gay-tranh-cai-cua-peru-1711686.html|https://photo-cms-kienthuc.zadn.vn/zoom/130_82/Uploaded/giadat/2022_06_11/chuot_RCCW.jpg|Chuột lang từ lâu đã là một phần trong ẩm thực của người Peru, được dùng để chế biến đủ món từ nướng, rán đến hun khói.|thế giới|kienthuc.net|"00:48 | 12/06/2022"
Bắn chết shipper chỉ vì… nhà hàng cho ít nước sốt|https://kienthuc.net.vn/the-gioi/ban-chet-shipper-chi-vi-nha-hang-cho-it-nuoc-sot-1711295.html|https://photo-cms-kienthuc.zadn.vn/zoom/130_82/uploaded/hoangthao/2022_06_10/nghi_pham_HKOU.jpg|Người đàn ông Mỹ đã bắn chết nhân viên giao hàng (shipper) chỉ vì cho rằng người này không đáp ứng yêu cầu thêm nhiều nước sốt vịt.|thế giới|kienthuc.net|"19:00 | 11/06/2022"
Australia đền bù hơn 830 triệu AUD vì hủy hợp đồng mua tàu ngầm Pháp|https://kienthuc.net.vn/the-gioi/australia-den-bu-hon-830-trieu-aud-vi-huy-hop-dong-mua-tau-ngam-phap-1711587.html|https://photo-cms-kienthuc.zadn.vn/zoom/130_82/Uploaded/hoangthao/2022_06_11/tau%20ngam%20Uc%20aukus%20-bbc_MOJL.jpg|Chính phủ Australia vừa công bố nước này đã đạt được thỏa thuận đền bù vì hủy hợp đồng mua 12 tàu ngầm của Pháp với số tiền bồi thường lên đến hơn 830 triệu đô la Australia.|thế giới|kienthuc.net|"13:53 | 11/06/2022"
Giải mã hiện tượng “đêm trắng”, mặt trời không bao giờ lặn ở Nga|https://kienthuc.net.vn/the-gioi/giai-ma-hien-tuong-dem-trang-mat-troi-khong-bao-gio-lan-o-nga-1711381.html|https://photo-cms-kienthuc.zadn.vn/zoom/130_82/Uploaded/ctvthegioi/2022_06_10/nga9_DITI.jpg|Khoảng thời gian từ giữa tháng 5 đến tháng 7, người dân tại nhiều nơi tại nước Nga gần như không thấy mặt trời lặn.|thế giới|kienthuc.net|"13:45 | 11/06/2022"
Triều Tiên bổ nhiệm nữ Bộ trưởng Ngoại giao đầu tiên|https://kienthuc.net.vn/the-gioi/trieu-tien-bo-nhiem-nu-bo-truong-ngoai-giao-dau-tien-1711589.html|https://photo-cms-kienthuc.zadn.vn/zoom/130_82/uploaded/hoangthao/2022_06_11/bo_nhiem_WQNC.jpg|Bà Choe Son-hui trước đó giữ chức Thứ trưởng Ngoại giao, là phụ tá thân cận của nhà lãnh đạo Kim Jong-un tham dự các cuộc đàm phán hạt nhân với Mỹ.|thế giới|kienthuc.net|"13:42 | 11/06/2022"
Trung Quốc cấm trẻ vị thành niên xăm hình|https://kienthuc.net.vn/the-gioi/trung-quoc-cam-tre-vi-thanh-nien-xam-hinh-1711477.html|https://photo-cms-kienthuc.zadn.vn/zoom/130_82/Uploaded/huutuan/2022_06_09/kiligkira_66385124_155696395613434_478058782847495207_n_1_RGFW.jpg|Sau quy định giới hạn thời gian chơi game và livestream, trẻ vị thành niên ở Trung Quốc tiếp tục bị cấm xăm hình, theo Sixth Tone.|thế giới|kienthuc.net|"07:49 | 11/06/2022"
Vợ được bồi thường 100 triệu sau ly hôn, dân mạng chê quá ít|https://kienthuc.net.vn/the-gioi/vo-duoc-boi-thuong-100-trieu-sau-ly-hon-dan-mang-che-qua-it-1711249.html|https://photo-cms-kienthuc.zadn.vn/zoom/130_82/uploaded/hoangthao/2022_06_10/o_nha_cham_con_ESWH.jpg|Người vợ được bồi thường 100 triệu cho 7 năm làm nội trợ sau ly hôn, dân mạng cho rằng số tiền quá nhỏ so với lượng công việc cô ấy làm.|thế giới|kienthuc.net|"07:00 | 11/06/2022"
Chợ đường tàu Thái Lan mở cửa lại, dọn hàng 6 lần/ngày|https://kienthuc.net.vn/the-gioi/cho-duong-tau-thai-lan-mo-cua-lai-don-hang-6-lanngay-1711332.html|https://photo-cms-kienthuc.zadn.vn/zoom/130_82/uploaded/hoangthao/2022_06_10/cho_duong_tau_3_JJOK.jpg|Sau 2 năm đóng cửa vì Covid-19, hàng trăm quầy hàng của khu chợ đường tàu Mae Klong ở tỉnh Samut Songkhram, Thái Lan bắt đầu nhộn nhịp trở lại.|thế giới|kienthuc.net|"06:00 | 11/06/2022"
Thượng Hải lại tiến hành xét nghiệm đại trà COVID-19|https://kienthuc.net.vn/the-gioi/thuong-hai-lai-tien-hanh-xet-nghiem-dai-tra-covid-19-1711392.html|https://photo-cms-kienthuc.zadn.vn/zoom/130_82/Uploaded/tructoasoan/2022_06_10/thuong-hai-100622_VHGO.jpg|Thành phố Thượng Hải của Trung Quốc sẽ phong tỏa hàng triệu người để xét nghiệm COVID-19 cuối tuần này, chỉ 10 ngày sau khi dỡ bỏ lệnh phong tỏa kéo dài 2 tháng.|thế giới|kienthuc.net|"20:27 | 10/06/2022"
Ba Lan ghi nhận ca đầu tiên mắc bệnh đậu mùa khỉ|https://kienthuc.net.vn/the-gioi/ba-lan-ghi-nhan-ca-dau-tien-mac-benh-dau-mua-khi-1711391.html|https://photo-cms-kienthuc.zadn.vn/zoom/130_82/Uploaded/tructoasoan/2022_06_10/dau-mua-khi-100622_UESL.jpg|Ngày 10/6, Bộ trưởng Y tế Ba Lan, ông Adam Niedzielski cho biết nước này đã ghi nhận ca đầu tiên mắc bệnh đậu mùa khỉ.|thế giới|kienthuc.net|"20:24 | 10/06/2022"
Bộ trưởng Quốc phòng Mỹ, Trung gặp mặt bên lề Đối thoại Shangri-La|https://kienthuc.net.vn/the-gioi/bo-truong-quoc-phong-my-trung-gap-mat-ben-le-doi-thoai-shangri-la-1711386.html|https://photo-cms-kienthuc.zadn.vn/zoom/130_82/Uploaded/tructoasoan/2022_06_10/us-china-2148_LBGR.jpg|Bộ trưởng Quốc phòng Trung Quốc - Tướng Ngụy Phượng Hòa - và người đồng cấp Mỹ - ông Lloyd Austin – lần đầu tiên gặp nhau trực tiếp bên lề Đối thoại Shangri-La tại Singapore.|thế giới|kienthuc.net|"20:09 | 10/06/2022"
Tổng thống Biden vấp ngã, Thư ký Báo chí Nhà Trắng đổ tại gió|https://kienthuc.net.vn/the-gioi/tong-thong-biden-vap-nga-thu-ky-bao-chi-nha-trang-do-tai-gio-1711361.html|https://photo-cms-kienthuc.zadn.vn/zoom/130_82/Uploaded/ctvthegioi/2022_06_10/untitled2_JFDO.png|Một sự cố bất ngờ trên đường băng đã xảy ra với vị Tổng thống 79 tuổi của nước Mỹ trên đường tới Hội nghị thượng đỉnh châu Mỹ lần thứ 9 tại Los Angeles.|thế giới|kienthuc.net|"19:00 | 10/06/2022"
Hàn Quốc: Phóng hỏa văn phòng luật sư, 7 người tử vong|https://kienthuc.net.vn/the-gioi/han-quoc-phong-hoa-van-phong-luat-su-7-nguoi-tu-vong-1711141.html|https://photo-cms-kienthuc.zadn.vn/zoom/130_82/uploaded/hoangthao/2022_06_10/phong_hoa_vp_luat_su_2_CEDX.jpg|Ít nhất 7 người tử vong và 40 người bị thương trong vụ hỏa hoạn tại văn phòng luật sư ở thành phố Daegu, Đông Nam Hàn Quốc, ngày 9/6.|thế giới|kienthuc.net|"13:30 | 10/06/2022"
Khám phá vùng đất có vườn dứa khổng lồ cao tới 9-10m|https://kienthuc.net.vn/the-gioi/kham-pha-vung-dat-co-vuon-dua-khong-lo-cao-toi-9-10m-1710912.html|https://photo-cms-kienthuc.zadn.vn/zoom/130_82/uploaded/hoangthao/2022_06_09/dua_khong_lo_4_QTLG.jpg|Vườn quốc gia Huascaran, thuộc đỉnh núi cao nhất của Peru, được cho là nơi tốt nhất để chiêm ngưỡng vườn dứa khổng lồ nở hoa cao tới 9-10m.|thế giới|kienthuc.net|"13:00 | 10/06/2022"
"Ngỡ ngàng cảnh tượng chú chó ""đứng bếp"" giúp cậu chủ nấu cơm"|https://kienthuc.net.vn/the-gioi/ngo-ngang-canh-tuong-chu-cho-dung-bep-giup-cau-chu-nau-com-1710735.html|https://photo-cms-kienthuc.zadn.vn/zoom/130_82/Uploaded/tructoasoan/2022_06_09/saostar-fy22nk6n1cgza2ox_YSWZ.gif|Về nhà trễ hơn dự định, người đàn ông đã quyết định nhờ chú chó cưng của mình giúp anh nấu cơm thông qua hệ thống camera giám sát trong nhà.|thế giới|kienthuc.net|"12:54 | 10/06/2022"
Vợ phải bỏ trốn khi phát hiện tính cách kỳ dị của chồng|https://kienthuc.net.vn/the-gioi/vo-phai-bo-tron-khi-phat-hien-tinh-cach-ky-di-cua-chong-1710729.html|https://photo-cms-kienthuc.zadn.vn/zoom/130_82/Uploaded/tructoasoan/2022_06_09/saostar-9810cu82lr1kqk0t_IUIG.jpeg|Mới đây trang Sohu vừa chia sẻ câu chuyện kỳ dị về một cặp vợ chồng ở Trung Quốc khiến nhiều người tò mò, theo dõi.|thế giới|kienthuc.net|"12:51 | 10/06/2022"
"Đăng nhầm ảnh khỏa thân lên trang bán hàng trực tuyến, cô gái ""méo mặt"""|https://kienthuc.net.vn/the-gioi/dang-nham-anh-khoa-than-len-trang-ban-hang-truc-tuyen-co-gai-meo-mat-1710718.html|https://photo-cms-kienthuc.zadn.vn/zoom/130_82/Uploaded/tructoasoan/2022_06_09/g_ZXJV.png|"Mở trang cá nhân trên Facebook, cô gái vô cũng bàng hoàng khi thấy hàng trăm lời mời kết bạn và ""bùng nổ "" tin nhắn gửi đến cho mình."|thế giới|kienthuc.net|"12:45 | 10/06/2022"
Điểm đặc biệt của chiếc biển số xe trị giá hơn 11 tỷ đồng|https://kienthuc.net.vn/the-gioi/diem-dac-biet-cua-chiec-bien-so-xe-tri-gia-hon-11-ty%C2%A0dong-1710705.html|https://photo-cms-kienthuc.zadn.vn/zoom/130_82/Uploaded/tructoasoan/2022_06_09/qatar-748_AZKH.jpg|Sở cảnh sát giao thông Qatar đã bán 50 biển số xe có logo FIFA World Cup Qatar 2022 trong một cuộc đấu giá trực tuyến.|thế giới|kienthuc.net|"12:39 | 10/06/2022"
Bí ẩn loạt vụ tấn công bằng kim tiêm ở châu Âu|https://kienthuc.net.vn/the-gioi/bi-an-loat-vu-tan-cong-bang-kim-tiem-o-chau-au-1710699.html|https://photo-cms-kienthuc.zadn.vn/zoom/130_82/Uploaded/tructoasoan/2022_06_09/apvvvvvvvv-979_JNWD.jpeg|Theo hãng tin AP, hàng trăm vụ tấn công bằng kim tiêm đã xảy ra ở nhiều nước châu Âu trong vài tháng qua.|thế giới|kienthuc.net|"12:36 | 10/06/2022"
Những vụ vượt ngục táo tợn trên thế giới|https://kienthuc.net.vn/the-gioi/nhung-vu-vuot-nguc-tao-ton-tren-the-gioi-1710675.html|https://photo-cms-kienthuc.zadn.vn/zoom/130_82/Uploaded/tructoasoan/2022_06_09/vuot-nguc-1102_RIMO.jpg|Ngay cả các nhà tù được bảo vệ an ninh nghiêm ngặt nhất thế giới cũng từng chứng kiến những vụ tội phạm xảo quyệt tìm mọi cách đào tẩu, trong đó có âm mưu thành công.|thế giới|kienthuc.net|"12:27 | 10/06/2022"
Ukraine: Thị trưởng nói Vùng Zaporozhye muốn “về cùng nhà” với Nga|https://kienthuc.net.vn/the-gioi/ukraine-thi-truong-noi-vung-zaporozhye-muon-ve-cung-nha-voi-nga-1711037.html|https://photo-cms-kienthuc.zadn.vn/zoom/130_82/Uploaded/tructoasoan/2022_06_10/1/thumbs-b-c-504b5e1418840bb19103395cd06f48dc-5303_XUSC.jpg|"Người dân ở ""các khu vực đã được giải phóng thuộc Vùng Zaporozhye"" muốn một cuộc trưng cầu dân ý để sáp nhập Nga càng sớm càng tốt, một thị trưởng địa phương cho biết hôm 9/6."|thế giới|kienthuc.net|"08:18 | 10/06/2022"
Nhận bồi thường 4.500 USD hậu ly hôn vì 7 năm phải làm nội trợ|https://kienthuc.net.vn/the-gioi/nhan-boi-thuong-4500-usd-hau-ly-hon-vi-7-nam-phai-lam-noi-tro-1711046.html|https://photo-cms-kienthuc.zadn.vn/zoom/130_82/Uploaded/tructoasoan/2022_06_10/1eea361ad95830066949_CSNM.jpg|30.000 nhân dân tệ (4.500 USD) là số tiền mà một người vợ ở Trung Quốc nhận được từ chồng cũ sau khi phải làm hết mọi việc vặt trong nhà.|thế giới|kienthuc.net|"08:12 | 10/06/2022"
Cầu hôn bạn gái 76 tuổi, chàng trai 19 tuổi gây bão mạng|https://kienthuc.net.vn/the-gioi/cau-hon-ban-gai-76-tuoi-chang-trai-19-tuoi-gay-bao-mang-1706935.html|https://photo-cms-kienthuc.zadn.vn/zoom/130_82/uploaded/hoangthao/2022_05_30/cau_hon_ban_gai_gia_0_GWPI.jpg|Câu chuyện chàng trai 17 tuổi cầu hôn “bạn gái” 76 tuổi khiến dân mạng xôn xao. Sự chênh lệch tuổi tác quá lớn giữa cặp đôi nhận nhiều ý kiến tiêu cực.|thế giới|kienthuc.net|"07:00 | 10/06/2022"
“Mây mưa” trên ban công chung cư, người phụ nữ bị bắt giam|https://kienthuc.net.vn/the-gioi/may-mua-tren-ban-cong-chung-cu-nguoi-phu-nu-bi-bat-giam-1710855.html|https://photo-cms-kienthuc.zadn.vn/zoom/130_82/uploaded/hoangthao/2022_06_09/may_mua_tren_ban_cong_1_INDT.jpg|Sau khi phát hiện đoạn video một cặp đôi “mây mưa” trên ban công chung cư giữa ban ngày, cảnh sát lập tức bắt giữ người phụ nữ và truy tìm người đàn ông.|thế giới|kienthuc.net|"06:00 | 10/06/2022"
Phát hiện 3 đứa con không phải con ruột, người đàn ông khóc nghẹn|https://kienthuc.net.vn/the-gioi/phat-hien-3-dua-con-khong-phai-con-ruot-nguoi-dan-ong-khoc-nghen-1710833.html|https://photo-cms-kienthuc.zadn.vn/zoom/130_82/uploaded/hoangthao/2022_06_09/khoc_nuc_no_PGHK.jpg|Nghi ngờ vợ ngoại tình, người đàn ông 40 tuổi làm xét nghiệm huyết thống với 3 cô con rồi vô cùng sốc khi biết chúng không phải con ruột.|thế giới|kienthuc.net|"19:30 | 09/06/2022"
Bộ móng tay dài 30cm “cực độc” của người phụ nữ Anh|https://kienthuc.net.vn/the-gioi/bo-mong-tay-dai-30cm-cuc-doc-cua-nguoi-phu-nu-anh-1710879.html|https://photo-cms-kienthuc.zadn.vn/zoom/130_82/uploaded/hoangthao/2022_06_09/mong_tay_dai_1_OZRO.jpg|Người phụ nữ Mỹ đã dành hơn 30 năm để nuôi được bộ móng tay dài 30cm độc đáo của mình bất chấp việc gặp những trở ngại trong sinh hoạt hàng ngày.|thế giới|kienthuc.net|"19:00 | 09/06/2022"
Đang đi chơi gặp cướp, chàng trai bỏ rơi bạn gái chạy thoát thân|https://kienthuc.net.vn/the-gioi/dang-di-choi-gap-cuop-chang-trai-bo-roi-ban-gai-chay-thoat-than-1710414.html|https://photo-cms-kienthuc.zadn.vn/zoom/130_82/uploaded/hoangthao/2022_06_08/thay_cuop_bo_chay_1_FFWK.jpg|Thấy hai tên cướp xông tới, chàng trai trẻ liền bỏ rơi bạn gái rồi một mình chạy thoát thân để mặc cô người yêu đối mặt với nguy hiểm.|thế giới|kienthuc.net|"13:30 | 09/06/2022"
Hoàng tử Louis gây sốt với vẻ tinh nghịch đáng yêu|https://kienthuc.net.vn/the-gioi/hoang-tu-louis-gay-sot-voi-ve-tinh-nghich-dang-yeu-1710745.html|https://photo-cms-kienthuc.zadn.vn/zoom/130_82/uploaded/hoangthao/2022_06_09/hoang_tu_be_1_VSGP.jpg|Hoàng tử Louis, con trai út của Hoàng tử William và Công nương Kate, gây sốt với những biểu cảm tinh nghịch, đáng yêu trong đại lễ Bạch kim của Nữ Hoàng Anh.|thế giới|kienthuc.net|"13:00 | 09/06/2022"
"Cô gái mặc váy ngắn nhảy múa trong chuồng lợn, dân mạng ""ngán ngẩm"""|https://kienthuc.net.vn/the-gioi/co-gai-mac-vay-ngan-nhay-mua-trong-chuong-lon-dan-mang-ngan-ngam-1710721.html|https://photo-cms-kienthuc.zadn.vn/zoom/130_82/Uploaded/tructoasoan/2022_06_09/mang_RNHC.jpg|"Đa phần dân mạng đều cho rằng cô nàng này chắc hẳn muốn nổi tiếng nên mới chui vào chuồng lợn để ""làm trò"" như vậy."|thế giới|kienthuc.net|"10:45 | 09/06/2022"
Đi săn xác tàu đắm, hai cậu bé hoảng hốt phát hiện một thứ này|https://kienthuc.net.vn/the-gioi/di-san-xac-tau-dam-hai-cau-be-hoang-hot-phat-hien-mot-thu-nay-1710362.html|https://photo-cms-kienthuc.zadn.vn/zoom/130_82/Uploaded/tructoasoan/2022_06_08/saostar-7ypuj7pdzmeetond_QVXL.jpg|Hai bé trai tiến tới nơi có vật lạ và kỳ vọng đây đúng là phát hiện về xác tàu đắm, nhưng vô cùng thất vọng xen lẫn kinh hãi.|thế giới|kienthuc.net|"07:54 | 09/06/2022"
Khám phá “ngôi làng ma” bỗng thành thánh địa du lịch ở Trung Quốc|https://kienthuc.net.vn/the-gioi/kham-pha-ngoi-lang-ma-bong-thanh-thanh-dia-du-lich-o-trung-quoc-1710475.html|https://photo-cms-kienthuc.zadn.vn/zoom/130_82/uploaded/hoangthao/2022_06_08/ngoi_lang_ma_0_GUFG.jpg|"Thôn Hậu Đầu Loan (Trung Quốc), từng bị bỏ hoang thành ""ngôi làng ma"" không một bóng người, gần đây bỗng trở thành thánh địa du lịch nổi tiếng."|thế giới|kienthuc.net|"07:00 | 09/06/2022"
Những nàng công chúa châu Âu từng trở thành Nữ hoàng Nga|https://kienthuc.net.vn/the-gioi/nhung-nang-cong-chua-chau-au-tung-tro-thanh-nu-hoang-nga-1710124.html|https://photo-cms-kienthuc.zadn.vn/zoom/130_82/Uploaded/ctvthegioi/2022_06_07/6292119d15904b5750532f77_SABP.jpg|Việc các công chúa châu Âu kết hôn với người chồng mang dòng máu hoàng gia Nga có thể mang tới mối quan hệ lợi ích tốt đẹp cho cả hai quốc gia.|thế giới|kienthuc.net|"06:00 | 09/06/2022"
Mưa đá 'khổng lồ' ở Pháp|https://kienthuc.net.vn/the-gioi/mua-da-khong-lo-o-phap-1711018.html|https://fb-images.saostar.vn/fb1200png_2/pc/1654510520365/saostar-hbxr2zvzfw9gsh4k.jpg/fbsscover.png|Những cơn dông dữ dội kèm theo mưa đá càn quét vùng tây nam đến tây bắc nước Pháp, khiến 65 tỉnh toàn quốc cảnh báo màu cam nguy cơ mưa bão.|thế giới|kienthuc.net|"05:46 | 09/06/2022"
Ấn Độ: Thiếu nữ bị cưỡng bức tập thể khi đi nhờ xe|https://kienthuc.net.vn/the-gioi/an-do-thieu-nu-bi-cuong-buc-tap-the-khi-di-nho-xe-1710331.html|https://photo-cms-kienthuc.zadn.vn/zoom/130_82/uploaded/hoangthao/2022_06_08/cuong_hiep_KFVW.jpg|Đi nhờ ô tô của người lạ, thiếu nữ 17 tuổi ở Ấn Độ bị một nhóm thiếu niên hiếp dâm tập thể trên chiếc xe Mercedes tại thành phố Hyderabad, bang Telangana.|thế giới|kienthuc.net|"19:30 | 08/06/2022"
Được tặng ghế sofa, người phụ nữ phát hiện cả bọc tiền bên trong|https://kienthuc.net.vn/the-gioi/duoc-tang-ghe-sofa-nguoi-phu-nu-phat-hien-ca-boc-tien-ben-trong-1710442.html|https://photo-cms-kienthuc.zadn.vn/zoom/130_82/uploaded/hoangthao/2022_06_08/tang_ghe_sofa_1_BGHP.jpg|Người phụ nữ ở Mỹ đã vô tình tìm thấy một số tiền lớn được giấu bên dưới lớp đệm của chiếc ghế sofa cũ mà bà được tặng miễn phí.|thế giới|kienthuc.net|"19:00 | 08/06/2022"
Giúp việc kiểu “nô lệ thời hiện đại”, quy tắc như ở tù|https://kienthuc.net.vn/the-gioi/giup-viec-kieu-no-le-thoi-hien-dai-quy-tac-nhu-o-tu-1710132.html|https://photo-cms-kienthuc.zadn.vn/zoom/130_82/Uploaded/ctvthegioi/2022_06_07/truong-hop-nguoi-giup-viec-nghi-viec-khong-can-bao-truoc1612153557_RWWQ.jpg|Bảng quy tắc do một người phụ nữ tại Singpore đặt ra cho người giúp việc khiến dân tình không khỏi ngán ngẩm.|thế giới|kienthuc.net|"13:45 | 08/06/2022"
Bị sàm sỡ giữa quán cafe, cô gái tung đòn khiến dân mạng hả hê|https://kienthuc.net.vn/the-gioi/bi-sam-so-giua-quan-cafe-co-gai-tung-don-khien-dan-mang-ha-he-1710301.html|https://photo-cms-kienthuc.zadn.vn/zoom/130_82/uploaded/hoangthao/2022_06_08/dam_ga_bien_thai_MSXU.jpg|"Mới đây, mạng xã hội xuất hiện đoạn video ghi lại cảnh một người phụ nữ ""dạy dỗ"" tên biến thái trong quán cafe khiến dân tình được phen hả hê."|thế giới|kienthuc.net|"13:00 | 08/06/2022"
Cận cảnh trấn cổ nghìn năm giữa thác nước|https://kienthuc.net.vn/the-gioi/can-canh-tran-co-nghin-nam-giua-thac-nuoc-1707064.html|https://photo-cms-kienthuc.zadn.vn/zoom/130_82/uploaded/hoangthao/2022_05_30/thi_tran_co_2_AMYS.jpg|Trấn Phù Dung là trấn cổ nghìn năm tuổi có nhiều cảnh quan thơ mộng đẹp tựa chốn thiên đường, nằm ngay trên ngọn thác hùng vĩ ngày đêm nước tung trắng xóa trời.|thế giới|kienthuc.net|"07:00 | 08/06/2022"
Bí mật phía sau chiếc “hộp trẻ em” ở Hàn Quốc|https://kienthuc.net.vn/the-gioi/bi-mat-phia-sau-chiec-hop-tre-em-o-han-quoc-1707057.html|https://photo-cms-kienthuc.zadn.vn/zoom/130_82/Uploaded/ctvthegioi/2022_05_30/dropboxofficialimage_XIEW.jpg|Vì nhiều lý do, hàng nghìn phụ nữ Hàn Quốc đã bỏ lại những đứa con của mình trong chiếc hộp này.|thế giới|kienthuc.net|"06:00 | 08/06/2022"
Video: Băng cướp táo tợn dùng ô tô kéo đổ cây ATM trong đêm|https://kienthuc.net.vn/truyen-hinh-video/video-bang-cuop-tao-ton-dung-o-to-keo-do-cay-atm-trong-dem-1709830.html|https://photo-cms-kienthuc.zadn.vn/zoom/130_82/Uploaded/dinhcuc/2022_06_06/v/10_GIOR.jpg|Nhân đêm tối, băng cướp đã dùng ô tô kéo đổ cây ATM ra ngoài đường hòng lấy toàn bộ số tiền để bên trong.|thế giới|kienthuc.net|"00:42 | 08/06/2022"
Thợ điện cắt điện cả làng để lén hẹn hò với bạn gái|https://kienthuc.net.vn/the-gioi/tho-dien-cat-dien-ca-lang-de-len-hen-ho-voi-ban-gai-1707013.html|https://photo-cms-kienthuc.zadn.vn/zoom/130_82/uploaded/hoangthao/2022_05_30/ngat_dien_ca_lang_XJHU.jpg|Mỗi khi muốn đi ra ngoài để gặp bạn gái, anh chàng sẽ cắt điện cả làng, nơi mình đang sinh sống, nhằm che giấu chuyện tình cảm yêu đương.|thế giới|kienthuc.net|"19:30 | 07/06/2022"
Vừa lái xe vừa “ân ái” với bạn gái, nam tài xế nhận cái kết đắng|https://kienthuc.net.vn/the-gioi/vua-lai-xe-vua-an-ai-voi-ban-gai-nam-tai-xe-nhan-cai-ket-dang-1709526.html|https://photo-cms-kienthuc.zadn.vn/zoom/130_82/uploaded/hoangthao/2022_06_06/dam_xe_2_ZBKK.jpg|"Vừa lái xe vừa ""ân ái"" với bạn gái, người đàn ông ở Florida (Mỹ) đã đâm trực diện vào một chiếc xe tải và bị thương nặng ở háng."|thế giới|kienthuc.net|"19:00 | 07/06/2022"
Thăm “núi Kim Cương” – nơi có cảnh đẹp bậc nhất ở Triều Tiên|https://kienthuc.net.vn/the-gioi/tham-nui-kim-cuong-noi-co-canh-dep-bac-nhat-o-trieu-tien-1707467.html|https://photo-cms-kienthuc.zadn.vn/zoom/130_82/uploaded/hoangthao/2022_05_31/nui_kim_cuong_1_BMNQ.jpg|"Núi Kumgang hay còn gọi ""núi Kim Cương"" là ngọn núi nổi tiếng nhất tại Triều Tiên với hàng trăm thắng cảnh đẹp như mơ."|thế giới|kienthuc.net|"13:30 | 07/06/2022"
Cố bảo vệ thú cưng, người đàn ông bị chó cắn trọng thương|https://kienthuc.net.vn/the-gioi/co-bao-ve-thu-cung-nguoi-dan-ong-bi-cho-can-trong-thuong-1707866.html|https://photo-cms-kienthuc.zadn.vn/zoom/130_82/Uploaded/ctvthegioi/2022_06_01/ezgif_com-gif-maker_RZHI.gif|Sau khi bị con chó hung dữ tấn công bộ phận sinh dục, người đàn ông phải nhập viện cấp cứu và khâu tới 30 mũi.|thế giới|kienthuc.net|"13:00 | 07/06/2022"
Rùng mình những vụ xả súng đẫm máu ở Mỹ kể từ đầu năm 2022|https://kienthuc.net.vn/the-gioi/rung-minh-nhung-vu-xa-sung-dam-mau-o-my-ke-tu-dau-nam-2022-1709639.html|https://photo-cms-kienthuc.zadn.vn/zoom/130_82/uploaded/hoangthao/2022_06_06/xa_sung_1_KJNC.png|Kể từ đầu năm 2022, nước Mỹ liên tiếp xảy ra những vụ xả súng đẫm máu, trong đó có vụ nổ súng vào trường tiểu học khiến 21 người thiệt mạng.|thế giới|kienthuc.net|"06:30 | 07/06/2022"
Bên trong bệnh viện tâm thần bị bỏ hoang đáng sợ|https://kienthuc.net.vn/the-gioi/ben-trong-benh-vien-tam-than-bi-bo-hoang-dang-so-1709659.html|https://photo-cms-kienthuc.zadn.vn/zoom/130_82/uploaded/hoangthao/2022_06_06/benh_vien_tam_than_1_PAAX.jpg|Hai nhà thám hiểm dũng cảm quyết định mạo hiểm vào bên trong Ridge Lea Asylum, bệnh viện tâm thần bị bỏ hoang đáng sợ ở Anh.|thế giới|kienthuc.net|"06:00 | 07/06/2022"
"""Hôi"" sầu riêng từ thuyền hàng bị lật, hơn 500 người xanh mặt nhập viện"|https://kienthuc.net.vn/the-gioi/hoi-sau-rieng-tu-thuyen-hang-bi-lat-hon-500-nguoi-xanh-mat-nhap-vien-1709609.html|https://photo-cms-kienthuc.zadn.vn/zoom/130_82/Uploaded/manhhung/2022_06_06/sau-rieng-ok_VERB.jpg|Hôi sầu riêng từ thuyền hàng bị lật ở biển, hơn 500 người xanh mặt nhập viện vì ngộ độc thực phẩm.|thế giới|kienthuc.net|"05:38 | 07/06/2022"
Kho container cháy 3 ngày, khói độc bao trùm ở Bangladesh|https://kienthuc.net.vn/the-gioi/kho-container-chay-3-ngay-khoi-doc-bao-trum-o-bangladesh-1709714.html|https://photo-cms-kienthuc.zadn.vn/zoom/130_82/Uploaded/nguyenvan/2022_06_06/photo-1-16545085329892073763828_CXEN.jpg|Một vụ hỏa hoạn lớn xảy ra tại kho chứa container gần một thành phố cảng ở Đông Nam Bangladesh làm chết ít nhất 49 người và hơn 300 người bị thương.|thế giới|kienthuc.net|"20:06 | 06/06/2022"
Bộ tộc kỳ lạ, phụ nữ xăm hình lên mặt...tránh bị bắt cóc|https://kienthuc.net.vn/the-gioi/bo-toc-ky-la-phu-nu-xam-hinh-len-mattranh-bi-bat-coc-1708071.html|https://photo-cms-kienthuc.zadn.vn/zoom/130_82/uploaded/hoangthao/2022_06_02/xam_mat_2_AGHF.jpg|Trong hơn 1.000 năm, phụ nữ bộ tộc Chin sinh sống ở bang Chin của Myanmar vẫn thường xăm hình trên mặt nhằm ngăn bị các đối thủ bắt cóc.|thế giới|kienthuc.net|"19:30 | 06/06/2022"
Đi câu, người đàn ông bị con cá nhảy thẳng vào cổ họng|https://kienthuc.net.vn/the-gioi/di-cau-nguoi-dan-ong-bi-con-ca-nhay-thang-vao-co-hong-1709616.html|https://photo-cms-kienthuc.zadn.vn/zoom/130_82/uploaded/hoangthao/2022_06_06/aaa_AMFD.jpg|Trong lúc đi câu, người đàn ông bị con cá nhỏ nhảy lên khỏi mặt nước và lao thẳng vào họng khiến nạn nhân suýt mất mạng.|thế giới|kienthuc.net|"19:00 | 06/06/2022"
Bên trong nhà tù Na Uy - “thiên đường nghỉ dưỡng” của tù nhân|https://kienthuc.net.vn/the-gioi/ben-trong-nha-tu-na-uy-thien-duong-nghi-duong-cua-tu-nhan-1707722.html|https://photo-cms-kienthuc.zadn.vn/zoom/130_82/uploaded/hoangthao/2022_06_01/nha_tu_nghi_duong_0_MFHR.jpg|Không giống hầu hết các trại giam trên thế giới, nhà tù Bastoy ở Na Uy được ví như thiên đường nghỉ dưỡng của những tù nhân vì cách hoạt động khác biệt.|thế giới|kienthuc.net|"13:30 | 06/06/2022"
Kỳ lạ: Cô gái Ấn Độ tự kết hôn với chính mình|https://kienthuc.net.vn/the-gioi/ky-la-co-gai-an-do-tu-ket-hon-voi-chinh-minh-1709505.html|https://photo-cms-kienthuc.zadn.vn/zoom/130_82/uploaded/hoangthao/2022_06_06/ket_hon_chinh_minh_1_XJQJ.jpg|Cô gái Ấn Độ Kshama Bindu (24 tuổi) sẽ kết hôn với chính mình trong một đám cưới phong cách truyền thống vào ngày 11/6 tới.|thế giới|kienthuc.net|"13:00 | 06/06/2022"
Ukraine tuyên bố giành lại quyền kiểm soát một nửa thành phố Severodonetsk|https://kienthuc.net.vn/the-gioi/ukraine-tuyen-bo-gianh-lai-quyen-kiem-soat-mot-nua-thanh-pho-severodonetsk-1709390.html|https://photo-cms-kienthuc.zadn.vn/zoom/130_82/Uploaded/nguyenvan/2022_06_06/medium_2022-05-30-95674d2fd7_0_VRMM.jpg|Ukraine ngày 5/6 tuyên bố đã giành lại quyền kiểm soát một nửa thành phố Severodonetsk ở miền Đông trong một cuộc phản công lớn chống lại lực lượng của Nga.|thế giới|kienthuc.net|"08:21 | 06/06/2022"
Xả súng liên tiếp tại Mỹ làm hàng chục người thương vong|https://kienthuc.net.vn/the-gioi/xa-sung-lien-tiep-tai-my-lam-hang-chuc-nguoi-thuong-vong-1709393.html|https://photo-cms-kienthuc.zadn.vn/zoom/130_82/Uploaded/nguyenvan/2022_06_06/xa_sung_chattanooga_FWCC.jpg|Ít nhất 3 người đã thiệt mạng và hơn 10 người bị thương sau một vụ xả súng trong ngày 5/6 ở thành phố Chattanooga, thuộc bang Tennessee của Mỹ.|thế giới|kienthuc.net|"08:18 | 06/06/2022"
4 tay súng xông vào nhà thờ sát hại hơn 50 người|https://kienthuc.net.vn/the-gioi/4-tay-sung-xong-vao-nha-tho-sat-hai-hon-50-nguoi-1709396.html|https://photo-cms-kienthuc.zadn.vn/zoom/130_82/Uploaded/nguyenvan/2022_06_06/merlin_208117683_7c806c5b_677e_48a1_94f6_70820eae849d_jumbo_TPWU.jpg|Các tay súng đã tấn công một nhà thờ Công giáo ở bang Ondo, Nigeria trong thánh lễ hôm 5/6, khiến hơn 50 người thiệt mạng và nhiều người khác bị thương.|thế giới|kienthuc.net|"08:12 | 06/06/2022"
Top những món ăn xa hoa bậc nhất Trung Quốc|https://kienthuc.net.vn/the-gioi/top-nhung-mon-an-xa-hoa-bac-nhat-trung-quoc-1709301.html|https://icdn.24h.com.vn/upload/2-2022/images/2022-05-30/Top-nhung-mon-an-xa-hoa-bac-nhat-Trung-Quoc-1-1653878408-597-width900height600.jpg|Những món ăn này đều có quy trình chế biến phức tạp, nguyên liệu hiếm có khó tìm.|thế giới|kienthuc.net|"06:48 | 06/06/2022"
Cảnh vợ đánh chồng thô bạo trong quán internet gây sốt mạng|https://kienthuc.net.vn/the-gioi/canh-vo-danh-chong-tho-bao-trong-quan-internet-gay-sot-mang-1708674.html|https://photo-cms-kienthuc.zadn.vn/zoom/130_82/Uploaded/hoangthao/2022_06_03/danh_chong_WQRV.jpg|Đoạn video quay lại cảnh người vợ đánh chồng thô bạo trong một quán cà phê internet ở Thẩm Dương, tỉnh Liêu Ninh, Trung Quốc, khiến dân mạng bàn tán xôn xao.|thế giới|kienthuc.net|"06:00 | 06/06/2022"
Những chiếc máy bay “điên rồ” nhất trong lịch sử|https://kienthuc.net.vn/the-gioi/nhung-chiec-may-bay-dien-ro-nhat-trong-lich-su-1708266.html|https://photo-cms-kienthuc.zadn.vn/zoom/130_82/Uploaded/ctvthegioi/2022_06_02/lockheed_martin_p-791_WPGD.jpg|Thật khó tin là những chiếc máy bay kỳ lạ này có thể được sản xuất.|thế giới|kienthuc.net|"19:09 | 05/06/2022"
Nhiều vụ nổ rung chuyển thủ đô Kiev|https://kienthuc.net.vn/the-gioi/nhieu-vu-no-rung-chuyen-thu-do-kiev-1709255.html|https://photo-cms-kienthuc.zadn.vn/zoom/130_82/Uploaded/thuydung/2022_06_05/61632937303-12051467_GJMF.jpg|Thị trưởng Vitali Klitschko cho biết một số vụ nổ đã xảy ra vào sáng sớm 5/6 tại thủ đô Kiev của Ukraine.|thế giới|kienthuc.net|"13:32 | 05/06/2022"
Chàng trai có 10 nhân cách khác nhau không thể tự rời khỏi nhà|https://kienthuc.net.vn/the-gioi/chang-trai-co-10-nhan-cach-khac-nhau-khong-the-tu-roi-khoi-nha-1708287.html|https://photo-cms-kienthuc.zadn.vn/zoom/130_82/uploaded/hoangthao/2022_06_02/da_nhan_cach_1_UKOE.jpg|Chàng trai người Đức 22 tuổi mắc một dạng rối loạn nhận dạng phân ly (DID) hiếm gặp khiến anh ta có tới 10 nhân cách khác nhau.|thế giới|kienthuc.net|"13:00 | 05/06/2022"
Ukraine chỉ trích tổng thống Pháp vì phát biểu về Nga|https://kienthuc.net.vn/the-gioi/ukraine-chi-trich-tong-thong-phap-vi-phat-bieu-ve-nga-1709149.html|https://photo-cms-kienthuc.zadn.vn/zoom/130_82/Uploaded/thuydung/2022_06_05/1/untitled_OMLO.png|Ngoại trưởng Ukraine Dmytro Kuleba tuyên bố phát biểu “không nên làm bẽ mặt Nga” của Tổng thống Pháp Emmanuel Macron “chỉ có thể làm bẽ mặt nước Pháp”.|thế giới|kienthuc.net|"08:35 | 05/06/2022"
Tổng thống Mỹ và phu nhân phải sơ tán do máy bay tư nhân bay nhầm|https://kienthuc.net.vn/the-gioi/tong-thong-my-va-phu-nhan-phai-so-tan-do-may-bay-tu-nhan-bay-nham-1709147.html|https://photo-cms-kienthuc.zadn.vn/zoom/130_82/Uploaded/thuydung/2022_06_05/biden_QSKB.png|Một máy bay tư nhân đã bay nhầm vào vùng trời hạn chế thành phố Rehoboth Beach khi Tổng thống Mỹ Joe Biden và phu nhân đang trong chuyến nghỉ dưỡng tại đây.|thế giới|kienthuc.net|"08:30 | 05/06/2022"
Gu thời trang của Đệ nhất phu nhân Hàn Quốc được khen tinh tế|https://kienthuc.net.vn/the-gioi/gu-thoi-trang-cua-de-nhat-phu-nhan-han-quoc-duoc-khen-tinh-te-1707750.html|https://photo-cms-kienthuc.zadn.vn/zoom/130_82/uploaded/hoangthao/2022_06_01/phu_nhan_han_1_AGBV.jpg|Cộng đồng mạng đánh giá thời trang của Đệ nhất phu nhân Hàn Quốc Kim Keon Hee rất tinh tế, phù hợp các sự kiện quan trọng của Tổng thống Yoon Suk Yeol.|thế giới|kienthuc.net|"07:00 | 05/06/2022"
Cô gái bị người yêu cũ bắt cóc để trả thù|https://kienthuc.net.vn/the-gioi/co-gai-bi-nguoi-yeu-cu-bat-coc-de-tra-thu-1709002.html|https://photo-cms-kienthuc.zadn.vn/zoom/130_82/Uploaded/trantuananh/2022_06_04/saostar-t9r3j39w1dagqh1s_PGQI.jpg|Mới đây, theo Oddity Central đưa tin, một nam thanh niên ở Brazil bị cáo buộc bắt cóc bạn gái cũ vì muốn trả thù chuyện cô này đòi chia tay.|thế giới|kienthuc.net|"06:33 | 05/06/2022"
“Lạc lối” vào thung lũng nước nóng đẹp như tiên cảnh ở Nga|https://kienthuc.net.vn/the-gioi/lac-loi-vao-thung-lung-nuoc-nong-dep-nhu-tien-canh-o-nga-1708958.html|https://photo-cms-kienthuc.zadn.vn/zoom/130_82/uploaded/hoangthao/2022_06_04/thung_lung_nuoc_nong_0_PETU.jpg|Những mạch nước phun bốc hơi nước trắng xóa bao quanh thung lũng nước nóng Geysers, bên cạnh là dòng sông uốn lượn, tạo nên một khung cảnh đẹp như tranh vẽ.|thế giới|kienthuc.net|"06:00 | 05/06/2022"
Những vị vua trị vì lâu nhất thế giới, Nữ hoàng Anh xếp thứ mấy?|https://kienthuc.net.vn/the-gioi/nhung-vi-vua-tri-vi-lau-nhat-the-gioi-nu-hoang-anh-xep-thu-may-1708975.html|https://photo-cms-kienthuc.zadn.vn/zoom/130_82/Uploaded/ctvthegioi/2022_06_04/queenvictoria-winterhalter1859_NEJF.jpg|Nữ hoàng Elizabeth II được coi là quân vương có thời gian cai trị lâu nhất trong lịch sử Vương quốc Anh nhưng trên thế giới thì không phải như vậy.|thế giới|kienthuc.net|"19:27 | 04/06/2022"
10 bí ẩn chưa được giải đáp của thế giới|https://kienthuc.net.vn/the-gioi/10-bi-an-chua-duoc-giai-dap-cua-the-gioi-1708902.html|https://photo-cms-kienthuc.zadn.vn/zoom/130_82/Uploaded/ctvlanbanh/2022_06_03/9/1q_FLVK.png|Mặc dù khoa học đã phát triển, thế nhưng thế giới vẫn còn rất nhiều bí ẩn chưa được giải đáp.|thế giới|kienthuc.net|"13:03 | 04/06/2022"
Ngỡ ngàng cuộc sống “làm bạn với cái chết” của trẻ em Afghanistan|https://kienthuc.net.vn/the-gioi/ngo-ngang-cuoc-song-lam-ban-voi-cai-chet-cua-tre-em-afghanistan-1708291.html|https://photo-cms-kienthuc.zadn.vn/zoom/130_82/Uploaded/ctvthegioi/2022_06_02/1000_ZALP.jpeg|Tại Kabul, thủ đô của Afghanistan, những nấm mồ là một phần trong cuộc sống của người dân nơi đây, bao gồm cả những đứa trẻ.|thế giới|kienthuc.net|"13:00 | 04/06/2022"
Lính danh dự đổ gục tại sự kiện mừng Đại lễ Bạch kim của Nữ hoàng Anh|https://kienthuc.net.vn/the-gioi/linh-danh-du-do-guc-tai-su-kien-mung-dai-le-bach-kim-cua-nu-hoang-anh-1708815.html|https://photo-cms-kienthuc.zadn.vn/zoom/130_82/Uploaded/quocquan/2022_06_04/a8c6c6c22a80c3de9a91_TMNJ.jpg|Hai người thuộc đội vệ binh danh dự đã đổ gục trong khi chờ chào đón các thành viên của hoàng gia và khách mời tới Lễ Tạ ơn quốc gia trong Đại lễ Bạch Kim.|thế giới|kienthuc.net|"12:55 | 04/06/2022"
Trước Thổ Nhĩ Kỳ, những quốc gia nào từng đổi tên?|https://kienthuc.net.vn/the-gioi/truoc-tho-nhi-ky-nhung-quoc-gia-nao-tung-doi-ten-1708825.html|https://photo-cms-kienthuc.zadn.vn/zoom/130_82/Uploaded/quocquan/2022_06_04/009cd1993ddbd4858dca_KVYB.jpg|Nhiều quốc gia từng thay đổi tên gọi để quảng bá hình ảnh đất nước tương tự Thổ Nhĩ Kỳ. Tuy nhiên, cũng có những trường hợp liên quan đến chính trị, lịch sử.|thế giới|kienthuc.net|"12:54 | 04/06/2022"
Khách ăn hết 40kg tôm hùm đất, chủ nhà hàng buffet lỗ nặng|https://kienthuc.net.vn/the-gioi/khach-an-het-40kg-tom-hum-dat-chu-nha-hang-buffet-lo-nang-1708510.html|https://icdn.24h.com.vn/upload/2-2022/images/2022-06-02/di-an-buffet-khach-an-het-40kg-tom-hum-dat-chu-nha-hang-4-1654175126-268-width770height698.jpeg|4 vị khách này vào nhà hàng buffet từ 8h đến 12h mà chỉ ăn mỗi tôm hùm đất. Nhìn núi vỏ tôm trên bàn, chủ nhà hàng nóng ruột vì lỗ nặng.|thế giới|kienthuc.net|"06:33 | 04/06/2022"
Ở một số quốc gia, tù nhân có quyền vượt ngục|https://kienthuc.net.vn/the-gioi/o-mot-so-quoc-gia-tu-nhan-co-quyen-vuot-nguc-1707695.html|https://photo-cms-kienthuc.zadn.vn/zoom/130_82/uploaded/hoangthao/2022_06_01/vuot_nguc_VXBT.jpg|Đối với một số quốc gia trên thế giới, vượt ngục và đấu tranh cho tự do của mình được luật pháp ghi nhận là quyền cơ bản của con người.|thế giới|kienthuc.net|"06:30 | 04/06/2022"
Xúc động câu chuyện bé gái múa ballet bên cửa hàng thịt|https://kienthuc.net.vn/the-gioi/xuc-dong-cau-chuyen-be-gai-mua-ballet-ben-cua-hang-thit-1708681.html|https://photo-cms-kienthuc.zadn.vn/zoom/130_82/uploaded/hoangthao/2022_06_03/hoc_mua_bale_1_HXXP.jpg|Cảnh một bé gái tập múa ballet ngay trong cửa hàng thịt lợn của mẹ đang gây sốt mạng xã hội Trung Quốc và câu chuyện đằng sau khiến mọi người cảm động.|thế giới|kienthuc.net|"06:00 | 04/06/2022"
Chi hơn 360 triệu hóa trang thành chó, người đàn ông Nhật gây sốt|https://kienthuc.net.vn/the-gioi/chi-hon-360-trieu-hoa-trang-thanh-cho-nguoi-dan-ong-nhat-gay-sot-1707783.html|https://photo-cms-kienthuc.zadn.vn/zoom/130_82/uploaded/hoangthao/2022_06_01/hoa_trang_thanh_cho_TDEC.jpg|Người đàn ông Nhật đã bỏ ra 2 triệu yen Nhật (tương đương gần 365 triệu đồng) để được thỏa mãn ước vọng hóa thân thành một chú chó Collie.|thế giới|kienthuc.net|"19:30 | 03/06/2022"
Những khoảnh khắc ấn tượng trong Đại lễ Bạch kim của Nữ hoàng Anh|https://kienthuc.net.vn/the-gioi/nhung-khoanh-khac-an-tuong-trong-dai-le-bach-kim-cua-nu-hoang-anh-1708687.html|https://photo-cms-kienthuc.zadn.vn/zoom/130_82/Uploaded/ctvthegioi/2022_06_03/e11_DMMK.png|Hàng chục nghìn người đã đổ về trung tâm London, bắt đầu chuỗi ngày ăn mừng đại lễ kỷ niệm 70 năm trị vì của Nữ hoàng Elizabeth II.|thế giới|kienthuc.net|"19:00 | 03/06/2022"
Trốn khỏi nhà tù bằng cách cải trang thành phụ nữ|https://kienthuc.net.vn/the-gioi/tron-khoi-nha-tu-bang-cach-cai-trang-thanh-phu-nu-1708502.html|https://photo-cms-kienthuc.zadn.vn/zoom/130_82/uploaded/hoangthao/2022_06_03/tron_tu_1_JFMC.jpg|Vài ngày gần đây, truyền thông Paraguay rầm rộ đưa tin về một nam tù nhân dễ dàng trốn khỏi nhà tù bằng cách cải trang thành phụ nữ.|thế giới|kienthuc.net|"13:30 | 03/06/2022"
Phẫn nộ gã chồng ném con qua cửa sổ vì cãi nhau với vợ|https://kienthuc.net.vn/the-gioi/phan-no-ga-chong-nem-con-qua-cua-so-vi-cai-nhau-voi-vo-1708539.html|https://photo-cms-kienthuc.zadn.vn/zoom/130_82/uploaded/hoangthao/2022_06_03/nem_con_qua_cua_1_HBXO.jpg|Tranh cãi nảy lửa với vợ, gã chồng nhẫn tâm ném con gái gần 2 tháng tuổi ra ngoài cửa sổ rồi bỏ trốn khỏi hiện trường.|thế giới|kienthuc.net|"13:00 | 03/06/2022"
"Nhậu vài chân cua và uống 2 ly nước, du khách ""bị chém đẹp"""|https://kienthuc.net.vn/the-gioi/nhau-vai-chan-cua-va-uong-2-ly-nuoc-du-khach-bi-chem-dep-1708239.html|https://photo-cms-kienthuc.zadn.vn/zoom/130_82/Uploaded/thuydung/2022_06_02/nhau-vai-chan-cua-va-uong-2-ly-nuoc-du-khach-bi-chem-dep-15-trieu-dong-bd83261ce939472e9899c9d665905098_ZOEP.jpeg|Lúc nhận hóa đơn thanh toán, 2 vị khách đều sững người vì số tiền bị tính phí lên tới gần 600 Euro (gần 15 triệu đồng).|thế giới|kienthuc.net|"07:36 | 03/06/2022"
Những vụ tai nạn máy bay chở khách thảm khốc nửa đầu 2022|https://kienthuc.net.vn/the-gioi/nhung-vu-tai-nan-may-bay-cho-khach-tham-khoc-nua-dau-2022-1707857.html|https://photo-cms-kienthuc.zadn.vn/zoom/130_82/uploaded/hoangthao/2022_06_01/roi_may_bay_cho_khach_3_GLNW.jpg|Nửa đầu năm 2022, thế giới chứng kiến ít nhất 2 vụ tai nạn máy bay chở khách chết chóc thương tâm cướp đi sinh mạng hàng trăm con người.|thế giới|kienthuc.net|"07:00 | 03/06/2022"
Cậu bé khóc không thành tiếng trong đám cưới anh trai|https://kienthuc.net.vn/the-gioi/cau-be-khoc-khong-thanh-tieng-trong-dam-cuoi-anh-trai-1708256.html|https://photo-cms-kienthuc.zadn.vn/zoom/130_82/Uploaded/trantuananh/2022_06_02/saostar-7zoa9o7t1r3ejn16_FNZB.gif|Tình cảnh trớ trêu, khóc không thành tiếng của bé trai nhưng lại khiến cộng đồng mạng không nhịn nổi cười|thế giới|kienthuc.net|"06:57 | 03/06/2022"
Kiếm được 6 triệu USD nhờ tạo ra trung tâm test Covid-19 giả|https://kienthuc.net.vn/the-gioi/kiem-duoc-6-trieu-usd-nho-tao-ra-trung-tam-test-covid-19-gia-1708215.html|https://photo-cms-kienthuc.zadn.vn/zoom/130_82/uploaded/hoangthao/2022_06_02/test_covid_gia_1_MGCO.jpg|Một thanh niên người Đức gần đây bị phát hiện bỏ túi bất hợp pháp 6 triệu USD tù nhà nước nhờ tạo ra một trung tâm xét nghiệm Covid-19 giả.|thế giới|kienthuc.net|"06:00 | 03/06/2022"
Taliban quyết xóa sổ thuốc phiện|https://kienthuc.net.vn/the-gioi/taliban-quyet-xoa-so-thuoc-phien-1708334.html|https://photo-cms-kienthuc.zadn.vn/zoom/130_82/Uploaded/thuydung/2022_06_02/1000_2022_06_02T173815.376_KSZJ.jpeg|Chính quyền Taliban đã khởi động chiến dịch xóa sổ ngành sản xuất thuốc phiện và bạch phiến khổng lồ.|thế giới|kienthuc.net|"20:15 | 02/06/2022"
Tù nhân 4 lần vượt ngục đi vào lịch sử Nhật Bản|https://kienthuc.net.vn/the-gioi/tu-nhan-4-lan-vuot-nguc-di-vao-lich-su-nhat-ban-1708184.html|https://photo-cms-kienthuc.zadn.vn/zoom/130_82/uploaded/hoangthao/2022_06_02/tu_nhan_vuot_nguc_1_NRLR.jpg|"Yoshie Shiratori được mệnh danh là “kẻ không thể bị giam cầm"" sau 4 lần vượt ngục thoát khỏi những nhà tù nghiêm ngặt nhất thời phát xít Nhật."|thế giới|kienthuc.net|"19:30 | 02/06/2022"
Bên trong ngôi làng “ma” gần 80 năm không người ở|https://kienthuc.net.vn/the-gioi/ben-trong-ngoi-lang-ma-gan-80-nam-khong-nguoi-o-1708262.html|https://photo-cms-kienthuc.zadn.vn/zoom/130_82/uploaded/hoangthao/2022_06_02/lang_ma_1_NGBW.png|"Tyneham được biết đến là một ""ngôi làng ma bị lãng quên"" bởi nó hoàn toàn vắng bóng người từ năm 1943, thời điểm giữa Chiến tranh Thế giới lần thứ 2."|thế giới|kienthuc.net|"19:00 | 02/06/2022"
Choáng: Thị trấn có hơn 400 người cùng trúng xổ số|https://kienthuc.net.vn/the-gioi/choang-thi-tran-co-hon-400-nguoi-cung-trung-xo-so-1708107.html|https://photo-cms-kienthuc.zadn.vn/zoom/130_82/uploaded/hoangthao/2022_06_02/trung_xo_so_HWDP.jpg|435 người dân hiện sống ở Rhymney, South Wales (nước Anh) đều trúng xổ số People’s Postcode Lottery. Trong đó có 9 người là hàng xóm của nhau đã thắng lớn.|thế giới|kienthuc.net|"13:30 | 02/06/2022"
Hiện trường vụ xả súng ở bệnh viện Mỹ|https://kienthuc.net.vn/the-gioi/hien-truong-vu-xa-sung-o-benh-vien-my-1708082.html|https://photo-cms-kienthuc.zadn.vn/zoom/130_82/uploaded/hoangthao/2022_06_02/vu_xa_sung_2_BIJK.jpg|Ít nhất 5 người thiệt mạng, gồm cả nghi phạm gây án và nhiều người khác bị thương trong một vụ xả súng ở bệnh viện Mỹ hôm 1/6.|thế giới|kienthuc.net|"13:00 | 02/06/2022"
Số người thiệt mạng ở Mexico do bão Agatha tiếp tục tăng|https://kienthuc.net.vn/the-gioi/so-nguoi-thiet-mang-o-mexico-do-bao-agatha-tiep-tuc-tang-1707978.html|https://photo-cms-kienthuc.zadn.vn/zoom/130_82/Uploaded/thuydung/2022_06_02/mexico-020622_XKQB.jpg|Theo phóng viên TTXVN tại Mexico, bão Agatha sau khi tràn qua miền Nam của nước này, đã cướp đi sinh mạng của ít nhất 11 người và khiến 33 người khác mất tích.|thế giới|kienthuc.net|"08:21 | 02/06/2022"
Thiệt hại kinh tế khiến phương Tây bối rối khi 'bơm' vũ khí cho Ukraine|https://kienthuc.net.vn/the-gioi/thiet-hai-kinh-te-khien-phuong-tay-boi-roi-khi-bom-vu-khi-cho-ukraine-1707973.html|https://photo-cms-kienthuc.zadn.vn/zoom/130_82/Uploaded/thuydung/2022_06_02/GMLRS_Guided_Multiple_Launch_Rocket_Systems_Alternate_Warhead_unitary_rocket_pods_1_QAJS.jpeg|Mỹ đã gửi cho Ukraine 9,8 tỷ USD viện trợ quân sự, nhưng hôm 30/5 quyết định giữ lại lô tên lửa có thể vươn tới Nga và đánh chặn tên lửa đối phương.|thế giới|kienthuc.net|"08:18 | 02/06/2022"
Trận chiến Donbass kết thúc có thể khiến chiến trường Ukraine thêm khốc liệt|https://kienthuc.net.vn/the-gioi/tran-chien-donbass-ket-thuc-co-the-khien-chien-truong-ukraine-them-khoc-liet-1707972.html|https://photo-cms-kienthuc.zadn.vn/zoom/130_82/Uploaded/thuydung/2022_06_02/1/untitled_SPOP.png|Cuộc chiến tranh giữa Nga và Ukraine được dự báo sẽ tiếp tục dữ dội khi cả hai bên chưa giành được những chiến thắng lớn quyết định.|thế giới|kienthuc.net|"08:15 | 02/06/2022"
Xả súng thảm khốc tại bệnh viện ở Mỹ, nhiều người thiệt mạng|https://kienthuc.net.vn/the-gioi/xa-sung-tham-khoc-tai-benh-vien-o-my-nhieu-nguoi-thiet-mang-1707969.html|https://photo-cms-kienthuc.zadn.vn/zoom/130_82/Uploaded/thuydung/2022_06_02/220601160130_02_tulsa_incident_0501_exlarge_169_YUJK.jpg|Ít nhất 5 người thiệt mạng trong vụ xả súng tại khuôn viên bệnh viện ở Tulsa, Oklahoma hôm 1/6, giữa lúc nước Mỹ vẫn chưa hết bàng hoàng vì thảm kịch tại Texas.|thế giới|kienthuc.net|"08:00 | 02/06/2022"
Tổng thống Croatia: EU chịu “đau” còn ông Putin mỉm cười hài lòng|https://kienthuc.net.vn/the-gioi/tong-thong-croatia-eu-chiu-dau-con-ong-putin-mim-cuoi-hai-long-1707851.html|https://photo-cms-kienthuc.zadn.vn/zoom/130_82/Uploaded/ctvthegioi/2022_06_01/w57602735-800x450_KVJL.jpg|Tổng thống Croatia cho rằng các biện pháp trừng phạt của EU sẽ khiến người dân trong khối phải trả giá trong cái mỉm cười của Tổng thống Putin.|thế giới|kienthuc.net|"07:00 | 02/06/2022"
Những vụ rơi máy bay chết người thảm khốc ở Nepal|https://kienthuc.net.vn/the-gioi/nhung-vu-roi-may-bay-chet-nguoi-tham-khoc-o-nepal-1707310.html|https://photo-cms-kienthuc.zadn.vn/zoom/130_82/uploaded/hoangthao/2022_05_31/may_bay_roi_2_SVOQ.jpg|Theo dữ liệu An toàn hàng không, có 27 vụ rơi máy bay chết người ở Nepal trong 30 năm qua. Gầy đây nhất là vụ máy bay chở 22 người tử nạn.|thế giới|kienthuc.net|"06:00 | 02/06/2022"
Nga cắt khí đốt tới Đức|https://kienthuc.net.vn/the-gioi/nga-cat-khi-dot-toi-duc-1707909.html|https://photo-cms-kienthuc.zadn.vn/zoom/130_82/Uploaded/dinhcuc/2022_06_01/toi/3_RYDP.jpeg|Tập đoàn năng lượng Nga Gazprom thông báo ngừng cung cấp khí đốt đến Đức thông qua hãng Shell Energy vì từ chối thanh toán bằng đồng ruble.|thế giới|kienthuc.net|"20:45 | 01/06/2022"
Bắt cóc rồi xăm tên lên mặt bạn gái cũ để trả thù|https://kienthuc.net.vn/the-gioi/bat-coc-roi-xam-ten-len-mat-ban-gai-cu-de-tra-thu-1707811.html|https://photo-cms-kienthuc.zadn.vn/zoom/130_82/uploaded/hoangthao/2022_06_01/xam_len_mat_1_PEDM.jpg|Một người đàn ông Brazil đã bị buộc tội bắt cóc bạn gái cũ và xăm tên của mình lên mặt cô để trả thù vì đã chia tay anh ta.|thế giới|kienthuc.net|"19:30 | 01/06/2022"
“Đứng tim” với khung cảnh ngoạn mục của ngôi đền đôi trên chóp đá|https://kienthuc.net.vn/the-gioi/dung-tim-voi-khung-canh-ngoan-muc-cua-ngoi-den-doi-tren-chop-da-1707868.html|https://photo-cms-kienthuc.zadn.vn/zoom/130_82/uploaded/hoangthao/2022_06_01/ngoi_den_doi_1_FLFE.jpg|Đến nay, câu hỏi làm thế nào để xây được ngôi đền đôi trên chóp đá cheo leo ở tỉnh Quý Châu, Trung Quốc vẫn chưa có lời giải đáp.|thế giới|kienthuc.net|"19:00 | 01/06/2022"
Uống rượu say, nam thanh niên phá hoại siêu xe tiền tỷ|https://kienthuc.net.vn/the-gioi/uong-ruou-say-nam-thanh-nien-pha-hoai-sieu-xe-tien-ty-1707408.html|https://photo-cms-kienthuc.zadn.vn/zoom/130_82/uploaded/hoangthao/2022_05_31/nam_thanh_nien_YHWP.jpg|Nam thanh niên say xỉn rồi nhảy lên phá hoại 4 chiếc xe hơi sang trọng rồi chịu chi phí sửa chữa lên đến 1 triệu tệ (khoảng 3,4 tỷ đồng).|thế giới|kienthuc.net|"13:30 | 01/06/2022"
Chờ rước dâu quá lâu, phù rể ném bom khói vào nhà gái|https://kienthuc.net.vn/the-gioi/cho-ruoc-dau-qua-lau-phu-re-nem-bom-khoi-vao-nha-gai-1707419.html|https://photo-cms-kienthuc.zadn.vn/zoom/130_82/uploaded/hoangthao/2022_05_31/ruoc_dau_OUDV.jpg|Xin đón dâu nhưng nhà gái gây khó dễ, một phù rể bí quá hoá liều, lấy ra hai quả bom khói nhỏ được chuẩn bị sẵn, ném vào phòng cô dâu.|thế giới|kienthuc.net|"13:00 | 01/06/2022"
Myanmar: Nổ bom giữa TP Yangon, 10 người thương vong|https://kienthuc.net.vn/the-gioi/myanmar-no-bom-giua-tp-yangon-10-nguoi-thuong-vong-1707577.html|https://photo-cms-kienthuc.zadn.vn/zoom/130_82/Uploaded/dinhcuc/2022_06_01/vot/6_NVXS.jpeg|Một vụ nổ bom tại một khu phố sầm uất giữa trung tâm TP Yangon của Myanmar đã khiến một người thiệt mạng và 9 người khác bị thương.|thế giới|kienthuc.net|"08:15 | 01/06/2022"
Khám phá “vẻ đẹp vĩnh hằng” tại nghĩa trang đẹp nhất thế giới|https://kienthuc.net.vn/the-gioi/kham-pha-ve-dep-vinh-hang-tai-nghia-trang-dep-nhat-the-gioi-1707504.html|https://photo-cms-kienthuc.zadn.vn/zoom/130_82/Uploaded/ctvthegioi/2022_05_31/tombe-cimitero-stalieno_ROGK.jpg|Nghĩa trang Staglieno đại diện cho nhiều thứ hơn là cái chết, thu hút du khách từ khắp nơi trên thế giới bằng những tác phẩm điêu khắc hoành tráng.|thế giới|kienthuc.net|"06:00 | 01/06/2022"
Thượng Hải chính thức dỡ bỏ phong tỏa ngừa Covid-19 từ 1/6|https://kienthuc.net.vn/the-gioi/thuong-hai-chinh-thuc-do-bo-phong-toa-ngua-covid-19-tu-16-1707522.html|https://photo-cms-kienthuc.zadn.vn/zoom/130_82/Uploaded/thutrang/2022_05_31/t/anh_chup_man_hinh_2022-05-31_luc_7_07_58_ch_GDMF.png|Giới chức Thượng Hải (Trung Quốc) sáng nay (31/5) tuyên bố, thành phố này sẽ bước vào giai đoạn trở lại cuộc sống bình thường.|thế giới|kienthuc.net|"20:18 | 31/05/2022"
Xả súng trường tiểu học Mỹ: Cô giáo kể phút ám ảnh kinh hoàng|https://kienthuc.net.vn/the-gioi/xa-sung-truong-tieu-hoc-my-co-giao-ke-phut-am-anh-kinh-hoang-1707365.html|https://photo-cms-kienthuc.zadn.vn/zoom/130_82/uploaded/hoangthao/2022_05_31/nu_giao_vien_FBRI.jpg|"""Nhắm mắt lại, tôi vẫn thấy cảnh cậu ta cầm khẩu súng đi vào trường. Cảnh tượng đó ám ảnh tôi"", Nicole Ogburn, cô giáo sống sót trong vụ xả súng trường tiểu học"|thế giới|kienthuc.net|"19:30 | 31/05/2022"
Những điều thú vị về đất nước nhỏ nhất thế giới|https://kienthuc.net.vn/the-gioi/nhung-dieu-thu-vi-ve-dat-nuoc-nho-nhat-the-gioi-1707477.html|https://photo-cms-kienthuc.zadn.vn/zoom/130_82/Uploaded/ctvthegioi/2022_05_31/vatican-museum_BAKM.jpg|"Dù diện tích lãnh thổ và thực lực về quân sự rất ""nhỏ bé"" nhưng ảnh hưởng về chính trị và văn hóa của quốc gia này sánh vai với các cường quốc hàng đầu."|thế giới|kienthuc.net|"19:00 | 31/05/2022"
Tại sao Nepal được coi là “tử địa” của máy bay chở khách?|https://kienthuc.net.vn/the-gioi/tai-sao-nepal-duoc-coi-la-tu-dia-cua-may-bay-cho-khach-1707325.html|https://photo-cms-kienthuc.zadn.vn/zoom/130_82/uploaded/hoangthao/2022_05_31/tai_nan_may_bay_XGGJ.jpg|Thời tiết bất thường và địa hình đồi núi hiểm trở là nguyên nhân chính gây ra các vụ tai nạn máy bay ở Nepal.|thế giới|kienthuc.net|"13:00 | 31/05/2022"
IAEA: Chưa tháo gỡ được nút thắt trong đàm phán hạt nhân với Iran|https://kienthuc.net.vn/the-gioi/iaea-chua-thao-go-duoc-nut-that-trong-dam-phan-hat-nhan-voi-iran-1707202.html|https://photo-cms-kienthuc.zadn.vn/zoom/130_82/Uploaded/thutrang/2022_05_31/ttxvnurani_BQHW.jpeg|Iran vẫn chưa đưa ra được lời giải thích đáng tin cậy về mặt kỹ thuật liên quan đến các phát hiện của IAEA tại 3 cơ sở và các vấn đề về biện pháp bảo vệ.|thế giới|kienthuc.net|"08:27 | 31/05/2022"
Những hòn đảo tự nhiên có hình dạng độc đáo nhất|https://kienthuc.net.vn/the-gioi/nhung-hon-dao-tu-nhien-co-hinh-dang-doc-dao-nhat-1707043.html|https://photo-cms-kienthuc.zadn.vn/zoom/130_82/Uploaded/trantuananh/2022_05_30/dao-ca_ITXY.jpg|Thiên nhiên có lẽ chính là người nghệ sĩ tài năng nhất khi có thể sáng tạo ra những tác phẩm vô cùng độc đáo.|thế giới|kienthuc.net|"06:36 | 31/05/2022"
Cây cầu “vô dụng” nhất thế giới, nguyên nhân khiến ai nấy ngã ngửa|https://kienthuc.net.vn/the-gioi/cay-cau-vo-dung-nhat-the-gioi-nguyen-nhan-khien-ai-nay-nga-ngua-1707076.html|https://photo-cms-kienthuc.zadn.vn/zoom/130_82/Uploaded/ctvthegioi/2022_05_30/eeqdigivaae1xsd_QFOA.jpg|"Từng được xem là niềm tự hào nhưng chỉ sau một cơn bão, nó lại trở thành một cây cầu ""vô dụng"", chẳng dẫn tới đâu."|thế giới|kienthuc.net|"06:00 | 31/05/2022"
Thót tim cảnh người đàn ông trượt chân rơi xuống thác nước|https://kienthuc.net.vn/the-gioi/thot-tim-canh-nguoi-dan-ong-truot-chan-roi-xuong-thac-nuoc-1707080.html|https://photo-cms-kienthuc.zadn.vn/zoom/130_82/uploaded/hoangthao/2022_05_30/roi_xuong_thac_BYGJ.jpg|Cảnh tượng người đàn ông Trung Quốc trượt chân rơi xuống thác nước khi cố gắng chạy băng qua khiến người xem muốn “rớt tim ra ngoài”.|thế giới|kienthuc.net|"19:00 | 30/05/2022"
Xót xa hiện trường vụ máy bay chở 22 người trên sườn núi Nepal|https://kienthuc.net.vn/the-gioi/xot-xa-hien-truong-vu-may-bay-cho-22-nguoi-tren-suon-nui-nepal-1706881.html|https://photo-cms-kienthuc.zadn.vn/zoom/130_82/Uploaded/hoangthao/2022_05_30/tim_thay_xac_may_bay_out_KSCK.jpg|Một quan chức quân đội ngày 30/5 cho biết các đội tìm kiếm của Nepal đã xác định được vị trí chiếc máy bay chở 22 người mất tích trên sườn núi.|thế giới|kienthuc.net|"13:00 | 30/05/2022"
Chú khỉ sở hữu gương mặt đặc biệt khiến mạng xã hội “bùng nổ“|https://kienthuc.net.vn/the-gioi/chu-khi-so-huu-guong-mat-dac-biet-khien-mang-xa-hoi-bung-no-1702342.html|https://photo-cms-kienthuc.zadn.vn/zoom/130_82/Uploaded/ctvthegioi/2022_05_18/a61151c7-ee40-4fa3-a9e8-4037de2ed63abatchwm_-_copy_BDIZ.jpg|Đoạn video về chú khỉ sau khi xuất hiện trên mạng xã hội thu hút tới hơn 30 triệu lượt xem và vẫn tiếp tục tăng.|thế giới|kienthuc.net|"06:00 | 30/05/2022"
Dở khóc dở cười: Bố mẹ đền trăm triệu vì con làm vỡ đồ chơi cao cấp|https://kienthuc.net.vn/the-gioi/do-khoc-do-cuoi-bo-me-den-tram-trieu-vi-con-lam-vo-do-choi-cao-cap-1706409.html|https://photo-cms-kienthuc.zadn.vn/zoom/130_82/Uploaded/dinhcuc/2022_05_27/v/2_MFBL.png|Trong bức ảnh chụp tại hiện trường, có thể thấy cậu bé vô cùng hoảng sợ nên chỉ dám cúi đầu nhìn xuống đất.|thế giới|kienthuc.net|"00:39 | 30/05/2022"
Trung Quốc: Thượng Hải và Bắc Kinh nới lỏng các biện pháp phong tỏa|https://kienthuc.net.vn/the-gioi/trung-quoc-thuong-hai-va-bac-kinh-noi-long-cac-bien-phap-phong-toa-1706700.html|https://photo-cms-kienthuc.zadn.vn/zoom/130_82/Uploaded/hongngan/2022_05_29/ttxvnbac_kinh_YVPP.jpg|Bắc Kinh sẽ một phần hệ thống giao thông công cộng đã khôi phục một phần, một số trung tâm thương mại được mở cửa.|thế giới|kienthuc.net|"20:27 | 29/05/2022"
EU giải thích lý do tiếp tục mua dầu Nga dù áp đặt hàng loạt lệnh trừng phạt|https://kienthuc.net.vn/the-gioi/eu-giai-thich-ly-do-tiep-tuc-mua-dau-nga-du-ap-dat-hang-loat-lenh-trung-phat-1706698.html|https://photo-cms-kienthuc.zadn.vn/zoom/130_82/Uploaded/hongngan/2022_05_29/6293216f85f5404f673f99e2-1149_PDWO.jpg|Một lệnh cấm vận ngay lập tức đối với dầu Nga sẽ tạo điều kiện để Mátxcơva bán dầu cho những nơi khác và thu về nhiều tiền hơn.|thế giới|kienthuc.net|"20:18 | 29/05/2022"
Ăn mặc hở hang nhảy nhót, cô dâu bị “ném đá” thậm tệ|https://kienthuc.net.vn/the-gioi/an-mac-ho-hang-nhay-nhot-co-dau-bi-nem-da-tham-te-1636932.html|https://photo-cms-kienthuc.zadn.vn/zoom/130_82/uploaded/hoangthao/2021_12_16/co_dau_nhay_mua_1_JARD.jpg|Một cô dâu ở Florida (Mỹ) đã nhận vô số lời chỉ trích vì cách ăn mặc hở hang nhảy uốn éo trên đùi chú rể trong đêm tiệc cưới.|thế giới|kienthuc.net|"19:00 | 29/05/2022"
Lãnh đạo quốc phòng Mỹ, Nhật, Hàn dự kiến họp ba bên tại Singapore|https://kienthuc.net.vn/the-gioi/lanh-dao-quoc-phong-my-nhat-han-du-kien-hop-ba-ben-tai-singapore-1706629.html|https://photo-cms-kienthuc.zadn.vn/zoom/130_82/Uploaded/hongngan/2022_05_29/nhat_han_my_GHRQ.jpg|Lãnh đạo quốc phòng Mỹ, Nhật Bản, Hàn Quốc dự kiến sẽ thảo luận tăng cường hợp tác đối phó với những hành động “khiêu khích” gần đây của Triều Tiên.|thế giới|kienthuc.net|"14:05 | 29/05/2022"
Cô dâu và phù dâu bị dàn khách nam sàm sỡ gây phẫn nộ|https://kienthuc.net.vn/the-gioi/co-dau-va-phu-dau-bi-dan-khach-nam-sam-so-gay-phan-no-1643296.html|https://photo-cms-kienthuc.zadn.vn/zoom/130_82/uploaded/hoangthao/2021_12_30/co_dau_bi_sam_so_FPUR.jpg|Bất chấp cô dâu và phù dâu la hét trong bất lực nhưng nhóm khách nam của nhà trai vẫn thản nhiên sàm sỡ ngay trong đám cưới.|thế giới|kienthuc.net|"13:14 | 29/05/2022"
Cựu Tổng thống Albania Bujar Nishani từ trần|https://kienthuc.net.vn/the-gioi/cuu-tong-thong-albania-bujar-nishani-tu-tran-1706498.html|https://photo-cms-kienthuc.zadn.vn/zoom/130_82/Uploaded/hongngan/2022_05_29/alnania-29522_AHCS.jpg|Theo hãng thông tấn ATA, cựu Tổng thống Albania, ông Bujar Nishani đã từ trần ngày 28/5 do những vấn đề nghiêm trọng về sức khỏe, hưởng dương 55 tuổi.|thế giới|kienthuc.net|"08:18 | 29/05/2022"
Phẫn nộ thầy giáo túm tóc, thẳng chân đạp túi bụi vào người học sinh|https://kienthuc.net.vn/the-gioi/phan-no-thay-giao-tum-toc-thang-chan-dap-tui-bui-vao-nguoi-hoc-sinh-1706352.html|https://photo-cms-kienthuc.zadn.vn/zoom/130_82/Uploaded/trantuananh/2022_05_28/saostar-ac37lkzojzchkt87_IFZQ.gif|Hành vi bạo lực này của nam giáo viên đối với học sinh khiến cho nhiều phụ huynh lo lắng về mức độ an toàn trong trường học của con em họ.|thế giới|kienthuc.net|"06:42 | 29/05/2022"
Mải chơi điện thoại trong toilet, người đàn ông gặp sự cố 'chết khiếp'|https://kienthuc.net.vn/the-gioi/mai-choi-dien-thoai-trong-toilet-nguoi-dan-ong-gap-su-co-chet-khiep-1706348.html|https://photo-cms-kienthuc.zadn.vn/zoom/130_82/Uploaded/trantuananh/2022_05_28/saostar-p3yj3hr12d8wepxn_YUVX.jpg|Người đàn ông không ngờ mình lại rơi vào tình huống đáng sợ này khi đang chơi trò chơi trên điện thoại di động lúc đi toilet.|thế giới|kienthuc.net|"06:33 | 29/05/2022"
Cựu tổng thống Ukraine bị cấm xuất cảnh|https://kienthuc.net.vn/the-gioi/cuu-tong-thong-ukraine-bi-cam-xuat-canh-1706361.html|https://photo-cms-kienthuc.zadn.vn/zoom/130_82/Uploaded/nguyenvan/2022_05_28/Poroshenko_insists_that_he_is_innocent_and_accuses_his_successor_Volodymyr_Zelenskyy_of_seeking_to_discredit_him_to_distract_from_Ukraine_s_widespread_problems_Reuters__WSXR.jpg|Cựu Tổng thống Ukraine Petro Poroshenko cho biết ông bị cấm xuất cảnh.|thế giới|kienthuc.net|"20:45 | 28/05/2022"
Bạn gái gửi video, thầy giáo vô tình mở giữa lớp học|https://kienthuc.net.vn/the-gioi/ban-gai-gui-video-thay-giao-vo-tinh-mo-giua-lop-hoc-1706085.html|https://photo-cms-kienthuc.zadn.vn/zoom/130_82/Uploaded/ctvthegioi/2022_05_27/ezgif_com-gif-maker_QCFQ.gif|Không biết màn hình laptop vẫn hiển thị trên màn chiếu, nam giáo viên vẫn vô tư để lộ khoảnh khắc riêng tư trước mặt học sinh.|thế giới|kienthuc.net|"19:00 | 28/05/2022"
Học sinh vụ xả súng Texas gọi 12 cuộc gọi cầu cứu trong 40 phút|https://kienthuc.net.vn/the-gioi/hoc-sinh-vu-xa-sung-texas-goi-12-cuoc-goi-cau-cuu-trong-40-phut-1706280.html|https://photo-cms-kienthuc.zadn.vn/zoom/130_82/Uploaded/nguyenvan/2022_05_28/2022_05_28T041311Z_562297623_RC21GU90R7B4_RTRMADP_3_TEXAS_SHOOTING_min_UMMG.JPG|"""Làm ơn gửi cảnh sát ngay"", một học sinh trong phòng học nơi Salvador Ramos xông vào đã cầu cứu 911 khi tay súng bắt đầu bắn."|thế giới|kienthuc.net|"14:15 | 28/05/2022"
Linh mục gây sốc khi bỗng trở thành ngôi sao khiêu dâm ở tuổi 83|https://kienthuc.net.vn/the-gioi/linh-muc-gay-soc-khi-bong-tro-thanh-ngoi-sao-khieu-dam-o-tuoi-83-1704224.html|https://photo-cms-kienthuc.zadn.vn/zoom/130_82/uploaded/hoangthao/2022_05_23/ngoi_sao_khieu_dam_1_CLOE.jpg|Sau 28 năm lấy vợ, cụ ông Norm Self, ở Mỹ, mới phát hiện mình là người đồng tính nam và bỗng chuyển nghề từ linh mục sang làm ngôi sao khiêu dâm.|thế giới|kienthuc.net|"13:00 | 28/05/2022"
Những bóng hồng trong cuộc đời Tổng thống Nga Putin?|https://kienthuc.net.vn/the-gioi/nhung-bong-hong-trong-cuoc-doi-tong-thong-nga-putin-1672977.html|https://photo-cms-kienthuc.zadn.vn/zoom/130_82/Uploaded/ctvthegioi/2022_03_08/photo-0-1490106161844_OQCE.jpg|Ngoài người vợ cũ, Tổng thống Nga Putin không ít lần vướng tin đồn tình ái thất thiệt với những bóng hồng xinh đẹp.|thế giới|kienthuc.net|"06:00 | 28/05/2022"
Hình ảnh cá mập đột biến sống trong miệng núi lửa sắp phun trào|https://kienthuc.net.vn/the-gioi/hinh-anh-ca-map-dot-bien-song-trong-mieng-nui-lua-sap-phun-trao-1706051.html|https://photo-cms-kienthuc.zadn.vn/zoom/130_82/Uploaded/ctvthegioi/2022_05_27/untitled_UBAE.png|Những con cá mập đột biến ẩn nấp bên trong ngọn núi lửa dưới biển khiến các chuyên gia cũng khó lý giải.|thế giới|kienthuc.net|"19:00 | 27/05/2022"
Cơ trưởng bị hút ra khỏi buồng lái máy bay “thoát chết” thần kỳ|https://kienthuc.net.vn/the-gioi/co-truong-bi-hut-ra-khoi-buong-lai-may-bay-thoat-chet-than-ky-1705151.html|https://photo-cms-kienthuc.zadn.vn/zoom/130_82/uploaded/hoangthao/2022_05_25/co_truong_bi_hut_ra_2_LEKG.jpg|Sự cố cơ trưởng Timmothy Lancaster bị hút ra khỏi buồng lái khi điều khiển chuyến bay số hiệu 5390 của British Airways được coi là “phép màu trên bầu trời nước|thế giới|kienthuc.net|"13:30 | 27/05/2022"
Câu nói xót xa của ông nội nghi phạm xả súng trường học Mỹ|https://kienthuc.net.vn/the-gioi/cau-noi-xot-xa-cua-ong-noi-nghi-pham-xa-sung-truong-hoc-my-1705957.html|https://photo-cms-kienthuc.zadn.vn/zoom/130_82/Uploaded/ctvthegioi/2022_05_27/untitled3_RMOT.png|Ông nội của nghi phạm trong vụ xả súng tại một trường tiểu học ở Mỹ hôm 24/5 chia sẻ bản thân không biết việc cháu trai mua hai khẩu súng trường AR-15.|thế giới|kienthuc.net|"13:00 | 27/05/2022"
Vì sao Pháp rút khỏi rồi lại tham gia NATO?|https://kienthuc.net.vn/the-gioi/vi-sao-phap-rut-khoi-roi-lai-tham-gia-nato-1705828.html|https://photo-cms-kienthuc.zadn.vn/zoom/130_82/Uploaded/ctvlanbanh/2022_05_27/1/0ii_DNAB.png|Trong quá trình tham gia Tổ chức Hiệp ước Bắc Đại Tây Dương (NATO), phía Pháp đã xuất hiện những mâu thuẫn với Mỹ trên nhiều vấn đề.|thế giới|kienthuc.net|"08:45 | 27/05/2022"
Cậu bé làm vỡ tượng đồ chơi hơn 6.500 USD ở Hong Kong|https://kienthuc.net.vn/the-gioi/cau-be-lam-vo-tuong-do-choi-hon-6500-usd-o-hong-kong-1705768.html|https://photo-cms-kienthuc.zadn.vn/zoom/130_82/Uploaded/hongnhat/2022_05_26/cau_be_ZEOU.jpg|Bức tượng cao 1,8 m vỡ nát trong sự sợ hãi của Lucas. Cửa hàng đồ chơi nhận khoản bồi thường từ gia đình cậu bé, nhưng sau đó lại xin lỗi và hoàn tiền.|thế giới|kienthuc.net|"07:21 | 27/05/2022"
Khám phá ngôi đền cổ 1500 tuổi nằm giữa rừng cây|https://kienthuc.net.vn/the-gioi/kham-pha-ngoi-den-co-1500-tuoi-nam-giua-rung-cay-1704850.html|https://photo-cms-kienthuc.zadn.vn/zoom/130_82/uploaded/hoangthao/2022_05_24/ngoi_den_co_1_BGWP.jpg|Ngôi đền cổ Kyorinbo ở tỉnh Shiga, Nhật Bản, được xây dựng vào năm 605. Vào mùa thu, lá cây bao phủ khuôn viên ngôi đền đều chuyển sang sắc đỏ tuyệt đẹp.|thế giới|kienthuc.net|"07:00 | 27/05/2022"
Những sự thật đáng kinh ngạc về thế giới|https://kienthuc.net.vn/the-gioi/nhung-su-that-dang-kinh-ngac-ve-the-gioi-1704689.html|https://photo-cms-kienthuc.zadn.vn/zoom/130_82/Uploaded/ctvthegioi/2022_05_24/4728883cover_AAAQ.jpg|Thế giới bao la rộng lớn ẩn chứa rất nhiều điều kỳ lạ mà không phải ai cũng biết.|thế giới|kienthuc.net|"06:00 | 27/05/2022"
Em bé sơ sinh “bật khóc” sau khi bị đem đi chôn cất|https://kienthuc.net.vn/the-gioi/em-be-so-sinh-bat-khoc-sau-khi-bi-dem-di-chon-cat-1705100.html|https://photo-cms-kienthuc.zadn.vn/zoom/130_82/uploaded/hoangthao/2022_05_25/em_be_song_lai_FVXK.jpg|"Bệnh viện Sub District ở Banihal, Ấn Độ đình chỉ 2 nhân viên sau khi phát hiện bé sơ sinh bị khai tử bỗng nhiên ""sống lại"" sau khi đem chôn cất."|thế giới|kienthuc.net|"19:30 | 26/05/2022"
Những vụ xả súng trường học kinh hoàng nhất nước Mỹ|https://kienthuc.net.vn/the-gioi/nhung-vu-xa-sung-truong-hoc-kinh-hoang-nhat-nuoc-my-1705637.html|https://photo-cms-kienthuc.zadn.vn/zoom/130_82/Uploaded/ctvthegioi/2022_05_26/columbine_WMVL.jpg|Theo thống kê của tờ Washington Post, kể từ vụ thảm sát trường trung học Columbine năm 1999, có tới hơn 311.000 học sinh nước này từng trải qua bạo lực súng.|thế giới|kienthuc.net|"19:00 | 26/05/2022"
Hiện trường vụ xả súng 21 người chết tại trường tiểu học Mỹ|https://kienthuc.net.vn/the-gioi/hien-truong-vu-xa-sung-21-nguoi-chet-tai-truong-tieu-hoc-my-1705078.html|https://photo-cms-kienthuc.zadn.vn/zoom/130_82/uploaded/hoangthao/2022_05_25/hien_truong_xa_sung_4_VQBM.jpg|Theo giới chức Mỹ, vụ xả súng ở trường tiểu học Robb thuộc thành phố Uvalde, Texas, vào ngày 24/5 đã khiến 18 học sinh và 3 giáo viên thiệt mạng.|thế giới|kienthuc.net|"13:30 | 26/05/2022"
“Nghẹt thở” xem giải cứu bé gái mắc kẹt ở cửa sổ tầng 6|https://kienthuc.net.vn/the-gioi/nghet-tho-xem-giai-cuu-be-gai-mac-ket-o-cua-so-tang-6-1705211.html|https://photo-cms-kienthuc.zadn.vn/zoom/130_82/uploaded/hoangthao/2022_05_25/giai_cuu_be_gai_2_OJPC.jpg|An Peng, một lính cứu hỏa, đã giải cứu bé gái hàng xóm bị kẹt đầu vào cửa sổ tầng 6 chung cư ở thành phố Sóc Châu, tỉnh Sơn Tây (Trung Quốc).|thế giới|kienthuc.net|"13:00 | 26/05/2022"
Những vụ máy bay rơi do phi công cố tự sát gây chấn động|https://kienthuc.net.vn/the-gioi/nhung-vu-may-bay-roi-do-phi-cong-co-tu-sat-gay-chan-dong-1705199.html|https://photo-cms-kienthuc.zadn.vn/zoom/130_82/uploaded/hoangthao/2022_05_25/roi_may_bay_5_WYQC.jpg|Thế giới hết sức kinh hãi khi chứng kiến những vụ phi công cố tình cho máy bay rơi khiến tất cả hành khách và phi hành đoàn đều thiệt mạng.|thế giới|kienthuc.net|"07:00 | 26/05/2022"
Nữ y tá 50 tuổi đăng tuyển chồng và đưa ra yêu cầu gây sốc|https://kienthuc.net.vn/the-gioi/nu-y-ta-50-tuoi-dang-tuyen-chong-va-dua-ra-yeu-cau-gay-soc-1704760.html|https://photo-cms-kienthuc.zadn.vn/zoom/130_82/uploaded/hoangthao/2022_05_24/ba_moi_IQZW.jpg|Dân mạng hầu hết đều cười cợt khi nữ y tá 50 tuổi đăng tin tuyển chồng và đưa ra yêu cầu: Đẹp trai, nhiều tiền, gia đình đơn giản…|thế giới|kienthuc.net|"07:00 | 26/05/2022"
Danh tính “thi thể” nằm giữa sân bay khiến ai nấy hết hồn|https://kienthuc.net.vn/the-gioi/danh-tinh-thi-the-nam-giua-san-bay-khien-ai-nay-het-hon-1705230.html|https://photo-cms-kienthuc.zadn.vn/zoom/130_82/Uploaded/ctvthegioi/2022_05_25/body-wrapped-airport628b7dc9f14e2_WDOV.jpg|"Các hành khách có mặt tại sân bay thời điểm đó đều không thể làm ngơ trước sự xuất hiện của ""thi thể"" kỳ lạ này."|thế giới|kienthuc.net|"06:00 | 26/05/2022"
Mỹ: Phụ huynh xếp hàng lấy mẫu DNA xác định danh tính nạn nhân vụ xả súng|https://kienthuc.net.vn/the-gioi/my-phu-huynh-xep-hang-lay-mau-dna-xac-dinh-danh-tinh-nan-nhan-vu-xa-sung-1705281.html|https://photo-cms-kienthuc.zadn.vn/zoom/130_82/Uploaded/hongnhat/2022_05_25/ig5hvvddofiuflpkly7gkgz5yi-9944_XUVP.jpg|Một tay súng 18 tuổi đã bắn tử vong ít nhất 19 trẻ em và 2 giáo viên sau khi xông vào một trường tiểu học ở bang Texas hôm 24/5.|thế giới|kienthuc.net|"21:24 | 25/05/2022"
Cận cảnh lũ quét nghiêm trọng ở Ấn Độ khiến người dân khổ sở|https://kienthuc.net.vn/the-gioi/can-canh-lu-quet-nghiem-trong-o-an-do-khien-nguoi-dan-kho-so-1705175.html|https://photo-cms-kienthuc.zadn.vn/zoom/130_82/uploaded/hoangthao/2022_05_25/lu_quet_an_do_5_RDIX.jpg|Reuters đưa tin ngày 24/5, lũ quét và lở đất nghiêm trọng ở bang Assam, phía Đông Bắc của Ấn Độ suốt 10 ngày qua khiến ít nhất 25 người thiệt mạng.|thế giới|kienthuc.net|"19:30 | 25/05/2022"
Ngôi làng kỳ lạ “sản sinh” toàn gái đẹp, chỉ có 10% đàn ông|https://kienthuc.net.vn/the-gioi/ngoi-lang-ky-la-san-sinh-toan-gai-dep-chi-co-10-dan-ong-1705233.html|https://photo-cms-kienthuc.zadn.vn/zoom/130_82/uploaded/hoangthao/2022_05_25/lang_toan_nu_0_XLPO.jpg|Ngôi làng Noiva do Cordeiro ở Brazil với dân số hầu hết là phụ nữ, đàn ông chỉ chiếm 10%. Nơi này còn nổi tiếng bởi sản sinh nhiều gái đẹp.|thế giới|kienthuc.net|"19:00 | 25/05/2022"
Tổng thống Belarus cáo buộc Ba Lan và NATO âm mưu chia cắt Ukraine|https://kienthuc.net.vn/the-gioi/tong-thong-belarus-cao-buoc-ba-lan-va-nato-am-muu-chia-cat-ukraine-1704799.html|https://photo-cms-kienthuc.zadn.vn/zoom/130_82/Uploaded/ctvthegioi/2022_05_24/untitled_QINQ.png|Nhà lãnh đạo Belarus tuy nhiên lại không đưa ra được bằng chứng chứng minh cho những cáo buộc trên.|thế giới|kienthuc.net|"13:30 | 25/05/2022"
Doanh nhân Trung Quốc xây biệt thự xa hoa hơn 1 tỷ cho chó cưng|https://kienthuc.net.vn/the-gioi/doanh-nhan-trung-quoc-xay-biet-thu-xa-hoa-hon-1-ty-cho-cho-cung-1704696.html|https://photo-cms-kienthuc.zadn.vn/zoom/130_82/uploaded/hoangthao/2022_05_24/biet_thu_cho_cho_1_PDVL.jpg|Một đại gia ở tỉnh Giang Tô (Trung Quốc) đã chi 340.000 nhân dân tệ (gần 1,2 tỷ đồng) xây biệt thự, công viên giải trí cho hơn 10 chú cún cưng.|thế giới|kienthuc.net|"13:00 | 25/05/2022"
Triều Tiên bắn hai tên lửa đạn đạo chưa xác định ra vùng biển|https://kienthuc.net.vn/the-gioi/trieu-tien-ban-hai-ten-lua-dan-dao-chua-xac-dinh-ra-vung-bien-1704949.html|https://photo-cms-kienthuc.zadn.vn/zoom/130_82/uploaded/hongnhat/2022_05_25/cuu-0_HCRP.jpg|Theo Hội đồng Tham mưu trưởng liên quân Hàn Quốc, đây là vụ phóng tên lửa thứ 17 của Triều Tiên kể từ đầu năm đến nay nhưng chưa rõ chi tiết về các vụ thử mới.|thế giới|kienthuc.net|"08:36 | 25/05/2022"
Vụ xả súng trường học chết chóc nhất trong lịch sử tại Texas|https://kienthuc.net.vn/the-gioi/vu-xa-sung-truong-hoc-chet-choc-nhat-trong-lich-su-tai-texas-1704937.html|https://photo-cms-kienthuc.zadn.vn/zoom/130_82/Uploaded/hongnhat/2022_05_25/1000_2022_05_25T052823.419_ORUG.jpeg|Xả súng tại trường tiểu học Robb ở Uvalde hôm 24/5 là vụ việc chết chóc nhất trong lịch sử Texas, khiến 14 trẻ em và một giáo viên thiệt mạng.|thế giới|kienthuc.net|"08:00 | 25/05/2022"
Hungary ban bố tình trạng khẩn cấp vì chiến sự Ukraine|https://kienthuc.net.vn/the-gioi/hungary-ban-bo-tinh-trang-khan-cap-vi-chien-su-ukraine-1704811.html|https://photo-cms-kienthuc.zadn.vn/zoom/130_82/Uploaded/thuydung/2022_05_25/ap-orban-60_STEB.jpeg|Thủ tướng Hungary Viktor Orban đêm 24/5 đã công bố tình trạng khẩn cấp ở nước này với lý do chiến sự ở Ukraine.|thế giới|kienthuc.net|"07:37 | 25/05/2022"
Vườn thú kỳ lạ ở Trung Quốc: Nơi người bị nhốt, vật chạy rông|https://kienthuc.net.vn/the-gioi/vuon-thu-ky-la-o-trung-quoc-noi-nguoi-bi-nhot-vat-chay-rong-1704774.html|https://photo-cms-kienthuc.zadn.vn/zoom/130_82/Uploaded/trantuananh/2022_05_24/untitled-2-221_QGDI.jpg|Lehe Ledu Wildlife Zoo ở thành phố Trùng Khánh, Trung Quốc là một trong những vườn thú đặc biệt nhất thế giới.|thế giới|kienthuc.net|"06:57 | 25/05/2022"
Những sự thật thú vị về Triều Tiên, đất nước bí ẩn nhất thế giới|https://kienthuc.net.vn/the-gioi/nhung-su-that-thu-vi-ve-trieu-tien-dat-nuoc-bi-an-nhat-the-gioi-1704849.html|https://photo-cms-kienthuc.zadn.vn/zoom/130_82/Uploaded/ctvthegioi/2022_05_24/untitled_ZTMZ.png|Triều Tiên vốn được coi là đất nước bí ấn nhất thế giới với những điều kỳ lạ nhưng không kém phần thú vị.|thế giới|kienthuc.net|"06:00 | 25/05/2022"
Chú rể Ấn Độ mải tiệc tùng, cô dâu cưới người khác|https://kienthuc.net.vn/the-gioi/chu-re-an-do-mai-tiec-tung-co-dau-cuoi-nguoi-khac-1704703.html|https://photo-cms-kienthuc.zadn.vn/zoom/130_82/Uploaded/nguyenvan/2022_05_24/3/a1_NAIX.jpg|Mải mê nhảy múa và uống rượu, chú rể đến nhà gái muộn 5 tiếng đồng hồ. Đến nơi, anh thấy cô dâu đang khoác tay một người đàn ông khác.|thế giới|kienthuc.net|"01:09 | 25/05/2022"
Mỹ: Phụ huynh bật khóc vì không mua được sữa bột cho con|https://kienthuc.net.vn/the-gioi/my-phu-huynh-bat-khoc-vi-khong-mua-duoc-sua-bot-cho-con-1704783.html|https://photo-cms-kienthuc.zadn.vn/zoom/130_82/uploaded/hoangthao/2022_05_24/khan_hiem_sua_bot_1_INSW.jpg|Nước Mỹ đang phải đối mặt với một cuộc khủng hoảng khan hiếm sữa bột và nhiều cha mẹ đã bật khóc khi không thể mua loại sữa con thường dùng.|thế giới|kienthuc.net|"19:45 | 24/05/2022"
Nhan sắc cực phẩm của chàng hoàng tử Hy Lạp - Đan Mạch|https://kienthuc.net.vn/the-gioi/nhan-sac-cuc-pham-cua-chang-hoang-tu-hy-lap-dan-mach-1704813.html|https://photo-cms-kienthuc.zadn.vn/zoom/130_82/uploaded/hoangthao/2022_05_24/hoang_tu_tre_2_AQVB.jpg|Không chỉ mang trong người hai dòng máu hoàng gia Hy Lạp và Đan Mạch, Hoàng tử Achileas-Andreas còn thu hút sự chú ý bởi vẻ điển trai, cuộc sống sang chảnh.|thế giới|kienthuc.net|"19:15 | 24/05/2022"
Reuters: Binh sĩ Nga bị tòa án Ukraine kết án tù chung thân|https://kienthuc.net.vn/the-gioi/reuters-binh-si-nga-bi-toa-an-ukraine-ket-an-tu-chung-than-1704640.html|https://photo-cms-kienthuc.zadn.vn/zoom/130_82/uploaded/hoangthao/2022_05_24/linh_nga_AHMH.jpg|Ngày 23/5, một tòa án Ukraine đã kết án một binh sĩ Nga 21 tuổi tù chung thân vì giết hại một dân thường không vũ trang.|thế giới|kienthuc.net|"13:30 | 24/05/2022"
Sinh nhật đầu đời của ca sinh 9 bé kỷ lục thế giới|https://kienthuc.net.vn/the-gioi/sinh-nhat-dau-doi-cua-ca-sinh-9-be-ky-luc-the-gioi-1704657.html|https://photo-cms-kienthuc.zadn.vn/zoom/130_82/uploaded/hoangthao/2022_05_24/ca_sinh_9_be_2_ZAKW.jpg|9 người con của anh Kader Arby và chị Halima Cisse đã đón sinh nhật đầu đời vào tháng 5 này. Đây là ca sinh 9 bé lập kỷ lục thế giới năm ngoái.|thế giới|kienthuc.net|"13:00 | 24/05/2022"
Tổng thống Mỹ công bố khuôn khổ kinh tế Ấn Độ Dương-Thái Bình Dương|https://kienthuc.net.vn/the-gioi/tong-thong-my-cong-bo-khuon-kho-kinh-te-an-do-duong-thai-binh-duong-1704545.html|https://photo-cms-kienthuc.zadn.vn/zoom/130_82/Uploaded/thuydung/2022_05_24/ttxvn_joe_biden_1_OJZD.jpg|Theo Tổng thống Mỹ Biden, Khuôn khổ Kinh tế Ấn Độ Dương-Thái Bình Dương vì sự thịnh vượng sẽ tập trung vào các vấn đề quan trọng.|thế giới|kienthuc.net|"08:25 | 24/05/2022"
Đi làm đồng, đôi vợ chồng già khai quật được kho báu tiền tỷ|https://kienthuc.net.vn/the-gioi/di-lam-dong-doi-vo-chong-gia-khai-quat-duoc-kho-bau-tien-ty-1704313.html|https://photo-cms-kienthuc.zadn.vn/zoom/130_82/uploaded/hoangthao/2022_05_23/tim_dong_xu_2_WZVO.jpg|Kho báu tiền tỷ, do đôi vợ chồng già khai quật, có thể đạt giá bán khoảng 12.000 - 15.000 bảng Anh (khoảng 348 - 435 triệu đồng) ngày 24/5 tới.|thế giới|kienthuc.net|"07:00 | 24/05/2022"
Chú rể nhảy múa thâu đêm quên giờ cưới, cô dâu lấy người khác|https://kienthuc.net.vn/the-gioi/chu-re-nhay-mua-thau-dem-quen-gio-cuoi-co-dau-lay-nguoi-khac-1704323.html|https://photo-cms-kienthuc.zadn.vn/zoom/130_82/uploaded/hoangthao/2022_05_23/chu_re_den_muon_USMD.jpg|Đến nhà gái muộn 5 tiếng vì quá mải mê tiệc tùng với bạn bè, chú rể Ấn Độ đành phải chứng kiến cô dâu kết hôn với người đàn ông khác.|thế giới|kienthuc.net|"06:00 | 24/05/2022"
Video: Chồng nổi cơn ghen, nhảy lên đầu xe của tình địch đập phá|https://kienthuc.net.vn/truyen-hinh-video/video-chong-noi-con-ghen-nhay-len-dau-xe-cua-tinh-dich-dap-pha-1704133.html|https://photo-cms-kienthuc.zadn.vn/zoom/130_82/Uploaded/dinhcuc/2022_05_21/vv/3_SNRW.gif|Thấy vợ bước xuống từ chiếc xe ô tô của người lạ, người đàn ông đã nổi cơn ghen, nằm trước đầu xe rồi đập phá.|thế giới|kienthuc.net|"00:57 | 24/05/2022"
Điều tra án mạng, cảnh sát vớt 298 mảnh xương dưới ao cá sấu|https://kienthuc.net.vn/the-gioi/dieu-tra-an-mang-canh-sat-vot-298-manh-xuong-duoi-ao-ca-sau-1704339.html|https://photo-cms-kienthuc.zadn.vn/zoom/130_82/uploaded/hoangthao/2022_05_23/phat_hien_mau_xuong_2_ZZAX.jpg|Lần theo các manh mối của vụ án mạng, cảnh sát Thái Lan tìm thấy gần 300 mảnh xương người tại một ao nuôi cá sấu gần nhà tên sát nhân.|thế giới|kienthuc.net|"19:30 | 23/05/2022"
Mê mẩn ẩm thực đặc sắc của đất nước Timor Leste nhỏ bé|https://kienthuc.net.vn/the-gioi/me-man-am-thuc-dac-sac-cua-dat-nuoc-timor-leste-nho-be-1704355.html|https://photo-cms-kienthuc.zadn.vn/zoom/130_82/uploaded/hoangthao/2022_05_23/am_thuc_0_CIVO.jpg|Timor Leste là một mảnh đất nhỏ nhưng vô cùng đặc sắc về cả cảnh quan lẫn văn hóa. Quốc gia này cũng có nền ẩm thực khá đa dạng và hấp dẫn.|thế giới|kienthuc.net|"19:00 | 23/05/2022"
Màn trình diễn cô dâu cùng chú rể cùng bốc cháy trong đám cưới|https://kienthuc.net.vn/the-gioi/man-trinh-dien-co-dau-cung-chu-re-cung-boc-chay-trong-dam-cuoi-1701731.html|https://photo-cms-kienthuc.zadn.vn/zoom/130_82/uploaded/hoangthao/2022_05_17/boc_chay_3_TULO.jpg|Cảnh cô dâu chú rể bốc cháy là màn trình diễn của một cặp đôi mới cưới ở Mỹ khiến cư dân mạng “mắt tròn mắt dẹt” và thốt lên vì kinh ngạc.|thế giới|kienthuc.net|"13:30 | 23/05/2022"
Cậu bé 16 tuổi lập kỷ lục một mình bay vòng quanh thế giới|https://kienthuc.net.vn/the-gioi/cau-be-16-tuoi-lap-ky-luc-mot-minh-bay-vong-quanh-the-gioi-1704246.html|https://photo-cms-kienthuc.zadn.vn/zoom/130_82/uploaded/hoangthao/2022_05_23/phi_cong_tre_PNOQ.jpg|Mack Rutherford, 16 tuổi, người Bỉ gốc Anh, đang cố gắng phá kỷ lục thế giới về người trẻ nhất một mình bay vòng quanh thế giới.|thế giới|kienthuc.net|"13:00 | 23/05/2022"
Cận cảnh 5 bảo vật vô giá của Nữ hoàng Anh|https://kienthuc.net.vn/the-gioi/can-canh-5-bao-vat-vo-gia-cua-nu-hoang-anh-1701410.html|https://photo-cms-kienthuc.zadn.vn/zoom/130_82/uploaded/hoangthao/2022_05_16/bao_vat_vo_gia_1_UZBM.jpg|Một số bảo vật vô giá như vương miện, đồ trang sức quý hiếm được đem trưng bày nhân kỷ niệm 70 năm trị vì của Nữ hoàng Anh.|thế giới|kienthuc.net|"07:00 | 23/05/2022"
Cận cảnh ngôi làng Ukraine tự “nhấm chìm trong nước”|https://kienthuc.net.vn/the-gioi/can-canh-ngoi-lang-ukraine-tu-nham-chim-trong-nuoc-1701869.html|https://photo-cms-kienthuc.zadn.vn/zoom/130_82/uploaded/hoangthao/2022_05_17/ngap_ca_lang_1_JZBI.jpg|"Người Ukraine tuyên bố rằng họ không hối tiếc sau khi cố tình làm ngập cả ngôi làng Demydiv trong ""biển nước"" để ngăn xe tăng Nga tiếp cận thủ đô Kiev."|thế giới|kienthuc.net|"06:00 | 23/05/2022"
Cụ ông 60 tuổi đi bộ 24km mang tro cốt của vợ về quê|https://kienthuc.net.vn/the-gioi/cu-ong-60-tuoi-di-bo-24km-mang-tro-cot-cua-vo-ve-que-1701305.html|https://photo-cms-kienthuc.zadn.vn/zoom/130_82/Uploaded/hoangthao/2022_05_16/dua_tro_cot_vo_ve_out_QNKD.jpg|Mới đây, truyền thông Trung Quốc đưa tin về câu chuyện xúc động của cụ ông 60 tuổi đi bộ 24km trong suốt 7 tiếng, ôm tro cốt của vợ về quê.|thế giới|kienthuc.net|"19:30 | 22/05/2022"
Mòng biển thản nhiên ăn cắp thực phẩm từ siêu thị|https://kienthuc.net.vn/the-gioi/mong-bien-than-nhien-an-cap-thuc-pham-tu-sieu-thi-1702829.html|https://photo-cms-kienthuc.zadn.vn/zoom/130_82/uploaded/hoangthao/2022_05_19/chim_trom_do_OLOK.jpg|Một con mòng biển tham ăn bị bắt quả tang khi ngang nhiên ăn cắp thực phẩm từ siêu thị. Đây là giống chim tai tiếng nhất vùng ven biển nước Anh.|thế giới|kienthuc.net|"19:00 | 22/05/2022"
Con đường quanh co với 600 khúc cua – “địa ngục” say xe|https://kienthuc.net.vn/the-gioi/con-duong-quanh-co-voi-600-khuc-cua-dia-nguc-say-xe-1702281.html|https://photo-cms-kienthuc.zadn.vn/zoom/130_82/uploaded/hoangthao/2022_05_18/duong_600_khuc_cua_1_XHVC.jpg|Con đường núi quanh co dài 75 km với 600 khúc cua ở khu tự trị Tân Cương, Trung Quốc, được mệnh danh là cơn ác mộng với những người say xe.|thế giới|kienthuc.net|"13:30 | 22/05/2022"
Thị trấn lạ nơi con người và báo hoa mai cùng chung sống|https://kienthuc.net.vn/the-gioi/thi-tran-la-noi-con-nguoi-va-bao-hoa-mai-cung-chung-song-1703828.html|https://photo-cms-kienthuc.zadn.vn/zoom/130_82/uploaded/hoangthao/2022_05_22/song_chung_voi_bao_2_WJES.jpg|Bera, thị trấn nhỏ ở bang Rajasthan, Ấn Độ, nổi tiếng là nơi duy nhất trên Trái Đất có con người và báo hoa mai chung sống hòa thuận.|thế giới|kienthuc.net|"13:00 | 22/05/2022"
Cụ bà 75 tuổi sống sót thần kỳ sau 7 ngày mất tích trong rừng|https://kienthuc.net.vn/the-gioi/cu-ba-75-tuoi-song-sot-than-ky-sau-7-ngay-mat-tich-trong-rung-1702193.html|https://photo-cms-kienthuc.zadn.vn/zoom/130_82/uploaded/hoangthao/2022_05_18/cu_ba_mat_tich_CEYJ.jpg|Khi 7 ngày mất tích trong rừng rậm, cụ bà 75 tuổi chỉ có thể uống nước “cầm hơi” và ngâm mình trong dòng suối để hạ nhiệt khi trời nắng nóng.|thế giới|kienthuc.net|"07:00 | 22/05/2022"
Chàng trai 25 tuổi gây sốc vì yêu và cưới bạn thân của mẹ|https://kienthuc.net.vn/the-gioi/chang-trai-25-tuoi-gay-soc-vi-yeu-va-cuoi-ban-than-cua-me-1703082.html|https://photo-cms-kienthuc.zadn.vn/zoom/130_82/uploaded/hoangthao/2022_05_20/yeu_ban_than_cua_me_3_ZWWL.png|Mới đây, cư dân mạng Trung Quốc xôn xao trước câu chuyện một chàng trai người Trung Quốc 25 tuổi đem lòng yêu bạn thân 40 tuổi của mẹ.|thế giới|kienthuc.net|"06:00 | 22/05/2022"
Nhìn lại cuộc đời “cậu bé khỏe nhất thế giới” qua đời ở tuổi 21|https://kienthuc.net.vn/cong-dong-tre/nhin-lai-cuoc-doi-cau-be-khoe-nhat-the-gioi-qua-doi-o-tuoi-21-1703720.html|https://photo-cms-kienthuc.zadn.vn/zoom/130_82/Uploaded/thuhien/2020_12_31/newfolder/731_NGSK.jpg|"Dzhambulat Khatokhov trở thành hiện tượng mạng từ khi mới 3 tuổi. Lên 9 tuổi, khi được các bạn cùng trường đặt biệt danh là ""Đấu sĩ"", anh nặng khoảng 146 kg."|thế giới|kienthuc.net|"00:36 | 22/05/2022"
Triều Tiên đạt tiến triển trong công tác kiểm soát dịch sốt|https://kienthuc.net.vn/the-gioi/trieu-tien-dat-tien-trien-trong-cong-tac-kiem-soat-dich-sot-1703699.html|https://photo-cms-kienthuc.zadn.vn/zoom/130_82/uploaded/hongnhat/2022_05_21/gia-9_VGJV.jpg|Ngày 21/5, Hãng thông tấn Trung ương Triều Tiên (KCNA) nhận định tình hình dịch bệnh tại nước này đã ổn định và được kiểm soát.|thế giới|kienthuc.net|"20:18 | 21/05/2022"
Nóng Nga-Ukraine chiều 21-5: Mọi chú ý đổ dồn về Moldova|https://kienthuc.net.vn/the-gioi/nong-nga-ukraine-chieu-21-5-moi-chu-y-do-don-ve-moldova-1703700.html|https://photo-cms-kienthuc.zadn.vn/zoom/130_82/uploaded/hongnhat/2022_05_21/gia-12_XQMK.jpg|Kiev cáo buộc Moscow tung tin đánh bom giả để gây bất ổn ở Transnistria - vùng ly khai thân Nga thuộc Cộng hòa Moldova giáp Ukraine.|thế giới|kienthuc.net|"20:15 | 21/05/2022"
Mỹ, Hàn nhất trí mở rộng tập trận để đối phó với Triều Tiên|https://kienthuc.net.vn/the-gioi/my-han-nhat-tri-mo-rong-tap-tran-de-doi-pho-voi-trieu-tien-1703696.html|https://photo-cms-kienthuc.zadn.vn/zoom/130_82/Uploaded/hongnhat/2022_05_21/my-han-quoc-533_LGRJ.jpg|Tổng thống Hàn Quốc Yoon Suk-yeol và người đồng nhiệm Mỹ Joe Biden hôm nay (21/5) đã nhất trí bắt đầu thảo luận mở rộng các cuộc tập trận chung giữa hai nước.|thế giới|kienthuc.net|"20:03 | 21/05/2022"
"Cựu Giám đốc CIA: ""Ông Putin đang cảm thấy bất lực"""|https://kienthuc.net.vn/the-gioi/cuu-giam-doc-cia-ong-putin-dang-cam-thay-bat-luc-1703645.html|https://photo-cms-kienthuc.zadn.vn/zoom/130_82/Uploaded/ctvthegioi/2022_05_21/gettyimages-1240706590yxafhx_HYJV.jpg|"Cựu giám đốc CIA cho rằng Tổng thống Putin, tại thời điểm này ""có lẽ đang cảm thấy khá bất lực"" khi Phần Lan, Thụy Điển gia nhập NATO."|thế giới|kienthuc.net|"19:00 | 21/05/2022"
Hàng nghìn người Sri Lanka xếp hàng dài mua xăng, khí đốt|https://kienthuc.net.vn/the-gioi/hang-nghin-nguoi-sri-lanka-xep-hang-dai-mua-xang-khi-dot-1703636.html|https://photo-cms-kienthuc.zadn.vn/zoom/130_82/Uploaded/hongnhat/2022_05_21/2022_05_20T125035Z_1698666886_RC2XAU90UWMM_RTRMADP_3_SRI_LANKA_CRISIS_1__NUEV.JPG|Hàng nghìn người xếp hàng mua xăng và khí đốt tại thủ đô Colombo, Sri Lanka, vào ngày 20/5, nhằm tích trữ nhiên liệu trước cuộc khủng hoảng kinh tế tàn khốc.|thế giới|kienthuc.net|"14:20 | 21/05/2022"
Tổng thống Mỹ - Hàn Quốc hội đàm, hạt nhân Triều Tiên là tâm điểm|https://kienthuc.net.vn/the-gioi/tong-thong-my-han-quoc-hoi-dam-hat-nhan-trieu-tien-la-tam-diem-1703632.html|https://photo-cms-kienthuc.zadn.vn/zoom/130_82/Uploaded/hongnhat/2022_05_21/tong-thong-my-han-243_SBSR.jpg|Tổng thống Mỹ Joe Biden và người đồng nhiệm Hàn Quốc Yoon Suk-yeol hội đàm tại Seoul ngày 21/5 trong cuộc gặp ngoại giao đầu tiên kể từ khi ông Yoon nhậm chức.|thế giới|kienthuc.net|"14:03 | 21/05/2022"
Kỳ lạ chiếc “tủ lạnh” không dùng điện vẫn bảo quản được thức ăn|https://kienthuc.net.vn/the-gioi/ky-la-chiec-tu-lanh-khong-dung-dien-van-bao-quan-duoc-thuc-an-1702849.html|https://photo-cms-kienthuc.zadn.vn/zoom/130_82/uploaded/hoangthao/2022_05_19/tu_lanh_1_KKMO.jpg|Từ hàng ngàn năm trước, các kỹ sư Ba tư thời cổ đại đã sáng tạo loại “tủ lạnh” không dùng điện, có thể bảo quản băng đá và thực phẩm qua mùa hè.|thế giới|kienthuc.net|"13:40 | 21/05/2022"
Tổng thống Emmanuel Macron bổ nhiệm tân Ngoại trưởng Pháp|https://kienthuc.net.vn/the-gioi/tong-thong-emmanuel-macron-bo-nhiem-tan-ngoai-truong-phap-1703508.html|https://photo-cms-kienthuc.zadn.vn/zoom/130_82/uploaded/hongnhat/2022_05_21/gia-3_UELB.jpg|Tổng thống Pháp Emmanuel Macron bổ nhiệm đương kim Đại sứ Pháp tại Anh Catherine Colonna làm Ngoại trưởng mới nhằm cải tổ chính phủ sau khi ông tái đắc cử.|thế giới|kienthuc.net|"08:12 | 21/05/2022"
Ngây ngất trước vẻ nóng bỏng của những “nàng thơ” đẹp nhất Thụy Điển|https://kienthuc.net.vn/the-gioi/ngay-ngat-truoc-ve-nong-bong-cua-nhung-nang-tho-dep-nhat-thuy-dien-1701472.html|https://photo-cms-kienthuc.zadn.vn/zoom/130_82/Uploaded/ctvthegioi/2022_05_16/anita_ekberg_WNHN.jpg|Thụy Điển không chỉ là quốc gia lớn nhất trên bán đảo Scandinavi mà còn được coi là đất nước có nhiều mỹ nhân nhất Bắc Âu.|thế giới|kienthuc.net|"07:00 | 21/05/2022"
Cô gái kiếm cả trăm triệu nhờ nghề nhắn tin chúc ngủ ngon|https://kienthuc.net.vn/the-gioi/co-gai-kiem-ca-tram-trieu-nho-nghe-nhan-tin-chuc-ngu-ngon-1703157.html|https://photo-cms-kienthuc.zadn.vn/zoom/130_82/uploaded/hoangthao/2022_05_20/nhan_tin_chuc_ngu_ngon_1_BOQZ.jpg|Từ dịch vụ gửi tin nhắn chúc ngủ ngon tới người lạ, người phụ nữ 35 tuổi ở Trung Quốc kiếm được hàng trăm triệu đồng. Có tối, cô gửi tới hơn 300 tin.|thế giới|kienthuc.net|"06:00 | 21/05/2022"
Máy bay quân sự Mỹ hạ cánh 'bất thường' xuống sân bay Nhật Bản|https://kienthuc.net.vn/the-gioi/may-bay-quan-su-my-ha-canh-bat-thuong-xuong-san-bay-nhat-ban-1703447.html|https://photo-cms-kienthuc.zadn.vn/zoom/130_82/Uploaded/manhhung/2022_05_20/newfolder/aabc9b6b6c298577dc38_ROFF.jpg|Truyền thông địa phương ngày 20/5 đưa tin một máy bay vận tải Osprey của quân đội Mỹ đã 'hạ cánh bất thường' tại một sân bay ở tỉnh Kagoshima, Tây Nam của Nhật.|thế giới|kienthuc.net|"20:59 | 20/05/2022"
Những điều ít biết về Đại lễ Bạch Kim của Nữ hoàng Anh|https://kienthuc.net.vn/the-gioi/nhung-dieu-it-biet-ve-dai-le-bach-kim-cua-nu-hoang-anh-1703238.html|https://photo-cms-kienthuc.zadn.vn/zoom/130_82/uploaded/hoangthao/2022_05_20/dai_le_bach_kim_1_CUZC.jpg|Đại lễ Bạch Kim mừng 70 năm trị vì nước Anh của Nữ hoàng Elizabeth II sẽ diễn ra vào đầu tháng 6 tới đây, từ 2/6 đến 5/6, với nhiều nghi lễ.|thế giới|kienthuc.net|"19:30 | 20/05/2022"
Mắc kẹt vùng kín khi trèo tường, nữ sinh “muối mặt” gọi cứu hộ|https://kienthuc.net.vn/the-gioi/mac-ket-vung-kin-khi-treo-tuong-nu-sinh-muoi-mat-goi-cuu-ho-1703332.html|https://photo-cms-kienthuc.zadn.vn/zoom/130_82/uploaded/hoangthao/2022_05_20/nu_sinh_bi_mac_ket_2_DHDC.jpg|Vụ giải cứu nữ sinh bị gai chống trộm đâm vào vùng kín khi trèo tường trốn ra ngoài chơi với bạn trai khiến lính cứu hỏa “toát mồ hôi hột”.|thế giới|kienthuc.net|"19:04 | 20/05/2022"
"Campuchia khuyến cáo phụ nữ không ngắt ""hoa nhạy cảm"" để selfie"|https://kienthuc.net.vn/the-gioi/campuchia-khuyen-cao-phu-nu-khong-ngat-hoa-nhay-cam-de-selfie-1703120.html|https://photo-cms-kienthuc.zadn.vn/zoom/130_82/uploaded/hoangthao/2022_05_20/cay_cua_quy_1_FSLE.jpg|"Sau khi vài cô gái ngắt ""hoa dương vật"" để selfie, chính phủ Campuchia kêu gọi người dân ngừng nhổ, chơi đùa với loài cây đang có nguy cơ tuyệt chủng này."|thế giới|kienthuc.net|"13:30 | 20/05/2022"
Cậu bé dẫm đạp đầu đứa trẻ 2 tuổi để cướp đồ ăn vặt|https://kienthuc.net.vn/the-gioi/cau-be-dam-dap-dau-dua-tre-2-tuoi-de-cuop-do-an-vat-1703180.html|https://photo-cms-kienthuc.zadn.vn/zoom/130_82/Uploaded/ctvthegioi/2022_05_20/ezgif_com-gif-maker_3_KLFQ.gif|Khoảnh khắc bé trai 8 tuổi đạp mạnh vào đầu đứa trẻ 2 tuổi mới chập chững biết đi khiến ai nấy đều hốt hoảng.|thế giới|kienthuc.net|"13:09 | 20/05/2022"
Ông Medvedev cảnh báo phương Tây|https://kienthuc.net.vn/the-gioi/ong-medvedev-canh-bao-phuong-tay-1702998.html|https://photo-cms-kienthuc.zadn.vn/zoom/130_82/Uploaded/manhhung/2022_05_20/Dmitry_Medvedev_1_MHQJ.jpg|Dmitry Medvedev, cựu Tổng thống Nga và hiện là quan chức an ninh cấp cao, ngày 19/5 nói rằng phương Tây đừng mong Nga vẫn cung cấp lương thực.|thế giới|kienthuc.net|"08:36 | 20/05/2022"
"Số ""ca sốt"" ở Triều Tiên vượt mốc 2 triệu"|https://kienthuc.net.vn/the-gioi/so-ca-sot-o-trieu-tien-vuot-moc-2-trieu-1702986.html|https://photo-cms-kienthuc.zadn.vn/zoom/130_82/Uploaded/manhhung/2022_05_20/Members_of_North_Korean_army_supply_medicines_to_residents_at_pharmacy_amid_fears_over_COVID_19_in_Pyongyang_Reuters__WPRY.JPG|"Triều Tiên công bố hơn 260.000 ""ca sốt"" ngày 20/5, với tổng số trường hợp vượt mốc 2 triệu, 8 ngày sau khi nước này xác nhận đợt bùng phát virus đầu tiên."|thế giới|kienthuc.net|"08:30 | 20/05/2022"
Thi trượt đại học 25 lần, người đàn ông vẫn không chịu từ bỏ|https://kienthuc.net.vn/the-gioi/thi-truot-dai-hoc-25-lan-nguoi-dan-ong-van-khong-chiu-tu-bo-1702714.html|https://photo-cms-kienthuc.zadn.vn/zoom/130_82/uploaded/hoangthao/2022_05_19/thi_dai_hoc_1_KLTZ.jpg|Dù đã thi trượt đại học tới 25 lần liên tiếp, một người đàn ông 55 tuổi ở Trung Quốc vẫn không từ bỏ ước mơ vào đại học.|thế giới|kienthuc.net|"06:30 | 20/05/2022"
Khan hiếm sữa bột, người phụ nữ bán được hơn 113 lít sữa mẹ|https://kienthuc.net.vn/the-gioi/khan-hiem-sua-bot-nguoi-phu-nu-ban-duoc-hon-113-lit-sua-me-1702862.html|https://photo-cms-kienthuc.zadn.vn/zoom/130_82/uploaded/hoangthao/2022_05_19/ban_sua_me_2_AQWC.jpg|Người phụ nữ ở Mỹ bắt đầu bán hàng trăm lít sữa mẹ của chính mình sau khi nước này rơi vào tình trạng thiếu hụt sữa bột nghiêm trọng.|thế giới|kienthuc.net|"06:00 | 20/05/2022"
Chồng giao đồ ăn, vợ ra mở cửa để rồi sốc nặng khi phát hiện sự thật|https://kienthuc.net.vn/the-gioi/chong-giao-do-an-vo-ra-mo-cua-de-roi-soc-nang-khi-phat-hien-su-that-1702535.html|https://photo-cms-kienthuc.zadn.vn/zoom/130_82/Uploaded/thuydung/2022_05_17/vo-chong-1_UINO.jpg|Hóa ra, tất cả những lời đồn trước đây đều là thật nhưng anh vẫn cố chấp tin tưởng vợ.|thế giới|kienthuc.net|"00:36 | 20/05/2022"
Cửa hàng “bất tiện nhất thế giới” nằm trên vách đá cao 120m|https://kienthuc.net.vn/the-gioi/cua-hang-bat-tien-nhat-the-gioi-nam-tren-vach-da-cao-120m-1702873.html|https://photo-cms-kienthuc.zadn.vn/zoom/130_82/uploaded/hoangthao/2022_05_19/cua_hang_bat_tien_1_WRCN.jpg|Cửa hàng “bất tiện nhất thế giới” nằm cheo leo trên vách đá cao 120m ở Trung Quốc đang trở thành chủ đề được cư dân mạng bàn tán sôi nổi.|thế giới|kienthuc.net|"19:00 | 19/05/2022"
Phát hiện hố sụt khổng lồ chứa cả rừng cây cổ thụ bên dưới|https://kienthuc.net.vn/the-gioi/phat-hien-ho-sut-khong-lo-chua-ca-rung-cay-co-thu-ben-duoi-1702774.html|https://photo-cms-kienthuc.zadn.vn/zoom/130_82/uploaded/hoangthao/2022_05_19/ho_sut_khong_lo_2_RLDA.jpg|Các chuyên gia Trung Quốc phát hiện cả rừng cây cổ thụ cao hàng chục mét nằm dưới đáy của hố sụt khổng lồ, vươn cành về phía ánh sáng mặt trời.|thế giới|kienthuc.net|"13:30 | 19/05/2022"
Trung Quốc phủ nhận thông tin máy bay rơi “là do có chủ ý”|https://kienthuc.net.vn/the-gioi/trung-quoc-phu-nhan-thong-tin-may-bay-roi-la-do-co-chu-y-1702733.html|https://photo-cms-kienthuc.zadn.vn/zoom/130_82/uploaded/hoangthao/2022_05_19/tai_nan_may_bay_RGQQ.jpg|Trung Quốc nói rằng phía Mỹ không tiết lộ nguyên nhân máy bay rơi hồi tháng 3, đồng thời phủ nhận thông tin có người cố tình gây ra sự cố.|thế giới|kienthuc.net|"12:50 | 19/05/2022"
Chiêm ngưỡng thác nước ngầm kỳ lạ dưới lòng đại dương|https://kienthuc.net.vn/the-gioi/chiem-nguong-thac-nuoc-ngam-ky-la-duoi-long-dai-duong-1702376.html|https://photo-cms-kienthuc.zadn.vn/zoom/130_82/uploaded/hoangthao/2022_05_18/thac_nuoc_duoi_bien_0_QHDZ.jpg|Quốc đảo Mauritius sở hữu một trong những cảnh quan kỳ vĩ nhất thế giới: Thác nước ngầm dưới lòng đại dương – hiện tượng tự nhiên độc nhất vô nhị.|thế giới|kienthuc.net|"07:00 | 19/05/2022"
