Phát hiện thứ lạ lùng trong thiên hà, chuyên gia lập tức giải mã|https://kienthuc.net.vn/khoa-hoc-cong-nghe/phat-hien-thu-la-lung-trong-thien-ha-chuyen-gia-lap-tuc-giai-ma-1711823.html|https://photo-cms-kienthuc.zadn.vn/zoom/130_82/uploaded/thuydung/2022_06_10/1/2_RSXQ.png|Công nghệ mới đã giúp các nhà khoa học có thể quan sát được những thiên hà chủ bị tối bị che mờ bởi các chuẩn tinh phát ra ánh sáng rực rỡ.|khoa học|kienthuc.net|"12:50 | 12/06/2022"
"Kỳ bí truyền thuyết về quái vật gây ra hiện tượng “bóng đè"""|https://kienthuc.net.vn/khoa-hoc-cong-nghe/ky-bi-truyen-thuyet-ve-quai-vat-gay-ra-hien-tuong-bong-de-1711821.html|https://photo-cms-kienthuc.zadn.vn/zoom/130_82/uploaded/hongnhat/2022_06_10/4/bong-1_UZBI.jpg|"Không ít người từng trải quả hiện tượng ""bóng đè"" và sợ hãi. Theo văn hóa dân gian Nhật Bản, hiện tượng này do quái vật Kanashibari gây ra."|khoa học|kienthuc.net|"12:20 | 12/06/2022"
Giải mã thú vị: Tại sao mắt của mèo lại phát sáng trong đêm?|https://kienthuc.net.vn/khoa-hoc-cong-nghe/giai-ma-thu-vi-tai-sao-mat-cua-meo-lai-phat-sang-trong-dem-1711688.html|https://photo-cms-kienthuc.zadn.vn/zoom/130_82/Uploaded/ctvkhoahoc/2022_06_11/meo/7_1_TKSH.jpg|Ngoài việc có đồng tử lớn mèo còn có thứ mà con người không có. Đó chính là tapetum lucidum, một thuật ngữ y học tiếng Latinh có nghĩa là tấm thảm sáng.|khoa học|kienthuc.net|"08:15 | 12/06/2022"
Cận cảnh rùa khổng lồ Galapagos bạch tạng: Loài siêu quý hiếm!|https://kienthuc.net.vn/khoa-hoc-cong-nghe/can-canh-rua-khong-lo-galapagos-bach-tang-loai-sieu-quy-hiem-1711690.html|https://photo-cms-kienthuc.zadn.vn/zoom/130_82/Uploaded/ctvkhotrithuc/trang/rua_bach_tang/avt_rua_bach_tang_6_HAJU.jpg|Mới đây, vườn bách thú Tropiquarium đã ra mắt công chúng một con rùa khổng lồ Galapagos bạch tạng có cơ thể màu trắng cực hiếm thấy.|khoa học|kienthuc.net|"07:30 | 12/06/2022"
5 phát minh vĩ đại nhất mọi thời đại, làm thay đổi cả thế giới|https://kienthuc.net.vn/khoa-hoc-cong-nghe/5-phat-minh-vi-dai-nhat-moi-thoi-dai-lam-thay-doi-ca-the-gioi-1711701.html|https://photo-cms-kienthuc.zadn.vn/zoom/130_82/Uploaded/thuydung/2022_06_11/phat-minh-vi-dai_KKSV.JPG|Lịch sử nhân loại đã ghi nhận rất nhiều những phát minh vĩ đại góp phần làm thay đổi thế giới. Trong đó, các nhà khoa học cho đây là 5 phát minh vĩ đại nhất mọi thời đại.|khoa học|kienthuc.net|"07:27 | 12/06/2022"
Ông lão đem tranh cổ đi đấu giá, phá kỷ lục vì 1 điểm đặc biệt|https://kienthuc.net.vn/khoa-hoc-cong-nghe/ong-lao-dem-tranh-co-di-dau-gia-pha-ky-luc-vi-1-diem-dac-biet-1711698.html|https://photo-cms-kienthuc.zadn.vn/zoom/130_82/Uploaded/thuydung/2022_06_11/tranh-co_GJHY.JPG|Cho rằng trong nhà mình có một bức tranh cổ, có thể do một họa sĩ nổi tiếng thời nhà Thanh vẽ nên một ông lão tại Trung Quốc đã thử vận may bằng cách đem tranh đi bán đấu giá.|khoa học|kienthuc.net|"07:21 | 12/06/2022"
Phát hiện sinh vật ăn thịt cả quái thú, mang dòng máu con người|https://kienthuc.net.vn/khoa-hoc-cong-nghe/phat-hien-sinh-vat-an-thit-ca-quai-thu-mang-dong-mau-con-nguoi-1711699.html|https://photo-cms-kienthuc.zadn.vn/zoom/130_82/Uploaded/thuydung/2022_06_11/Phat-hien-sinh-vat-an-thit-ca-quai-thu-mang-dong-mau-con-nguoi_10_FMRK.jpg|Các nhà khoa học đã tìm thấy dấu vết của một sinh vật đứng đầu chuỗi thức ăn vào khoảng 2 triệu năm trước mang dòng máu của con người.|khoa học|kienthuc.net|"07:18 | 12/06/2022"
Vô tình thấy chiếc ví 700 tuổi, hai vợ chồng đổi đời trong nháy mắt|https://kienthuc.net.vn/khoa-hoc-cong-nghe/vo-tinh-thay-chiec-vi-700-tuoi-hai-vo-chong-doi-doi-trong-nhay-mat-1711689.html|https://photo-cms-kienthuc.zadn.vn/zoom/130_82/Uploaded/ctvkhotrithuc/trang/xu/avt_xu_1_CNOF.jpg|Một đôi vợ chồng ở Kent khai quật 5 đồng xu vàng được đúc vào thế kỷ 14, ước tính trị giá lên tới 18.600 USD.|khoa học|kienthuc.net|"07:10 | 12/06/2022"
Trái đất tận thế trong 5 tỷ năm nữa: Con người trốn thoát ra sao?|https://kienthuc.net.vn/khoa-hoc-cong-nghe/trai-dat-tan-the-trong-5-ty-nam-nua-con-nguoi-tron-thoat-ra-sao-1711687.html|https://photo-cms-kienthuc.zadn.vn/zoom/130_82/uploaded/thuydung/2022_06_10/5/5_ONLQ.png|Khoảng 5 tỷ năm nữa, Mặt trời sẽ phá huỷ mọi thứ xung quanh nó bao gồm cả Trái đất. Liệu con người có kịp trốn thoát khi thảm hoạ xảy ra?|khoa học|kienthuc.net|"06:40 | 12/06/2022"
Chìm suốt 200 năm, tàu chiến Mỹ vẫn vẹn nguyên hoàn hảo|https://kienthuc.net.vn/khoa-hoc-cong-nghe/chim-suot-200-nam-tau-chien-my-van-ven-nguyen-hoan-hao-1711647.html|https://photo-cms-kienthuc.zadn.vn/zoom/130_82/uploaded/hongnhat/2022_06_09/4/tau-9_QDXR.jpg|"Trong chuyến thám hiểm mới nhất, các chuyên gia không khỏi bất ngờ khi xác tàu chiến USS Monitor của Mỹ ở trong tình tạng tốt ""đến kinh ngạc""."|khoa học|kienthuc.net|"20:15 | 11/06/2022"
Khả năng Trái Đất bị “đảo ngược“: Phát hiện bằng chứng mới?|https://kienthuc.net.vn/khoa-hoc-cong-nghe/kha-nang-trai-dat-bi-dao-nguoc-phat-hien-bang-chung-moi-1711645.html|https://photo-cms-kienthuc.zadn.vn/zoom/130_82/Uploaded/ctvkhotrithuc/trang/trai_dat_dao_nguoc/avt_cuc_bac_tu_9_GDWP.jpg|Lớp vỏ bảo vệ Trái Đất đang có sự thay đổi bất thường trong 2 thế kỷ qua, điều có thể ảnh hưởng đến tình trạng đảo ngược 2 cực từ của hành tinh.|khoa học|kienthuc.net|"19:20 | 11/06/2022"
"""Thành phố của quỷ"" ở TQ đầy âm thanh ma quái, chuyên gia khó giải"|https://kienthuc.net.vn/khoa-hoc-cong-nghe/thanh-pho-cua-quy-o-tq-day-am-thanh-ma-quai-chuyen-gia-kho-giai-1711540.html|https://photo-cms-kienthuc.zadn.vn/zoom/130_82/uploaded/hongnhat/2022_06_08/3/thanh-1_BNCX.jpg|"Moguicheng ở Trung Quốc còn được gọi là ""thành phố của quỷ"". Một số người cho hay đã nghe thấy những âm thanh ma quái như tiếng trẻ em khóc, sư tử gầm gừ..."|khoa học|kienthuc.net|"14:40 | 11/06/2022"
Loài người đang dần bị teo nhỏ: Nguyên nhân cực đáng sợ?|https://kienthuc.net.vn/khoa-hoc-cong-nghe/loai-nguoi-dang-dan-bi-teo-nho-nguyen-nhan-cuc-dang-so-1711538.html|https://photo-cms-kienthuc.zadn.vn/zoom/130_82/Uploaded/ctvkhotrithuc/trang/nguoi_teo_nho/avt_nguoi_teo_nho_2_ROGP.jpg|Loài người chúng ta có thể đang bước vào giai đoạn bị teo nhỏ bất thường bởi một tác nhân khó tưởng tượng.|khoa học|kienthuc.net|"12:50 | 11/06/2022"
Khám phá cực thú vị về 7 loài vẹt sống ở Việt Nam|https://kienthuc.net.vn/khoa-hoc-cong-nghe/kham-pha-cuc-thu-vi-ve-7-loai-vet-song-o-viet-nam-1711536.html|https://photo-cms-kienthuc.zadn.vn/zoom/130_82/Uploaded/quocquan/2022_06_09/img_62a13768b9002_WKWL.jpg|Trong thế giới chim chóc, bộ Vẹt (Psittaciformes) gồm những loài chim có màu sắc hấp dẫn, trí tuệ phát triển và tính cách thú vị, rất được con người ưa thích.|khoa học|kienthuc.net|"12:20 | 11/06/2022"
Chuột được huấn luyện để tìm người sống sót|https://kienthuc.net.vn/khoa-hoc-cong-nghe/chuot-duoc-huan-luyen-de-tim-nguoi-song-sot-1711308.html|https://photo-cms-kienthuc.zadn.vn/zoom/130_82/Uploaded/quocquan/2022_06_10/093646f37bb692e8cba7_UMOU.jpg|Tổ chức phi lợi nhuận APOPO huấn luyện 170 chú chuột để giúp đỡ tìm kiếm nạn nhân trong các thảm họa động đất. Chúng được mặc những chiếc áo có gắn micro để liên lạc với họ.|khoa học|kienthuc.net|"07:36 | 11/06/2022"
"Nóng: ""Sát thủ"" mạnh nhất của NASA bị vật thể ngoài tinh tấn công"|https://kienthuc.net.vn/khoa-hoc-cong-nghe/nong-sat-thu-manh-nhat-cua-nasa-bi-vat-the-ngoai-tinh-tan-cong-1711423.html|https://photo-cms-kienthuc.zadn.vn/zoom/130_82/uploaded/thuydung/2022_06_10/2/6_DSVI.png|"Kính viễn vọng Không gian James Webb - ""sát thủ"" mạnh nhất của NASA mới đây đã bị vật thể ngoài không gian tấn công khiến gương của nó bị ảnh hưởng nhỏ."|khoa học|kienthuc.net|"07:34 | 11/06/2022"
Khoảnh khắc hiếm hoi về hổ bơi lội thoăn thoắt dưới nước|https://kienthuc.net.vn/khoa-hoc-cong-nghe/khoanh-khac-hiem-hoi-ve-ho-boi-loi-thoan-thoat-duoi-nuoc-1711320.html|https://photo-cms-kienthuc.zadn.vn/zoom/130_82/Uploaded/thuydung/2022_06_10/khoanh-khac-hiem-hoi-ve-ho-boi-loi-thoan-thoat-duoi-nuoc_AYUN.png|Một đoạn video cho thấy khoảnh khắc hiếm hoi về những con hổ trong sở thú Australia săn mồi dưới nước.|khoa học|kienthuc.net|"07:18 | 11/06/2022"
Thả gấp hai con cu li về rừng Bình Phước: Loài cực nguy cấp!|https://kienthuc.net.vn/khoa-hoc-cong-nghe/tha-gap-hai-con-cu-li-ve-rung-binh-phuoc-loai-cuc-nguy-cap-1711422.html|https://photo-cms-kienthuc.zadn.vn/zoom/130_82/uploaded/hongnhat/2022_06_10/4/culi-9_MQFB.jpg|Hạt kiểm lâm huyện Đồng Phú, tỉnh Bình Phước mới thả 2 con cu li về rừng. Loài này thuộc nhóm IB nguy cấp, quý hiếm và rất cần được con người bảo vệ để tránh tuyệt chủng.|khoa học|kienthuc.net|"07:10 | 11/06/2022"
Loại cá “nhà nghèo” từng bị chê lên chê xuống, nay nhà giàu săn ráo riết|https://kienthuc.net.vn/khoa-hoc-cong-nghe/loai-ca-nha-ngheo-tung-bi-che-len-che-xuong-nay-nha-giau-san-rao-riet-1711303.html|https://photo-cms-kienthuc.zadn.vn/zoom/130_82/Uploaded/thuydung/2022_06_10/8-1654744208-703-width740height416_GVPX.jpg|Loại cá này có nhất ở vùng biển Phú Yên, Quảng Ngãi, Đà Nẵng.|khoa học|kienthuc.net|"07:09 | 11/06/2022"
NASA chính thức “tuyên chiến” với UFO, bí ẩn sắp được hé mở?|https://kienthuc.net.vn/khoa-hoc-cong-nghe/nasa-chinh-thuc-tuyen-chien-voi-ufo-bi-an-sap-duoc-he-mo-1711421.html|https://photo-cms-kienthuc.zadn.vn/zoom/130_82/uploaded/thuydung/2022_06_10/6/1_YXOQ.png|UFO không còn là trò bịp hay tin đồn nữa, mới đây Cơ quan Hàng không Vũ trụ Mỹ (NASA) đã chính thức lập một nhóm các nhà khoa học để làm rõ “hiện tượng trên không không xác định”.|khoa học|kienthuc.net|"06:42 | 11/06/2022"
Hồ lớn nhất thế giới, người không biết còn tưởng... đại dương, không thể nhìn thấy rìa|https://kienthuc.net.vn/khoa-hoc-cong-nghe/ho-lon-nhat-the-gioi-nguoi-khong-biet-con-tuong-dai-duong-khong-the-nhin-thay-ria-1711270.html|https://photo-cms-kienthuc.zadn.vn/zoom/130_82/Uploaded/dinhcuc/2022_06_10/vv/1_SBHH.jpeg|Một số bạn không thích môn địa lý có thể không quá rành về biển Caspi, một số bạn không biết có thể nghĩ rằng đây chắc hẳn là một vùng biển, thật ra thì biển Caspi không phải là...|khoa học|kienthuc.net|"00:36 | 11/06/2022"
Hình ảnh chưa từng thấy về con thuyền đắm chất đầy châu báu San Joe|https://kienthuc.net.vn/khoa-hoc-cong-nghe/hinh-anh-chua-tung-thay-ve-con-thuyen-dam-chat-day-chau-bau-san-joe-1711257.html|https://photo-cms-kienthuc.zadn.vn/zoom/130_82/Uploaded/dinhcuc/2022_06_10/vv/3_OBKV.jpg|Quân đội Colombia vừa công bố những bức hình chưa từng thấy về xác thuyền San Jose huyền thoại, được cho là chứa lượng của cải trị giá hàng tỷ USD.|khoa học|kienthuc.net|"00:30 | 11/06/2022"
"""Cánh cổng của các vị thần” ở Peru: Ai bước qua sẽ bất tử?"|https://kienthuc.net.vn/khoa-hoc-cong-nghe/canh-cong-cua-cac-vi-than-o-peru-ai-buoc-qua-se-bat-tu-1711266.html|https://photo-cms-kienthuc.zadn.vn/zoom/130_82/uploaded/hongnhat/2022_06_09/1/cong-10_WENM.jpg|"""Cánh cổng của các vị thần"" nằm gần khu vực núi Hayu Marca, Peru. Tương truyền, người nào bước qua cánh cổng này sẽ đạt được sự bất tử."|khoa học|kienthuc.net|"20:15 | 10/06/2022"
"Phát hiện một ""thế giới địa ngục"" đầy dung nham NASA đang săn lùng"|https://kienthuc.net.vn/khoa-hoc-cong-nghe/phat-hien-mot-the-gioi-dia-nguc-day-dung-nham-nasa-dang-san-lung-1711244.html|https://photo-cms-kienthuc.zadn.vn/zoom/130_82/uploaded/thuydung/2022_06_10/4/3_AROW.png|"55 Cancri e được xem là một ""siêu trái đất"". Nó là một trong những mục tiêu đầu tiên của Kính viễn vọng Không gian James Webb."|khoa học|kienthuc.net|"19:03 | 10/06/2022"
Cận cảnh các loài bọ xít kỳ lạ nhất thế giới|https://kienthuc.net.vn/khoa-hoc-cong-nghe/can-canh-cac-loai-bo-xit-ky-la-nhat-the-gioi-1711154.html|https://photo-cms-kienthuc.zadn.vn/zoom/130_82/Uploaded/quocquan/2022_06_10/Catacanthus-incarnatus_HDOR.jpg|Họ Bọ xít (Pentatomidae) gồm những loài côn trùng khiến nhiều người kinh hãi vì mùi hôi đặc trưng chúng tỏa ra. Dù vậy, có rất nhiều điều thú vị xung quanh những con bọ này.|khoa học|kienthuc.net|"14:40 | 10/06/2022"
Phát hiện sốc bên dưới sông băng Nam Cực: Toàn sinh vật bí ẩn!|https://kienthuc.net.vn/khoa-hoc-cong-nghe/phat-hien-soc-ben-duoi-song-bang-nam-cuc-toan-sinh-vat-bi-an-1711158.html|https://photo-cms-kienthuc.zadn.vn/zoom/130_82/uploaded/thuydung/2022_06_10/3/1_POIO.png|Sao khi xuyên thủng thêm băng lớn nhất Nam Cực, các nhà khoa học đã phát hiện ra một dòng sông bí ẩn ở bên dưới lớp băng, nó còn chứa đầy những sinh vật lạ.|khoa học|kienthuc.net|"12:50 | 10/06/2022"
Những khoảnh khắc kỳ lạ có thật mà tưởng như được photoshop|https://kienthuc.net.vn/khoa-hoc-cong-nghe/nhung-khoanh-khac-ky-la-co-that-ma-tuong-nhu-duoc-photoshop-1710692.html|https://photo-cms-kienthuc.zadn.vn/zoom/130_82/Uploaded/tructoasoan/2022_06_09/a313-07463092_HCMV.jpg|Những khoảnh khắc đúng thời điểm có thật nhưng lại khiến người ta tưởng như đã được photoshop.|khoa học|kienthuc.net|"12:33 | 10/06/2022"
Bí ẩn hồ Thiên Trì bao quanh toàn núi, không có nguồn nước chảy vào|https://kienthuc.net.vn/khoa-hoc-cong-nghe/bi-an-ho-thien-tri-bao-quanh-toan-nui-khong-co-nguon-nuoc-chay-vao-1710666.html|https://photo-cms-kienthuc.zadn.vn/zoom/130_82/Uploaded/tructoasoan/2022_06_09/ho1_MHEG.png|Theo các nhà khoa học, bao quanh hồ Thiên Trì là các dãy núi, không có nguồn nước chảy vào nhưng trữ lượng nước lên tới hơn 2 tỷ tấn.|khoa học|kienthuc.net|"12:21 | 10/06/2022"
Mặt trăng “bí ẩn” chứa nhiều khí độc: Khi bốc cháy sẽ ra sao?|https://kienthuc.net.vn/khoa-hoc-cong-nghe/mat-trang-bi-an-chua-nhieu-khi-doc-khi-boc-chay-se-ra-sao-1711151.html|https://photo-cms-kienthuc.zadn.vn/zoom/130_82/Uploaded/ctvkhotrithuc/trang/mat_trang_titan/avt_mat_trang_titan_3_BGGE.jpg|Các nhà khoa học đã phát hiện một lượng lớn khí dễ bốc cháy trên Mặt Trăng Titan của Sao Thổ. Vậy nếu chúng vô tình bốc cháy thì hậu quả sẽ ra sao?|khoa học|kienthuc.net|"12:20 | 10/06/2022"
Tìm ra thứ lạ lùng trên sao Diêm Vương, chuyên gia lập tức giải mã|https://kienthuc.net.vn/khoa-hoc-cong-nghe/tim-ra-thu-la-lung-tren-sao-diem-vuong-chuyen-gia-lap-tuc-giai-ma-1710949.html|https://photo-cms-kienthuc.zadn.vn/zoom/130_82/Uploaded/ctvkhoahoc/2022_06_08/saodiemvuong/10_1_HIDV.jpg|Những ngọn núi lửa băng khổng lồ đang hoạt động tương đối gần đây trên sao Diêm Vương.|khoa học|kienthuc.net|"08:15 | 10/06/2022"
Phát hiện cấu trúc tinh vi 300.000 năm trước, chuyên gia cực bối rối|https://kienthuc.net.vn/khoa-hoc-cong-nghe/phat-hien-cau-truc-tinh-vi-300000-nam-truoc-chuyen-gia-cuc-boi-roi-1710946.html|https://photo-cms-kienthuc.zadn.vn/zoom/130_82/uploaded/thuydung/2022_06_08/9/1_DXYP.png|Những thứ tinh vi và phức tạp cần cấu trúc của nguyên tử và kính hiển vi làm tiền đề lại xuất hiện từ 300.000 năm trước khiến các nhà khoa học vô cùng bối rối.|khoa học|kienthuc.net|"07:30 | 10/06/2022"
Tiết lộ rúng động của nữ phi công Mỹ từng chạm trán UFO|https://kienthuc.net.vn/khoa-hoc-cong-nghe/tiet-lo-rung-dong-cua-nu-phi-cong-my-tung-cham-tran-ufo-1710945.html|https://photo-cms-kienthuc.zadn.vn/zoom/130_82/uploaded/thuydung/2022_06_09/3/3_RJMC.png|Trung úy Alex Dietrich từng phục vụ trong Hải quân Mỹ cho biết, bà từng tận mắt chứng kiến một UFO khi đang điều khiển máy bay gần thành phố San Diego.|khoa học|kienthuc.net|"07:10 | 10/06/2022"
1.000 con cò nhạn kéo nhau về Tây Ninh: Loài cực nguy cấp!|https://kienthuc.net.vn/khoa-hoc-cong-nghe/1000-con-co-nhan-keo-nhau-ve-tay-ninh-loai-cuc-nguy-cap-1710943.html|https://photo-cms-kienthuc.zadn.vn/zoom/130_82/uploaded/hongnhat/2022_06_09/4/co-4_ZAIR.jpg|Hơn 1.000 con cò nhạn đang di cư dừng chân và kiếm ăn tại khu vực trảng Tà Nốt, thuộc Vườn Quốc gia Lò Gò-Xa Mát, Tây Ninh. Đây là loài có nguy cơ tuyệt chủng rất cao.|khoa học|kienthuc.net|"06:40 | 10/06/2022"
Người ngoài hành tinh “uống xăng” để sinh tồn trên sao Thổ?|https://kienthuc.net.vn/khoa-hoc-cong-nghe/nguoi-ngoai-hanh-tinh-uong-xang-de-sinh-ton-tren-sao-tho-1710835.html|https://photo-cms-kienthuc.zadn.vn/zoom/130_82/uploaded/hongnhat/2022_06_09/2/nnguoi-3_ZAOW.jpg|"Một số nhà khoa học nhận định người ngoài hành tinh có thể sinh sống ở trên sao Thổ. Khác với chúng ta, họ có khả năng ""uống xăng"" để sinh tồn."|khoa học|kienthuc.net|"20:15 | 09/06/2022"
Sự thật bất ngờ về hồ nước có màu lạ giống vết máu loang|https://kienthuc.net.vn/khoa-hoc-cong-nghe/su-that-bat-ngo-ve-ho-nuoc-co-mau-la-giong-vet-mau-loang-1710831.html|https://photo-cms-kienthuc.zadn.vn/zoom/130_82/uploaded/hongnhat/2022_06_08/4/ho-3_LFTM.jpg|Hồ Retba ở Senegal gây ấn tượng với màu nước giống vết máu loang. Sự việc này khiến công chúng tò mò vì sao hồ có màu nước kỳ lạ như vậy.|khoa học|kienthuc.net|"19:03 | 09/06/2022"
Bất ngờ phát hiện bản sao phóng to của Trái đất: Nghi có sự sống!|https://kienthuc.net.vn/khoa-hoc-cong-nghe/bat-ngo-phat-hien-ban-sao-phong-to-cua-trai-dat-nghi-co-su-song-1710715.html|https://photo-cms-kienthuc.zadn.vn/zoom/130_82/uploaded/thuydung/2022_06_08/5/2_NMEU.png|Các nhà khoa học vừa tìm thấy bản sao phóng to của Trái Đất có điều kiện nhiệt độ, bức xạ phù hợp có nước ở trạng thái lỏng và cơ hội phát triển sự sống.|khoa học|kienthuc.net|"14:40 | 09/06/2022"
Cận cảnh con Nưa 9 mũi có độc tố gây khiếp sợ ở Việt Nam|https://kienthuc.net.vn/khoa-hoc-cong-nghe/can-canh-con-nua-9-mui-co-doc-to-gay-khiep-so-o-viet-nam-1710703.html|https://photo-cms-kienthuc.zadn.vn/zoom/130_82/uploaded/thuydung/2022_06_09/1/1_ZMHX.png|Nưa là một loài bò sát thuộc họ rắn, chúng có kích thước và hình dạng tương tự như con trăn nhưng chúng sở hữu độc tố mạnh hơn rất nhiều, thậm chí chết người.|khoa học|kienthuc.net|"12:50 | 09/06/2022"
Cách xa 1,4 tỷ km, tàu tỷ đô gửi về bức ảnh bí ẩn|https://kienthuc.net.vn/khoa-hoc-cong-nghe/cach-xa-14-ty-km-tau-ty-do-gui-ve-buc-anh-bi-an-1710246.html|https://photo-cms-kienthuc.zadn.vn/zoom/130_82/Uploaded/tructoasoan/2022_06_08/v_DNNA.JPG|Rốt cục bức ảnh bí ẩn này có gì đặc biệt mà khiến các nhà khoa học bất ngờ.|khoa học|kienthuc.net|"12:27 | 09/06/2022"
Động vật ngủ như thế nào? Thói quen ngủ của các loài khác nhau sao?|https://kienthuc.net.vn/khoa-hoc-cong-nghe/dong-vat-ngu-nhu-the-nao-thoi-quen-ngu-cua-cac-loai-khac-nhau-sao-1710236.html|https://photo-cms-kienthuc.zadn.vn/zoom/130_82/Uploaded/tructoasoan/2022_06_08/dv1_RCVA.png|Hầu hết tất cả các loài động vật đều ngủ, nhưng thời gian và cách thức ngủ của chúng lại vô cùng khác nhau.|khoa học|kienthuc.net|"12:24 | 09/06/2022"
Nóng: Tàu NASA phát hiện những “bức tượng nhảy múa” trên sao Hỏa|https://kienthuc.net.vn/khoa-hoc-cong-nghe/nong-tau-nasa-phat-hien-nhung-buc-tuong-nhay-mua-tren-sao-hoa-1710684.html|https://photo-cms-kienthuc.zadn.vn/zoom/130_82/Uploaded/thuydung/2022_06_09/2/1_HXUW.png|Tàu thám hiểm Sao hỏa Curiosity của NASA đã chụp lại được hình ảnh những cấu trúc vô cùng kỳ lạ, giống như những bức tượng trên Trái đất ở sao Hỏa.|khoa học|kienthuc.net|"12:20 | 09/06/2022"
Top 10 loài nhện độc nhất thế giới, chớ dại đến gần|https://kienthuc.net.vn/khoa-hoc-cong-nghe/top-10-loai-nhen-doc-nhat-the-gioi-cho-dai-den-gan-1710670.html|https://photo-cms-kienthuc.zadn.vn/zoom/130_82/Uploaded/maianh/2022_06_09/1462300890-0_BRYN.jpg|Trang Frecked vừa bầu chọn ra danh sách 10 giống nhện độc và nguy hiểm nhất trên thế giới. Đứng đầu là loài nhện Phoneutria.|khoa học|kienthuc.net|"09:35 | 09/06/2022"
Tập trận cùng 18 quốc gia, NASA chống mối nguy nào từ vũ trụ?|https://kienthuc.net.vn/khoa-hoc-cong-nghe/tap-tran-cung-18-quoc-gia-nasa-chong-moi-nguy-nao-tu-vu-tru-1710596.html|https://photo-cms-kienthuc.zadn.vn/zoom/130_82/uploaded/thuydung/2022_06_06/8/11_AZND.png|NASA mới đây đã công bố kết quả cuộc tập trận diễn ra từ tháng 12/2020 nhắm vào tiểu hành tinh mang tên Apophis của 100 nhà khoa học hàng đầu từ 18 quốc gia.|khoa học|kienthuc.net|"08:12 | 09/06/2022"
Sinh vật lạ xuất hiện ở Quảng Bình, người dân lập tức báo chính quyền|https://kienthuc.net.vn/khoa-hoc-cong-nghe/sinh-vat-la-xuat-hien-o-quang-binh-nguoi-dan-lap-tuc-bao-chinh-quyen-1710595.html|https://photo-cms-kienthuc.zadn.vn/zoom/130_82/uploaded/thuydung/2022_06_08/7/9_EVLT.png|Anh Phan Văn Tú ở tỉnh Quảng Bình bỗng phát hiện một sinh vật lạ nằm trên cánh cửa nhà mình. Sau khi biết lai lịch, anh lập tức giao nộp cho chính quyền.|khoa học|kienthuc.net|"07:30 | 09/06/2022"
Giật mình loạt ảnh nghi UFO tàu ngầm Mỹ vô tình chụp ở Bắc Cực|https://kienthuc.net.vn/khoa-hoc-cong-nghe/giat-minh-loat-anh-nghi-ufo-tau-ngam-my-vo-tinh-chup-o-bac-cuc-1710593.html|https://photo-cms-kienthuc.zadn.vn/zoom/130_82/uploaded/thuydung/2022_06_08/8/7_URDP.png|Vào tháng 3 năm 1971, tàu ngầm USS Trepang đã chụp được những hình ảnh về một vật thể bí ẩn trên vùng biển gần Bắc Cực nghi là UFO.|khoa học|kienthuc.net|"07:10 | 09/06/2022"
“Cá quái vật” đang sốt xình xịch trên Instagram: Loài cực hiếm?|https://kienthuc.net.vn/khoa-hoc-cong-nghe/ca-quai-vat-dang-sot-xinh-xich-tren-instagram-loai-cuc-hiem-1710590.html|https://photo-cms-kienthuc.zadn.vn/zoom/130_82/uploaded/hongnhat/2022_06_08/5/ca-2_KUME.jpg|"Một ngư dân Na Uy gây ""bão mạng"" khi đăng ảnh chụp một con ""cá quái vật"" trên trang Instagram cá nhân. Thực chất, đó là loài cá gì?"|khoa học|kienthuc.net|"06:40 | 09/06/2022"
Giật mình bóng đen bí ẩn dưới hồ nước không đáy ở Trung Quốc|https://kienthuc.net.vn/khoa-hoc-cong-nghe/giat-minh-bong-den-bi-an-duoi-ho-nuoc-khong-day-o-trung-quoc-1710472.html|https://photo-cms-kienthuc.zadn.vn/zoom/130_82/uploaded/thuydung/2022_06_08/3/1_KEWC.png|Hồ Ba Đinh nằm tại Quảng Tây, Trung Quốc mang một vẻ đẹp trong xanh như tiên cảnh. Tuy nhiên nó lại ẩn chứa một bóng đen không rõ là thứ gì gây hoang mang.|khoa học|kienthuc.net|"20:15 | 08/06/2022"
Bắt được tôm hùm 100 tuổi: Loài nắm giữ “chìa khóa” sự sống vĩnh cửu|https://kienthuc.net.vn/khoa-hoc-cong-nghe/bat-duoc-tom-hum-100-tuoi-loai-nam-giu-chia-khoa-su-song-vinh-cuu-1710469.html|https://photo-cms-kienthuc.zadn.vn/zoom/130_82/uploaded/hongnhat/2022_06_07/5/tommm-1_SCXO.png|"Một ngư dân ở tiểu bang Maine, Mỹ bắt được một con tôm hùm hơn 100 tuổi. Theo các chuyên gia chúng nắm giữ ""chìa khóa sự sống vĩnh cửu."|khoa học|kienthuc.net|"19:03 | 08/06/2022"
Trái Đất nhận tín hiệu lạ: Quái vật vũ trụ “bảy khuôn mặt” xuất hiện?|https://kienthuc.net.vn/khoa-hoc-cong-nghe/trai-dat-nhan-tin-hieu-la-quai-vat-vu-tru-bay-khuon-mat-xuat-hien-1710389.html|https://photo-cms-kienthuc.zadn.vn/zoom/130_82/Uploaded/ctvlanbanh/2022_06_07/5/1q_FPST.png|Một thứ như ánh đèn flash mạnh từ vũ trụ đã xuất hiện trong tầm nhìn của Kính viễn vọng vô tuyến MeerKAT, đặt tại Nam Phi.|khoa học|kienthuc.net|"13:18 | 08/06/2022"
Sự thật về ‘Mặt Trời xanh’ xuất hiện trên bầu trời Bắc Kinh|https://kienthuc.net.vn/khoa-hoc-cong-nghe/su-that-ve-mat-troi-xanh-xuat-hien-tren-bau-troi-bac-kinh-1710387.html|https://photo-cms-kienthuc.zadn.vn/zoom/130_82/Uploaded/ctvlanbanh/2022_06_07/5/2w_OAIN.png|Chỉ trong vòng hơn 1 tháng, Mặt Trời xanh xuất hiện tới 3 lần ở Bắc Kinh vào các ngày 15/3, 28/3 và 21/4.|khoa học|kienthuc.net|"13:15 | 08/06/2022"
Cực nóng: Phát hiện thứ trong bình cổ giúp người xưa “vượt thời gian”|https://kienthuc.net.vn/khoa-hoc-cong-nghe/cuc-nong-phat-hien-thu-trong-binh-co-giup-nguoi-xua-vuot-thoi-gian-1710329.html|https://photo-cms-kienthuc.zadn.vn/zoom/130_82/uploaded/thuydung/2022_06_08/1/1_KNQY.png|"Nền văn minh 4.000 năm trước ở Trung Quốc từ lâu đã gây kinh ngạc bởi tàn tích về những thành phố mang nhiều yếu tố như ""vượt thời gian""."|khoa học|kienthuc.net|"12:50 | 08/06/2022"
Phát hiện “khí độc” trên Mặt Trăng: Nghi có sự sống ngoài hành tinh?|https://kienthuc.net.vn/khoa-hoc-cong-nghe/phat-hien-khi-doc-tren-mat-trang-nghi-co-su-song-ngoai-hanh-tinh-1710321.html|https://photo-cms-kienthuc.zadn.vn/zoom/130_82/uploaded/thuydung/2022_06_08/2/4_GQOV.png|Các nhà khoa học đã phát hiện một lượng lớn khí metan trên Mặt Trăng Titan của Sao Thổ - nơi được hy vọng là có sự sống ngoài hành tinh.|khoa học|kienthuc.net|"12:20 | 08/06/2022"
Giải mã 4 hiện tượng thiên văn kỳ thú diễn ra trong tháng 6/2022|https://kienthuc.net.vn/khoa-hoc-cong-nghe/giai-ma-4-hien-tuong-thien-van-ky-thu-dien-ra-trong-thang-62022-1710098.html|https://photo-cms-kienthuc.zadn.vn/zoom/130_82/uploaded/hongnhat/2022_06_05/2/trang-2_DYOU.jpg|Trong tháng 6/2022, công chúng sẽ có cơ hội chiêm ngưỡng 4 hiện tượng thiên văn kỳ thú. Trong đó, siêu trăng diễn ra vào 14/6 khiến nhiều người háo hức.|khoa học|kienthuc.net|"08:15 | 08/06/2022"
Người Inca “chăm” nạn nhân hiến tế đặc biệt thế nào?|https://kienthuc.net.vn/khoa-hoc-cong-nghe/nguoi-inca-cham-nan-nhan-hien-te-dac-biet-the-nao-1710100.html|https://photo-cms-kienthuc.zadn.vn/zoom/130_82/uploaded/hongnhat/2022_06_07/3/inn-3_BWQR.jpg|Giống nhiều nền văn minh cổ xưa, người Inca thực hiện các nghi lễ hiến tế con người. Những đứa trẻ được chọn làm vật tế thần có chế độ ăn uống đặc biệt.|khoa học|kienthuc.net|"07:30 | 08/06/2022"
Giải mã 2 kịch bản có thể đẩy nhân loại đến thảm hoạ tuyệt chủng|https://kienthuc.net.vn/khoa-hoc-cong-nghe/giai-ma-2-kich-ban-co-the-day-nhan-loai-den-tham-hoa-tuyet-chung-1710103.html|https://photo-cms-kienthuc.zadn.vn/zoom/130_82/uploaded/hongnhat/2022_06_07/2/tieu-4_DWSN.jpg|Một số chuyên gia đưa ra 2 kịch bản về thảm kịch tuyệt chủng mà nhân loại có thể đối mặt trong tương lai. Những thông tin này khiến nhiều người lo lắng.|khoa học|kienthuc.net|"07:10 | 08/06/2022"
Tàu vũ trụ NASA gửi về bức ảnh bí ẩn, chuyên gia sửng sốt|https://kienthuc.net.vn/khoa-hoc-cong-nghe/tau-vu-tru-nasa-gui-ve-buc-anh-bi-an-chuyen-gia-sung-sot-1710096.html|https://photo-cms-kienthuc.zadn.vn/zoom/130_82/uploaded/thuydung/2022_06_07/5/1_MFQX.png|Tàu thăm dò Cassini của NASA khi ở cách Trái Đất tới 1,4 tỷ km vào tháng 7/2013 đã chụp một bức ảnh đặc biệt khiến các nhà khoa học phải sửng sốt.|khoa học|kienthuc.net|"06:40 | 08/06/2022"
"Động vật tồn tại 250 triệu năm trên trái đất, khoa học phát hiện sự thật ""lạ"""|https://kienthuc.net.vn/khoa-hoc-cong-nghe/dong-vat-ton-tai-250-trieu-nam-tren-trai-dat-khoa-hoc-phat-hien-su-that-la-1709845.html|https://photo-cms-kienthuc.zadn.vn/zoom/130_82/Uploaded/dinhcuc/2022_05_29/v/9_VGRV.jpg|Con vật trông rất giống một con giun đất khổng lồ này là một loài lưỡng cư có tên là caecilian.|khoa học|kienthuc.net|"01:03 | 08/06/2022"
Tại sao chiếc đuôi đột nhiên biến mất trong quá trình tiến hóa của loài người?|https://kienthuc.net.vn/khoa-hoc-cong-nghe/tai-sao-chiec-duoi-dot-nhien-bien-mat-trong-qua-trinh-tien-hoa-cua-loai-nguoi-1709828.html|https://photo-cms-kienthuc.zadn.vn/zoom/130_82/Uploaded/dinhcuc/2022_06_06/v/4_RXLN.jpg|Tổ tiên của loài người có thể nói là loài vượn, loài khỉ trước đây thường có đuôi, nhưng hiện nay trong quá trình tiến hóa của loài người, chiếc đuôi biến mất.|khoa học|kienthuc.net|"00:39 | 08/06/2022"
Bí mật khó tin đằng sau những địa điểm nổi tiếng thế giới|https://kienthuc.net.vn/khoa-hoc-cong-nghe/bi-mat-kho-tin-dang-sau-nhung-dia-diem-noi-tieng-the-gioi-1710030.html|https://photo-cms-kienthuc.zadn.vn/zoom/130_82/uploaded/thuydung/2022_06_07/3/9_DDFW.png|Các nhà khoa học đã mất rất nhiều thời gian để nghiên cứu những địa điểm khảo cổ nổi tiếng trên thế giới và phát hiện bí mật khó tin có thế bạn chưa từng nghe.|khoa học|kienthuc.net|"20:15 | 07/06/2022"
Kinh hoàng hơn Bermuda, vùng đen tối này đã “nuốt chửng” 16.000 người|https://kienthuc.net.vn/khoa-hoc-cong-nghe/kinh-hoang-hon-bermuda-vung-den-toi-nay-da-nuot-chung-16000-nguoi-1710029.html|https://photo-cms-kienthuc.zadn.vn/zoom/130_82/uploaded/thuydung/2022_06_07/4/2_HPZD.png|Bên cạnh Bermuda, tam giác quỷ Alaska cũng là một trong những bí ẩn lớn nhất của nhân loại khi xảy ra nhiều vụ mất tích của vô số người cùng máy bay, tàu.|khoa học|kienthuc.net|"19:03 | 07/06/2022"
Sinh viên Bách khoa biến cây dược liệu thành Trà túi lọc an thần|https://kienthuc.net.vn/khoa-hoc-cong-nghe/sinh-vien-bach-khoa-bien-cay-duoc-lieu-thanh-tra-tui-loc-an-than-1710090.html|https://photo-cms-kienthuc.zadn.vn/zoom/130_82/Uploaded/nhatminh/2022_06_07/tra-2_IBUE.jpg|Sản phẩm khoa học Trà thảo mộc túi lọc Assamica do Nhóm sinh viên trường ĐH Bách khoa TPHCM nghiên cứu đã đạt giải Nhất cuộc thi Bách khoa Innovation 2021.|khoa học|kienthuc.net|"15:44 | 07/06/2022"
Phát hiện cánh cửa về thế giới cổ: Nơi “nữ thần Hy Lạp” yên nghỉ|https://kienthuc.net.vn/khoa-hoc-cong-nghe/phat-hien-canh-cua-ve-the-gioi-co-noi-nu-than-hy-lap-yen-nghi-1709907.html|https://photo-cms-kienthuc.zadn.vn/zoom/130_82/uploaded/thuydung/2022_06_07/2/1_LXEQ.png|"Một nơi yên nghỉ lộng lẫy như trong thần thoại vừa được phát hiện gần thành phố Kozani, miền Bắc Hy Lạp được cho là của ""nữ thần Hy Lạp"" đã 2.100 năm tuổi."|khoa học|kienthuc.net|"14:40 | 07/06/2022"
Phát hiện 379.000 vật thể vũ trụ biết biến hình, chuyên gia kinh ngạc|https://kienthuc.net.vn/khoa-hoc-cong-nghe/phat-hien-379000-vat-the-vu-tru-biet-bien-hinh-chuyen-gia-kinh-ngac-1709890.html|https://photo-cms-kienthuc.zadn.vn/zoom/130_82/uploaded/thuydung/2022_06_06/4/4_LBXL.png|"Phân tích dữ liệu từ Dự án ""Khảo sát tự động siêu tân tinh toàn bầu trời"", các nhà khoa học đã phát hiện 379.000 ""sao biến hình"" trong vùng trời được quan sát."|khoa học|kienthuc.net|"12:50 | 07/06/2022"
Chim sấm khổng lồ tuyệt chủng vì bị... con người ăn trứng|https://kienthuc.net.vn/khoa-hoc-cong-nghe/chim-sam-khong-lo-tuyet-chung-vi-bi-con-nguoi-an-trung-1709435.html|https://photo-cms-kienthuc.zadn.vn/zoom/130_82/Uploaded/tructoasoan/2022_06_06/avatar1654313537912-1654313538533793742621-55-0-493-700-crop-1654313656363357489368_HMGG.jpg|Năm mươi nghìn năm trước, Úc là nơi cư trú của những loài động vật cực lớn. Một trong số đó là chim sấm, cao hơn 2 mét và nặng 250 kg.|khoa học|kienthuc.net|"12:33 | 07/06/2022"
Phát hiện manh mối “sự sống ngoài hành tinh” đã chết ở sao Hoả|https://kienthuc.net.vn/khoa-hoc-cong-nghe/phat-hien-manh-moi-su-song-ngoai-hanh-tinh-da-chet-o-sao-hoa-1709884.html|https://photo-cms-kienthuc.zadn.vn/zoom/130_82/uploaded/thuydung/2022_06_07/1/8_WOCS.png|Mới đây, các nhà khoa học đã phát hiện 47 đầm lầy magma trong lớp phủ sao Hoả, tiến gần hơn thế giới sinh vật ngoài hành tinh hiện hữu không xa chúng ta.|khoa học|kienthuc.net|"12:20 | 07/06/2022"
Bí ẩn hàng nghìn xác cá heo chết cháy trôi dạt vào bờ biển|https://kienthuc.net.vn/khoa-hoc-cong-nghe/bi-an-hang-nghin-xac-ca-heo-chet-chay-troi-dat-vao-bo-bien-1709747.html|https://photo-cms-kienthuc.zadn.vn/zoom/130_82/uploaded/hongnhat/2022_06_06/5/caheo-1_RDGK.png|Trong những ngày qua, hàng nghìn xác cá heo chết cháy được trôi dạt vào bờ biển các nước: Bulgaria, Romania, Thổ Nhĩ Kỳ và Ukraine khiến chuyên gia lo lắng.|khoa học|kienthuc.net|"08:15 | 07/06/2022"
Chiêm ngưỡng cây đa hơn 800 năm tuổi trên bán đảo Sơn Trà|https://kienthuc.net.vn/khoa-hoc-cong-nghe/chiem-nguong-cay-da-hon-800-nam-tuoi-tren-ban-dao-son-tra-1709759.html|https://photo-cms-kienthuc.zadn.vn/zoom/130_82/Uploaded/thuydung/2022_06_06/cay-da_QKTY.jpg|Cây đa Sơn Trà hơn 800 năm tuổi còn có tên là Đa núi cao, nằm ở rìa phía Đông bán đảo Sơn Trà, địa phận tiểu khu 63, thuộc khu bảo tồn thiên nhiên Sơn Trà.|khoa học|kienthuc.net|"07:36 | 07/06/2022"
Bí ẩn những vụ mất tích tại “tam giác quỷ Bermuda” nổi tiếng Trung Quốc|https://kienthuc.net.vn/khoa-hoc-cong-nghe/bi-an-nhung-vu-mat-tich-tai-tam-giac-quy-bermuda-noi-tieng-trung-quoc-1709751.html|https://photo-cms-kienthuc.zadn.vn/zoom/130_82/uploaded/hongnhat/2022_06_06/4/ho-4_WCFO.jpg|"Hồ Bà Dương được mệnh danh là ""tam giác quỷ Bermuda"" ở Trung Quốc khi nơi đây xảy ra ít nhất 200 vụ mất tích bí ẩn của các tàu thuyền cùng hàng ngàn người."|khoa học|kienthuc.net|"07:30 | 07/06/2022"
Cực độc loại muối làm từ động vật: Việt Nam có nhiều!|https://kienthuc.net.vn/khoa-hoc-cong-nghe/cuc-doc-loai-muoi-lam-tu-dong-vat-viet-nam-co-nhieu-1709748.html|https://photo-cms-kienthuc.zadn.vn/zoom/130_82/uploaded/thuydung/2022_06_06/6/7_UEER.png|Muối kiến vàng được làm từ xác của những con kiến vàng sống trên cây cao. Dù nghe có vẻ đáng sợ nhưng hương vi vô cùng thơm ngon và giàu dinh dưỡng.|khoa học|kienthuc.net|"07:10 | 07/06/2022"
Giật mình nguyên nhân tử tù xưa thường bị xử trảm vào mùa Thu|https://kienthuc.net.vn/kho-tri-thuc/giat-minh-nguyen-nhan-tu-tu-xua-thuong-bi-xu-tram-vao-mua-thu-1709756.html|https://photo-cms-kienthuc.zadn.vn/zoom/130_82/uploaded/hongnhat/2022_06_03/2/tuu-2_NIZM.jpg|Ở Trung Quốc thời phong kiến, tử tù chỉ thi hành án tử vào mùa Thu. Điều này khiến nhiều người thắc mắc vì sao lại chọn thời điểm như vậy.|khoa học|kienthuc.net|"06:42 | 07/06/2022"
Bất ngờ phát hiện “chuỗi ngọc lạ” trên trời, chuyên gia lập tức giải mã|https://kienthuc.net.vn/khoa-hoc-cong-nghe/bat-ngo-phat-hien-chuoi-ngoc-la-tren-troi-chuyen-gia-lap-tuc-giai-ma-1709746.html|https://photo-cms-kienthuc.zadn.vn/zoom/130_82/uploaded/thuydung/2022_06_06/1/1_FNOU.png|"Chuỗi ngọc lạ này chính là các ""hạt ma quái"" xuất hiện thành từng nhóm rải rác trên bầu trời được 13 tàu vũ trụ mang kính thiên văn ghi lại."|khoa học|kienthuc.net|"06:40 | 07/06/2022"
Một “vị anh hùng” bí ẩn đã cứu Trái đất khỏi huỷ diệt vào năm 1994|https://kienthuc.net.vn/khoa-hoc-cong-nghe/mot-vi-anh-hung-bi-an-da-cuu-trai-dat-khoi-huy-diet-vao-nam-1994-1709717.html|https://photo-cms-kienthuc.zadn.vn/zoom/130_82/uploaded/thuydung/2022_06_06/5/6_EMKY.png|Một ngôi sao chổi được phát hiện vào năm 1993 đã khiến các nhà khoa học toát mồ hôi vì nó được dự báo sẽ va chạm với Trái đất, xoá sổ con người vào năm 1994.|khoa học|kienthuc.net|"20:15 | 06/06/2022"
Phát hiện lỗ hổng lớn gần đỉnh núi Adams: Nghi cổng vào của UFO|https://kienthuc.net.vn/khoa-hoc-cong-nghe/phat-hien-lo-hong-lon-gan-dinh-nui-adams-nghi-cong-vao-cua-ufo-1709713.html|https://photo-cms-kienthuc.zadn.vn/zoom/130_82/uploaded/thuydung/2022_06_06/7/6_MIRD.png|Từ lâu đã có suy đoán rằng núi Adams đang ẩn giấu một căn cứ tàu không gian bí mật. Một lỗ hổng đã được tìm thấy ở ngọn núi này khiến tin đồn càng có cơ sở hơn.|khoa học|kienthuc.net|"19:03 | 06/06/2022"
Vẻ huyền bí của loài hiếm nhất trong số các loại cá, chỉ còn 37 con|https://kienthuc.net.vn/khoa-hoc-cong-nghe/ve-huyen-bi-cua-loai-hiem-nhat-trong-so-cac-loai-ca-chi-con-37-con-1709543.html|https://photo-cms-kienthuc.zadn.vn/zoom/130_82/uploaded/thuydung/2022_06_06/3/1_VGVE.png|Loài cá màu xanh nhỏ bé này là loài độc nhất vô nhị cực hiếm. Chúng có thể sống trong những môi trường khắc nghiệt vốn không tương thích với loài cá.|khoa học|kienthuc.net|"14:40 | 06/06/2022"
Phát hiện loài thực vật lớn nhất thế giới: Rộng tới 200km2?|https://kienthuc.net.vn/khoa-hoc-cong-nghe/phat-hien-loai-thuc-vat-lon-nhat-the-gioi-rong-toi-200km2-1709539.html|https://photo-cms-kienthuc.zadn.vn/zoom/130_82/Uploaded/ctvkhotrithuc/trang/thuc_vat_lon/avt_tv_lon_6_GXLR.jpg|Cánh đồng cỏ biển tại Tây Australia thực chất chỉ do một cây con nhân bản, phát triển bền bỉ qua các thay đổi môi trường trong suốt 4.500 năm.|khoa học|kienthuc.net|"12:50 | 06/06/2022"
Trái đất suýt bị “quái vật vũ trụ” thổi bay, làm cho chết non|https://kienthuc.net.vn/khoa-hoc-cong-nghe/trai-dat-suyt-bi-quai-vat-vu-tru-thoi-bay-lam-cho-chet-non-1709538.html|https://photo-cms-kienthuc.zadn.vn/zoom/130_82/uploaded/thuydung/2022_06_06/2/2_UPHU.png|"Một nghiên cứu mới đây cho thấy, Trái đất có thể đã bị giết từ khi ""còn trong nôi"" bởi lỗ đen quái vật Sagittarius A* nằm ở trung tâm thiên hà Milky Way."|khoa học|kienthuc.net|"12:20 | 06/06/2022"
Giải mã ngũ hành tinh “thẳng hàng” trên bầu trời suốt tháng 6/2022|https://kienthuc.net.vn/khoa-hoc-cong-nghe/giai-ma-ngu-hanh-tinh-thang-hang-tren-bau-troi-suot-thang-62022-1709284.html|https://photo-cms-kienthuc.zadn.vn/zoom/130_82/Uploaded/ctvkhotrithuc/trang/ngu_hanh_tinh/avt_ngu_hanh_tinh_JPLJ.jpg|Bắt đầu từ ngày 3/6, ngũ hành tinh gồm sao Thủy, sao Kim, sao Hỏa, sao Mộc và sao Thổ có thể được nhìn thấy xếp thẳng hàng trên bầu trời bằng mặt thường.|khoa học|kienthuc.net|"08:15 | 06/06/2022"
Bí ẩn người lợn từng khiến dân Mỹ ám ảnh không ngừng|https://kienthuc.net.vn/khoa-hoc-cong-nghe/bi-an-nguoi-lon-tung-khien-dan-my-am-anh-khong-ngung-1709283.html|https://photo-cms-kienthuc.zadn.vn/zoom/130_82/uploaded/thuydung/2022_06_01/7/bi-an-nguoi-lon-tung-xuat-hien-khien-dan-my-kinh-so-Hinh-11.png|Vào những năm 1960, rất nhiều người ở Florida, Mỹ cho biết họ đã nhìn thấy người lợn - một sinh vật bí ẩn hình người nhưng có mõm giống lợn.|khoa học|kienthuc.net|"07:30 | 06/06/2022"
Sự thật giật mình các trận động đất lặp đi lặp lại trên sao Hỏa|https://kienthuc.net.vn/khoa-hoc-cong-nghe/su-that-giat-minh-cac-tran-dong-dat-lap-di-lap-lai-tren-sao-hoa-1709282.html|https://photo-cms-kienthuc.zadn.vn/zoom/130_82/Uploaded/ctvkhoahoc/2022_06_05/saohoa/z_1_KPKX.jpg|Hoạt động của núi lửa có thể là nguyên nhân gây ra các vết nứt trên Hỏa tinh.|khoa học|kienthuc.net|"07:10 | 06/06/2022"
"Điểm danh 10 động vật ""ngoài hành tinh"" lạ lùng nhất quả đất"|https://kienthuc.net.vn/khoa-hoc-cong-nghe/diem-danh-10-dong-vat-ngoai-hanh-tinh-la-lung-nhat-qua-dat-1709281.html|https://photo-cms-kienthuc.zadn.vn/zoom/130_82/Uploaded/ctvkhotrithuc/trang/dong_vat_la_lung/avt_tatu_1_XWXI.jpg|Những động vật này đều có hình dáng lạ lùng, kỳ dị như các loài sinh vật ngoài hành tinh.|khoa học|kienthuc.net|"06:00 | 06/06/2022"
Kỳ bí những dấu chân lạ nghi của “ác quỷ” để lại khắp nơi|https://kienthuc.net.vn/khoa-hoc-cong-nghe/ky-bi-nhung-dau-chan-la-nghi-cua-ac-quy-de-lai-khap-noi-1709108.html|https://photo-cms-kienthuc.zadn.vn/zoom/130_82/uploaded/hongnhat/2022_06_01/3/dauu-1_NLYH.jpg|"Cách đây 167 năm, người dân ở hạt Devon, Anh nhìn thấy nhiều dấu chân lạ nghi của ""ác quỷ"". Những dấu chân này có ở trên nền tuyết, mái nhà, đường ống..."|khoa học|kienthuc.net|"20:15 | 05/06/2022"
Có những đặc điểm này, bạn chắc chắn thuộc nhóm đặc biệt nhất thế giới!|https://kienthuc.net.vn/khoa-hoc-cong-nghe/co-nhung-dac-diem-nay-ban-chac-chan-thuoc-nhom-dac-biet-nhat-the-gioi-1709097.html|https://photo-cms-kienthuc.zadn.vn/zoom/130_82/uploaded/thuydung/2022_06_03/3/9_BUQO.png|Đôi khi chúng ta là những người đặc biệt mà không hề biết về điều đó. Dưới đây là một số đặc điểm như vậy hay cùng kiểm tra ngay!|khoa học|kienthuc.net|"14:40 | 05/06/2022"
Đem mẫu vật từ sao Hỏa về Trái đất, chuyên gia lo ngay ngáy?|https://kienthuc.net.vn/khoa-hoc-cong-nghe/dem-mau-vat-tu-sao-hoa-ve-trai-dat-chuyen-gia-lo-ngay-ngay-1709096.html|https://photo-cms-kienthuc.zadn.vn/zoom/130_82/uploaded/thuydung/2022_06_03/2/4_ELHB.png|Các nhà khoa học đang lên kế hoạch để khai thác tài nguyên trên Mặt Trăng, thế nhưng tại sao việc khai thác trên sao Hoả lại không được ủng hộ?|khoa học|kienthuc.net|"12:50 | 05/06/2022"
Kỳ bí những lời đồn ma quái khó giải ở Ngọc Môn Quan|https://kienthuc.net.vn/khoa-hoc-cong-nghe/ky-bi-nhung-loi-don-ma-quai-kho-giai-o-ngoc-mon-quan-1709094.html|https://photo-cms-kienthuc.zadn.vn/zoom/130_82/uploaded/hongnhat/2022_05_23/1/ngoc-1_JMBV.jpg|Nằm ở Cam Túc, Trung Quốc, Ngọc Môn Quan là điểm giao thoa trên con đường tơ lụa. Tương truyền, quan ải này từng xảy ra những chuyện ma quái khó lý giải.|khoa học|kienthuc.net|"12:20 | 05/06/2022"
Hóa thạch gần 17 triệu tuổi hé lộ họ hàng lạ lùng của hươu cao cổ|https://kienthuc.net.vn/khoa-hoc-cong-nghe/hoa-thach-gan-17-trieu-tuoi-he-lo-ho-hang-la-lung-cua-huou-cao-co-1709051.html|https://photo-cms-kienthuc.zadn.vn/zoom/130_82/Uploaded/ctvkhotrithuc/trang/ho_hang_hcc/avt_hh_hcc_6_JSCK.jpg|Gần 17 triệu năm trước, một họ hàng của hươu cao cổ nhưng có chiếc cổ ngắn và hộp sọ dày đã sống lang thang ở miền bắc Trung Quốc.|khoa học|kienthuc.net|"08:15 | 05/06/2022"
Sự thật về loài cá có răng như người|https://kienthuc.net.vn/khoa-hoc-cong-nghe/su-that-ve-loai-ca-co-rang-nhu-nguoi-1709071.html|https://photo-cms-kienthuc.zadn.vn/zoom/130_82/Uploaded/hongnhat/2022_06_04/1-7082_RSCF.jpg|Cá đầu cừu (Archosargus probatocephalus) là một loài cá biển có vây tia, nổi tiếng với những chiếc răng cửa trông rất giống răng người.|khoa học|kienthuc.net|"07:42 | 05/06/2022"
Vì nguyên nhân gây sốc này, Trái đất có thể thành hành tinh hỗn loạn|https://kienthuc.net.vn/khoa-hoc-cong-nghe/vi-nguyen-nhan-gay-soc-nay-trai-dat-co-the-thanh-hanh-tinh-hon-loan-1709061.html|https://photo-cms-kienthuc.zadn.vn/zoom/130_82/uploaded/thuydung/2022_05_27/5/3_FKSU.png|Nhiều khu vực trên Trái Đất đang trải qua những kiểu khí hậu khác lạ, có thể dẫn đến một sự hỗn loạn với những hậu quả thảm khốc không thể nào khắc phục được.|khoa học|kienthuc.net|"07:30 | 05/06/2022"
Phát hiện 42 thi hài cổ xưa, chuyên gia lập tức giải mã|https://kienthuc.net.vn/khoa-hoc-cong-nghe/phat-hien-42-thi-hai-co-xua-chuyen-gia-lap-tuc-giai-ma-1709062.html|https://photo-cms-kienthuc.zadn.vn/zoom/130_82/uploaded/hongnhat/2022_06_02/3/cot-5_HDYK.jpg|Các nhà khảo cổ đã khai quật được 42 bộ hài cốt có niên đại vào thế kỷ 16 tại Peru. Họ cho rằng địa điểm này cất giấu một số xác ướp nhà vua Inca.|khoa học|kienthuc.net|"07:10 | 05/06/2022"
Phát hiện tranh vẽ 30.000 tuổi trong hang động, lộ bí mật bất ngờ|https://kienthuc.net.vn/khoa-hoc-cong-nghe/phat-hien-tranh-ve-30000-tuoi-trong-hang-dong-lo-bi-mat-bat-ngo-1709046.html|https://photo-cms-kienthuc.zadn.vn/zoom/130_82/uploaded/hongnhat/2022_06_03/3/tranh-1_GATW.jpg|Bên trong hang động Cosquer, miền Nam nước Pháp, các chuyên gia phát hiện những bức tranh vẽ cổ 30.000 tuổi. Những bức họa này hé lộ bí mật bất ngờ.|khoa học|kienthuc.net|"06:40 | 05/06/2022"
Truyền thuyết hoá ra có thật, trùng hợp với những thảm hoạ lịch sử|https://kienthuc.net.vn/khoa-hoc-cong-nghe/truyen-thuyet-hoa-ra-co-that-trung-hop-voi-nhung-tham-hoa-lich-su-1709031.html|https://photo-cms-kienthuc.zadn.vn/zoom/130_82/Uploaded/thuydung/2022_06_01/noah-s-ark-site_QVCQ.jpg|Rất nhiều thảm hoạ thiên nhiên có sự tương đồng với những câu chuyện truyền thuyết thay vì do trí tưởng tượng của con người như chúng ta vẫn tưởng.|khoa học|kienthuc.net|"21:08 | 04/06/2022"
Trái đất bắt được tín hiệu flsah kỳ lạ của một “quái vật vũ trụ“|https://kienthuc.net.vn/khoa-hoc-cong-nghe/trai-dat-bat-duoc-tin-hieu-flsah-ky-la-cua-mot-quai-vat-vu-tru-1708980.html|https://photo-cms-kienthuc.zadn.vn/zoom/130_82/uploaded/thuydung/2022_06_02/3/2_ISWS.png|"Tín hiệu vô tuyến kỳ lạ trông như ánh đèn flash đã bị Kính viễn vọng vô tuyến MeerKAT thu lại được có thể đến từ một loại ""quái vật vũ trụ"" hoàn toàn mới."|khoa học|kienthuc.net|"19:03 | 04/06/2022"
Trung Quốc tìm ra kỹ thuật “ma cà rồng” khiến sinh vật sống trẻ lại?|https://kienthuc.net.vn/khoa-hoc-cong-nghe/trung-quoc-tim-ra-ky-thuat-ma-ca-rong-khien-sinh-vat-song-tre-lai-1708878.html|https://photo-cms-kienthuc.zadn.vn/zoom/130_82/uploaded/thuydung/2022_06_02/5/8_LXCJ.png|"Các nhà nghiên cứu tại Viện Khoa học Trung Quốc đã sử dụng kỹ thuật ""ma cà rồng"" giúp những con chuột già sống lâu hơn, đây có thể là chìa khoá cho sự trẻ hoá."|khoa học|kienthuc.net|"14:40 | 04/06/2022"
Bức phù điêu cổ đại miêu tả phi hành gia vận hành tàu vũ trụ?|https://kienthuc.net.vn/khoa-hoc-cong-nghe/buc-phu-dieu-co-dai-mieu-ta-phi-hanh-gia-van-hanh-tau-vu-tru-1708875.html|https://photo-cms-kienthuc.zadn.vn/zoom/130_82/uploaded/thuydung/2022_06_02/7/3_BSKF.png|Các nhà khoa học đã phát hiện một bức điêu khắc cổ xưa của người Maya miêu tả một chàng trai trẻ đang vận hành một cỗ máy rất giống với tàu vũ trụ hiện đại!|khoa học|kienthuc.net|"12:50 | 04/06/2022"
Một tiểu hành tinh đang đến gần Trái Đất: To bằng cá voi xanh?|https://kienthuc.net.vn/khoa-hoc-cong-nghe/mot-tieu-hanh-tinh-dang-den-gan-trai-dat-to-bang-ca-voi-xanh-1708860.html|https://photo-cms-kienthuc.zadn.vn/zoom/130_82/Uploaded/ctvkhotrithuc/trang/tht_ca_voi_xanh/avt_tht_ca_voi_xanh_1_FHJK.jpg|Theo NASA, một tiểu hành tinh có kích thước ít nhất bằng một con cá voi xanh sẽ lướt qua Trái Đất với vận tốc hơn 26.000 km/h.|khoa học|kienthuc.net|"12:20 | 04/06/2022"
Chân dung loài thủy quái “ghê gớm” khiến khủng long khiếp sợ khi đối đầu|https://kienthuc.net.vn/khoa-hoc-cong-nghe/chan-dung-loai-thuy-quai-ghe-gom-khien-khung-long-khiep-so-khi-doi-dau-1708764.html|https://photo-cms-kienthuc.zadn.vn/zoom/130_82/uploaded/hongnhat/2022_06_03/4/ca-3_UDFK.jpg|Sarcosuchus là thủy quái cổ đại có cơ thể to lớn, chiều dài lên đến 12m, nặng khoảng 8 tấn. Nó có thể lên bờ săn mồi và ăn thịt khủng long.|khoa học|kienthuc.net|"07:30 | 04/06/2022"
Kon Tum tiếp nhận cá thể tê tê Java: Loài cực nguy cấp!|https://kienthuc.net.vn/khoa-hoc-cong-nghe/kon-tum-tiep-nhan-ca-the-te-te-java-loai-cuc-nguy-cap-1708763.html|https://photo-cms-kienthuc.zadn.vn/zoom/130_82/uploaded/hongnhat/2022_06_03/5/te-3_ZFXH.jpg|Trung tâm Bảo tồn đa dạng sinh học và Du lịch sinh thái (Kon Tum) tiếp nhận 1 con tê tê Java quý hiếm do người dân giao nộp. Đây là loài nguy cấp cần bảo vệ.|khoa học|kienthuc.net|"07:10 | 04/06/2022"
Thiên tài Hawking, Einstein và Galileo có điểm trùng hợp khiến thế giới giật mình|https://kienthuc.net.vn/khoa-hoc-cong-nghe/thien-tai-hawking-einstein-va-galileo-co-diem-trung-hop-khien-the-gioi-giat-minh-1708761.html|https://photo-cms-kienthuc.zadn.vn/zoom/130_82/uploaded/thuydung/2022_06_03/5/2_EKFB.png|Ít ai biết rằng, 3 nhà khoa học vĩ đại của nhân loại là Hawking, Einstein và Galileo có sự trùng hợp kỳ lạ khiến nhiều người cho rằng họ liên kết với nhau.|khoa học|kienthuc.net|"06:40 | 04/06/2022"
Loại muối cả thế giới cực ưa chuộng: Việt Nam có nhiều!|https://kienthuc.net.vn/khoa-hoc-cong-nghe/loai-muoi-ca-the-gioi-cuc-ua-chuong-viet-nam-co-nhieu-1708715.html|https://photo-cms-kienthuc.zadn.vn/zoom/130_82/uploaded/thuydung/2022_06_03/6/10_GVXA.png|Ở Việt Nam có một loại muối an toàn hơn muối ăn thông thường rất được thế giới ưa chuộng nhưng chúng ta vẫn chưa biết được lợi ích và tận dụng nó.|khoa học|kienthuc.net|"20:15 | 03/06/2022"
Tròn mắt những loài động vật kỳ dị đến khó tin ở Việt Nam|https://kienthuc.net.vn/khoa-hoc-cong-nghe/tron-mat-nhung-loai-dong-vat-ky-di-den-kho-tin-o-viet-nam-1708683.html|https://photo-cms-kienthuc.zadn.vn/zoom/130_82/uploaded/thuydung/2022_06_03/7/10_RUPT.png|Nhờ hệ sinh thái phong phú, nhiều loài động vật đặc hữu đã được phát hiện tại Việt Nam kỳ lạ đến mức bạn không tin chúng tồn tại nếu không nhìn tận mắt.|khoa học|kienthuc.net|"19:03 | 03/06/2022"
Những điều cực bất ngờ về loài sư tử sống ở châu Á|https://kienthuc.net.vn/khoa-hoc-cong-nghe/nhung-dieu-cuc-bat-ngo-ve-loai-su-tu-song-o-chau-a-1708513.html|https://photo-cms-kienthuc.zadn.vn/zoom/130_82/Uploaded/quocquan/2022_06_03/Su-tu-chau-A-01_XAJJ.jpg|So với sư tử châu Phi, sư tử châu Á nhỏ hơn một cách rõ rệt. Ngoài ra còn nhiều đặc điểm khác để phân biệt sư tử châu Á với sư tử châu Phi.|khoa học|kienthuc.net|"14:40 | 03/06/2022"
"Có 4 tộc người ngoài hành tinh ""thù địch"" ẩn náu trong dải ngân hà?"|https://kienthuc.net.vn/khoa-hoc-cong-nghe/co-4-toc-nguoi-ngoai-hanh-tinh-thu-dich-an-nau-trong-dai-ngan-ha-1708511.html|https://photo-cms-kienthuc.zadn.vn/zoom/130_82/Uploaded/ctvkhotrithuc/trang/milky_way/avt_dai_ngan_ha_4_VSFD.jpg|Dải Ngân Hà là ngôi nhà của hàng triệu hành tinh và có ít nhất 4 hành tinh trong số đó có thể tồn tại những nền văn minh sẽ đe dọa Trái Đất của chúng ta.|khoa học|kienthuc.net|"12:50 | 03/06/2022"
Thành phố mất tích 3.500 năm trước bỗng trồi lên từ giữa lòng sông|https://kienthuc.net.vn/khoa-hoc-cong-nghe/thanh-pho-mat-tich-3500-nam-truoc-bong-troi-len-tu-giua-long-song-1708507.html|https://photo-cms-kienthuc.zadn.vn/zoom/130_82/uploaded/thuydung/2022_06_03/1/1_XVFK.png|Các nhà khảo cổ học quốc tế mới đây đã khai quật được một thành phố cổ 3.500 năm tuổi ở giữa sông Tigris (miền Bắc Iraq) có thể thuộc về một đế chế hùng mạnh.|khoa học|kienthuc.net|"12:20 | 03/06/2022"
Loài khỉ vàng trên đảo Hòn Trà quý hiếm sao cần bảo tồn gấp?|https://kienthuc.net.vn/khoa-hoc-cong-nghe/loai-khi-vang-tren-dao-hon-tra-quy-hiem-sao-can-bao-ton-gap-1708374.html|https://photo-cms-kienthuc.zadn.vn/zoom/130_82/uploaded/hongnhat/2022_06_02/4/khii-2_VSLU.jpg|Ủy ban Nhân dân tỉnh Quảng Ngãi mới đề xuất phương án bảo tồn đàn khỉ quý hiếm tại đảo Hòn Trà. Đây là loài khỉ vàng thuộc danh mục động vật nguy cấp.|khoa học|kienthuc.net|"07:30 | 03/06/2022"
Mặt trời xanh xuất hiện ở Bắc Kinh, chuyên gia lập tức giải mã|https://kienthuc.net.vn/khoa-hoc-cong-nghe/mat-troi-xanh-xuat-hien-o-bac-kinh-chuyen-gia-lap-tuc-giai-ma-1708375.html|https://photo-cms-kienthuc.zadn.vn/zoom/130_82/uploaded/thuydung/2022_06_01/8/5_IYQB.png|Một tháng vừa qua, cư dân Bắc Kinh đã 3 lần chứng kiến hiện tượng Mặt Trời xanh trên bầu trời. Theo quan niệm dân gian, đây là điềm báo gì?|khoa học|kienthuc.net|"07:10 | 03/06/2022"
Chó co giật có phải là bệnh động kinh không?|https://kienthuc.net.vn/khoa-hoc-cong-nghe/cho-co-giat-co-phai-la-benh-dong-kinh-khong-1708258.html|https://photo-cms-kienthuc.zadn.vn/zoom/130_82/Uploaded/hongnhat/2022_06_02/avataaaa-nguyen-nhan-co-giat-o-cho-ngoisaovn-w1080-h648_NNCU.jpg|Đã bao giờ bạn thấy chó bị co giật mà không rõ nguyên nhân? Và tình trạng này còn thường xuyên lặp đi lặp lại?|khoa học|kienthuc.net|"07:09 | 03/06/2022"
Giật mình loạt bằng chứng thuyết phục về UFO thời Trung Quốc cổ đại|https://kienthuc.net.vn/khoa-hoc-cong-nghe/giat-minh-loat-bang-chung-thuyet-phuc-ve-ufo-thoi-trung-quoc-co-dai-1708373.html|https://photo-cms-kienthuc.zadn.vn/zoom/130_82/uploaded/thuydung/2022_06_02/8/2_VDTX.png|Có nhiều tài liệu về UFO trong các cuốn sách cổ như Trang Tử, Mộng Khê Bút Đàm , Nhị Thập Tứ Sử, Sơn Hải Kinh, và trong biên niên sử của quận Tùng Tư.|khoa học|kienthuc.net|"06:40 | 03/06/2022"
Bí ẩn cây sồi già bị xiềng xích mang “lời nguyền” ám ảnh|https://kienthuc.net.vn/khoa-hoc-cong-nghe/bi-an-cay-soi-gia-bi-xieng-xich-mang-loi-nguyen-am-anh-1708221.html|https://photo-cms-kienthuc.zadn.vn/zoom/130_82/uploaded/hongnhat/2022_06_01/1/xayy-1_WSJZ.png|"Nhiều người tò mò về cây sồi già bị xiềng xích ở gần làng Alton, Staffordshire, Anh. Tương truyền, cái cây này mang ""lời nguyền chết chóc"" rùng rợn."|khoa học|kienthuc.net|"20:15 | 02/06/2022"
Nóng: “Thợ săn” của NASA sắp giải mã 2 “siêu Trái đất” kỳ lạ|https://kienthuc.net.vn/khoa-hoc-cong-nghe/nong-tho-san-cua-nasa-sap-giai-ma-2-sieu-trai-dat-ky-la-1708223.html|https://photo-cms-kienthuc.zadn.vn/zoom/130_82/uploaded/thuydung/2022_06_02/4/2_DYVH.png|"""Thợ săn"" James Webb của NASA sẽ tiến hành khám phá 2 hành tinh hành tinh đá kỳ lạ được xem là bản sao của Trái đất thuở sơ khai."|khoa học|kienthuc.net|"19:03 | 02/06/2022"
Sau vụ nổ Big Bang, vũ trụ sơ khai chứa thứ đặc biệt gì?|https://kienthuc.net.vn/khoa-hoc-cong-nghe/sau-vu-no-big-bang-vu-tru-so-khai-chua-thu-dac-biet-gi-1708085.html|https://photo-cms-kienthuc.zadn.vn/zoom/130_82/Uploaded/ctvkhoahoc/2022_06_01/thienha/z_1_SGGU.jpg|Trong vài tỷ năm đầu tiên sau vụ nổ Big Bang, vũ trụ chứa cái gọi là thiên hà bùng nổ sao (thiên hà starburst) nhiều hơn so với các mô hình dự đoán.|khoa học|kienthuc.net|"14:40 | 02/06/2022"
Chiến lược sinh tồn có 1-0-2 của loài dương xỉ kỳ lạ nhất Việt Nam|https://kienthuc.net.vn/khoa-hoc-cong-nghe/chien-luoc-sinh-ton-co-1-0-2-cua-loai-duong-xi-ky-la-nhat-viet-nam-1708076.html|https://photo-cms-kienthuc.zadn.vn/zoom/130_82/Uploaded/quocquan/2022_06_02/Cay-o-phuong-01_ZINL.jpg|Khi trưởng thành, cây ổ phượng xuất hiện hai loại lá, một loại lá tỏa dẹt tỏa rộng, phân nhánh như sừng hươu, rủ xuống với chiều dài có thể đạt tới 2 mét...|khoa học|kienthuc.net|"12:50 | 02/06/2022"
“Quái vật lửa” khủng khiếp nhất trồi lên từ 100 km dưới lòng đất|https://kienthuc.net.vn/khoa-hoc-cong-nghe/quai-vat-lua-khung-khiep-nhat-troi-len-tu-100-km-duoi-long-dat-1707634.html|https://photo-cms-kienthuc.zadn.vn/zoom/130_82/Uploaded/tructoasoan/2022_06_01/quaivat_ZSAU.png|Quái vật lửa Kīlauea - không có nguồn gốc thông thường mà là một quái vật từ thế giới ngầm sâu trong lòng Trái Đất, nghiên cứu mới từ Úc chứng minh.|khoa học|kienthuc.net|"12:33 | 02/06/2022"
Kinh hoàng cá voi lưng gù húc tung thuyền khiến du khách gãy chân|https://kienthuc.net.vn/khoa-hoc-cong-nghe/kinh-hoang-ca-voi-lung-gu-huc-tung-thuyen-khien-du-khach-gay-chan-1707631.html|https://photo-cms-kienthuc.zadn.vn/zoom/130_82/Uploaded/tructoasoan/2022_06_01/kinh-hoang-khoanh-khac-ca-voi-lung-gu-huc-tung-thuyen-khien-du-khach-gay-chan_DHOZ.gif|Video gây sốt quay lại cảnh con cá voi lưng gù di chuyển ngay sát thuyền du lịch, đâm mạnh khiến thuyền suýt bị lật ở Mexico.|khoa học|kienthuc.net|"12:30 | 02/06/2022"
"Trung Quốc tìm thấy ""kho báu"" ở độ sâu chưa từng thấy"|https://kienthuc.net.vn/khoa-hoc-cong-nghe/trung-quoc-tim-thay-kho-bau-o-do-sau-chua-tung-thay-1707558.html|https://photo-cms-kienthuc.zadn.vn/zoom/130_82/Uploaded/tructoasoan/2022_06_01/kho_YHNL.png|"Theo các nhà khoa học, việc tìm thấy ""kho báu"" này giúp tăng nguồn dự trữ ước tính hơn 2 triệu tấn, đưa Trung Quốc sánh ngang với Australia."|khoa học|kienthuc.net|"12:27 | 02/06/2022"
"""Bắt"" được thủ phạm khiến Megalodon tuyệt chủng: Đang lởn vởn khắp thế giới"|https://kienthuc.net.vn/khoa-hoc-cong-nghe/bat-duoc-thu-pham-khien-megalodon-tuyet-chung-dang-lon-von-khap-the-gioi-1708080.html|https://photo-cms-kienthuc.zadn.vn/zoom/130_82/uploaded/thuydung/2022_06_02/2/2_CAHH.png|Loài cá mập nhỏ bé hơn nhưng cực kỳ hung dữ, khiến siêu cá mập Megalodon tuyệt chủng vẫn còn sống cho đến ngày nay, có thể đụng độ con người.|khoa học|kienthuc.net|"12:20 | 02/06/2022"
"PGS.TS.BS Lê Ngọc Hà: ""Đam mê, kiên trì mới làm được y học hạt nhân"""|https://kienthuc.net.vn/khoa-hoc-cong-nghe/pgstsbs-le-ngoc-ha-dam-me-kien-tri-moi-lam-duoc-y-hoc-hat-nhan-1708029.html|https://photo-cms-kienthuc.zadn.vn/zoom/130_82/Uploaded/mailoan/2022_06_02/pgs_ts_le_ngoc_ha_HYIQ.jpg|PGS.TS.BS Lê Ngọc Hà chia sẻ, y học hạt nhân là một ngành mới, có nhiều tiềm năng phát triển nhưng cũng có rất nhiều gian khổ, cần sự đam mê, kiên trì.|khoa học|kienthuc.net|"09:30 | 02/06/2022"
Tận mục những loài cây độc - dị - lạ tưởng chừng chỉ có trong cổ tích|https://kienthuc.net.vn/khoa-hoc-cong-nghe/tan-muc-nhung-loai-cay-doc-di-la-tuong-chung-chi-co-trong-co-tich-1707947.html|https://photo-cms-kienthuc.zadn.vn/zoom/130_82/uploaded/thuydung/2022_06_01/5/6_JRQU.png|Dưới đây là những loài cây vô cùng kỳ lạ mà chắc chắn bạn sẽ không tin rằng chúng có thật trên Trái đất nếu không tận mắt nhìn thấy.|khoa học|kienthuc.net|"08:15 | 02/06/2022"
Lạ kỳ tượng gỗ 12.000 tuổi không hề mục nát, chuyên gia kinh ngạc|https://kienthuc.net.vn/khoa-hoc-cong-nghe/la-ky-tuong-go-12000-tuoi-khong-he-muc-nat-chuyen-gia-kinh-ngac-1707945.html|https://photo-cms-kienthuc.zadn.vn/zoom/130_82/uploaded/thuydung/2022_06_01/2/12_POEY.png|Bức tượng cổ xưa Shigir khắc từ thân cây thông có niên đại gần 12.000 năm tuổi vẫn chứa nhiều bí ẩn mà cho đến ngày nay con người vẫn không thể giải mã.|khoa học|kienthuc.net|"07:30 | 02/06/2022"
Tuyên bố sốc: Muốn sống trên sao Hỏa, cần biến thành nửa người nửa robot?|https://kienthuc.net.vn/khoa-hoc-cong-nghe/tuyen-bo-soc-muon-song-tren-sao-hoa-can-bien-thanh-nua-nguoi-nua-robot-1707943.html|https://photo-cms-kienthuc.zadn.vn/zoom/130_82/uploaded/hongnhat/2022_06_01/4/saohoa-3_GUYJ.png|"Theo nhà thiên văn học Lord Martin Rees, để sinh tồn trên hành tinh đỏm con người cần ""biến đổi"" thành nửa người nửa robot."|khoa học|kienthuc.net|"07:10 | 02/06/2022"
Dọn quán rượu cũ, bất ngờ phát hiện kho báu khủng bị lãng quên|https://kienthuc.net.vn/khoa-hoc-cong-nghe/don-quan-ruou-cu-bat-ngo-phat-hien-kho-bau-khung-bi-lang-quen-1707942.html|https://photo-cms-kienthuc.zadn.vn/zoom/130_82/uploaded/thuydung/2022_06_01/6/3_DZXO.png|Một người đàn ông ở Anh đã phát tài khi phát hiện ra kho báu 350 năm tuổi bị lãng quên dưới sàn nhà, nhờ dùng máy hút bụi để dọn dẹp quán rượu cũ.|khoa học|kienthuc.net|"06:40 | 02/06/2022"
Bí ẩn khó giải “ma sói” từng khiến dân Pháp mất ăn mất ngủ|https://kienthuc.net.vn/khoa-hoc-cong-nghe/bi-an-kho-giai-ma-soi-tung-khien-dan-phap-mat-an-mat-ngu-1707835.html|https://photo-cms-kienthuc.zadn.vn/zoom/130_82/uploaded/hongnhat/2022_06_01/3/soii-1_WMVK.jpg|"Vào những năm 1700, người dân ở vùng Gévaudan, Pháp sống trong bất an lo sợ khi xuất hiện ""ma sói"". Trong gần 3 năm, quái thú bí ẩn này giết khoảng 100 người."|khoa học|kienthuc.net|"20:15 | 01/06/2022"
Những vụ mất tích bí ẩn nhất mọi thời đại tại Tam giác Bennington|https://kienthuc.net.vn/khoa-hoc-cong-nghe/nhung-vu-mat-tich-bi-an-nhat-moi-thoi-dai-tai-tam-giac-bennington-1707831.html|https://photo-cms-kienthuc.zadn.vn/zoom/130_82/uploaded/thuydung/2022_05_31/8/2_CASM.png|Tam giác Bennington của Vermont là nơi chứng kiến hàng loạt vụ mất tích bí ẩn không thua kém Tam giác quỷ Bermuda.|khoa học|kienthuc.net|"19:03 | 01/06/2022"
Băng Greenland tan chảy mạnh, thảm hoạ có xảy ra?|https://kienthuc.net.vn/khoa-hoc-cong-nghe/bang-greenland-tan-chay-manh-tham-hoa-co-xay-ra-1707724.html|https://photo-cms-kienthuc.zadn.vn/zoom/130_82/Uploaded/ctvkhotrithuc/trang/bang_tan_manh/avt_bang_tan_10_WMJW.jpg|Băng Greenland đang tan chảy nhiều đến mức lượng nước mà nó tạo ra có thể sản sinh năng lượng hơn 10 dự án thủy điện lớn nhất thế giới.|khoa học|kienthuc.net|"14:40 | 01/06/2022"
Nóng: “Quái vật lửa” mạnh nhất hoá ra đến từ thế giới ngầm!|https://kienthuc.net.vn/khoa-hoc-cong-nghe/nong-quai-vat-lua-manh-nhat-hoa-ra-den-tu-the-gioi-ngam-1707719.html|https://photo-cms-kienthuc.zadn.vn/zoom/130_82/uploaded/thuydung/2022_06_01/1/6_TELI.png|Nghiên cứu mới đây của các nhà khoa học đến từ Đại học Monash - Úc cho thấy Kīlauea - ngọn núi lửa hoạt động mạnh nhất thế giới thực chất đến từ thế giới ngầm.|khoa học|kienthuc.net|"12:50 | 01/06/2022"
Tuổi thọ của loài người có thể đạt tới 1.000|https://kienthuc.net.vn/khoa-hoc-cong-nghe/tuoi-tho-cua-loai-nguoi-co-the-dat-toi-1000-1707269.html|https://photo-cms-kienthuc.zadn.vn/zoom/130_82/Uploaded/tructoasoan/2022_05_31/khoa_EJSE.JPG|Tuyên bố về tế bào đặc biệt này của tiến sĩ Aubrey de Grey tại 1 buổi hội thảo khoa học đã làm rúng động cả thế giới.|khoa học|kienthuc.net|"12:45 | 01/06/2022"
Những phát hiện vô lí đến khó tin, khoa học cũng khó giải|https://kienthuc.net.vn/khoa-hoc-cong-nghe/nhung-phat-hien-vo-li-den-kho-tin-khoa-hoc-cung-kho-giai-1707717.html|https://photo-cms-kienthuc.zadn.vn/zoom/130_82/uploaded/thuydung/2022_06_01/3/1_VGZZ.png|Dưới đây là những phát hiện gây chấn động lịch sử thế giới nhưng đến nay, dù khoa học đã phát triển vượt bậc mà vẫn không thể giải mã chúng.|khoa học|kienthuc.net|"12:20 | 01/06/2022"
Cá voi lưng gù suýt làm lật thuyền ở Mexico: Là loài nguy hiểm?|https://kienthuc.net.vn/khoa-hoc-cong-nghe/ca-voi-lung-gu-suyt-lam-lat-thuyen-o-mexico-la-loai-nguy-hiem-1707487.html|https://photo-cms-kienthuc.zadn.vn/zoom/130_82/uploaded/hongnhat/2022_05_31/4/cavoi-5_FJNP.jpg|"Một video gây ""sốt"" dư luận khi quay được cảnh một con cá voi lưng gù suýt làm lật thuyền ở Mexico. Sự việc này khiến nhiều người tò mò về loài cá voi này."|khoa học|kienthuc.net|"07:30 | 01/06/2022"
Tại sao những người chết cóng cởi bỏ quần áo mà vẫn nở nụ cười?|https://kienthuc.net.vn/khoa-hoc-cong-nghe/tai-sao-nhung-nguoi-chet-cong-coi-bo-quan-ao-ma-van-no-nu-cuoi-1707481.html|https://photo-cms-kienthuc.zadn.vn/zoom/130_82/Uploaded/thuydung/2022_05_31/cong-ngoisaovn-w1080-h648_KPFJ.jpg|Những người chết cóng thường cởi bỏ quần áo và nở một nụ cười bí hiểm, tại sao lại như vậy?|khoa học|kienthuc.net|"07:15 | 01/06/2022"
Vì sao trùm phát xít Hitler cương quyết tăng số lượng gấu mèo ở Đức?|https://kienthuc.net.vn/khoa-hoc-cong-nghe/vi-sao-trum-phat-xit-hitler-cuong-quyet-tang-so-luong-gau-meo-o-duc-1707491.html|https://photo-cms-kienthuc.zadn.vn/zoom/130_82/uploaded/hongnhat/2022_05_31/4/hitler-9_1_HDKJ.jpg|Sau khi trở thành Quốc trưởng nước Đức, trùm phát xít Hitler thực hiện nhiều chính sách kỳ quặc. Trong số này có kế hoạch tăng số lượng gấu mèo.|khoa học|kienthuc.net|"07:10 | 01/06/2022"
Những “nhà bác học điên” và thí nghiệm chấn động nhất mọi thời đại|https://kienthuc.net.vn/khoa-hoc-cong-nghe/nhung-nha-bac-hoc-dien-va-thi-nghiem-chan-dong-nhat-moi-thoi-dai-1707493.html|https://photo-cms-kienthuc.zadn.vn/zoom/130_82/uploaded/thuydung/2022_05_31/5/7_PSYC.png|Những nhà bác học dưới đây khiến cả thế giới phải rùng mình về tài năng của họ nhưng lại dùng để thực hiện những thí nghiệm với mục đích đen tối.|khoa học|kienthuc.net|"06:40 | 01/06/2022"
Chấn động lời khai của 62 đứa trẻ cùng chạm trán UFO|https://kienthuc.net.vn/khoa-hoc-cong-nghe/chan-dong-loi-khai-cua-62-dua-tre-cung-cham-tran-ufo-1707463.html|https://photo-cms-kienthuc.zadn.vn/zoom/130_82/uploaded/thuydung/2022_05_31/6/12_HAOS.png|Buổi sáng thứ sáu ngày 16/9/1994, 62 em học sinh tại trường Tiểu học Ariel, thị trấn Ruwa, Zimbabwe đổng loạt nhìn thấy 3 quả cầu bay kỳ lạ trên không trung.|khoa học|kienthuc.net|"20:15 | 31/05/2022"
Giải mã “thần thú” trong truyền thuyết bất ngờ xuất hiện ở Nhật Bản|https://kienthuc.net.vn/khoa-hoc-cong-nghe/giai-ma-than-thu-trong-truyen-thuyet-bat-ngo-xuat-hien-o-nhat-ban-1707454.html|https://photo-cms-kienthuc.zadn.vn/zoom/130_82/uploaded/thuydung/2022_05_31/4/1_AGWU.png|Một con tỳ linh trắng muốt siêu hiếm bỗng xuất hiện tại Nhật Bản khiến dư luận cho rằng đây chính là thần thú mang đến may mắn trong truyền thuyết.|khoa học|kienthuc.net|"19:03 | 31/05/2022"
Phát hiện sốc nền văn minh cổ xưa: Công nghệ vượt xa thời hiện đại!|https://kienthuc.net.vn/khoa-hoc-cong-nghe/phat-hien-soc-nen-van-minh-co-xua-cong-nghe-vuot-xa-thoi-hien-dai-1707327.html|https://photo-cms-kienthuc.zadn.vn/zoom/130_82/uploaded/thuydung/2022_05_30/4/4_HYSL.png|Đã từng có một thời kỳ văn minh cách đây 7000 năm đã xuất hiện những công nghệ vượt xa nền văn minh của nhân loại hiện đại nhưng chứa đầy bí ẩn.|khoa học|kienthuc.net|"14:40 | 31/05/2022"
Nóng: Người ngoài hành tinh từng sống trên Trái đất vào 12.000 năm trước?|https://kienthuc.net.vn/khoa-hoc-cong-nghe/nong-nguoi-ngoai-hanh-tinh-tung-song-tren-trai-dat-vao-12000-nam-truoc-1707329.html|https://photo-cms-kienthuc.zadn.vn/zoom/130_82/uploaded/hongnhat/2022_05_31/2/nguoi-10_MITR.jpg|Trong thế kỷ 20, hàng trăm đĩa đá bí ẩn được phát hiện ở vùng rừng núi Baian - Kara - Ula (Tây Tạng). Chúng được cho là có liên quan đến người ngoài hành tinh.|khoa học|kienthuc.net|"12:50 | 31/05/2022"
Phát hiện thế giới quái vật đầu tiên của Trái Đất: Toàn loài dị!|https://kienthuc.net.vn/khoa-hoc-cong-nghe/phat-hien-the-gioi-quai-vat-dau-tien-cua-trai-dat-toan-loai-di-1707317.html|https://photo-cms-kienthuc.zadn.vn/zoom/130_82/uploaded/thuydung/2022_05_31/1/2_KSXP.png|Mới đây các nhà khoa học đã tìm thấy bằng chứng kỷ Ediacaran là một thế giới quái vật thực thụ, nơi các sinh vật kỳ dị, khó tưởng tượng tự triệt tiêu nhau.|khoa học|kienthuc.net|"12:20 | 31/05/2022"
Khám phá những hiện tượng kỳ thú trong vũ trụ|https://kienthuc.net.vn/khoa-hoc-cong-nghe/kham-pha-nhung-hien-tuong-ky-thu-trong-vu-tru-1707297.html|https://photo-cms-kienthuc.zadn.vn/zoom/130_82/Uploaded/maianh/2022_05_31/v13_PHSE.jpg|Dưới đây là những phát hiện kỳ thú về vũ trụ cho thấy một thế giới rộng lớn, bí ẩn nhưng cũng đầy lôi cuốn với bất kỳ ai.|khoa học|kienthuc.net|"10:40 | 31/05/2022"
"Giật mình bằng chứng các lỗ đen ""ghê gớm"" san phẳng hàng nghìn ngôi sao"|https://kienthuc.net.vn/khoa-hoc-cong-nghe/giat-minh-bang-chung-cac-lo-den-ghe-gom-san-phang-hang-nghin-ngoi-sao-1707152.html|https://photo-cms-kienthuc.zadn.vn/zoom/130_82/Uploaded/ctvkhoahoc/2022_05_30/loden/10_1_SCFG.jpg|Ở một số khu vực đông đúc nhất của vũ trụ, các lỗ đen có thể xé nát hàng nghìn ngôi sao.|khoa học|kienthuc.net|"08:15 | 31/05/2022"
Những bức ảnh ấn tượng về động vật hoang dã trong tuần|https://kienthuc.net.vn/khoa-hoc-cong-nghe/nhung-buc-anh-an-tuong-ve-dong-vat-hoang-da-trong-tuan-1707166.html|https://photo-cms-kienthuc.zadn.vn/zoom/130_82/uploaded/hongnhat/2022_05_30/2/chup-6_CVPO.jpg|Cùng chiêm ngưỡng những khoảnh khắc ấn tượng về động vật hoang dã được các nhiếp ảnh gia trên khắp thế giới ghi lại.|khoa học|kienthuc.net|"07:39 | 31/05/2022"
Tại một trang trại có tuổi đời 21 thế kỷ, thời gian như ngừng trôi|https://kienthuc.net.vn/khoa-hoc-cong-nghe/tai-mot-trang-trai-co-tuoi-doi-21-the-ky-thoi-gian-nhu-ngung-troi-1707167.html|https://photo-cms-kienthuc.zadn.vn/zoom/130_82/uploaded/hongnhat/2022_05_30/2/nghj-2_YJGR.png|Các nhà khảo cổ vừa tìm thấy một trang trại 2.100 tuổi với tình trạng gần như nguyên vẹn tại Israel.|khoa học|kienthuc.net|"07:36 | 31/05/2022"
Sự thật vòng khói đen khổng lồ bị nghi UFO xuất hiện ở Tứ Xuyên|https://kienthuc.net.vn/khoa-hoc-cong-nghe/su-that-vong-khoi-den-khong-lo-bi-nghi-ufo-xuat-hien-o-tu-xuyen-1707168.html|https://photo-cms-kienthuc.zadn.vn/zoom/130_82/Uploaded/hongnhat/2022_05_30/d37Su-that-ve-vong-khoi-den-khong-lo-ky-la-bi-nghi-la-UFO-xuat-hien-tren-bau-troi-Tu-Xuyen_1_ZMQK.jpg|Một vòng khói khổng lồ nghi UFO xuất hiện trên bầu trời Thành Đô, Tứ Xuyên, Trung Quốc khiến người dân địa phương hết sức hoang mang.|khoa học|kienthuc.net|"07:33 | 31/05/2022"
Video: Bị sói xám tấn công, bò rừng phản đòn cực gắt|https://kienthuc.net.vn/khoa-hoc-cong-nghe/video-bi-soi-xam-tan-cong-bo-rung-phan-don-cuc-gat-1707169.html|https://photo-cms-kienthuc.zadn.vn/zoom/130_82/Uploaded/hongnhat/2022_05_30/clip-bi-soi-xam-tan-cong-bo-rung-phan-don-cuc-gat-va-cai-ket-bat-ngo_MTGI.gif|Bị sói xám truy sát rồi tấn công một cách dữ dội, bò rừng liền tung ra cú phản đòn hất văng đối thủ lên trời.|khoa học|kienthuc.net|"07:27 | 31/05/2022"
Thò tay vào chuồng trêu sư tử, người đàn ông nhận cái kết đau đớn|https://kienthuc.net.vn/khoa-hoc-cong-nghe/tho-tay-vao-chuong-treu-su-tu-nguoi-dan-ong-nhan-cai-ket-dau-don-1707171.html|https://photo-cms-kienthuc.zadn.vn/zoom/130_82/Uploaded/quocquan/2022_05_30/1b802d441001f95fa010_VSSJ.jpg|Người đàn ông thò tay vào chuồng trêu con sư tử, bất ngờ bị con thú hoang dã ngoạm chặt các ngón tay.|khoa học|kienthuc.net|"07:24 | 31/05/2022"
"Nóng: Tìm ra ""bảo bối"" giúp con người kéo dài tuổi thọ đến 1.000 năm?"|https://kienthuc.net.vn/khoa-hoc-cong-nghe/nong-tim-ra-bao-boi-giup-con-nguoi-keo-dai-tuoi-tho-den-1000-nam-1707150.html|https://photo-cms-kienthuc.zadn.vn/zoom/130_82/uploaded/thuydung/2022_05_30/7/1_DCMF.png|Đây là kết quả gây sốc của Tiến sĩ Aubrey de Grey nhà - lão khoa người Anh, ông tuyên bố rằng con người có thể sống thọ tới 1.000 tuổi tại 1 hội thảo khoa học.|khoa học|kienthuc.net|"07:10 | 31/05/2022"
"Giải mã gen “người hóa đá"": Lộ bí mật thành phố vượt thời gian"|https://kienthuc.net.vn/khoa-hoc-cong-nghe/giai-ma-gen-nguoi-hoa-da-lo-bi-mat-thanh-pho-vuot-thoi-gian-1707149.html|https://photo-cms-kienthuc.zadn.vn/zoom/130_82/Uploaded/ctvkhotrithuc/trang/nguoi_hoa_da/avt_nguoi_hoa_da_2_GARI.jpg|Các nhà khoa học Ý và Đan Mạch đã giải mã thành công DNA của 2 người Pompeii - thành phố bị núi lửa Vesuvius tàn phá 2.000 năm trước.|khoa học|kienthuc.net|"06:40 | 31/05/2022"
Những bí mật gây sốc được cất giấu trong kim tự tháp Ai Cập|https://kienthuc.net.vn/khoa-hoc-cong-nghe/nhung-bi-mat-gay-soc-duoc-cat-giau-trong-kim-tu-thap-ai-cap-1707062.html|https://photo-cms-kienthuc.zadn.vn/zoom/130_82/uploaded/thuydung/2022_05_30/5/1_MMNV.png|Kim tự tháp có nguồn gốc ban đầu là một lăng mộ. Nhiều người vẫn thắc mắc bên trong chúng ẩn chứa những điều bí ẩn gi? Những báu vật vô giá hay bẫy chết người?|khoa học|kienthuc.net|"20:15 | 30/05/2022"
Kinh hãi những loài “thuỷ quái” đáng sợ từng tung hoành khắp địa cầu|https://kienthuc.net.vn/khoa-hoc-cong-nghe/kinh-hai-nhung-loai-thuy-quai-dang-so-tung-tung-hoanh-khap-dia-cau-1707060.html|https://photo-cms-kienthuc.zadn.vn/zoom/130_82/uploaded/thuydung/2022_05_30/6/12_DEZZ.png|Trái đất của chúng ta từng là một thế giới đáng sợ với nhiều loài thuỷ quái có hình thù kỳ dị, kích thước khổng lồ và vô cùng thiện chiến.|khoa học|kienthuc.net|"19:03 | 30/05/2022"
Nhà khoa học nữ nghiên cứu vật liệu tự lành “hot trend” thế giới|https://kienthuc.net.vn/khoa-hoc-cong-nghe/nha-khoa-hoc-nu-nghien-cuu-vat-lieu-tu-lanh-hot-trend-the-gioi-1707041.html|https://photo-cms-kienthuc.zadn.vn/zoom/130_82/Uploaded/maianh/2022_05_30/nkh3_CDCU.jpg|Công trình nghiên cứu vật liệu tự lành của PGS.TS Nguyễn Thị Lệ Thu đã gây chú ý trong giới khoa học và được trích dẫn trên nhiều tạp chí quốc tế.|khoa học|kienthuc.net|"15:38 | 30/05/2022"
Con người đang hít phải chất mới trong khí quyển: Nguy hiểm sao?|https://kienthuc.net.vn/khoa-hoc-cong-nghe/con-nguoi-dang-hit-phai-chat-moi-trong-khi-quyen-nguy-hiem-sao-1706909.html|https://photo-cms-kienthuc.zadn.vn/zoom/130_82/uploaded/thuydung/2022_05_30/1/6_VFTG.png|Các nhà khoa học đến từ Đan Mạch đã phát hiện các hợp chất hoàn toàn mới được gọi là hydrotrioxit hữu cơ có tồn tại trong khí quyển, có thể gây nguy hiểm.|khoa học|kienthuc.net|"14:40 | 30/05/2022"
"Bí ẩn người đàn ông đến từ quốc gia lạ, ""bốc hơi"" trong nháy mắt"|https://kienthuc.net.vn/khoa-hoc-cong-nghe/bi-an-nguoi-dan-ong-den-tu-quoc-gia-la-boc-hoi-trong-nhay-mat-1706904.html|https://photo-cms-kienthuc.zadn.vn/zoom/130_82/uploaded/hongnhat/2022_05_30/1/biii-1_KZCL.jpg|"Năm 1954, một người đàn ông bí ẩn xuất hiện ở sân bay Nhật Bản với cuốn hộ chiếu ghi từ quốc gia tên Taured. Ngày hôm sau, người này ""bốc hơi"" khỏi thế giới."|khoa học|kienthuc.net|"12:50 | 30/05/2022"
Loài cây độc nhất trên thế giới|https://kienthuc.net.vn/khoa-hoc-cong-nghe/loai-cay-doc-nhat-tren-the-gioi-1706591.html|https://photo-cms-kienthuc.zadn.vn/zoom/130_82/Uploaded/tructoasoan/2022_05_29/cay-doc-ngoisaovn-w1080-h648_UNKN.jpg|Ở châu Mỹ, có một loài thực vật đặc hữu của địa phương: ổi độc. Quả của nó trông rất giống quả táo xanh, nhưng nếu ăn vào sẽ phải trả giá bằng mạng sống.|khoa học|kienthuc.net|"12:42 | 30/05/2022"
Phát hiện kho báu nơi “thời gian bị đóng băng” từ 2.100 năm trước|https://kienthuc.net.vn/khoa-hoc-cong-nghe/phat-hien-kho-bau-noi-thoi-gian-bi-dong-bang-tu-2100-nam-truoc-1706882.html|https://photo-cms-kienthuc.zadn.vn/zoom/130_82/uploaded/thuydung/2022_05_30/2/phat-hien-kho-bau-noi-thoi-gian-bi-dong-bang-tu-2100-nam-truoc.png|"Mới đây, các nhà khoa học đã phát hiện một ""thế giới kho báu"" vĩ đại nơi thời gian bị ""đóng băng"" một cách hoàn hảo ở miền bắc Israel."|khoa học|kienthuc.net|"12:20 | 30/05/2022"
Kinh ngạc cây đại thụ già cỗi nhất thế giới: Hơn 5.000 tuổi!|https://kienthuc.net.vn/khoa-hoc-cong-nghe/kinh-ngac-cay-dai-thu-gia-coi-nhat-the-gioi-hon-5000-tuoi-1706747.html|https://photo-cms-kienthuc.zadn.vn/zoom/130_82/Uploaded/ctvkhotrithuc/trang/cay_dai_thu/avt_co_thu_10_XLMI.jpg|Cách đây khoảng 5.400 năm, khi con người tiến vào thời Đồ Đồng, một cây bách (Fitzroya cupressoides) đã bắt đầu mọc ở vùng núi ven biển thuộc Chile ngày nay.|khoa học|kienthuc.net|"08:15 | 30/05/2022"
Gấu trúc trồng cây chuối để tìm bạn đời|https://kienthuc.net.vn/khoa-hoc-cong-nghe/gau-truc-trong-cay-chuoi-de-tim-ban-doi-1706762.html|https://photo-cms-kienthuc.zadn.vn/zoom/130_82/Uploaded/quocquan/2022_05_29/11d32d171052f90ca043_NSFI.jpg|"Đoạn phim ghi lại cảnh một chú gấu trúc đực đang tiểu tiện trong tư thế ""trồng cây chuối"" để tìm bạn đời."|khoa học|kienthuc.net|"07:18 | 30/05/2022"
“Bão sao băng” sắp bùng nổ cuối tháng 5: Trái đất có ô nhiễm?|https://kienthuc.net.vn/khoa-hoc-cong-nghe/bao-sao-bang-sap-bung-no-cuoi-thang-5-trai-dat-co-o-nhiem-1706745.html|https://photo-cms-kienthuc.zadn.vn/zoom/130_82/uploaded/hongnhat/2022_05_29/1/saooo-3_HLYN.jpg|"Vào ngày 30 - 31/5, một hiện tượng thiên văn kỳ thú diễn ra là ""bão sao băng"". Trận mưa sao băng Tau Herculids sẽ gây ra ô nhiễm ánh sáng tự nhiên."|khoa học|kienthuc.net|"07:10 | 30/05/2022"
Giật mình nguyên nhân khiến con người không muốn du hành thời gian|https://kienthuc.net.vn/khoa-hoc-cong-nghe/giat-minh-nguyen-nhan-khien-con-nguoi-khong-muon-du-hanh-thoi-gian-1706746.html|https://photo-cms-kienthuc.zadn.vn/zoom/130_82/uploaded/thuydung/2022_05_27/6/1_ZEFM.png|Nghịch lý ông nội là một trong những rào cản khiến con người không muốn du hành thời gian kể cả khi có thể.|khoa học|kienthuc.net|"06:40 | 30/05/2022"
"Tuyên bố du hành đến tương lai, người đàn ông cảnh báo ""sốc"""|https://kienthuc.net.vn/khoa-hoc-cong-nghe/tuyen-bo-du-hanh-den-tuong-lai-nguoi-dan-ong-canh-bao-soc-1706647.html|https://photo-cms-kienthuc.zadn.vn/zoom/130_82/uploaded/thuydung/2022_05_25/7/1_LDLL.png|Al Bielek tiết lộ rằng ông đã thực hiện du hành thời gian tới tương lai. Ông từng sống ở năm 2137, 2749 và 2750 và cảnh báo những điều khủng khiếp sắp ra.|khoa học|kienthuc.net|"20:15 | 29/05/2022"
Phát hiện “Siêu Trái Đất” gần chúng ta: Có thể tồn tại sự sống?|https://kienthuc.net.vn/khoa-hoc-cong-nghe/phat-hien-sieu-trai-dat-gan-chung-ta-co-the-ton-tai-su-song-1706645.html|https://photo-cms-kienthuc.zadn.vn/zoom/130_82/Uploaded/ctvkhotrithuc/trang/sieu_trai_dat/avt_sieu_td_3_UEIL.jpg|"Các nhà khoa học vừa phát hiện một hành tinh đặc biệt được gọi là ""bản sao phóng to của Trái đất"" ở khá gần chúng ta và được hy vọng có thể nuôi dưỡng sự sống."|khoa học|kienthuc.net|"19:03 | 29/05/2022"
Vũ trụ sớm co lại sau gần 13,8 tỷ năm giãn nở liên tục?|https://kienthuc.net.vn/khoa-hoc-cong-nghe/vu-tru-som-co-lai-sau-gan-138-ty-nam-gian-no-lien-tuc-1706553.html|https://photo-cms-kienthuc.zadn.vn/zoom/130_82/uploaded/thuydung/2022_05_25/4/7_BBGW.png|"Sau gần 13,8 tỷ năm, vũ trụ hiện đang dần bước vào quá trình ""thoái trào"" khi có dấu hiệu bế tắc và sẽ sớm co lại trong khoảng 65 triệu năm tới."|khoa học|kienthuc.net|"14:40 | 29/05/2022"
Băng vĩnh cửu tan nhanh trên cao nguyên Thanh Tạng, thảm họa có xảy ra?|https://kienthuc.net.vn/khoa-hoc-cong-nghe/bang-vinh-cuu-tan-nhanh-tren-cao-nguyen-thanh-tang-tham-hoa-co-xay-ra-1706546.html|https://photo-cms-kienthuc.zadn.vn/zoom/130_82/uploaded/hongnhat/2022_05_24/1/cao-1_EGHO.jpg|Là cao nguyên cao nhất thế giới, cao nguyên Thanh Tạng ở Trung Quốc là nơi xảy ra một hiện tượng nguy hiểm có khả năng ảnh hưởng đến hàng tỷ nguời.|khoa học|kienthuc.net|"12:50 | 29/05/2022"
Trồng cây kim ngân, chôn 3 “nguyên liệu” này vào đất, rễ sẽ không thối|https://kienthuc.net.vn/khoa-hoc-cong-nghe/trong-cay-kim-ngan-chon-3-nguyen-lieu-nay-vao-dat-re-se-khong-thoi-1706050.html|https://photo-cms-kienthuc.zadn.vn/zoom/130_82/Uploaded/tructoasoan/2022_05_27/kim-ngan-ngoisaovn-w800-h480_SYDO.jpg|Xin giới thiệu cho bạn một trong những mẹo nhỏ khi trồng cây kim ngân trong nhà.|khoa học|kienthuc.net|"12:21 | 29/05/2022"
"Cực nóng: Tín hiệu bí ẩn nhất vũ trụ ""Wow!"" đã được giải đáp?"|https://kienthuc.net.vn/khoa-hoc-cong-nghe/cuc-nong-tin-hieu-bi-an-nhat-vu-tru-wow-da-duoc-giai-dap-1706539.html|https://photo-cms-kienthuc.zadn.vn/zoom/130_82/Uploaded/ctvkhotrithuc/trang/tin_hieu_wow/avt_wow_3_GBQF.jpg|Các nhà nghiên cứu đã có thể xác định được nguồn gốc của tín hiệu ngoài hành tinh Wow! nổi tiếng phát hiện cách đây gần nửa thế kỷ.|khoa học|kienthuc.net|"12:20 | 29/05/2022"
"Dùng đất sao Hỏa đóng gạch ""xịn"", con người sắp có chỗ định cư mới?"|https://kienthuc.net.vn/khoa-hoc-cong-nghe/dung-dat-sao-hoa-dong-gach-xin-con-nguoi-sap-co-cho-dinh-cu-moi-1706317.html|https://photo-cms-kienthuc.zadn.vn/zoom/130_82/Uploaded/ctvkhoahoc/2022_05_28/saohoa/10_1_OEOI.jpg|Gạch không gian được phát triển từ đất sao Hỏa mô phỏng bằng phương pháp đúc bùn.|khoa học|kienthuc.net|"08:15 | 29/05/2022"
“Cánh cửa địa ngục” ở Siberia ngày càng mở rộng, thảm họa có xảy ra?|https://kienthuc.net.vn/khoa-hoc-cong-nghe/canh-cua-dia-nguc-o-siberia-ngay-cang-mo-rong-tham-hoa-co-xay-ra-1706316.html|https://photo-cms-kienthuc.zadn.vn/zoom/130_82/uploaded/thuydung/2022_05_25/3/4_JTIZ.png|"Khu vực miệng núi lửa Batagaika hay ""cánh cửa địa ngục"" đang nhận báo động nguy hiểm bởi miệng hố đang lớn dần với tốc độ chóng mặt mà không thể ngăn cản."|khoa học|kienthuc.net|"07:30 | 29/05/2022"
Cận cảnh bộ sưu tập tiêu bản khỉ có 1-0-2 ở Đà Lạt|https://kienthuc.net.vn/khoa-hoc-cong-nghe/can-canh-bo-suu-tap-tieu-ban-khi-co-1-0-2-o-da-lat-1706315.html|https://photo-cms-kienthuc.zadn.vn/zoom/130_82/uploaded/quocquan/2022_05_27/0-k-14_HJOF.JPG|Nhiều loài linh trưởng có nguy cơ biến mất vĩnh viễn, khiến các thế hệ tiếp theo của người Việt chỉ còn cơ hội biết đến chúng qua những tiêu bản đặc biệt này.|khoa học|kienthuc.net|"07:10 | 29/05/2022"
Nóng: Phi cơ Mỹ từng suýt phóng đạn rocket vào UFO trên bầu trời Anh?|https://kienthuc.net.vn/khoa-hoc-cong-nghe/nong-phi-co-my-tung-suyt-phong-dan-rocket-vao-ufo-tren-bau-troi-anh-1706314.html|https://photo-cms-kienthuc.zadn.vn/zoom/130_82/uploaded/thuydung/2022_05_27/8/3_JQFI.png|Trong tài liệu mật liên quan đến các vật thể bay không xác định (UFO) được Cục Lưu trữ Quốc gia Anh công bố hồi năm 2008 có một vụ va chạm của phi cơ F-86.|khoa học|kienthuc.net|"06:40 | 29/05/2022"
Giải mã sự thật thanh kiếm 5.000 năm tuổi: Lịch sử phải viết lại?|https://kienthuc.net.vn/khoa-hoc-cong-nghe/giai-ma-su-that-thanh-kiem-5000-nam-tuoi-lich-su-phai-viet-lai-1706303.html|https://photo-cms-kienthuc.zadn.vn/zoom/130_82/uploaded/hongnhat/2022_05_27/4/kiemm-7_ZVMT.jpg|Một bảo tàng ở Italy trưng bày một thanh kiếm cổ. Suốt nhiều năm, nó bị nhầm là vũ khí thời Trung cổ nhưng thực chất là thanh kiếm 5.000 tuổi.|khoa học|kienthuc.net|"20:15 | 28/05/2022"
Lo thảm họa, chuyên gia lưu trữ gấp tri thức nhân loại trên Mặt Trăng?|https://kienthuc.net.vn/khoa-hoc-cong-nghe/lo-tham-hoa-chuyen-gia-luu-tru-gap-tri-thuc-nhan-loai-tren-mat-trang-1706300.html|https://photo-cms-kienthuc.zadn.vn/zoom/130_82/uploaded/thuydung/2022_05_27/2/12_XBCX.png|Để tránh những thảm họa có thể phá hủy mọi kho lưu trữ tri thức nhân loại trên Trái Đất, các nhà khoa học đang lên kế hoạch lưu trữ chúng trên Mặt Trăng.|khoa học|kienthuc.net|"19:03 | 28/05/2022"
Tiết lộ bất ngờ về ngôi sao xa nhất nhìn thấy trong vũ trụ|https://kienthuc.net.vn/khoa-hoc-cong-nghe/tiet-lo-bat-ngo-ve-ngoi-sao-xa-nhat-nhin-thay-trong-vu-tru-1706244.html|https://photo-cms-kienthuc.zadn.vn/zoom/130_82/Uploaded/ctvkhoahoc/2022_05_21/28tynam/10_1_GHJM.jpg|"Các nhà thiên văn đặt biệt danh cho nó là ""Earendel"", từ tiếng Anh cổ có nghĩa là ""sao mai”."|khoa học|kienthuc.net|"14:40 | 28/05/2022"
Khám phá bất ngờ bên trong hầm mộ hạt nhân đầu tiên trên thế giới|https://kienthuc.net.vn/khoa-hoc-cong-nghe/kham-pha-bat-ngo-ben-trong-ham-mo-hat-nhan-dau-tien-tren-the-gioi-1706243.html|https://photo-cms-kienthuc.zadn.vn/zoom/130_82/Uploaded/ctvkhotrithuc/trang/ham_mo_hat_nhan/avt_onkalo_XWCM.jpg|Phần Lan đã sẵn sàng hoàn thành các khâu cuối cùng để xây dựng kho lưu trữ và xử lý chất thải hạt nhân mức độ cao đầu tiên trên thế giới.|khoa học|kienthuc.net|"12:50 | 28/05/2022"
Con người có thể trở thành loài người liên hành tinh trong 200 năm nữa|https://kienthuc.net.vn/khoa-hoc-cong-nghe/con-nguoi-co-the-tro-thanh-loai-nguoi-lien-hanh-tinh-trong-200-nam-nua-1705859.html|https://photo-cms-kienthuc.zadn.vn/zoom/130_82/Uploaded/tructoasoan/2022_05_27/1-9426_TEAT.jpg|Nếu chúng ta có thể tránh được sự hủy diệt trong trận đại hồng thủy thì chúng ta có thể trở thành một loài liên hành tinh trong vòng ít nhất 200 năm nữa.|khoa học|kienthuc.net|"12:30 | 28/05/2022"
Tìm thấy hộp sọ 8.000 tuổi, kinh ngạc nhận ra sự thật bất ngờ|https://kienthuc.net.vn/khoa-hoc-cong-nghe/tim-thay-hop-so-8000-tuoi-kinh-ngac-nhan-ra-su-that-bat-ngo-1706242.html|https://photo-cms-kienthuc.zadn.vn/zoom/130_82/uploaded/hongnhat/2022_05_26/2/sooo-1_NZCR.jpg|Theo các chuyên gia mới, hộp sọ 8.000 tuổi được phát hiện ở Minnesota thuộc về một người Mỹ bản địa. Các kiểm tra hé lộ chế độ ăn uống đặc biệt của người này.|khoa học|kienthuc.net|"12:20 | 28/05/2022"
Độc đáo trang trại trồng rau dưới đáy biển đầu tiên trên thế giới|https://kienthuc.net.vn/khoa-hoc-cong-nghe/doc-dao-trang-trai-trong-rau-duoi-day-bien-dau-tien-tren-the-gioi-1706159.html|https://photo-cms-kienthuc.zadn.vn/zoom/130_82/Uploaded/ctvkhotrithuc/trang/vuon_nemo/avt_vuon_nemo_9_MBDF.jpg|Vườn Nemo nằm ở độ sâu gần 40 m ngoài khơi làng Noli thuộc tỉnh Liguria, Ý bao gồm 6 khối cầu trong suốt dùng để trồng các loại thảo mộc, rau và hoa.|khoa học|kienthuc.net|"08:15 | 28/05/2022"
Khám phá biển Đen, chuyên gia sững người phát hiện nhiều sự thật sốc|https://kienthuc.net.vn/khoa-hoc-cong-nghe/kham-pha-bien-den-chuyen-gia-sung-nguoi-phat-hien-nhieu-su-that-soc-1706158.html|https://photo-cms-kienthuc.zadn.vn/zoom/130_82/uploaded/hongnhat/2022_05_26/4/bienden-2_PGJL.jpg|Biển Đen gần như không có ánh sáng, oxy với rất ít dạng sống tồn tại. Tại vùng biển này, các chuyên gia phát hiện có những phát hiện quan trọng và bất ngờ.|khoa học|kienthuc.net|"07:30 | 28/05/2022"
Vọoc Chà Vá chân đen núi Chứa Chan: Quý hiếm sao cần bảo tồn gấp?|https://kienthuc.net.vn/khoa-hoc-cong-nghe/vooc-cha-va-chan-den-nui-chua-chan-quy-hiem-sao-can-bao-ton-gap-1706155.html|https://photo-cms-kienthuc.zadn.vn/zoom/130_82/uploaded/thuydung/2022_05_27/9/2_OIYC.png|Ủy ban nhân dân tỉnh Đồng Nai đã xác định một quần thể vọoc Chà Vá chân đen tại núi Chứa Chan, huyện Xuân Lộc từ 159 đến 192 cá thể cần được bảo tồn.|khoa học|kienthuc.net|"07:10 | 28/05/2022"
Phát hiện tảng đá giống hệt người ngoài hành tinh, ngàn người kéo đến xem|https://kienthuc.net.vn/khoa-hoc-cong-nghe/phat-hien-tang-da-giong-het-nguoi-ngoai-hanh-tinh-ngan-nguoi-keo-den-xem-1706153.html|https://photo-cms-kienthuc.zadn.vn/zoom/130_82/uploaded/hongnhat/2022_05_27/4/nguoii-1_UNZK.jpg|Một trang trại ở Brazil đang trở thành tâm điểm của dư luận khi người chủ phát hiện một tảng đá trông giống hệt người ngoài hành tinh.|khoa học|kienthuc.net|"06:40 | 28/05/2022"
"Bí ẩn hồ tử thần hoá đá mọi sinh vật thành ""xác sống"""|https://kienthuc.net.vn/khoa-hoc-cong-nghe/bi-an-ho-tu-than-hoa-da-moi-sinh-vat-thanh-xac-song-1706042.html|https://photo-cms-kienthuc.zadn.vn/zoom/130_82/uploaded/thuydung/2022_05_27/3/8_BIPM.png|Hồ Natron ở Tanzania nổi tiếng khắp thế giới với màu đỏ và cam rực rỡ cùng với lời đồn đoán nó bị nguyền rủa, bất cứ sinh vật nào tới gần hồ đều sẽ bị hóa đá.|khoa học|kienthuc.net|"20:15 | 27/05/2022"
Hành trình du hành đến tương lai của người đàn ông ngủ lì 12 tháng|https://kienthuc.net.vn/khoa-hoc-cong-nghe/hanh-trinh-du-hanh-den-tuong-lai-cua-nguoi-dan-ong-ngu-li-12-thang-1706038.html|https://photo-cms-kienthuc.zadn.vn/zoom/130_82/uploaded/thuydung/2022_05_24/9/1_XTGH.png|Sau một năm ngủ vùi, Paul Amadeus Dienach đã tỉnh dậy và kể về trải nghiệm du hành đến thế giới tương lai, sống trong một thân thể khác của mình.|khoa học|kienthuc.net|"19:03 | 27/05/2022"
Tại sao sao Kim vẫn quay chậm bất chấp sức mạnh của Mặt trời?|https://kienthuc.net.vn/khoa-hoc-cong-nghe/tai-sao-sao-kim-van-quay-cham-bat-chap-suc-manh-cua-mat-troi-1705918.html|https://photo-cms-kienthuc.zadn.vn/zoom/130_82/Uploaded/ctvkhoahoc/2022_05_25/saokim/10_1_MQYQ.jpg|Hành tinh Sao Kim quay rất chậm, với một vòng quay duy nhất mất khoảng 243 ngày Trái đất.|khoa học|kienthuc.net|"14:40 | 27/05/2022"
Những phát minh khoa học - công nghệ đầu tiên trên thế giới|https://kienthuc.net.vn/khoa-hoc-cong-nghe/nhung-phat-minh-khoa-hoc-cong-nghe-dau-tien-tren-the-gioi-1705445.html|https://photo-cms-kienthuc.zadn.vn/zoom/130_82/Uploaded/tructoasoan/2022_05_26/phat_hien/phathien3_TQEK.jpg|Ngày nay, các ngành khoa học càng phổ biến trong thời đại công nghiệp 4.0. Tuy nhiên, những thiết kế khoa học đầu tiên trên thế giới rất ít người biết đến.|khoa học|kienthuc.net|"12:30 | 27/05/2022"
"Quét radar, hiện ra 134 ""ngôi làng ma"" 1.900 tuổi giữa cánh đồng"|https://kienthuc.net.vn/khoa-hoc-cong-nghe/quet-radar-hien-ra-134-ngoi-lang-ma-1900-tuoi-giua-canh-dong-1705418.html|https://photo-cms-kienthuc.zadn.vn/zoom/130_82/Uploaded/tructoasoan/2022_05_26/lang3_CLID.jpg|"Các nhà khoa học gọi đó là một bước đột phá khảo cổ bởi các ""ngôi làng ma"" mới phát hiện có thể cung cấp rất nhiều dữ liệu về thời kỳ La Mã chiếm đóng Anh."|khoa học|kienthuc.net|"12:27 | 27/05/2022"
Ấn tượng với hang động pha lê dưới lòng đất ở Mexico|https://kienthuc.net.vn/khoa-hoc-cong-nghe/an-tuong-voi-hang-dong-pha-le-duoi-long-dat-o-mexico-1705410.html|https://photo-cms-kienthuc.zadn.vn/zoom/130_82/Uploaded/tructoasoan/2022_05_26/saostar-lwl0rr3l7fa3g7hf_WTAA.jpg|Bị chôn vùi dưới núi Naica trong sa mạc Chihuahua là hang động pha lê lớn nhất từng được biết tới.|khoa học|kienthuc.net|"12:24 | 27/05/2022"
Những sự thật thú vị về đại dương có thể bạn chưa biết|https://kienthuc.net.vn/khoa-hoc-cong-nghe/nhung-su-that-thu-vi-ve-dai-duong-co-the-ban-chua-biet-1705403.html|https://photo-cms-kienthuc.zadn.vn/zoom/130_82/Uploaded/tructoasoan/2022_05_26/s5_5_YYFP.jpg|Quán café của cá mập, nơi tạo ra 70% oxy trên hành tinh hay khu vực còn bí ẩn hơn cả sao Hỏa,… chỉ là một vài trong số những sự thật thú vị về đại dương.|khoa học|kienthuc.net|"12:21 | 27/05/2022"
Nóng: Đang tồn tại một thế giới song song ngay cạnh chúng ta?|https://kienthuc.net.vn/khoa-hoc-cong-nghe/nong-dang-ton-tai-mot-the-gioi-song-song-ngay-canh-chung-ta-1705915.html|https://photo-cms-kienthuc.zadn.vn/zoom/130_82/uploaded/thuydung/2022_05_27/1/4_NROM.png|Không loại trừ khả năng ngay bây giờ, vũ trụ của chúng ta cũng đang tồn tại một thực tại khác song song và đang bị che khuất bởi một bức màn vô hình nào đó.|khoa học|kienthuc.net|"12:20 | 27/05/2022"
"Giải mã bất ngờ loài ""giun điên” kì lạ xâm chiếm nước Mỹ"|https://kienthuc.net.vn/khoa-hoc-cong-nghe/giai-ma-bat-ngo-loai-giun-dien-ki-la-xam-chiem-nuoc-my-1705727.html|https://photo-cms-kienthuc.zadn.vn/zoom/130_82/Uploaded/ctvkhotrithuc/trang/giun_dien/avt_giun_2_SMQN.jpg|Một loài giun đất phàm ăn và có khả năng bật nhảy đang xâm lấn nhiều bang của Mỹ, đe dọa hệ sinh thái bản địa.|khoa học|kienthuc.net|"08:15 | 27/05/2022"
Cá mập voi khủng mắc cạn ở bờ biển Indonesia: Loài nguy cấp!|https://kienthuc.net.vn/khoa-hoc-cong-nghe/ca-map-voi-khung-mac-can-o-bo-bien-indonesia-loai-nguy-cap-1705710.html|https://photo-cms-kienthuc.zadn.vn/zoom/130_82/uploaded/hongnhat/2022_05_26/5/mcccc-2_CHDN.jpg|"Một con cá mập voi dài 5,8m đã chết sau 2 lần mắc cạn ở bờ biển Kincie, Indonesia dù được giải cứu. Cá mập voi được phân loại ""nguy cấp trong Sách Đỏ."|khoa học|kienthuc.net|"07:10 | 27/05/2022"
Phi hành gia NASA: “UFO hạ cánh không phát ra tiếng động!“|https://kienthuc.net.vn/khoa-hoc-cong-nghe/phi-hanh-gia-nasa-ufo-ha-canh-khong-phat-ra-tieng-dong-1705704.html|https://photo-cms-kienthuc.zadn.vn/zoom/130_82/uploaded/thuydung/2022_05_26/6/6_EJHZ.png|"Gordon Cooper, một phi hành gia của NASA đã kể lại trải nghiệm bắt gặp UFO của mình: ""Nó không gây ra dù chỉ một tiếng động trong cả quá trình hạ lẫn cất cánh""."|khoa học|kienthuc.net|"06:40 | 27/05/2022"
Những “thuỷ quái” sông Đà khiến dân tình phát hoảng vì quá “khủng“|https://kienthuc.net.vn/khoa-hoc-cong-nghe/nhung-thuy-quai-song-da-khien-dan-tinh-phat-hoang-vi-qua-khung-1705614.html|https://photo-cms-kienthuc.zadn.vn/zoom/130_82/uploaded/thuydung/2022_05_26/5/7_LKQZ.png|"Sông Đà là 1 con sông hùng vỹ nhất khu vực Tây Bắc, ở đây ngư dân không ít lần đã bắt được những con ""thuỷ quái"" có kích thước cực khủng khiến dân tình xôn xao."|khoa học|kienthuc.net|"20:15 | 26/05/2022"
Nghi vấn phi công đầu tiên bắn hạ vật thể bay ngoài Trái đất|https://kienthuc.net.vn/khoa-hoc-cong-nghe/nghi-van-phi-cong-dau-tien-ban-ha-vat-the-bay-ngoai-trai-dat-1705330.html|https://photo-cms-kienthuc.zadn.vn/zoom/130_82/uploaded/thuydung/2022_05_25/6/2_BQFJ.png|"Một phi công Đức dày dặn kinh nghiệm với biệt danh ""Nam tước đỏ"" được cho là phi công đầu tiên trong lịch sử loài người bắn hạ một vật thể bay ngoài Trái đất."|khoa học|kienthuc.net|"19:03 | 26/05/2022"
Nóng: Mặt trời yếu đi, Trái đất sắp rơi vào kỷ băng hà mới?|https://kienthuc.net.vn/khoa-hoc-cong-nghe/nong-mat-troi-yeu-di-trai-dat-sap-roi-vao-ky-bang-ha-moi-1705481.html|https://photo-cms-kienthuc.zadn.vn/zoom/130_82/uploaded/thuydung/2022_05_26/2/11_KJSS.png|Theo NASA, trong vòng 30 năm tới năng lượng Mặt trời cung cấp cho Trái đất sẽ yếu đi đáng kể, điều này sẽ khiến hành tinh của chúng ta lâm vào kỷ băng hà mới!|khoa học|kienthuc.net|"14:40 | 26/05/2022"
Phát hiện dấu vết loài “Rồng tử thần” từng thống trị Trái đất|https://kienthuc.net.vn/khoa-hoc-cong-nghe/phat-hien-dau-vet-loai-rong-tu-than-tung-thong-tri-trai-dat-1705502.html|https://photo-cms-kienthuc.zadn.vn/zoom/130_82/uploaded/thuydung/2022_05_26/3/9_BDXJ.png|"Các nhà khoa học đã phát hiện hoá thạch của một loài bò sát bay khổng lồ được mệnh danh là ""Rồng tử thần"" từng thống trị bầu trời cách đây 86 triệu năm."|khoa học|kienthuc.net|"12:50 | 26/05/2022"
NASA cho biết có điều gì đó kỳ lạ đang xảy ra với vũ trụ|https://kienthuc.net.vn/khoa-hoc-cong-nghe/nasa-cho-biet-co-dieu-gi-do-ky-la-dang-xay-ra-voi-vu-tru-1705025.html|https://photo-cms-kienthuc.zadn.vn/zoom/130_82/Uploaded/tructoasoan/2022_05_25/nanda_CGHJ.JPG|Các quan sát cho thấy các thiên hà khác đang di chuyển ra khỏi Dải Ngân hà của chúng ta nhanh hơn so với những gì chúng ta quan sát được và tính toán trước đây.|khoa học|kienthuc.net|"12:42 | 26/05/2022"
Quét laser, bỗng dưng lộ ra 134 “ngôi làng ma” bí ẩn|https://kienthuc.net.vn/khoa-hoc-cong-nghe/quet-laser-bong-dung-lo-ra-134-ngoi-lang-ma-bi-an-1705469.html|https://photo-cms-kienthuc.zadn.vn/zoom/130_82/uploaded/thuydung/2022_05_26/1/1_HWEV.png|"Sau khi dùng LiDAR, một phương pháp thám sát bằng tia laser để khám phá khu vực quanh Bức tường Hadrian, các nhà khoa học đã phát hiện 134 ""ngôi làng ma"" bí ẩn."|khoa học|kienthuc.net|"12:20 | 26/05/2022"
GS.TS Nguyễn Văn Phước: Đất nước phát triển phải dựa vào trí thức|https://kienthuc.net.vn/khoa-hoc-cong-nghe/gsts-nguyen-van-phuoc-dat-nuoc-phat-trien-phai-dua-vao-tri-thuc-1705419.html|https://photo-cms-kienthuc.zadn.vn/zoom/130_82/Uploaded/mailoan/2022_05_25/nguyen-van-phuoc_FOEJ.jpg|GS.TS Nguyễn Văn Phước, Chủ tịch LHH TPHCM chia sẻ, không chỉ Việt Nam, mà cả thế giới, đất nước muốn phát triển đều phải dựa vào đội ngũ trí thức.|khoa học|kienthuc.net|"09:38 | 26/05/2022"
Muốn sinh tồn trên sao Hỏa, con người cần chuẩn bị những gì?|https://kienthuc.net.vn/khoa-hoc-cong-nghe/muon-sinh-ton-tren-sao-hoa-con-nguoi-can-chuan-bi-nhung-gi-1705342.html|https://photo-cms-kienthuc.zadn.vn/zoom/130_82/uploaded/hongnhat/2022_05_25/3/sao-5_AVDR.jpg|Một số cơ quan hàng không vũ trụ các nước đã thực hiện các dự án chinh phục sao Hỏa nhằm đưa con người lên sống. Vì vậy, giới khoa học cần chuẩn bị nhiều thứ.|khoa học|kienthuc.net|"08:15 | 26/05/2022"
Mở mộ các pharaoh Ai Cập thời đầu, bí mật lần đầu được hé lộ|https://kienthuc.net.vn/khoa-hoc-cong-nghe/mo-mo-cac-pharaoh-ai-cap-thoi-dau-bi-mat-lan-dau-duoc-he-lo-1705336.html|https://photo-cms-kienthuc.zadn.vn/zoom/130_82/Uploaded/ctvkhotrithuc/trang/mo_pharaoh/avt_mo_pharaoh_1_BGMO.jpg|Khi mở mộ của những pharaoh Ai Cập thời đầu, các chuyên gia vô cùng kinh ngạc khi phát hiện giá trị của các đồ mai táng khác xa tưởng tượng.|khoa học|kienthuc.net|"07:30 | 26/05/2022"
VQG Vũ Quang tái thả nhiều động vật hoang dã: Toàn loài quý hiếm!|https://kienthuc.net.vn/khoa-hoc-cong-nghe/vqg-vu-quang-tai-tha-nhieu-dong-vat-hoang-da-toan-loai-quy-hiem-1705338.html|https://photo-cms-kienthuc.zadn.vn/zoom/130_82/uploaded/hongnhat/2022_05_25/6/thaaa-3_ISGS.jpg|Vườn Quốc gia Vũ Quang đã phối hợp với Vườn Quốc gia Cúc Phương tái thả nhiều động vật hoang dã về môi trường tự nhiên. Trong đó có một số loài quý hiếm.|khoa học|kienthuc.net|"07:10 | 26/05/2022"
"Nam Cực bất ngờ xuất hiện ""tuyết máu"", chuyên gia lo ngay ngáy"|https://kienthuc.net.vn/khoa-hoc-cong-nghe/nam-cuc-bat-ngo-xuat-hien-tuyet-mau-chuyen-gia-lo-ngay-ngay-1705329.html|https://photo-cms-kienthuc.zadn.vn/zoom/130_82/uploaded/thuydung/2022_05_25/8/2_NLVQ.png|Các nhà khoa học lại phát hiện cảnh tượng bất thường ở Nam Cực, giữa những vùng tuyết trắng muốt lại xuất hiện những vùng lớn màu đỏ lòm như máu.|khoa học|kienthuc.net|"06:40 | 26/05/2022"
Top địa điểm bí ẩn không kém ngoài hành tinh, khó ai lý giải|https://kienthuc.net.vn/khoa-hoc-cong-nghe/top-dia-diem-bi-an-khong-kem-ngoai-hanh-tinh-kho-ai-ly-giai-1705204.html|https://photo-cms-kienthuc.zadn.vn/zoom/130_82/uploaded/thuydung/2022_05_23/7/9_JWBC.png|Ngay trên hành tinh của chúng ta cũng tồn tại những địa điểm vô cùng bí ẩn không kém ngoài hành tinh, thách thức các nhà khoa học giải mã.|khoa học|kienthuc.net|"20:15 | 25/05/2022"
Tìm thấy hệ sao dễ sống hơn Trái đất, người ngoài hành tinh trú ngụ?|https://kienthuc.net.vn/khoa-hoc-cong-nghe/tim-thay-he-sao-de-song-hon-trai-dat-nguoi-ngoai-hanh-tinh-tru-ngu-1705195.html|https://photo-cms-kienthuc.zadn.vn/zoom/130_82/uploaded/thuydung/2022_05_25/2/2_PGPX.png|"Mới đây, các nhà khoa học đã phát hiện ra rằng, Trái đất không phải là nơi dễ sống nhất vũ trụ mà là vùng không gian quanh các ""mặt trời đôi""."|khoa học|kienthuc.net|"19:03 | 25/05/2022"
Xác cá nhà táng dạt vào bờ biển Philippines, chuyên gia lo ngay ngáy|https://kienthuc.net.vn/khoa-hoc-cong-nghe/xac-ca-nha-tang-dat-vao-bo-bien-philippines-chuyen-gia-lo-ngay-ngay-1705097.html|https://photo-cms-kienthuc.zadn.vn/zoom/130_82/uploaded/hongnhat/2022_05_25/2/canhh-4_AIKV.jpg|Hai ngư dân phát hiện xác một con cá nhà táng trôi dạt vào bờ biển ở Philippines. Việc tìm thấy xác con vật khổng lồ này khiến các chuyên gia lo ngại.|khoa học|kienthuc.net|"14:40 | 25/05/2022"
Nóng: Tìm thấy quái vật sặc sỡ từng lang thang khắp địa cầu|https://kienthuc.net.vn/khoa-hoc-cong-nghe/nong-tim-thay-quai-vat-sac-so-tung-lang-thang-khap-dia-cau-1705093.html|https://photo-cms-kienthuc.zadn.vn/zoom/130_82/uploaded/thuydung/2022_05_25/1/1_ZXUT.png|Mới đây, các nhà khoa học đã tìm thấy hoá thạch của một con khủng long có tới 5 màu sắc sặc sỡ từng lang thang khắp Trái đất vào khoảng 72 triệu năm trước.|khoa học|kienthuc.net|"12:50 | 25/05/2022"
Rò rỉ hồ sơ tuyệt mật về UFO, lộ ra bí mật sốc?|https://kienthuc.net.vn/khoa-hoc-cong-nghe/ro-ri-ho-so-tuyet-mat-ve-ufo-lo-ra-bi-mat-soc-1705088.html|https://photo-cms-kienthuc.zadn.vn/zoom/130_82/uploaded/thuydung/2022_05_24/7/7_QDXG.png|Nick Pope từng đảm nhận nhiệm vụ điều tra các báo cáo về các vụ chứng kiến UFO ở Bộ Quốc phòng Anh, để xem chúng có tiềm ẩn bất kỳ nguy hiểm nào không.|khoa học|kienthuc.net|"12:20 | 25/05/2022"
