Bên trong máy bay tư nhân sang trọng nhất giới có gì?|https://kienthuc.net.vn/kinh-doanh/ben-trong-may-bay-tu-nhan-sang-trong-nhat-gioi-co-gi-1710119.html|https://photo-cms-kienthuc.zadn.vn/zoom/130_82/Uploaded/nguyenvan/2022_06_07/5/s5_DDIA.jpg|Trên chiếc máy bay tư nhân sang trọng này, bạn có thể trải nghiệm thiết kế nội thất đẳng cấp thế giới, từ phòng làm việc, phòng ngủ....đến nhà bếp.|kinh tế|kienthuc.net|"19:45 | 12/06/2022"
10 mẫu biệt thự 1 tầng đẹp nhất mọi thời đại|https://kienthuc.net.vn/kinh-doanh/10-mau-biet-thu-1-tang-dep-nhat-moi-thoi-dai-1709649.html|https://photo-cms-kienthuc.zadn.vn/zoom/130_82/Uploaded/nguyenvan/2022_06_06/6/s4_WHDE.jpg|Biệt thự 1 tầng có thể sáng tạo theo nhiều phong cách thiết kế khác nhau từ cổ điển, tân cổ điển cho tới hiện đại.|kinh tế|kienthuc.net|"14:00 | 12/06/2022"
Top 10 sân bay đẹp nhất thế giới 2022|https://kienthuc.net.vn/kinh-doanh/top-10-san-bay-dep-nhat-the-gioi-2022-1710416.html|https://photo-cms-kienthuc.zadn.vn/zoom/130_82/Uploaded/nguyenvan/2022_06_08/5/a2_DUYW.jpg|Không chỉ là sân bay tốt nhất thế giới 8 năm liên tiếp, sân bay Changi Singapore còn dẫn đầu danh sách sân bay đẹp nhất thế giới 2022.|kinh tế|kienthuc.net|"13:08 | 12/06/2022"
Tăng lương tối thiểu vùng cho người lao động từ 1/7/2022|https://kienthuc.net.vn/xa-hoi/tang-luong-toi-thieu-vung-cho-nguoi-lao-dong-tu-172022-1711838.html|https://photo-cms-kienthuc.zadn.vn/zoom/130_82/Uploaded/haininh/2022_06_12/7765_WYRZ.jpg|Nghị định này quy định mức lương tối thiểu tháng và mức lương tối thiểu giờ áp dụng đối với người lao động làm việc theo hợp đồng lao động.|kinh tế|kienthuc.net|"11:46 | 12/06/2022"
Giá xăng ngày mai tiếp tục lập kỷ lục mới, vượt 32.000 đồng/lít?|https://kienthuc.net.vn/kinh-doanh/gia-xang-ngay-mai-tiep-tuc-lap-ky-luc-moi-vuot-32000-donglit-1711761.html|https://photo-cms-kienthuc.zadn.vn/zoom/130_82/Uploaded/hongngan/2022_06_12/NHUZNKXVHNJF3MG3LGDTX7FMEE_CEXD.jpg|Giá xăng ngày 13/6 dự kiến tiếp tục tăng theo đà tăng thế giới. Nếu cơ quan quản lý không tác động đến quỹ bình ổn, giá mặt hàng này trong nước có thể tăng 500-900 đồng/lít.|kinh tế|kienthuc.net|"08:04 | 12/06/2022"
Ốc đảo nhiệt đới Sunshine City Sai Gon ra mắt toà S2 Tower, tiếp sức nóng cho thị trường khu Nam Sài Gòn|https://kienthuc.net.vn/doanh-nghiep/oc-dao-nhiet-doi-sunshine-city-sai-gon-ra-mat-toa-s2-tower-tiep-suc-nong-cho-thi-truong-khu-nam-sai-gon-1711243.html|https://photo-cms-kienthuc.zadn.vn/zoom/130_82/Uploaded/thanhhang/2022_06_10/3/1_IVTW.jpg|Sunshine City Sai Gon tiếp tục cho ra mắt tòa S2 Tower, bổ sung đáng kể nguồn cung mới giữa lúc thị trường dần hồi phục nhưng vẫn khan hàng.|kinh tế|kienthuc.net|"08:00 | 12/06/2022"
Giá vàng hôm nay 12/6: Kết thúc tuần tăng giá, chờ động lực mới|https://kienthuc.net.vn/kinh-doanh/gia-vang-hom-nay-126-ket-thuc-tuan-tang-gia-cho-dong-luc-moi-1711747.html|data:image/png;base64,iVBORw0KGgoAAAANSUhEUgAAAyAAAAINCAYAAADGNRs0AAAgAElEQVR4nOy9aZBlyXXf98vlLm+vvbqrt+llpmcfzAwwHCxcABASwJ2CGfIXy5TlkETKIX1RiF/sCEU4JNlhh2lH2DJth8mQwpJB0mRIkLjJHA6AwTbAYHbM1nt39Vb729+9Nxd/yPtevarunp4hCG6eE1Fd9fq9d2/ezJOZ53/O/5wUrz2HlwqkZ|Giá vàng thế giới tăng trong bối cảnh chịu ảnh hưởng của chỉ số đồng USD, số liệu kinh tế Mỹ cũng như lập trường chính sách tiền tệ của Fed.|kinh tế|kienthuc.net|"07:53 | 12/06/2022"
Ốp đá từ trong ra ngoài, nhà Huế khiến báo ngoại ngỡ ngàng|https://kienthuc.net.vn/kinh-doanh/op-da-tu-trong-ra-ngoai-nha-hue-khien-bao-ngoai-ngo-ngang-1711339.html|https://photo-cms-kienthuc.zadn.vn/zoom/130_82/Uploaded/nguyenvan/2022_06_10/7/a1_WDKD.jpg|Ngôi nhà mang kiểu dáng truyền thống với hệ mái ngói đồng bằng đất sét và một loại ngói địa phương cổ của thành phố Huế.|kinh tế|kienthuc.net|"07:00 | 12/06/2022"
Nhà cấp 4 như mang cả bầu trời vào không gian|https://kienthuc.net.vn/kinh-doanh/nha-cap-4-nhu-mang-ca-bau-troi-vao-khong-gian-1711578.html|https://photo-cms-kienthuc.zadn.vn/zoom/130_82/Uploaded/trantuananh/2022_06_11/nha-ap-mai2-2269_AIZN.jpg|Nhờ việc làm mái hiên bằng kính dọc theo hành lang, ngôi nhà cấp 4 có thể đón ánh sáng tự nhiên vào tất cả các khu vực như phòng khách, phòng ngủ, bếp, tạo cảm giác như mang được...|kinh tế|kienthuc.net|"06:57 | 12/06/2022"
Thứ quả được mệnh danh 'hoa trái của các vị thần', ai không nên ăn?|https://kienthuc.net.vn/kinh-doanh/thu-qua-duoc-menh-danh-hoa-trai-cua-cac-vi-than-ai-khong-nen-an-1711567.html|https://photo-cms-kienthuc.zadn.vn/zoom/130_82/Uploaded/trantuananh/2022_06_11/thu-qua-duoc-menh-danh-hoa-trai-cua-cac-vi-than-ai-khong-nen-an_HCTY.jpg|Theo các bác sĩ, măng cụt rất tốt cho sức khỏe, tuy nhiên, đây cũng là loại quả đại kỵ cho nhiều người đặc biệt là bệnh nhân suy thận.|kinh tế|kienthuc.net|"06:39 | 12/06/2022"
Nhà cấp 4 kiểu Pháp sang trọng, tiện nghi và đẹp hút hồn|https://kienthuc.net.vn/kinh-doanh/nha-cap-4-kieu-phap-sang-trong-tien-nghi-va-dep-hut-hon-1711507.html|https://photo-cms-kienthuc.zadn.vn/zoom/130_82/Uploaded/nguyenvan/2022_06_11/mau-nha-cap-4-kieu-phap-dep-nhat-2021-1-706_ACAG.jpg|Những mẫu nhà cấp 4 kiểu Pháp với lối thiết kế không quá cầu kỳ nhưng mang lại vẻ đẹp hút hồn, dễ dàng thu hút sự chú ý của nhiều người.|kinh tế|kienthuc.net|"05:42 | 12/06/2022"
Ngôi nhà 24 năm nổi bật giữa phố sau cải tạo theo phong cách Wabi Sabi|https://kienthuc.net.vn/kinh-doanh/ngoi-nha-24-nam-noi-bat-giua-pho-sau-cai-tao-theo-phong-cach-wabi-sabi-1711514.html|https://photo-cms-kienthuc.zadn.vn/zoom/130_82/Uploaded/nguyenvan/2022_06_11/ava-nha-pho-484_CIDH.jpg|Ngôi nhà xây từ năm 1998 với kiến trúc lạc hậu. Sau khi cải tạo, công trình trở nên nổi bật nhất phố với mặt tiền xinh xinh và không gian sang chảnh.|kinh tế|kienthuc.net|"05:38 | 12/06/2022"
Chi tiêu 6 triệu đồng/tháng, sinh viên kỳ vọng mức lương trên 10 triệu|https://kienthuc.net.vn/kinh-doanh/chi-tieu-6-trieu-dongthang-sinh-vien-ky-vong-muc-luong-tren-10-trieu-1711517.html|https://photo-cms-kienthuc.zadn.vn/zoom/130_82/Uploaded/nguyenvan/2022_06_11/chi-tieu-6-trieu-dongthang-sinh-vien-ky-vong-muc-luong-tren-10-trieu-30b16f000a1f46bfa300b0b6c920cc71_JKZP.jpg|Trong thời kỳ mà giá cả tăng, sinh viên mới ra trường đặt ra mức lương tối thiểu dựa trên chi phí đủ để họ sinh hoạt, sẵn sàng từ chối những nơi trả lương thấp.|kinh tế|kienthuc.net|"05:34 | 12/06/2022"
Chàng trai 26 tuổi sở hữu tài sản tỉ đô nhờ thu nhập thụ động|https://kienthuc.net.vn/kinh-doanh/chang-trai-26-tuoi-so-huu-tai-san-ti-do-nho-thu-nhap-thu-dong-1711518.html|https://photo-cms-kienthuc.zadn.vn/zoom/130_82/Uploaded/nguyenvan/2022_06_11/1/s1_OPGU.png|Cody Berman đã bắt đầu lối sống FIRE từ khi còn rất trẻ, tiết kiệm tối đa các chi phí sinh hoạt và khi tiết kiệm được một khoản tiền kha khá, anh nghỉ việc công ty và bắt đầu tự...|kinh tế|kienthuc.net|"05:30 | 12/06/2022"
Gia chủ dựng căn nhà gỗ giữa lòng Hà Nội làm nơi nghỉ dưỡng|https://kienthuc.net.vn/kinh-doanh/gia-chu-dung-can-nha-go-giua-long-ha-noi-lam-noi-nghi-duong-1711521.html|https://photo-cms-kienthuc.zadn.vn/zoom/130_82/Uploaded/nguyenvan/2022_06_11/nha-go-fv-ngoisaovn-w1080-h648_LWPR.jpg|Sự sang trọng, thân thiện với thiên nhiên... là những điều có thể dễ dàng nhận thấy khi ngắm thiết kế của ngôi nhà gỗ dưới đây.|kinh tế|kienthuc.net|"01:24 | 12/06/2022"
Ấn tượng với mẫu nhà chống ngập úng|https://kienthuc.net.vn/kinh-doanh/an-tuong-voi-mau-nha-chong-ngap-ung-1711519.html|https://photo-cms-kienthuc.zadn.vn/zoom/130_82/Uploaded/nguyenvan/2022_06_11/nha-dep-co-cay-phuong-8698_ZZNN.jpg|Đây là một trong những mẫu nhà đơn giản mà đẹp mắt, phù hợp với khu vực có địa hình dốc và thường xuyên mưa nhiều.|kinh tế|kienthuc.net|"01:18 | 12/06/2022"
Quán bún bò lạ nhất xứ Huế: Bán hàng thần tốc, khách tự phục vụ|https://kienthuc.net.vn/kinh-doanh/quan-bun-bo-la-nhat-xu-hue-ban-hang-than-toc-khach-tu-phuc-vu-1711677.html|https://photo-cms-kienthuc.zadn.vn/zoom/130_82/Uploaded/giadat/2022_06_11/31_RGXQ.jpg|Đối với nhiều người dân Huế, bún bò Mệ Kéo không phải nơi xa lạ, nhưng với nhiều khách tứ phương, không phải cũng biết tìm đến đúng nơi.|kinh tế|kienthuc.net|"00:33 | 12/06/2022"
Thủ tướng yêu cầu theo dõi việc Malaysia muốn bán xăng giá rẻ|https://kienthuc.net.vn/kinh-doanh/thu-tuong-yeu-cau-theo-doi-viec-malaysia-muon-ban-xang-gia-re-1711662.html|https://photo-cms-kienthuc.zadn.vn/zoom/130_82/uploaded/hoangthao/2022_06_11/gia_xang_YCRQ.jpg|Trước thông tin Malaysia muốn xuất khẩu xăng dầu sang Việt Nam, Thủ tướng yêu cầu Bộ Công Thương theo dõi kỹ để xem xét, xử lý theo quy định.|kinh tế|kienthuc.net|"20:53 | 11/06/2022"
Combo du lịch giá rẻ tràn chợ mạng: Làm sao để tránh “tiền mất, tật mang“?|https://kienthuc.net.vn/kinh-doanh/combo-du-lich-gia-re-tran-cho-mang-lam-sao-de-tranh-tien-mat-tat-mang-1711362.html|https://photo-cms-kienthuc.zadn.vn/zoom/130_82/Uploaded/nguyenvan/2022_06_10/8/b2_GXIH.jpg|Trước khi đặt mua combo du lịch giá rẻ, khách hàng nên tìm hiểu kỹ đơn vị cung cấp, xem xét có phù hợp không, so sánh với giá mua riêng vé máy bay...|kinh tế|kienthuc.net|"19:00 | 11/06/2022"
Vinamilk tập trung đẩy mạnh xây dựng mô hình phát triển bền vững trong ngành sữa|https://kienthuc.net.vn/kinh-doanh/vinamilk-tap-trung-day-manh-xay-dung-mo-hinh-phat-trien-ben-vung-trong-nganh-sua-1711552.html|https://photo-cms-kienthuc.zadn.vn/zoom/130_82/Uploaded/thanhhang/2022_06_11/2/hinh_6_HWRC.jpg|Là một trong những doanh nghiệp dẫn đầu ngành sữa, đóng vai trò lớn trong thay đổi diện mạo ngành chăn nuôi bò sữa công nghệ cao,|kinh tế|kienthuc.net|"16:55 | 11/06/2022"
Cùng Number 1 “săn tìm” chủ nhân của sáu giải triệu phú và một giải tỷ phú|https://kienthuc.net.vn/kinh-doanh/cung-number-1-san-tim-chu-nhan-cua-sau-giai-trieu-phu-va-mot-giai-ty-phu-1711548.html|https://photo-cms-kienthuc.zadn.vn/zoom/130_82/Uploaded/thanhhang/2022_06_11/1/6_EDPZ.png|Cơ hội trúng thưởng chưa bao giờ dễ dàng đến thế khi giải khát với các sản phẩm của Number 1 trong chương trình “Xé ngay trúng liền”.|kinh tế|kienthuc.net|"16:50 | 11/06/2022"
Choáng ngợp biệt thự hoa lan “Năm Cánh Trắng” rộng 1000m2 của đại gia Bắc Ninh|https://kienthuc.net.vn/kinh-doanh/choang-ngop-biet-thu-hoa-lan-nam-canh-trang-rong-1000m2-cua-dai-gia-bac-ninh-1711414.html|https://photo-cms-kienthuc.zadn.vn/zoom/130_82/Uploaded/ctvlanbanh/2022_06_10/8/1q_IOQC.png|Biệt thự hoa lan có tổng diện tích cả lô đất hơn 1.000m2 nhưng diện tích xây dựng bên trong chỉ khoảng 200m2 (chiếm khoảng 20%), còn lại là không gian dành cho sân vườn.|kinh tế|kienthuc.net|"13:03 | 11/06/2022"
So kè khối tài sản hội bạn thân của Minh Hằng|https://kienthuc.net.vn/kinh-doanh/so-ke-khoi-tai-san-hoi-ban-than-cua-minh-hang-1711300.html|https://photo-cms-kienthuc.zadn.vn/zoom/130_82/Uploaded/nguyenvan/2022_06_10/6/a1_PPGK.jpeg|Từ lâu, Hoàng Thùy Linh, Phạm Quỳnh Anh và Đông Nhi là những người bạn thân thiết của Minh Hằng.|kinh tế|kienthuc.net|"13:00 | 11/06/2022"
"Món cá ""nằm võng"" tốn 5 lít dầu, chế biến 10 tiếng ở Thái Bình"|https://kienthuc.net.vn/kinh-doanh/mon-ca-nam-vong-ton-5-lit-dau-che-bien-10-tieng-o-thai-binh-1711110.html|https://photo-cms-kienthuc.zadn.vn/zoom/130_82/Uploaded/tructoasoan/2022_06_10/mon-ca-nam-vong-ton-5-lit-dau-che-bien-10-tieng-dong-ho-o-thai-binh-6acee00f4273461089257676737a80d9_ECTI.jpeg|Cá chép được tuyển chọn kỹ, làm sạch, giữ nguyên con và lớp vảy bên ngoài, đem uốn cong theo chiếc võng tre rồi chiên vàng đều hai mặt.|kinh tế|kienthuc.net|"12:36 | 11/06/2022"
5 mẫu nhà cấp 4 mái bằng 3 phòng ngủ như thiên đường|https://kienthuc.net.vn/kinh-doanh/5-mau-nha-cap-4-mai-bang-3-phong-ngu-nhu-thien-duong-1711230.html|https://photo-cms-kienthuc.zadn.vn/zoom/130_82/Uploaded/thutrang/2022_06_10/1-nha-cap-4-831_FNZZ.jpg|Thiết kế nhà cấp 4 mái bằng 3 phòng ngủ hợp lý với không gian sang trọng, tinh tế tạo ra thiên đường sống 5 sao cho gia chủ.|kinh tế|kienthuc.net|"12:15 | 11/06/2022"
Resort có view biển ở Phú Yên cho kỳ nghỉ hè|https://kienthuc.net.vn/kinh-doanh/resort-co-view-bien-o-phu-yen-cho-ky-nghi-he-1711479.html|https://photo-cms-kienthuc.zadn.vn/zoom/130_82/Uploaded/huutuan/2022_06_09/277695615_3194880734060912_6977398575684663275_n_2_MLGA.jpeg|Không chỉ có lợi thế về cảnh quan trời phú, Phú Yên cũng đang xuất hiện thêm nhiều khu nghỉ dưỡng cao cấp để đáp ứng nhu cầu đa dạng của du khách.|kinh tế|kienthuc.net|"07:51 | 11/06/2022"
Ngôi nhà mê cung trên mảnh đất méo, xây trong 3 năm|https://kienthuc.net.vn/kinh-doanh/ngoi-nha-me-cung-tren-manh-dat-meo-xay-trong-3-nam-1711476.html|https://photo-cms-kienthuc.zadn.vn/zoom/130_82/Uploaded/ctvxahoi/2022_06_09/ava-nha-pho-368_YORV.jpg|Ngôi nhà 3,5 tầng xây trên mảnh đất méo mó, không vuông vắn nhưng với đam mê và tâm huyết, cặp vợ chồng ở Đà Nẵng đã biến nó thành không gian sống thú vị, giống một mê cung, trên...|kinh tế|kienthuc.net|"07:49 | 11/06/2022"
Giá vàng hôm nay 11/6: Lãi suất tăng, USD mạnh, vàng giảm giá|https://kienthuc.net.vn/kinh-doanh/gia-vang-hom-nay-116-lai-suat-tang-usd-manh-vang-giam-gia-1711468.html|https://photo-cms-kienthuc.zadn.vn/zoom/130_82/Uploaded/hoangthao/2022_06_11/gia-vang-23_AHWO.jpg|Giá vàng thế giới giảm trong bối cảnh lợi suất trái phiếu tăng và đồng USD mạnh lên đã làm giảm sức hấp dẫn của vàng.|kinh tế|kienthuc.net|"07:45 | 11/06/2022"
Nhà cấp 4 xây 800 triệu đẹp hút mắt|https://kienthuc.net.vn/kinh-doanh/nha-cap-4-xay-800-trieu-dep-hut-mat-1711305.html|https://photo-cms-kienthuc.zadn.vn/zoom/130_82/Uploaded/quocquan/2022_06_10/2-nha-cap-4-447_VYYM.jpg|Nhà cấp 4 ở Hà Nam mang đủ công năng sống tiện nghi và yếu tố nghỉ dưỡng với khoảng vườn trồng rau xanh mướt.|kinh tế|kienthuc.net|"07:39 | 11/06/2022"
Muốn đầu tư dự án tổ hợp nhôm 57.000 tỷ, Cty Hóa chất Đức Giang làm ăn sao?|https://kienthuc.net.vn/kinh-doanh/muon-dau-tu-du-an-to-hop-nhom-57000-ty-cty-hoa-chat-duc-giang-lam-an-sao-1711358.html|https://photo-cms-kienthuc.zadn.vn/zoom/130_82/Uploaded/manhhung/2022_06_10/nha-may-trich-ly-1024x832_ZFSS.jpg|Công ty cổ phần Tập đoàn Hóa chất Đức Giang ghi nhận doanh thu quý 1/2022 đạt 3.634 tỷ đồng, lợi nhuận sau thuế đạt 1.506 tỷ đồng.|kinh tế|kienthuc.net|"07:15 | 11/06/2022"
Hà Nội: Hàng loạt sai phạm TTXD ở xã Mai Đình?|https://kienthuc.net.vn/kinh-doanh/ha-noi-hang-loat-sai-pham-ttxd-o-xa-mai-dinh-1710991.html|https://photo-cms-kienthuc.zadn.vn/zoom/130_82/Uploaded/manhhung/2022_06_09/newfolder/aaa_QQLI.jpg|Hàng loạt công trình nhà ở, nhà xưởng đang bị phản ánh xây dựng trên nền đất giao thầu, đất nông nghiệp ở xã Mai Đình, Sóc Sơn, Hà Nội.|kinh tế|kienthuc.net|"07:00 | 11/06/2022"
Lật tẩy những chiêu ăn gian của thợ sửa điều hòa mùa nắng nóng|https://kienthuc.net.vn/kinh-doanh/lat-tay-nhung-chieu-an-gian-cua-tho-sua-dieu-hoa-mua-nang-nong-1711004.html|https://photo-cms-kienthuc.zadn.vn/zoom/130_82/Uploaded/manhhung/2022_06_09/lat-tay-nhung-chieu-an-gian-cua-tho-sua-dieu-hoa-mua-nang-nong-e45f8b9e91fa43a3a9415059d1779abf_IHFD.jpg|Ăn gian vật liệu, báo giá vật liệu cao hay báo điều hòa yếu ga nên khả năng làm lạnh kém… là những chiêu thường được một số thợ sửa điều hòa áp dụng để lừa người dùng.|kinh tế|kienthuc.net|"01:18 | 11/06/2022"
5 dấu hiệu ngôi nhà có phong thủy tốt, chủ nhà làm ăn phát đạt|https://kienthuc.net.vn/kinh-doanh/5-dau-hieu-ngoi-nha-co-phong-thuy-tot-chu-nha-lam-an-phat-dat-1711148.html|https://photo-cms-kienthuc.zadn.vn/zoom/130_82/Uploaded/nguyenvan/2022_06_10/1/k1_GGYL.jpg|Đây là một số dấu hiệu cho thấy ngôi nhà có phong thủy tốt, chủ nhà và những người sống trong gia đình sẽ gặp điều may trong cuộc sống.|kinh tế|kienthuc.net|"01:09 | 11/06/2022"
Hé lộ thông tin về tân giám đốc bí ẩn điều hành gã khổng lồ Facebook|https://kienthuc.net.vn/kinh-doanh/he-lo-thong-tin-ve-tan-giam-doc-bi-an-dieu-hanh-ga-khong-lo-facebook-1711289.html|https://photo-cms-kienthuc.zadn.vn/zoom/130_82/Uploaded/dinhcuc/2022_06_05/v/6_HTUJ.jpg|Javier Olivan kín tiếng hơn so với Sheryl Sandberg, người mà ông đang thay thế làm giám đốc điều hành của gã khổng lồ Facebook.|kinh tế|kienthuc.net|"01:03 | 11/06/2022"
Ngôi nhà kiến trúc Nhật Bản tạo hiệu ứng đổ bóng khi mặt trời di chuyển|https://kienthuc.net.vn/kinh-doanh/ngoi-nha-kien-truc-nhat-ban-tao-hieu-ung-do-bong-khi-mat-troi-di-chuyen-1711279.html|https://photo-cms-kienthuc.zadn.vn/zoom/130_82/Uploaded/dinhcuc/2022_06_09/v/5_QJPJ.jpg|Ngôi nhà như những khối chữ nhật xếp cạnh nhau một cách khéo léo và tinh tế, mang đến sự khác biệt và ấn tượng tại vùng đất Quảng Ngãi.|kinh tế|kienthuc.net|"00:51 | 11/06/2022"
Data tại Việt Nam phải là nguồn lực chính của doanh nghiệp|https://kienthuc.net.vn/kinh-doanh/data-tai-viet-nam-phai-la-nguon-luc-chinh-cua-doanh-nghiep-1711407.html|https://photo-cms-kienthuc.zadn.vn/zoom/130_82/Uploaded/ctv_vpdd/2022_06_10/data_EDVL.jpg|Trong thời đại số hóa, Data (dữ liệu) được xem là nguồn lực chính của doanh nghiệp. Tuy nhiên, nhiều đơn vị vẫn chưa khai thác hiệu quả tài sản này.|kinh tế|kienthuc.net|"21:32 | 10/06/2022"
Khoảng 11% công nhân thường xuyên phải vay tiền để sinh hoạt|https://kienthuc.net.vn/kinh-doanh/khoang-11-cong-nhan-thuong-xuyen-phai-vay-tien-de-sinh-hoat-1711393.html|https://photo-cms-kienthuc.zadn.vn/zoom/130_82/Uploaded/tructoasoan/2022_06_10/giao_dich_AHFV.jpg|Nhiều công nhân phải rút bảo hiểm xã hội một lần vì cuộc sống quá khó khăn và lo sợ chính sách bảo hiểm xã hội thay đổi.|kinh tế|kienthuc.net|"20:33 | 10/06/2022"
Tậu xế hộp tiền tỷ, diễn viên Thu Quỳnh giàu cỡ nào?|https://kienthuc.net.vn/kinh-doanh/tau-xe-hop-tien-ty-dien-vien-thu-quynh-giau-co-nao-1710822.html|https://photo-cms-kienthuc.zadn.vn/zoom/130_82/Uploaded/nguyenvan/2022_06_09/4/s0_MTIB.jpg|Sau khi ly hôn, nữ diễn viên Thu Quỳnh khiến nhiều người trầm trồ khi tự tậu được nhà mới và nhiều xế hộp đắt đỏ.|kinh tế|kienthuc.net|"19:35 | 10/06/2022"
Choáng ngợp độ giàu có của Hoàng gia Ả Rập Xê Út|https://kienthuc.net.vn/kinh-doanh/choang-ngop-do-giau-co-cua-hoang-gia-a-rap-xe-ut-1711198.html|https://photo-cms-kienthuc.zadn.vn/zoom/130_82/Uploaded/nguyenvan/2022_06_10/3/d12_SMUE.jpeg|Những hình ảnh hiếm hoi được tiết lộ khiến dân tình choáng ngợp trước độ giàu có của Hoàng gia Ả Rập Xê Út với cung điện, máy bay riêng...|kinh tế|kienthuc.net|"19:00 | 10/06/2022"
“Định hình lại hệ thống tài chính toàn cầu và chiến lược của Việt Nam”|https://kienthuc.net.vn/kinh-doanh/dinh-hinh-lai-he-thong-tai-chinh-toan-cau-va-chien-luoc-cua-viet-nam-1711363.html|https://photo-cms-kienthuc.zadn.vn/zoom/130_82/Uploaded/ctv_vpdd/2022_06_10/28689739010501559589480754634016889063897702nieah_TCZK.jpg|Đây là hội thảo do Đại học Kinh tế TP HCM (UEH), Tổ tư vấn kinh tế của Thủ tướng và Báo Sài Gòn giải phóng đồng tổ chức sáng 10/6.|kinh tế|kienthuc.net|"17:44 | 10/06/2022"
Bà Rịa – Vũng Tàu: Đẩy mạnh việc thanh toán không dùng tiền mặt|https://kienthuc.net.vn/kinh-doanh/ba-ria-vung-tau-day-manh-viec-thanh-toan-khong-dung-tien-mat-1711317.html|https://photo-cms-kienthuc.zadn.vn/zoom/130_82/Uploaded/ctv_vpdd/2022_06_10/ngan_hang_bidv_brvt_1_QLWB.jpg|Trong 6 tháng đầu năm 2022, việc thanh toán không dùng tiền mặt qua các ngân hàng thương mại trên địa bàn tỉnh Bà Rịa – Vũng Tàu tăng 12% so với cùng kỳ năm trước.|kinh tế|kienthuc.net|"16:47 | 10/06/2022"
Thị trường bất ngờ bị bán tháo, VN-Index mất gần 24 điểm phiên 10/6|https://kienthuc.net.vn/kinh-doanh/thi-truong-bat-ngo-bi-ban-thao-vn-index-mat-gan-24-diem-phien-106-1711284.html|https://photo-cms-kienthuc.zadn.vn/zoom/130_82/Uploaded/nguyenphuong/2022_06_10/ck-10-6_OOTK.png|Áp lực bán đột ngột dâng cao và kéo chỉ số chính sàn HoSE bốc hơi gần 24 điểm khi đóng cửa.|kinh tế|kienthuc.net|"16:12 | 10/06/2022"
Vinamilk phát triển giải pháp dinh dưỡng hỗ trợ miễn dịch, tăng cường sức khoẻ|https://kienthuc.net.vn/kinh-doanh/vinamilk-phat-trien-giai-phap-dinh-duong-ho-tro-mien-dich-tang-cuong-suc-khoe-1711242.html|https://photo-cms-kienthuc.zadn.vn/zoom/130_82/Uploaded/thanhhang/2022_06_10/2/1_OXXG.png|Trong giai đoạn bình thường mới hậu Covid, nhu cầu dinh dưỡng giúp cải thiện sức khỏe, nâng cao sức đề kháng cho cơ thể được rất nhiều gia đình Việt quan tâm, với ưu tiên hàng đầu...|kinh tế|kienthuc.net|"15:15 | 10/06/2022"
Cám cảnh tuyến đường Lê Văn Lương - Tố Hữu bị phá nát quy hoạch|https://kienthuc.net.vn/xa-hoi/cam-canh-tuyen-duong-le-van-luong-to-huu-bi-pha-nat-quy-hoach-1711241.html|https://photo-cms-kienthuc.zadn.vn/zoom/130_82/Uploaded/ctvxahoi/2022_06_10/tp-duong-le-van-luong-to-huu-0637-7176_RUAQ.jpeg|Tuyến đường Lê Văn Lương, Tố Hữu là một trong những tuyến đường huyết mạch vào nội đô Hà Nội. Tuy nhiên nơi đây luôn trở thành “điểm nóng” của thủ đô trong những khung giờ cao điểm.|kinh tế|kienthuc.net|"15:08 | 10/06/2022"
Bạc Liêu: Cơ sở bơm tạp chất vào tôm bị phạt 60 triệu đồng|https://kienthuc.net.vn/xa-hoi/bac-lieu-co-so-bom-tap-chat-vao-tom-bi-phat-60-trieu-dong-1711206.html|https://photo-cms-kienthuc.zadn.vn/zoom/130_82/Uploaded/ctv_vpdd/2022_06_10/h0-_tom_tap_chat_TXWQ.jpeg|Chủ tịch UBND tỉnh Bạc Liêu đã ra quyết định xử phạt hành chính 60 triệu đồng đối với chủ cơ sở kinh doanh đưa tạp chất (CMC) vào tôm sú nguyên liệu.|kinh tế|kienthuc.net|"14:02 | 10/06/2022"
Cuộc sống xa hoa của 3 mỹ nhân Việt lấy đại gia nước ngoài|https://kienthuc.net.vn/kinh-doanh/cuoc-song-xa-hoa-cua-3-my-nhan-viet-lay-dai-gia-nuoc-ngoai-1710916.html|https://photo-cms-kienthuc.zadn.vn/zoom/130_82/Uploaded/nguyenvan/2022_06_09/6/s0_KLMG.jpg|Không nổi tiếng như các sao nhưng đời tư của các mỹ nhân Việt này vẫn được nhiều người chú ý bởi cuộc sống xa hoa.|kinh tế|kienthuc.net|"14:00 | 10/06/2022"
Có gì trong căn hộ đập thông tầng 300m2 của ca nương Kiều Anh?|https://kienthuc.net.vn/kinh-doanh/co-gi-trong-can-ho-dap-thong-tang-300m2-cua-ca-nuong-kieu-anh-1711143.html|https://photo-cms-kienthuc.zadn.vn/zoom/130_82/Uploaded/nguyenvan/2022_06_10/2/s0_GSXR.jpg|Căn hộ của ca nương Kiều Anh thiết kế theo phong cách Wabi Sabi với gam màu nâu - trắng chủ đạo tạo cảm giác mộc mạc, gần gũi, thư thái.|kinh tế|kienthuc.net|"13:30 | 10/06/2022"
Hà Nội: Cty hải sản Sông Hương bị “tố” gây ô nhiễm môi trường?|https://kienthuc.net.vn/kinh-doanh/ha-noi-cty-hai-san-song-huong-bi-to-gay-o-nhiem-moi-truong-1710162.html|https://photo-cms-kienthuc.zadn.vn/zoom/130_82/Uploaded/manhhung/2022_06_07/newfolder/1_EOUZ.jpg|Nhiều người dân xóm Con Cá (Đông Mỹ, Thanh Trì, Hà Nội) đang ngày đêm phải chịu đựng sự “tra tấn” khủng khiếp bởi mùi hải sản hôi thối do cty hải sản Sông Hương xả thải.|kinh tế|kienthuc.net|"13:00 | 10/06/2022"
Biết gì về Tập đoàn Hillton bị bác đề xuất làm KĐT sinh thái 188ha ở Lâm Đồng?|https://kienthuc.net.vn/kinh-doanh/biet-gi-ve-tap-doan-hillton-bi-bac-de-xuat-lam-kdt-sinh-thai-188ha-o-lam-dong-1710997.html|https://photo-cms-kienthuc.zadn.vn/zoom/130_82/Uploaded/manhhung/2022_06_09/newfolder/khai-hung-corp_ARNL.jpg|Công ty cổ phần Tập đoàn Hillton là doanh nghiệp non trẻ, mới thành lập đầu năm nay và do ông Đỗ Quốc Anh làm đại diện.|kinh tế|kienthuc.net|"10:12 | 10/06/2022"
Khu đất vàng hơn 150.000 m2 trên tổ hợp “cao - xà - lá” ở Hà Nội|https://kienthuc.net.vn/kinh-doanh/khu-dat-vang-hon-150000-m2-tren-to-hop-cao-xa-la-o-ha-noi-1711039.html|https://photo-cms-kienthuc.zadn.vn/zoom/130_82/Uploaded/tructoasoan/2022_06_10/399cec500312ea4cb303_NRJW.jpg|Sau khi có kế hoạch di dời, tổ hợp nhà máy cao su, xà phòng và thuốc lá (hay còn gọi là tổ hợp cao - xà - lá) được quy hoạch xây dựng các dự án nhà ở, thương mại cao tầng.|kinh tế|kienthuc.net|"08:24 | 10/06/2022"
Những màn sửa nhà tồi tệ khiến gia chủ “xót xa“|https://kienthuc.net.vn/kinh-doanh/nhung-man-sua-nha-toi-te-khien-gia-chu-xot-xa-1710480.html|https://photo-cms-kienthuc.zadn.vn/zoom/130_82/Uploaded/nguyenvan/2022_06_08/6/s4_TTYW.jpg|"Trang Bored Panda vừa đưa ra danh sách những màn sửa nhà thất bại vừa hài hước vừa khiến gia chủ không khỏi ""quặn lòng""."|kinh tế|kienthuc.net|"08:00 | 10/06/2022"
Tài sản khủng dàn cầu thủ Bùi Tiến Dũng, Tiến Linh|https://kienthuc.net.vn/cong-dong-tre/tai-san-khung-dan-cau-thu-bui-tien-dung-tien-linh-1711041.html|https://photo-cms-kienthuc.zadn.vn/zoom/130_82/Uploaded/haininh/2022_06_09/le-phuong-2-7133_GGVS.png|Những cầu thủ tài năng như Tiến Linh, Quang Hải, Hà Đức Chinh hay Đoàn Văn Hậu khiến người hâm mộ trầm trồ bởi khối tài sản “khủng” từ sau khi nổi tiếng.|kinh tế|kienthuc.net|"07:29 | 10/06/2022"
Giá vàng hôm nay 10/6: Vàng mắc kẹt, tiếp tục giảm giá|https://kienthuc.net.vn/kinh-doanh/gia-vang-hom-nay-106-vang-mac-ket-tiep-tuc-giam-gia-1711024.html|https://photo-cms-kienthuc.zadn.vn/zoom/130_82/Uploaded/tructoasoan/2022_06_10/vang22-06213809_ACOL.jpeg|Giá vàng hôm nay 10/6 quay đầu giảm, chờ thông tin mới từ cuộc họp chính sách tiền tệ của Fed vào tuần tới.|kinh tế|kienthuc.net|"07:21 | 10/06/2022"
Xăng “xịn” gần 33.000 đồng/lít khiến người dân tò mò có gì đặc biệt?|https://kienthuc.net.vn/kinh-doanh/xang-xin-gan-33000-donglit-khien-nguoi-dan-to-mo-co-gi-dac-biet-1710931.html|https://photo-cms-kienthuc.zadn.vn/zoom/130_82/Uploaded/nguyenvan/2022_06_09/7/a1_TUJW.jpg|Xăng RON 97-V là loại xăng cao cấp, giúp tăng tuổi thọ động cơ, giảm lượng khí thải ra môi trường và tiết kiệm nhiên liệu hơn.|kinh tế|kienthuc.net|"07:15 | 10/06/2022"
"Bất động sản Nhật Nam: Rủi ro với các gói đầu tư thu lợi nhuận cao ""bất thường""?"|https://kienthuc.net.vn/kinh-doanh/bat-dong-san-nhat-nam-rui-ro-voi-cac-goi-dau-tu-thu-loi-nhuan-cao-bat-thuong-1710481.html|https://photo-cms-kienthuc.zadn.vn/zoom/130_82/Uploaded/ctv_hoangdo/2022_06_08/screenshot_229_UXKD.png|Kêu gọi đầu tư phân chia lợi nhuận, BĐS Nhật Nam đưa ra cho khách hàng nhiều gói ưu đãi lớn đến không tưởng. Thế nhưng, đầu tư vào Nhật Nam an toàn hay rủi ro?|kinh tế|kienthuc.net|"07:00 | 10/06/2022"
Ngang nhiên quảng cáo trang web cá độ bóng đá trên... xe buýt|https://kienthuc.net.vn/kinh-doanh/ngang-nhien-quang-cao-trang-web-ca-do-bong-da-tren-xe-buyt-1710980.html|https://photo-cms-kienthuc.zadn.vn/zoom/130_82/Uploaded/mailoan/2022_06_09/cado_OPZH.jpeg|Rất nhiều người đi đường bức xúc khi bắt gặp hình ảnh quảng cáo cá độ bóng đá trên một số xe buýt tại Hà Nội.|kinh tế|kienthuc.net|"20:41 | 09/06/2022"
Phó Thủ tướng: 33,5 nghìn tỷ đồng đã giải ngân để phục hồi kinh tế|https://kienthuc.net.vn/kinh-doanh/pho-thu-tuong-335-nghin-ty-dong-da-giai-ngan-de-phuc-hoi-kinh-te-1710972.html|https://photo-cms-kienthuc.zadn.vn/zoom/130_82/Uploaded/mailoan/2022_06_09/ptt-2-sua-17142652_KINT.jpg|Phó Thủ tướng thường trực Phạm Bình Minh cho biết, tính đến hết tháng 5/2022, đã giải ngân 33,5 nghìn tỷ đồng để phục hồi kinh tế.|kinh tế|kienthuc.net|"20:04 | 09/06/2022"
3 dinh thự gỗ lim tiền tỷ gây xôn xao của đại gia Việt|https://kienthuc.net.vn/kinh-doanh/3-dinh-thu-go-lim-tien-ty-gay-xon-xao-cua-dai-gia-viet-1710878.html|https://photo-cms-kienthuc.zadn.vn/zoom/130_82/Uploaded/nguyenvan/2022_06_09/5/a0_DNXO.jpg|Khắp các tỉnh thành ở nước ta không hiếm những căn biệt thự gỗ lim được xây dựng với thiết kế cầu kỳ, tinh xảo và có giá trị cao.|kinh tế|kienthuc.net|"19:35 | 09/06/2022"
Những đại gia Việt thích “đeo vàng” gây sốt trên báo nước ngoài|https://kienthuc.net.vn/kinh-doanh/nhung-dai-gia-viet-thich-deo-vang-gay-sot-tren-bao-nuoc-ngoai-1710759.html|https://photo-cms-kienthuc.zadn.vn/zoom/130_82/Uploaded/nguyenvan/2022_06_09/3/c0_SQEW.jpg|"Sở thích đeo vàng khắp người của những đại gia này khiến thu hút sự chú ý của dư luận, khiến báo nước ngoài cũng ""ngỡ ngàng"" ."|kinh tế|kienthuc.net|"19:00 | 09/06/2022"
Thị trường vốn, bất động sản: Cần minh bạch hơn siết chặt|https://kienthuc.net.vn/kinh-doanh/thi-truong-von-bat-dong-san-can-minh-bach-hon-siet-chat-1710752.html|https://photo-cms-kienthuc.zadn.vn/zoom/130_82/Uploaded/huuthong/2022_06_09/anh_1_2_AJSE.jpg|Vốn và bất động sản là hai thị trường có sự gắn bó chặt chẽ, bổ trợ nhau. Do đó, cần nhìn nhận đúng để có giải pháp ứng xử phù hợp.|kinh tế|kienthuc.net|"18:00 | 09/06/2022"
Chậm tích hợp dịch vụ, các khu công nghiệp của Việt Nam thiếu sức sống|https://kienthuc.net.vn/kinh-doanh/cham-tich-hop-dich-vu-cac-khu-cong-nghiep-cua-viet-nam-thieu-suc-song-1710889.html|https://photo-cms-kienthuc.zadn.vn/zoom/130_82/Uploaded/anquy/2022_06_09/intel_YZDU.jpg|"Hội thảo ""Lộ trình và những lưu ý cho nhà đầu tư khi đầu tư vào KCN, KCX"" do Trung tâm Xúc tiến Thương mại và Đầu tư TPHCM phối hợp với Trung tâm Trọng tài Quốc tế Việt Nam tổ..."|kinh tế|kienthuc.net|"16:47 | 09/06/2022"
Cổ phiếu ngành thép đồng loạt tăng trong phiên VN-Index đỏ nhẹ|https://kienthuc.net.vn/kinh-doanh/co-phieu-nganh-thep-dong-loat-tang-trong-phien-vn-index-do-nhe-1710874.html|https://photo-cms-kienthuc.zadn.vn/zoom/130_82/Uploaded/nguyenphuong/2022_06_09/ck-9-6_RXDS.png|Phiên chiều diễn ra theo chiều hướng giằng co với những nhịp giảm và hồi phục đan xen nhau, kết phiên trong sắc đỏ nhẹ dưới tham chiếu.|kinh tế|kienthuc.net|"16:41 | 09/06/2022"
3 giá trị khiến The Link trở thành phân khu đặc biệt nhất Sun Riverside Village|https://kienthuc.net.vn/doanh-nghiep/3-gia-tri-khien-the-link-tro-thanh-phan-khu-dac-biet-nhat-sun-riverside-village-1710859.html|https://photo-cms-kienthuc.zadn.vn/zoom/130_82/Uploaded/thanhhang/2022_06_09/1/a01_YEXL.jpg|Điểm ưu việt của phân khu The Link trong bức tranh tổng thể Sun Riverside Village tại Sầm Sơn đó là sở hữu vị trí kết nối đa điểm, cảm hứng Miami và đa tầng tiện ích – trải nghiệm.|kinh tế|kienthuc.net|"15:51 | 09/06/2022"
Tham gia bảo hiểm, giảm thêm lãi suất vay vốn từ Bắc Á Bank|https://kienthuc.net.vn/kinh-doanh/tham-gia-bao-hiem-giam-them-lai-suat-vay-von-tu-bac-a-bank-1710853.html|https://photo-cms-kienthuc.zadn.vn/zoom/130_82/Uploaded/thanhhang/2022_06_09/1_IJOA.png|Ngân hàng TMCP Bắc Á (BAC A BANK) triển khai Chính sách ưu đãi lãi suất hấp dẫn trong khuôn khổ Chương trình “Nhận khoản vay ưu tiên - Hiện thực mục tiêu sống”.|kinh tế|kienthuc.net|"15:50 | 09/06/2022"
Bà Rịa - Vũng Tàu: Lập quy hoạch chi tiết đất công để đấu giá|https://kienthuc.net.vn/kinh-doanh/ba-ria-vung-tau-lap-quy-hoach-chi-tiet-dat-cong-de-dau-gia-1710839.html|https://photo-cms-kienthuc.zadn.vn/zoom/130_82/Uploaded/nhatminh/2022_06_09/dat-vang-2_EHVJ.jpg|UBND tỉnh Bà Rịa - Vũng Tàu vừa chỉ đạo các sở, ban ngành liên quan lập quy hoạch xây dựng chi tiết 1/500 một số khu đất công để đấu giá quyền sử dụng đất trong giai đoạn 2022...|kinh tế|kienthuc.net|"15:02 | 09/06/2022"
Đắk Lắk: Tạm giữ chủ cơ sở sản xuất phân bón nghi giả|https://kienthuc.net.vn/kinh-doanh/dak-lak-tam-giu-chu-co-so-san-xuat-phan-bon-nghi-gia-1710805.html|https://photo-cms-kienthuc.zadn.vn/zoom/130_82/Uploaded/ctv_vpdd/2022_06_09/h0-_phan_bon_gia_RWCQ.jpeg|Phát hiện kho chứa hơn 100 tấn phân bón không rõ nguồn gốc, cơ quan chức năng tỉnh Đắk Lắk tạm giữ hình sự chủ cơ sở này.|kinh tế|kienthuc.net|"14:16 | 09/06/2022"
Hé lộ ngôi nhà giữa chốn cao nguyên của Hoa hậu Diễm Hương|https://kienthuc.net.vn/kinh-doanh/he-lo-ngoi-nha-giua-chon-cao-nguyen-cua-hoa-hau-diem-huong-1710731.html|https://photo-cms-kienthuc.zadn.vn/zoom/130_82/Uploaded/nguyenvan/2022_06_09/2/b0_YYLM.jpg|Ngôi nhà nằm trên đồi ở Bảo Lộc (Lâm Đồng) là món quà Hoa hậu Diễm Hương dành tặng con trai nhân dịp sinh nhật.|kinh tế|kienthuc.net|"13:35 | 09/06/2022"
Tặng vàng cho các Shark, nữ Start-up gây xôn xao cộng đồng mạng|https://kienthuc.net.vn/kinh-doanh/tang-vang-cho-cac-shark-nu-start-up-gay-xon-xao-cong-dong-mang-1710701.html|https://photo-cms-kienthuc.zadn.vn/zoom/130_82/Uploaded/ctvlanbanh/2022_06_08/a2/6y_DPVM.png|Nữ CEO xinh đẹp quyết định tặng mỗi shark 1 chỉ vàng, đó là đồng vàng kim khổng tước 24k trước khi chia sẻ về ý tưởng và sản phẩm của mình.|kinh tế|kienthuc.net|"13:09 | 09/06/2022"
Global Food xây dựng trái phép trạm trộn bê tông tại Bắc Giang: Cần xử lý nghiêm?|https://kienthuc.net.vn/kinh-doanh/global-food-xay-dung-trai-phep-tram-tron-be-tong-tai-bac-giang-can-xu-ly-nghiem-1710713.html|https://photo-cms-kienthuc.zadn.vn/zoom/130_82/Uploaded/thuyduong/2022_05_26/tram_tron_va_nha_dieu_hanh_TXOT.JPG|“Trong vụ việc này, bên cạnh việc phạt tiền, cần phải yêu cầu công ty Global Food khắc phục hậu quả và tự tháo dỡ, di dời các công trình vi phạm, trả về nguyên trạng ban đầu cho...|kinh tế|kienthuc.net|"13:00 | 09/06/2022"
8 cách tiết kiệm điện khi dùng tủ lạnh giúp tiền điện hàng tháng giảm 25%|https://kienthuc.net.vn/kinh-doanh/8-cach-tiet-kiem-dien-khi-dung-tu-lanh-giup-tien-dien-hang-thang-giam-25-1710274.html|https://photo-cms-kienthuc.zadn.vn/zoom/130_82/Uploaded/tructoasoan/2022_06_08/2-1347_PLNT.jpg|Dưới đây là cách tiết kiệm điện khi dùng tủ lạnh các bà nội trợ có thể tham khảo.|kinh tế|kienthuc.net|"12:42 | 09/06/2022"
Phát sốt trước cây cà chua sai trĩu quả, nghe số lượng mà choáng|https://kienthuc.net.vn/kinh-doanh/phat-sot-truoc-cay-ca-chua-sai-triu-qua-nghe-so-luong-ma-choang-1710269.html|https://icdn.24h.com.vn/upload/2-2022/images/2022-06-06/1654522467-2eca83c87845b7c88c571cb634368e31-width581height384.jpg|"Cây cà chua của Douglas Smith gây xôn xao khi có tới hơn 1.200 quả, được công nhận là ""mắn đẻ"" nhất thế giới."|kinh tế|kienthuc.net|"12:39 | 09/06/2022"
Cần Thơ: Hơn 15.000 sản phẩm mỹ phẩm bán trên mạng bị thu giữ|https://kienthuc.net.vn/xa-hoi/can-tho-hon-15000-san-pham-my-pham-ban-tren-mang-bi-thu-giu-1710827.html|https://photo-cms-kienthuc.zadn.vn/zoom/130_82/Uploaded/ctv_vpdd/2022_06_09/h1-_mpcantho_OEBY.png|Cục QLTT TP Cần Thơ phát hiện và thu giữ hơn 15.000 sản phẩm mỹ phẩm không xuất trình được hóa đơn, chứng từ.|kinh tế|kienthuc.net|"12:19 | 09/06/2022"
Chính sách, pháp luật về đất nông nghiệp ở nước ta hiện nay nhìn từ khía cạnh tích tụ, tập trung ruộng đất|https://kienthuc.net.vn/kinh-doanh/chinh-sach-phap-luat-ve-dat-nong-nghiep-o-nuoc-ta-hien-nay-nhin-tu-khia-canh-tich-tu-tap-trung-ruong-dat-1710303.html|https://photo-cms-kienthuc.zadn.vn/zoom/130_82/Uploaded/thanhhang/2022_06_08/3_GLZR.png|Nghị quyết Đại hội Đảng toàn quốc lần thứ XIII xác định: “Phát triển lành mạnh thị trường quyền sử dụng đất, chú trọng thị trường quyền sử dụng đất nông nghiệp,|kinh tế|kienthuc.net|"11:16 | 09/06/2022"
'Bộ ba hoàn hảo' Khoa Pug - Vương Phạm - Johnny Đặng từng gây xôn xao 'cõi mạng' giờ ra sao?|https://kienthuc.net.vn/kinh-doanh/bo-ba-hoan-hao-khoa-pug-vuong-pham-johnny-dang-tung-gay-xon-xao-coi-mang-gio-ra-sao-1710709.html|https://photo-cms-kienthuc.zadn.vn/zoom/130_82/Uploaded/ctvlanbanh/2022_06_08/a2/3e_IWOB.png|Cả Khoa Pug, Vương Phạm hay Johnny Đặng đều là những người bạn thân của nhau một thời gian dài.|kinh tế|kienthuc.net|"10:29 | 09/06/2022"
Đầu tư đất ở nông thôn: Non tay sẽ lãnh đủ!|https://kienthuc.net.vn/kinh-doanh/dau-tu-dat-o-nong-thon-non-tay-se-lanh-du-1710639.html|https://photo-cms-kienthuc.zadn.vn/zoom/130_82/Uploaded/huuthong/2022_06_09/anh_1_YEHB.jpg|Hiện nay, không ít nhà đầu tư có xu hướng nắn lại dòng tiền, đổ về các vùng nông thôn để đầu tư. Từ đây, nhiều chiêu trò đồn thổi mới xuất hiện.|kinh tế|kienthuc.net|"09:04 | 09/06/2022"
Giá xăng sẽ tiếp tục tăng, vượt 32.000 đồng/lít?|https://kienthuc.net.vn/kinh-doanh/gia-xang-se-tiep-tuc-tang-vuot-32000-donglit-1710633.html|https://photo-cms-kienthuc.zadn.vn/zoom/130_82/Uploaded/mailoan/2022_06_09/xang-ron95-14544386_VJQG.jpg|Lãnh đạo doanh nghiệp đầu mối kinh doanh xăng dầu dự báo giá xăng dầu trong nước tiếp tục tăng trong kỳ điều hành 11/6.|kinh tế|kienthuc.net|"08:44 | 09/06/2022"
Giá vàng hôm nay 9/6: Nỗi lo suy thoái, vàng biến động mạnh|https://kienthuc.net.vn/kinh-doanh/gia-vang-hom-nay-96-noi-lo-suy-thoai-vang-bien-dong-manh-1710631.html|https://photo-cms-kienthuc.zadn.vn/zoom/130_82/Uploaded/mailoan/2022_06_09/giavang14-1197_PYUF.jpg|Giá vàng hôm nay 9/6 trên thị trường quốc tế biến động mạnh theo diễn biến của đồng USD, nhưng xu hướng chung là hồi phục trở lại.|kinh tế|kienthuc.net|"08:25 | 09/06/2022"
Nhà cấp 4 sang chảnh như biệt thự nghỉ dưỡng giữa Sài Gòn|https://kienthuc.net.vn/kinh-doanh/nha-cap-4-sang-chanh-nhu-biet-thu-nghi-duong-giua-sai-gon-1709274.html|https://photo-cms-kienthuc.zadn.vn/zoom/130_82/Uploaded/nguyenvan/2022_06_05/4/s3_CRBA.jpg|Với 180m2, ngôi nhà cấp 4 trở thành nơi mà gia chủ có thể sống và cảm nhận thiên nhiên từ mọi góc cạnh.|kinh tế|kienthuc.net|"08:00 | 09/06/2022"
Sai phạm gì khiến đại dự án KDL tâm linh Đại Tùng Lâm Hoa Sen bị đình chỉ?|https://kienthuc.net.vn/kinh-doanh/sai-pham-gi-khien-dai-du-an-kdl-tam-linh-dai-tung-lam-hoa-sen-bi-dinh-chi-1710555.html|https://photo-cms-kienthuc.zadn.vn/zoom/130_82/Uploaded/manhhung/2022_06_08/newfolder/hinh-1-1-752_GQMU.jpg|Đại dự án KDL tâm linh Đại Tùng Lâm Hoa Sen của Tập đoàn đầu tư Hoa Sen vừa bị UBND tỉnh Lâm Đồng đình chỉ toàn bộ.|kinh tế|kienthuc.net|"07:15 | 09/06/2022"
Quốc Cường Gia Lai làm ăn sao trước khi bị truy thu thuế?|https://kienthuc.net.vn/kinh-doanh/quoc-cuong-gia-lai-lam-an-sao-truoc-khi-bi-truy-thu-thue-1710496.html|https://photo-cms-kienthuc.zadn.vn/zoom/130_82/Uploaded/nguyenvan/2022_06_08/7/k1_WWJA.jpg|Trong quý 1/2022, Quốc Cường Gia Lai ghi nhận tình hình kinh doanh không mấy khả quan khi doanh thu và lợi nhuận đều giảm.|kinh tế|kienthuc.net|"07:00 | 09/06/2022"
Biệt thự hoành tráng như khu nghỉ dưỡng cao cấp của nữ người mẫu|https://kienthuc.net.vn/kinh-doanh/biet-thu-hoanh-trang-nhu-khu-nghi-duong-cao-cap-cua-nu-nguoi-mau-1710421.html|https://icdn.24h.com.vn/upload/2-2022/images/2022-06-06/1654522902-anh-chup-man-hinh-2022-06-02-luc-162921-16541621850701817967261-width542height329.jpg|Biệt thự của gia đình cô có bể bơi ngoài trời, sân vườn hoành tráng và ban công với view tuyệt đẹp.|kinh tế|kienthuc.net|"06:48 | 09/06/2022"
Loại bơ chân dài giá rẻ chưa từng có, chị em mua cả yến về ăn dần|https://kienthuc.net.vn/kinh-doanh/loai-bo-chan-dai-gia-re-chua-tung-co-chi-em-mua-ca-yen-ve-an-dan-1710498.html|https://icdn.24h.com.vn/upload/2-2022/images/2022-06-07/1654585449-498-thumbnail-width1200height628-watermark.jpg|Từng gây sốt trên thị trường những năm trước đây với giá lên tới 200 nghìn đồng/kg nhưng hiện tại, giá bơ chân dài 034 đang được bán khắp các chợ.|kinh tế|kienthuc.net|"05:50 | 09/06/2022"
35 nghìn đồng/mớ rau muống, bà nội trợ phát hoảng khi đi chợ|https://kienthuc.net.vn/kinh-doanh/35-nghin-dongmo-rau-muong-ba-noi-tro-phat-hoang-khi-di-cho-1710463.html|https://photo-cms-kienthuc.zadn.vn/zoom/130_82/Uploaded/dinhcuc/2022_06_07/v/7_FSSZ.jpg|Chỉ trong vài ngày, các loại rau xanh bất ngờ tăng giá gấp 2 lần.|kinh tế|kienthuc.net|"01:03 | 09/06/2022"
Người trẻ đánh đổi nhiều thứ khi chọn nghề freelancer|https://kienthuc.net.vn/kinh-doanh/nguoi-tre-danh-doi-nhieu-thu-khi-chon-nghe-freelancer-1710456.html|https://photo-cms-kienthuc.zadn.vn/zoom/130_82/Uploaded/dinhcuc/2022_05_31/v/3_CGIV.jpg|Freelancer đã thực sự trở thành một bến đỗ lý tưởng cho những ai mong muốn tìm kiếm một công việc thoải mái, tự do trong thời gian và thu nhập ổn định.|kinh tế|kienthuc.net|"00:51 | 09/06/2022"
Bất ngờ loại côn trùng sống trong cây cọ được lùng mua với giá nửa triệu/kg|https://kienthuc.net.vn/kinh-doanh/bat-ngo-loai-con-trung-song-trong-cay-co-duoc-lung-mua-voi-gia-nua-trieukg-1710451.html|https://photo-cms-kienthuc.zadn.vn/zoom/130_82/Uploaded/dinhcuc/2022_05_20/v/5_STCR.jpg|Những con côn trùng béo mũm, con nào con nấy vàng ươm, to bằng đầu ngón tay, sống trong thân cây cọ đang trở thành món ăn độc đáo được nhiều người săn lùng.|kinh tế|kienthuc.net|"00:45 | 09/06/2022"
Bộ trưởng Tài chính: “Duy nhất Tân Hoàng Minh chưa trả được nợ trái phiếu“|https://kienthuc.net.vn/kinh-doanh/bo-truong-tai-chinh-duy-nhat-tan-hoang-minh-chua-tra-duoc-no-trai-phieu-1710566.html|https://photo-cms-kienthuc.zadn.vn/zoom/130_82/Uploaded/ctvlanbanh/2022_06_08/a1/1q_QVQW.png|Với trái phiếu doanh nghiệp, nhiều Đại biểu Quốc hội đặt câu hỏi về việc liệu nhà đầu tư có đòi được nợ khi giao dịch bị huỷ không?|kinh tế|kienthuc.net|"21:09 | 08/06/2022"
Resort ven biển ở Quảng Ngãi đẹp ngỡ ngàng trên báo ngoại|https://kienthuc.net.vn/kinh-doanh/resort-ven-bien-o-quang-ngai-dep-ngo-ngang-tren-bao-ngoai-1710384.html|https://photo-cms-kienthuc.zadn.vn/zoom/130_82/Uploaded/nguyenvan/2022_06_08/4/s3_SRON.jpg|Toạ lạc tại nơi nhiều cát, nóng bức song khu resort được che chắn hoàn toàn bởi các hướng nắng xấu và đón trọn vẹn luồng gió mát từ biển.|kinh tế|kienthuc.net|"19:40 | 08/06/2022"
Bó hoa sầu riêng tiền triệu gây sốt “chợ mạng” có gì đặc biệt?|https://kienthuc.net.vn/kinh-doanh/bo-hoa-sau-rieng-tien-trieu-gay-sot-cho-mang-co-gi-dac-biet-1710336.html|https://photo-cms-kienthuc.zadn.vn/zoom/130_82/Uploaded/nguyenvan/2022_06_08/3/a0_SVRH.jpg|Được trang trí bắt mắt, những bó hoa sầu riêng thơm lừng đang được nhiều khách hàng săn lùng dù giá bán lên tới cả triệu đồng.|kinh tế|kienthuc.net|"19:00 | 08/06/2022"
VN-Index tăng mạnh gần 17 điểm, thuỷ sản đã dần hạ nhiệt|https://kienthuc.net.vn/kinh-doanh/vn-index-tang-manh-gan-17-diem-thuy-san-da-dan-ha-nhiet-1710462.html|https://photo-cms-kienthuc.zadn.vn/zoom/130_82/Uploaded/nguyenphuong/2022_06_08/ck-8-6_NFWD.jpg|Thị trường chứng khoán ghi nhận phiên giao dịch tích cực do đồng thuận từ nhiều nhóm ngành, ngược lại thì cổ phiếu thuỷ sản đã chỉnh mạnh trong phiên này.|kinh tế|kienthuc.net|"16:17 | 08/06/2022"
Hé lộ biệt thự xa hoa của Phanh Lee và chồng đại gia|https://kienthuc.net.vn/kinh-doanh/he-lo-biet-thu-xa-hoa-cua-phanh-lee-va-chong-dai-gia-1710283.html|https://photo-cms-kienthuc.zadn.vn/zoom/130_82/Uploaded/nguyenvan/2022_06_08/2/s0_JZVG.jpg|Qua một số hình ảnh chia sẻ, có thể thấy không gian sống của Phanh Lee và chồng đại gia rất sang trọng và thời thượng.|kinh tế|kienthuc.net|"13:30 | 08/06/2022"
Global Food xây trạm trộn bê tông không phép ở Bắc Giang: Trách nhiệm thuộc về ai?|https://kienthuc.net.vn/xa-hoi/global-food-xay-tram-tron-be-tong-khong-phep-o-bac-giang-trach-nhiem-thuoc-ve-ai-1710317.html|https://photo-cms-kienthuc.zadn.vn/zoom/130_82/Uploaded/thuyduong/2022_05_26/tram_tron_va_nha_dieu_hanh_TXOT.JPG|Chưa có đầy đủ thủ tục pháp lý nhưng trạm trộn bê tông của Công ty Global Food vẫn ngang nhiên được thi công xây dựng, bất chấp pháp luật và dư luận…|kinh tế|kienthuc.net|"13:15 | 08/06/2022"
Thiên đường biển đảo mới ở Khánh Hòa|https://kienthuc.net.vn/kinh-doanh/thien-duong-bien-dao-moi-o-khanh-hoa-1710223.html|https://photo-cms-kienthuc.zadn.vn/zoom/130_82/Uploaded/ctvlanbanh/2022_06_07/7/1q_LJKB.png|Vịnh Vân Phong là điểm du lịch khác biệt so với phần còn lại của Khánh Hòa. Nơi đây có nhiều đảo, vũng vịnh nhỏ, dải nước hẹp, sâu, kín gió|kinh tế|kienthuc.net|"13:03 | 08/06/2022"
Hà Nội: Vì sao cư dân chung cư Viễn Đông Star căng băng rôn trước trụ sở UDIC?|https://kienthuc.net.vn/kinh-doanh/ha-noi-vi-sao-cu-dan-chung-cu-vien-dong-star-cang-bang-ron-truoc-tru-so-udic-1709727.html|https://photo-cms-kienthuc.zadn.vn/zoom/130_82/Uploaded/manhhung/2022_06_06/1newfolder/2_TOGZ.jpg|Nhiều cư dân chung cư Viễn Đông Star mặc áo “đồng phục”, mang theo băng rôn đỏ rực đã kéo nhau đến trước trụ sở của Tổng Công ty UDIC.|kinh tế|kienthuc.net|"13:00 | 08/06/2022"
Bí quyết tiết kiệm tiền của người Nhật Bản|https://kienthuc.net.vn/kinh-doanh/bi-quyet-tiet-kiem-tien-cua-nguoi-nhat-ban-1709842.html|https://photo-cms-kienthuc.zadn.vn/zoom/130_82/Uploaded/tructoasoan/2022_06_07/10-bi-quyet-tiet-kiem-tien-cua-nguoi-nhat-ban-lam-duoc-1-2-cung-khien-ban-song-sung-tuc-ca-doi-211858_LIKT.png|Trong cuộc sống nếu bạn muốn giàu có trước tiên phải học cách tích lũy và tiết kiệm, muốn làm được hãy học ngay những bí quyết của người Nhật Bản dưới đây:|kinh tế|kienthuc.net|"12:30 | 08/06/2022"
SCB dẫn đầu về tăng trưởng doanh số chỉ tiêu thẻ ghi nợ của Visa năm 2021|https://kienthuc.net.vn/kinh-doanh/scb-dan-dau-ve-tang-truong-doanh-so-chi-tieu-the-ghi-no-cua-visa-nam-2021-1710230.html|https://photo-cms-kienthuc.zadn.vn/zoom/130_82/Uploaded/thanhhang/2022_06_08/1/the-visa-final-900x600_QJRQ.jpg|Ngân hàng Sài Gòn (SCB) vừa được vinh danh là “Leadership in Debit Payment Volume Growth 2021” do Tổ chức Thẻ quốc tế Visa công nhận.|kinh tế|kienthuc.net|"11:17 | 08/06/2022"
Đề xuất bổ sung, hoàn thiện chính sách, pháp luật đất đai phát triển nông nghiệp, nông thôn theo hướng hiện đại, bền vững trong bối cảnh mới|https://kienthuc.net.vn/kinh-doanh/de-xuat-bo-sung-hoan-thien-chinh-sach-phap-luat-dat-dai-phat-trien-nong-nghiep-nong-thon-theo-huong-hien-dai-ben-vung-trong-boi-canh-moi-1710248.html|https://photo-cms-kienthuc.zadn.vn/zoom/130_82/Uploaded/thanhhang/2022_06_08/1_OUBO.png|Đất đai là tài sản đặc biệt, là nguồn nội lực quan trọng và là nguồn vốn to lớn của đất nước.|kinh tế|kienthuc.net|"11:14 | 08/06/2022"
Xây dựng Sông Hồng bị xử phạt và truy thu thuế gần 11 tỷ đồng|https://kienthuc.net.vn/kinh-doanh/xay-dung-song-hong-bi-xu-phat-va-truy-thu-thue-gan-11-ty-dong-1710184.html|https://photo-cms-kienthuc.zadn.vn/zoom/130_82/uploaded/nguyenphuong/2022_06_07/icg_BJIO.jpeg|Với các hành vi vi phạm về thuế, ICG bị phạt hành chính và truy thu tổng cộng 10,8 tỷ đồng.|kinh tế|kienthuc.net|"10:00 | 08/06/2022"
Quỹ phát triển tài năng Việt của ông Bầu trao học bổng cho HS giỏi vượt khó|https://kienthuc.net.vn/kinh-doanh/quy-phat-trien-tai-nang-viet-cua-ong-bau-trao-hoc-bong-cho-hs-gioi-vuot-kho-1709942.html|https://photo-cms-kienthuc.zadn.vn/zoom/130_82/Uploaded/thanhhang/2022_06_07/1/hinh_12_QLOE.jpg|Quỹ Phát triển Tài năng Việt của Ông Bầu tổ chức trao tặng những phần học bổng giá trị đến các em học sinh hiếu học vượt khó trên địa bàn TP.HCM.|kinh tế|kienthuc.net|"09:39 | 08/06/2022"
Xuất khẩu thủy sản kỳ vọng vượt mốc 10 tỷ USD|https://kienthuc.net.vn/kinh-doanh/xuat-khau-thuy-san-ky-vong-vuot-moc-10-ty-usd-1710213.html|https://photo-cms-kienthuc.zadn.vn/zoom/130_82/Uploaded/huuthong/2022_06_08/gia-tri-xuat-khau-nong-lam-thuy-san-cua-viet-nam-se-dat-60-62-ty-usd-vao-nam-20301612844699_JNIZ.jpg|Với những kết quả tích cực đã đạt được trong 5 tháng đầu năm, xuất khẩu thủy sản kỳ vọng đạt kim ngạch xuất khẩu vượt qua mốc 10 tỷ USD.|kinh tế|kienthuc.net|"09:34 | 08/06/2022"
Biết gì về Cty Cam Ranh Bayana bị phạt vì xây nhiều hạng mục trái phép?|https://kienthuc.net.vn/kinh-doanh/biet-gi-ve-cty-cam-ranh-bayana-bi-phat-vi-xay-nhieu-hang-muc-trai-phep-1710169.html|https://photo-cms-kienthuc.zadn.vn/zoom/130_82/Uploaded/manhhung/2022_06_07/newfolder/baidai3-2640_DZWV.jpg|Công ty TNHH Cam Ranh Bayana được thành lập từ năm 2009, do ông Trần Bá Hoàng làm người đại diện.|kinh tế|kienthuc.net|"09:31 | 08/06/2022"
Giá vé máy bay nhiều nước tăng cao nhất trong hàng thập kỷ|https://kienthuc.net.vn/kinh-doanh/gia-ve-may-bay-nhieu-nuoc-tang-cao-nhat-trong-hang-thap-ky-1710201.html|https://photo-cms-kienthuc.zadn.vn/zoom/130_82/Uploaded/ctvlanbanh/2022_06_08/1/9ii_YPWN.png|Khoảng thời gian hè đang là mùa du lịch cao điểm nhưng du khách toàn cầu đang phải đối mặt với giá vé cao ngất ngưởng.|kinh tế|kienthuc.net|"09:00 | 08/06/2022"
Giá xăng trong nước trước áp lực tăng lần thứ 6 liên tiếp|https://kienthuc.net.vn/kinh-doanh/gia-xang-trong-nuoc-truoc-ap-luc-tang-lan-thu-6-lien-tiep-1710198.html|https://photo-cms-kienthuc.zadn.vn/zoom/130_82/Uploaded/ctvlanbanh/2022_06_08/1/7y_HYFB.png|Trước tình hình giá dầu thế giới tăng cao bất chấp kế hoạch nâng sản lượng của OPEC+, nhiều doanh nghiệp dự báo giá bán lẻ xăng dầu trong nước sẽ tiếp tục tăng.|kinh tế|kienthuc.net|"08:35 | 08/06/2022"
Giá vàng hôm nay 8/6: Áp lực bán tăng mạnh, vàng vẫn đà giảm giá|https://kienthuc.net.vn/kinh-doanh/gia-vang-hom-nay-86-ap-luc-ban-tang-manh-vang-van-da-giam-gia-1710194.html|https://photo-cms-kienthuc.zadn.vn/zoom/130_82/Uploaded/ctvlanbanh/2022_06_08/1/1q_JAUV.png|Giá vàng hôm nay 8/6 trên thị trường quốc tế chưa thoát khỏi xu hướng giảm khi lực bán ra thường tăng mạnh mỗi khi giá vàng hồi phục.|kinh tế|kienthuc.net|"08:18 | 08/06/2022"
Loạt bất động sản đồ sộ của Minh Hằng trước kết hôn|https://kienthuc.net.vn/kinh-doanh/loat-bat-dong-san-do-so-cua-minh-hang-truoc-ket-hon-1710044.html|https://photo-cms-kienthuc.zadn.vn/zoom/130_82/Uploaded/nguyenvan/2022_06_07/4/a0_TLDB.jpg|Ngoài căn biệt thự trắng triệu đô, Minh Hằng còn sở hữu căn hộ cao cấp và nhà vườn rộng 20.000m2 ở Nhơn Trạch (Đồng Nai).|kinh tế|kienthuc.net|"08:00 | 08/06/2022"
Sầu riêng, vải, bơ “chân dài”.... vào vụ, giá rẻ bất ngờ|https://kienthuc.net.vn/kinh-doanh/sau-rieng-vai-bo-chan-dai-vao-vu-gia-re-bat-ngo-1710130.html|https://photo-cms-kienthuc.zadn.vn/zoom/130_82/Uploaded/nguyenvan/2022_06_07/6/a0_VJFI.jpg|Bơ 034 hiện có giá chỉ từ 20.000 đồng/kg, thấp chưa từng có. Tương tự, giá sầu riêng, vải cũng rẻ chưa từng thấy ở TP HCM.|kinh tế|kienthuc.net|"07:00 | 08/06/2022"
Học cùng trường, hội bạn thân cùng gây dựng đế chế kinh doanh triệu đô|https://kienthuc.net.vn/kinh-doanh/hoc-cung-truong-hoi-ban-than-cung-gay-dung-de-che-kinh-doanh-trieu-do-1709839.html|https://photo-cms-kienthuc.zadn.vn/zoom/130_82/Uploaded/dinhcuc/2022_05_31/v/1_TAFM.jpg|Một doanh nghiệp trị giá hàng triệu đô la đã phát triển từ tình yêu thể thao chung của ba người bạn thân.|kinh tế|kienthuc.net|"01:00 | 08/06/2022"
Nghề trả lương 60 triệu/tháng nhưng chủ khóc ròng vì không ai muốn làm|https://kienthuc.net.vn/kinh-doanh/nghe-tra-luong-60-trieuthang-nhung-chu-khoc-rong-vi-khong-ai-muon-lam-1709835.html|https://photo-cms-kienthuc.zadn.vn/zoom/130_82/Uploaded/dinhcuc/2022_06_01/v/2_YKRV.jpg|Đưa ra mức lương cao cho công việc rửa bát song các nhà hàng vẫn đau đầu tìm người làm giữa lúc không ai muốn nhận.|kinh tế|kienthuc.net|"00:51 | 08/06/2022"
Cận cảnh cây cầu hơn 2.000 tỷ đang gây sốt ở Quảng Ninh|https://kienthuc.net.vn/xa-hoi/can-canh-cay-cau-hon-2000-ty-dang-gay-sot-o-quang-ninh-1709823.html|https://photo-cms-kienthuc.zadn.vn/zoom/130_82/Uploaded/dinhcuc/2022_06_05/v/5_ONMW.jpg|Cầu Tình Yêu (Quảng Ninh) được lấy ý tưởng kiến trúc ví như Cánh chim biển trên vịnh Hạ Long.|kinh tế|kienthuc.net|"00:33 | 08/06/2022"
Đại gia tiền ảo vừa đến Việt Nam giàu cỡ nào?|https://kienthuc.net.vn/kinh-doanh/dai-gia-tien-ao-vua-den-viet-nam-giau-co-nao-1709820.html|https://photo-cms-kienthuc.zadn.vn/zoom/130_82/Uploaded/dinhcuc/2022_06_05/v/4_XEVO.jpg|Vị đại gia này được nhiều người biết đến và có khối tài sản lớn nhờ tiền kỹ thuật số.|kinh tế|kienthuc.net|"00:30 | 08/06/2022"
Cận cảnh siêu du thuyền triệu đô của tỷ phú Anh vừa đến Việt Nam|https://kienthuc.net.vn/kinh-doanh/can-canh-sieu-du-thuyen-trieu-do-cua-ty-phu-anh-vua-den-viet-nam-1709944.html|https://photo-cms-kienthuc.zadn.vn/zoom/130_82/Uploaded/nguyenvan/2022_06_07/2/k1_OONT.jpg|Siêu du thuyền của tỷ phú Joe Lewis được trang bị đầy đủ như một khách sạn cao cấp. Đây được xem là ngôi nhà di động của vị phú.|kinh tế|kienthuc.net|"19:40 | 07/06/2022"
Ngỡ ngàng những cây cà chua “vỡ kế hoạch” cho nghìn trái|https://kienthuc.net.vn/kinh-doanh/ngo-ngang-nhung-cay-ca-chua-vo-ke-hoach-cho-nghin-trai-1710027.html|https://photo-cms-kienthuc.zadn.vn/zoom/130_82/Uploaded/nguyenvan/2022_06_07/3/s0_BBXA.jpg|"Nhìn những cây cà chua ""mắn đẻ"" cho hàng nghìn trái ai cũng phải trầm trồ và dành lời khen đặc biệt cho người trồng."|kinh tế|kienthuc.net|"15:20 | 07/06/2022"
Trước khi cưới, Mạc Văn Khoa sống trong cơ ngơi đẹp cỡ nào?|https://kienthuc.net.vn/kinh-doanh/truoc-khi-cuoi-mac-van-khoa-song-trong-co-ngoi-dep-co-nao-1709891.html|https://photo-cms-kienthuc.zadn.vn/zoom/130_82/Uploaded/nguyenvan/2022_06_07/1/a0_OMMI.jpg|Trước khi làm đám cưới, vợ chồng Mạc Văn Khoa và con gái sống trong căn biệt thự đi thuê trị giá 50 tỷ đồng.|kinh tế|kienthuc.net|"13:30 | 07/06/2022"
Bắc Giang: Global Food ngang nhiên xây dựng trái phép trạm trộn bê tông?|https://kienthuc.net.vn/kinh-doanh/bac-giang-global-food-ngang-nhien-xay-dung-trai-phep-tram-tron-be-tong-1709867.html|https://photo-cms-kienthuc.zadn.vn/zoom/130_82/Uploaded/thuyduong/2022_05_25/img9378_CBOZ.JPG|Chưa có đầy đủ thủ tục pháp lý nhưng công ty TNHH Sản xuất và Thương mại Global Food vẫn ngang nhiên thi công trạm trộn bê tông trái phép.|kinh tế|kienthuc.net|"13:00 | 07/06/2022"
Giá vàng hôm nay 7-6: Vàng SJC và thế giới giảm tiếp vào cuối ngày|https://kienthuc.net.vn/kinh-doanh/gia-vang-hom-nay-7-6-vang-sjc-va-the-gioi-giam-tiep-vao-cuoi-ngay-1709789.html|https://photo-cms-kienthuc.zadn.vn/zoom/130_82/Uploaded/hongnhat/2022_06_07/20210205114033-16230580983651030815946_VDHW.jpg|(NLĐO) – Giá vàng trong nước vào cuối ngày lại giảm tiếp khi giá vàng hôm nay của thế giới trên đà suy yếu|kinh tế|kienthuc.net|"08:52 | 07/06/2022"
So kè khối tài sản của những chàng rể đại gia Vbiz|https://kienthuc.net.vn/kinh-doanh/so-ke-khoi-tai-san-cua-nhung-chang-re-dai-gia-vbiz-1709624.html|https://photo-cms-kienthuc.zadn.vn/zoom/130_82/Uploaded/nguyenvan/2022_06_06/5/a0_NXXO.jpg|Chồng của các sao Việt như Minh Hằng, Hà Tăng, Lan Khuê...đều khiến mọi người trầm trồ bởi sở hữu khối tài sản đồ sộ, mấy ai sánh bằng.|kinh tế|kienthuc.net|"08:00 | 07/06/2022"
Muốn làm khu công nghiệp sinh thái 2.300 tỷ, Capella Land còn rót vốn dự án nào?|https://kienthuc.net.vn/kinh-doanh/muon-lam-khu-cong-nghiep-sinh-thai-2300-ty-capella-land-con-rot-von-du-an-nao-1709697.html|https://photo-cms-kienthuc.zadn.vn/zoom/130_82/Uploaded/manhhung/2022_06_06/newfolder/untitled_VNTA.png|Dù còn non trẻ, nhưng Công ty Capella Land đang triển khai thực hiện và thu hút đầu tư các KCN tại Hà Nam, Bắc Ninh, Bắc Giang…|kinh tế|kienthuc.net|"07:15 | 07/06/2022"
Chung cư sở hữu 50 năm: Các nước thời hạn bao lâu?|https://kienthuc.net.vn/kinh-doanh/chung-cu-so-huu-50-nam-cac-nuoc-thoi-han-bao-lau-1709725.html|https://photo-cms-kienthuc.zadn.vn/zoom/130_82/Uploaded/nguyenvan/2022_06_06/8/a0_NWWF.jpg|Việc quy định thời hạn sở hữu nhà chung cư đã được áp dụng ở nhiều nước với nhiều hình thức khác nhau.|kinh tế|kienthuc.net|"07:00 | 07/06/2022"
Độc chiêu dùng mắm tôm săn cua đá lúc nửa đêm kiếm tiền triệu|https://kienthuc.net.vn/kinh-doanh/doc-chieu-dung-mam-tom-san-cua-da-luc-nua-dem-kiem-tien-trieu-1709634.html|https://icdn.24h.com.vn/upload/2-2022/images/2022-06-05/1654402058-tp-5-4764-width645height427.jpg|Để bắt được cua đá, người săn cua dùng mắm tôm để nhử chúng ra khỏi hang và các phiến đá lớn.|kinh tế|kienthuc.net|"06:57 | 07/06/2022"
Đang loay hoay tiết kiệm, tôi lặng nhìn đồng nghiệp mua nhà tiền tỉ|https://kienthuc.net.vn/kinh-doanh/dang-loay-hoay-tiet-kiem-toi-lang-nhin-dong-nghiep-mua-nha-tien-ti-1709689.html|https://icdn.24h.com.vn/upload/1-2022/images/2022-03-14/va-1647231739-773-width640height480-auto-crop.jpg|Cùng làm trong một công ty, cùng vị trí, Trần Hoàng Minh (Hoàng Mai, Hà Nội) cho biết đồng nghiệp đã mua được nhà tiền tỉ trong khi anh vẫn còn loay hoay.|kinh tế|kienthuc.net|"06:18 | 07/06/2022"
Bạch dinh ven biển Nha Trang đẹp ngỡ ngàng trên báo Mỹ|https://kienthuc.net.vn/kinh-doanh/bach-dinh-ven-bien-nha-trang-dep-ngo-ngang-tren-bao-my-1709599.html|https://photo-cms-kienthuc.zadn.vn/zoom/130_82/Uploaded/nguyenvan/2022_06_06/4/s3_IWSE.jpg|Căn biệt thự nổi bật với gam màu trắng, kiếm trúc dựa trên ý tưởng về một kiến trúc Santorini mái vòm đặc trưng của văn hóa Địa Trung Hải.|kinh tế|kienthuc.net|"19:35 | 06/06/2022"
“Bóc mẽ” chiêu trò “móc túi” khách hàng của thương hiệu xa xỉ|https://kienthuc.net.vn/kinh-doanh/boc-me-chieu-tro-moc-tui-khach-hang-cua-thuong-hieu-xa-xi-1709204.html|https://photo-cms-kienthuc.zadn.vn/zoom/130_82/Uploaded/nguyenvan/2022_06_05/2/a1_VNII.jpg|Thương trường là chiến trường nên các thương thương hiệu nổi tiếng luôn có những chiêu thức phù hợp để thu hút khách hàng.|kinh tế|kienthuc.net|"19:00 | 06/06/2022"
Bộ sưu tập bonsai lạ đình đám ở Việt Nam đặc biệt cỡ nào?|https://kienthuc.net.vn/kinh-doanh/bo-suu-tap-bonsai-la-dinh-dam-o-viet-nam-dac-biet-co-nao-1709525.html|https://photo-cms-kienthuc.zadn.vn/zoom/130_82/Uploaded/nguyenvan/2022_06_06/3/a0_TCBQ.jpg|"Ngoài số lượng ""khủng"", các bộ sưu tập bonsai đình đám ở Việt Nam còn thu hút đông đảo sự chú ý bởi kiểu dáng độc nhất vô nhị."|kinh tế|kienthuc.net|"13:35 | 06/06/2022"
Căn hộ thiết kế của nữ gia chủ cá tính, mọi góc đều đẹp như mơ|https://kienthuc.net.vn/nha-dat/can-ho-thiet-ke-cua-nu-gia-chu-ca-tinh-moi-goc-deu-dep-nhu-mo-1709456.html|https://photo-cms-kienthuc.zadn.vn/zoom/130_82/Uploaded/ctvlanbanh/2022_06_05/6/4r_ZTHY.png|Với chi phí 450 triệu đồng, kiến trúc sư Hoàng Nguyên Bình đã biến tấu căn hộ gần 75m2 một hơi thở đương đại, mộc mạc nhưng không kém phần cá tính, ấn tượng.|kinh tế|kienthuc.net|"13:03 | 06/06/2022"
Soi kiến trúc sân vận động diễn ra trận U23 Việt Nam - U23 Malaysia|https://kienthuc.net.vn/kinh-doanh/soi-kien-truc-san-van-dong-dien-ra-tran-u23-viet-nam-u23-malaysia-1709484.html|https://photo-cms-kienthuc.zadn.vn/zoom/130_82/Uploaded/nguyenvan/2022_06_06/2/s5_UFPJ.jpg|Sân vận động Lokomotiv, nơi diễn ra trận U23 Việt Nam - U23 Malaysia tới đây vừa mới hoàn thành năm 2012 với sức chứa khoảng 8.000 người.|kinh tế|kienthuc.net|"13:00 | 06/06/2022"
Xây dựng nền kinh tế độc lập, tự chủ gắn với hội nhập|https://kienthuc.net.vn/kinh-doanh/xay-dung-nen-kinh-te-doc-lap-tu-chu-gan-voi-hoi-nhap-1709399.html|https://photo-cms-kienthuc.zadn.vn/zoom/130_82/Uploaded/huuthong/2022_06_06/img57981-1654429426376135414966_HFOG.jpg|"""Xây dựng nền kinh tế độc lập, tự chủ gắn với hội nhập kinh tế sâu rộng trong tình hình mới"" là chủ đề của Diễn đàn Kinh tế Việt Nam lần thứ 4 diễn ra tại TPHCM"|kinh tế|kienthuc.net|"09:09 | 06/06/2022"
Choáng ngợp “villa trên không” đáng ao ước của sao Việt|https://kienthuc.net.vn/kinh-doanh/choang-ngop-villa-tren-khong-dang-ao-uoc-cua-sao-viet-1709213.html|https://photo-cms-kienthuc.zadn.vn/zoom/130_82/Uploaded/nguyenvan/2022_06_05/3/b0_WEIQ.jpg|"Với giá trị đắt đỏ cùng thiết kế nội thất xa hoa, penthouse của các sao Việt được ví như ""villa trên không"", ai nhin cũng phải ước ao."|kinh tế|kienthuc.net|"08:00 | 06/06/2022"
Giá vàng hôm nay 6/6: Áp lực thắt chặt tiền tệ, vàng giảm giá|https://kienthuc.net.vn/kinh-doanh/gia-vang-hom-nay-66-ap-luc-that-chat-tien-te-vang-giam-gia-1709387.html|https://photo-cms-kienthuc.zadn.vn/zoom/130_82/Uploaded/nguyenvan/2022_06_06/gia-vang-hom-nay-639_JUNR.jpg|Giá vàng thế giới giảm do lợi tức trái phiếu Chính phủ Mỹ tăng, dữ liệu việc làm của Mỹ tốt hơn dấy lên lo ngại Fed thắt chặt chính sách tiền tệ.|kinh tế|kienthuc.net|"07:17 | 06/06/2022"
Liên danh Đất Xanh làm ăn sao khi làm dự án BĐS 592 tỷ ở Huế?|https://kienthuc.net.vn/kinh-doanh/lien-danh-dat-xanh-lam-an-sao-khi-lam-du-an-bds-592-ty-o-hue-1709336.html|https://photo-cms-kienthuc.zadn.vn/zoom/130_82/Uploaded/manhhung/2022_06_05/newfolder/tu_ha_20191_LASZ.jpg|Liên danh Công ty CP Đất Xanh Miền Trung và Công ty CP Tập đoàn Đất Xanh vừa được tỉnh Thừa Thiên Huế lựa chọn là nhà đầu tư thực hiện dự án 592 tỷ đồng.|kinh tế|kienthuc.net|"07:10 | 06/06/2022"
“Ông lớn” bất động sản nào tại Hà Nội sắp bị thanh tra?|https://kienthuc.net.vn/kinh-doanh/ong-lon-bat-dong-san-nao-tai-ha-noi-sap-bi-thanh-tra-1709330.html|https://photo-cms-kienthuc.zadn.vn/zoom/130_82/Uploaded/nguyenvan/2022_06_05/5/a1_FSRK.jpg|"Nhiều ""ông lớn"" bất động sản nằm trong danh sách thanh tra sắp tới như CTCP Tập đoàn Nam Cường; Vietracimex; Sudico...."|kinh tế|kienthuc.net|"07:00 | 06/06/2022"
Bỏ trăm triệu mua ngựa để tập làm 'quý tộc' ở TP.HCM|https://kienthuc.net.vn/kinh-doanh/bo-tram-trieu-mua-ngua-de-tap-lam-quy-toc-o-tphcm-1709350.html|https://photo-cms-kienthuc.zadn.vn/zoom/130_82/Uploaded/ctvxahoi/2022_06_05/z3465970012567_9b5d9a8db4c837b2599840b1bb48da97_SVLT.jpg|Bỏ hàng trăm triệu để sở hữu một con ngựa rồi thuê người chăm sóc hoặc tìm các lớp học cưỡi ngựa. Đây là bộ môn thể thao đang được nhiều người quan tâm|kinh tế|kienthuc.net|"05:59 | 06/06/2022"
Một công ty phạt nhân viên trai trên gái dưới netizen ùa vào ném đá ầm ầm|https://kienthuc.net.vn/kinh-doanh/mot-cong-ty-phat-nhan-vien-trai-tren-gai-duoi-netizen-ua-vao-nem-da-am-am-1709209.html|https://photo-cms-kienthuc.zadn.vn/zoom/130_82/Uploaded/manhhung/2022_06_05/newfolder/fbsscover_1_JZNU.jpg|Cách phạt nhân viên của công ty này nhận về hàng loạt ý kiến trái chiều từ cư dân mạng.|kinh tế|kienthuc.net|"01:24 | 06/06/2022"
Đội nắng, xếp hàng chờ 90 phút để được ăn cơm gà ở TP HCM|https://kienthuc.net.vn/kinh-doanh/doi-nang-xep-hang-cho-90-phut-de-duoc-an-com-ga-o-tp-hcm-1709321.html|https://photo-cms-kienthuc.zadn.vn/zoom/130_82/Uploaded/thuydung/2022_06_05/1/untitled_SBQG.png|Quán cơm chiên gà xối mỡ vỉa hè đường Trường Sa (quận 3) ngon có tiếng, muốn ăn phải đến thật sớm và xếp hàng chờ đến giờ mở bán.|kinh tế|kienthuc.net|"20:35 | 05/06/2022"
Thoáng mát từng góc, nhà Yên Bái khiến báo ngoại ngỡ ngàng|https://kienthuc.net.vn/kinh-doanh/thoang-mat-tung-goc-nha-yen-bai-khien-bao-ngoai-ngo-ngang-1707818.html|https://photo-cms-kienthuc.zadn.vn/zoom/130_82/Uploaded/nguyenvan/2022_06_01/6/s0_NUMK.jpg|Khắc phục nhược điểm của nhà phố liền kề, HP6 House được xây dựng theo tiêu chí đơn giản nhưng thoáng sáng ở mọi góc.|kinh tế|kienthuc.net|"19:00 | 05/06/2022"
CZ uống cà phê trứng, nói về blockchain ở Hà Nội|https://kienthuc.net.vn/kinh-doanh/cz-uong-ca-phe-trung-noi-ve-blockchain-o-ha-noi-1709254.html|https://photo-cms-kienthuc.zadn.vn/zoom/130_82/Uploaded/thuydung/2022_06_05/1/untitled_FGES.png|Nhà sáng lập kiêm CEO của Binance có nhiều chia sẻ với Zing khi được hỏi về nhiều chủ đề nhạy cảm, như những rủi ro trong lĩnh vực blockchain.|kinh tế|kienthuc.net|"15:00 | 05/06/2022"
Độc đáo ngôi nhà có 3 sân vườn giữa lòng Hà Nội|https://kienthuc.net.vn/kinh-doanh/doc-dao-ngoi-nha-co-3-san-vuon-giua-long-ha-noi-1708259.html|https://photo-cms-kienthuc.zadn.vn/zoom/130_82/Uploaded/nguyenvan/2022_06_02/6/s4_GHPC.jpg|Ngôi nhà gây ấn tượng bởi ba khoảng sân vườn tạo không gian bên trong thoáng đãng và gần gũi với thiên nhiên.|kinh tế|kienthuc.net|"13:00 | 05/06/2022"
"Loài cá được ví như ""lộc trời ban"", là đặc sản được săn lùng"|https://kienthuc.net.vn/kinh-doanh/loai-ca-duoc-vi-nhu-loc-troi-ban-la-dac-san-duoc-san-lung-1708894.html|https://photo-cms-kienthuc.zadn.vn/zoom/130_82/Uploaded/tructoasoan/2022_06_04/1653965939-144-thumbnail-width740height555_PZYC.jpg|Chúng được ví như sản vật quý mà trời đất ban tặng cho vùng đất Mường Lò (Yên Bái).|kinh tế|kienthuc.net|"12:51 | 05/06/2022"
"Khủng hoảng cơm gà Singapore: ""Nhà giàu cũng phải khóc"" trước nguy cơ thiếu ăn"|https://kienthuc.net.vn/kinh-doanh/khung-hoang-com-ga-singapore-nha-giau-cung-phai-khoc-truoc-nguy-co-thieu-an-1708872.html|https://photo-cms-kienthuc.zadn.vn/zoom/130_82/Uploaded/tructoasoan/2022_06_04/khung-hoang-com-ga-singapore-nha-giau-cung-phai-khoc-truoc-nguy-co-thieu-an-9b48265b01c24baa9412c1bcb209c8ed_AEQH.jpg|Malaysia vừa quyết định đình chỉ toàn bộ hoạt động xuất khẩu gà sang Singapore, tạo ra một cuộc khủng hoảng với món ăn đặc sản của quốc gia láng giềng.|kinh tế|kienthuc.net|"12:27 | 05/06/2022"
Đẹp ngỡ ngàng cảnh dân thu hoạch sen giữa cánh đồng lớn nhất Hà Tĩnh|https://kienthuc.net.vn/kinh-doanh/dep-ngo-ngang-canh-dan-thu-hoach-sen-giua-canh-dong-lon-nhat-ha-tinh-1708861.html|https://photo-cms-kienthuc.zadn.vn/zoom/130_82/Uploaded/tructoasoan/2022_06_04/c2_XJPC.png|Từ tờ mờ sáng, người dân tại thị trấn Thạch Hà (huyện Thạch Hà, tỉnh Hà Tĩnh) đã chuẩn bị đồ nghề để xuống đầm rộng hơn 7ha để thu hoạch đài sen.|kinh tế|kienthuc.net|"12:24 | 05/06/2022"
Vải thiều 200 nghìn/kg: Hàng xuất Nhật, khách nội hiếm được ăn|https://kienthuc.net.vn/kinh-doanh/vai-thieu-200-nghinkg-hang-xuat-nhat-khach-noi-hiem-duoc-an-1708912.html|https://photo-cms-kienthuc.zadn.vn/zoom/130_82/Uploaded/thutrang/2022_06_04/vai-thieu-1-765_LXKK.jpg|Ở Hà Nội, loại vải thiều Thanh Hà được quảng cáo là hàng xuất khẩu sang Nhật Bản có giá bán gần 200.000 đồng/kg.|kinh tế|kienthuc.net|"12:00 | 05/06/2022"
Vụ tai nạn 3 người chết ở Hòa Bình: Tài xế xe tải khai gì?|https://kienthuc.net.vn/xa-hoi/vu-tai-nan-3-nguoi-chet-o-hoa-binh-tai-xe-xe-tai-khai-gi-1709211.html|https://photo-cms-kienthuc.zadn.vn/zoom/130_82/Uploaded/giadat/2022_06_05/40_MNIK.jpg|Tại cơ quan Công an, tài xế xe tải khai nhận, chiếc xe tải do bị mất phanh, mất lái dẫn đến không làm chủ được nên đã gây ra vụ tai nạn thương tâm.|kinh tế|kienthuc.net|"10:40 | 05/06/2022"
Choáng với giá biệt thự ở TP HCM|https://kienthuc.net.vn/kinh-doanh/choang-voi-gia-biet-thu-o-tp-hcm-1709151.html|https://photo-cms-kienthuc.zadn.vn/zoom/130_82/Uploaded/thuydung/2022_06_05/1/untitled_BLQG.png|Những căn biệt thự ở vùng ven như quận 9 cũ (nay thuộc TP Thủ Đức), Nhà Bè, quận 7... cũng có giá cao ngất ngưởng, gấp đôi thời điểm trước dịch.|kinh tế|kienthuc.net|"08:45 | 05/06/2022"
Giá vàng hôm nay 5/6: Giảm nhẹ sau nhiều tuần tăng liên tiếp|https://kienthuc.net.vn/kinh-doanh/gia-vang-hom-nay-56-giam-nhe-sau-nhieu-tuan-tang-lien-tiep-1709152.html|https://photo-cms-kienthuc.zadn.vn/zoom/130_82/Uploaded/thuydung/2022_06_05/1/untitled_VTIZ.png|Giá vàng thế giới giảm giá sau nhiều tuần liên tiếp tăng, trong bối cảnh Cục Dự trữ Liên bang Mỹ (Fed) có nhiều khả năng tăng lãi suất trong những tháng tới.|kinh tế|kienthuc.net|"08:18 | 05/06/2022"
Thiết kế táo bạo chưa từng có, nhà phố khiến báo ngoại ngỡ ngàng|https://kienthuc.net.vn/kinh-doanh/thiet-ke-tao-bao-chua-tung-co-nha-pho-khien-bao-ngoai-ngo-ngang-1708950.html|https://photo-cms-kienthuc.zadn.vn/zoom/130_82/Uploaded/nguyenvan/2022_06_04/1/s15_FLQV.jpg|Ngôi nhà phố mang lại cảm giác dễ chịu, có thể thoát khỏi mọi bộn bề của công việc hàng ngày ở thành phố và trở về với thiên nhiên.|kinh tế|kienthuc.net|"07:00 | 05/06/2022"
5 mẹo tiết kiệm cho người thu nhập thấp để sớm mua được nhà và xe|https://kienthuc.net.vn/kinh-doanh/5-meo-tiet-kiem-cho-nguoi-thu-nhap-thap-de-som-mua-duoc-nha-va-xe-1709133.html|https://photo-cms-kienthuc.zadn.vn/zoom/130_82/Uploaded/haininh/2022_06_04/meo-tiet-kiem-cho-nguoi-thu-nhap-thap-1457_WPWC.jpg|Trải qua những ngày tháng khó khăn vì dịch bệnh, hẳn nhiều người cũng nhận ra được việc có khoản tiền tích lũy quan trọng thế nào.|kinh tế|kienthuc.net|"06:42 | 05/06/2022"
Từng góc trong biệt thự ở quê của tiền vệ Hoàng Đức|https://kienthuc.net.vn/kinh-doanh/tung-goc-trong-biet-thu-o-que-cua-tien-ve-hoang-duc-1708676.html|https://photo-cms-kienthuc.zadn.vn/zoom/130_82/Uploaded/nguyenvan/2022_06_03/5/a9_GAMG.jpg|Biệt thự của gia đình tiền vệ Hoàng Đức ở quê được xây dựng rất khang trang, thiết kế theo phong cách hiện đại và sử dụng giải pháp nhà thông minh.|kinh tế|kienthuc.net|"19:00 | 04/06/2022"
Căn hộ penthouse gia chủ tự thiết kế ban công với vườn hồng mini|https://kienthuc.net.vn/kinh-doanh/can-ho-penthouse-gia-chu-tu-thiet-ke-ban-cong-voi-vuon-hong-mini-1708454.html|https://photo-cms-kienthuc.zadn.vn/zoom/130_82/Uploaded/tructoasoan/2022_06_03/ava-penthouse-429_AXKA.jpg|Căn penthouse ở Hà Nội được nhận bàn giao thô nên mọi khâu từ thiết kế, thi công được gia chủ dành rất nhiều tâm huyết.|kinh tế|kienthuc.net|"12:33 | 04/06/2022"
Ngân hàng chật vật thanh lý xe Lexus, mỏ quặng, nhà đất|https://kienthuc.net.vn/kinh-doanh/ngan-hang-chat-vat-thanh-ly-xe-lexus-mo-quang-nha-dat-1708926.html|https://photo-cms-kienthuc.zadn.vn/zoom/130_82/Uploaded/haininh/2022_06_04/nha_may_dien_tri_kem_bac_kan_RHPH.jpg|Dù nhiều khoản nợ xấu có tài sản đảm bảo đầy đủ nhưng các ngân hàng vẫn gặp khó trong việc thanh lý.|kinh tế|kienthuc.net|"12:30 | 04/06/2022"
Phòng tắm – không gian nhỏ nhưng mang tầm quan trọng lớn|https://kienthuc.net.vn/kinh-doanh/phong-tam-khong-gian-nho-nhung-mang-tam-quan-trong-lon-1708450.html|https://photo-cms-kienthuc.zadn.vn/zoom/130_82/Uploaded/tructoasoan/2022_06_03/ava-phong-tam-794_BSWK.jpg|Phòng tắm không chỉ đơn thuần phục vụ cho sinh hoạt hàng ngày mà còn là nơi gia chủ thư giãn, rũ bỏ bụi bẩn mệt mỏi sau ngày làm việc.|kinh tế|kienthuc.net|"12:30 | 04/06/2022"
Loại khoai tây đắt nhất thế giới, giá lên tới hơn chục triệu mỗi cân|https://kienthuc.net.vn/kinh-doanh/loai-khoai-tay-dat-nhat-the-gioi-gia-len-toi-hon-chuc-trieu-moi-can-1708444.html|https://icdn.24h.com.vn/upload/2-2022/images/2022-06-02/Loai-khoai-tay-dat-nhat-the-gioi-hon-chuc-trieu-moi-can-a1-1654130872-497-width800height489.jpg|Mặc dù khoai tây khá dễ kiếm ở hầu hết các nơi, nhưng có một loại khoai tây chỉ có thể thu hoạch được trong vòng mười ngày mỗi năm.|kinh tế|kienthuc.net|"12:27 | 04/06/2022"
Sen sinh đôi siêu đắt đỏ vẫn cháy hàng|https://kienthuc.net.vn/kinh-doanh/sen-sinh-doi-sieu-dat-do-van-chay-hang-1708439.html|https://photo-cms-kienthuc.zadn.vn/zoom/130_82/Uploaded/tructoasoan/2022_06_03/sen_YNCO.jpg|Sen Tịnh Đế hiện được bán khoảng 300.000 đồng/cành 2 bông. Tuy giá thành đắt đỏ nhưng không phải ai có tiền cũng có thể sở hữu được loại sen đặc biệt này.|kinh tế|kienthuc.net|"12:24 | 04/06/2022"
Xăng tăng, bão giá ngấm vào bữa ăn|https://kienthuc.net.vn/kinh-doanh/xang-tang-bao-gia-ngam-vao-bua-an-1708823.html|https://photo-cms-kienthuc.zadn.vn/zoom/130_82/Uploaded/quocquan/2022_06_04/0982ba8656c4bf9ae6d5_WICA.jpg|Giá xăng tăng kéo theo giá hàng loạt mặt hàng khác cũng tăng, khiến đời sống của người dân gặp khó khăn.|kinh tế|kienthuc.net|"08:29 | 04/06/2022"
Bí mật ít biết về chủ quán đeo gần 100kg vàng trên người|https://kienthuc.net.vn/kinh-doanh/bi-mat-it-biet-ve-chu-quan-deo-gan-100kg-vang-tren-nguoi-1708643.html|https://photo-cms-kienthuc.zadn.vn/zoom/130_82/Uploaded/nguyenvan/2022_06_03/4/s7_EJNM.jpeg|Là sở thích từ khi còn nhỏ nên dù có bị tê tay, tróc da, anh chủ quán đeo 100kg vàng vẫn không từ bỏ ý định sắm thêm vàng để mang.|kinh tế|kienthuc.net|"08:00 | 04/06/2022"
Giá xăng Việt Nam đang ở đâu so với thế giới?|https://kienthuc.net.vn/kinh-doanh/gia-xang-viet-nam-dang-o-dau-so-voi-the-gioi-1708690.html|https://photo-cms-kienthuc.zadn.vn/zoom/130_82/Uploaded/nguyenvan/2022_06_03/6/b1_ALTN.jpg|Tại khu vực Đông Nam Á, giá xăng ở Việt Nam đang đắt hơn Malaysia và Indonesia nhưng vẫn rẻ hơn Campuchia, Thái Lan, Singapore...|kinh tế|kienthuc.net|"07:30 | 04/06/2022"
Hậu Giang: Dự án đường tỉnh 927C sai phạm gì khiến loạt cán bộ bị khiển trách?|https://kienthuc.net.vn/kinh-doanh/hau-giang-du-an-duong-tinh-927c-sai-pham-gi-khien-loat-can-bo-bi-khien-trach-1708751.html|https://photo-cms-kienthuc.zadn.vn/zoom/130_82/Uploaded/manhhung/2022_06_03/newfolder/tuyen-lo-927_CYUH.jpg|Hàng loạt cán bộ, công chức huyện Châu Thành bị kỷ luật với hình thức khiển trách liên quan sai phạm dự án đường tỉnh 927C 850 tỷ đồng.|kinh tế|kienthuc.net|"07:10 | 04/06/2022"
"Loại quả rẻ như rau ở nước ngoài về Việt Nam thành thứ ""đốt tiền"""|https://kienthuc.net.vn/kinh-doanh/loai-qua-re-nhu-rau-o-nuoc-ngoai-ve-viet-nam-thanh-thu-dot-tien-1708512.html|https://photo-cms-kienthuc.zadn.vn/zoom/130_82/Uploaded/trantuananh/2022_06_03/1653791233-495-thumbnail-width740height555_QHWS.jpg|Bạn đã từng thưởng thức loại quả nào trong danh sách này chưa?|kinh tế|kienthuc.net|"06:36 | 04/06/2022"
Buôn loại hàng ai cũng sợ, công ty thu lợi gấp 33 lần thông thường|https://kienthuc.net.vn/kinh-doanh/buon-loai-hang-ai-cung-so-cong-ty-thu-loi-gap-33-lan-thong-thuong-1708697.html|https://icdn.24h.com.vn/upload/2-2022/images/2022-06-02/avt-1654130431-106-width740height555-auto-crop-watermark.jpg|Các nhà giao dịch hàng hóa nhỏ hơn đang mua và chuyển dầu thô của Nga sau khi rất nhiều công ty lớn đều phải từ bỏ do lo ngại các biện pháp trừng phạt.|kinh tế|kienthuc.net|"05:54 | 04/06/2022"
Dấu hiệu cho thấy điện thoại và những đồ điện tử khác bạn mua là hàng giả|https://kienthuc.net.vn/kinh-doanh/dau-hieu-cho-thay-dien-thoai-va-nhung-do-dien-tu-khac-ban-mua-la-hang-gia-1708408.html|https://photo-cms-kienthuc.zadn.vn/zoom/130_82/Uploaded/manhhung/2022_06_03/do-cong-nghe-dfb-ngoisaovn-w1080-h648_JZDR.jpg|Đồ giả ngày càng trở nên phổ biến và được làm tốt đến mức đôi khi trở nên quá khó để phân biệt sản phẩm bạn sắp mua có phải là hàng thật hay không.|kinh tế|kienthuc.net|"05:34 | 04/06/2022"
2 điều trong cuộc sống khiến người giàu càng chơi càng giàu|https://kienthuc.net.vn/kinh-doanh/2-dieu-trong-cuoc-song-khien-nguoi-giau-cang-choi-cang-giau-1708466.html|https://photo-cms-kienthuc.zadn.vn/zoom/130_82/Uploaded/nguyenvan/2022_06_03/2-dieu-trong-cuoc-song-khien-nguoi-giau-cang-choi-cang-giau-con-nguoi-ngheo-cang-lam-cang-ngheo-102326_ENUG.jpg|Sự khác nhau giữ tư duy của người giàu và người nghèo chính là hố sâu ngăn cách.|kinh tế|kienthuc.net|"01:12 | 04/06/2022"
Phòng ngủ có 1 trong 5 vật phẩm này: Gia chủ ngủ ngon, tài vận hanh thông|https://kienthuc.net.vn/kinh-doanh/phong-ngu-co-1-trong-5-vat-pham-nay-gia-chu-ngu-ngon-tai-van-hanh-thong-1708467.html|https://photo-cms-kienthuc.zadn.vn/zoom/130_82/Uploaded/nguyenvan/2022_06_03/vat-phong-thuy-nen-dat-trong-phong-ngu-1-0935_YTXX.jpg|Phong thủy quan niệm, đồ vật trong phòng ngủ có tác động đến giấc ngủ cũng như tài vận của gia chủ.|kinh tế|kienthuc.net|"01:09 | 04/06/2022"
Nhà ở Bình Dương đẹp hút mắt, bể bơi trong veo bên vườn cây rì rào|https://kienthuc.net.vn/kinh-doanh/nha-o-binh-duong-dep-hut-mat-be-boi-trong-veo-ben-vuon-cay-ri-rao-1708667.html|https://photo-cms-kienthuc.zadn.vn/zoom/130_82/Uploaded/dinhcuc/2022_06_01/v/7_AHQK.jpg|Ngôi nhà ở Bình Dương mang vẻ đẹp của một khu nghỉ dưỡng, tích hợp công năng sống tiện nghi, hòa mình với thiên nhiên.|kinh tế|kienthuc.net|"00:51 | 04/06/2022"
Việt Nam thí điểm mua điện trực tiếp từ nhà sản xuất điện tái tạo|https://kienthuc.net.vn/kinh-doanh/viet-nam-thi-diem-mua-dien-truc-tiep-tu-nha-san-xuat-dien-tai-tao-1708740.html|https://photo-cms-kienthuc.zadn.vn/zoom/130_82/Uploaded/anquy/2022_06_03/nang_luong_sach_NFZS.jpg|Ngày 3/6, Bộ Công Thương và Đại sứ quán Hoa Kỳ tại Việt Nam khởi động dự án năng lượng sạch trị giá 36 triệu USD do USAID tài trợ.|kinh tế|kienthuc.net|"21:25 | 03/06/2022"
Cận cảnh biệt thự như lâu đài của nghệ sĩ Vân Dung|https://kienthuc.net.vn/kinh-doanh/can-canh-biet-thu-nhu-lau-dai-cua-nghe-si-van-dung-1708623.html|https://photo-cms-kienthuc.zadn.vn/zoom/130_82/Uploaded/nguyenvan/2022_06_03/3/s0_SPYK.jpg|Dù chỉ là bản vẽ song khán giả cũng phần nào thấy được độ hoành tráng trong căn biệt thự mới của nghệ sĩ Vân Dung.|kinh tế|kienthuc.net|"19:40 | 03/06/2022"
Sen sinh đôi đắt đỏ gấp 60 lần bình thường... sao ai cũng muốn mua?|https://kienthuc.net.vn/kinh-doanh/sen-sinh-doi-dat-do-gap-60-lan-binh-thuong-sao-ai-cung-muon-mua-1708543.html|https://photo-cms-kienthuc.zadn.vn/zoom/130_82/Uploaded/nguyenvan/2022_06_03/2/c4_EZXC.jpg|Sen Tịnh Đế có hai bông nở trên cùng một cuống, rất quý hiếm và xưa kia để dành tiến vua.|kinh tế|kienthuc.net|"19:00 | 03/06/2022"
Bộ Công Thương nói về giá xăng Malaysia 13.000 đồng, muốn xuất sang Việt Nam|https://kienthuc.net.vn/kinh-doanh/bo-cong-thuong-noi-ve-gia-xang-malaysia-13000-dong-muon-xuat-sang-viet-nam-1708677.html|https://photo-cms-kienthuc.zadn.vn/zoom/130_82/Uploaded/nguyenvan/2022_06_03/xang-dau-14264131_OXIJ.jpg|Bộ Công Thương lên tiếng trước thông tin giá xăng RON95 tại Malaysia chỉ có giá tầm 13.000 đồng/lít và nước này muốn xuất khẩu sang Việt Nam.|kinh tế|kienthuc.net|"17:25 | 03/06/2022"
Sự kiện ra mắt căn hộ mẫu Diamond Crown Hai Phong đẳng cấp và tinh tế|https://kienthuc.net.vn/kinh-doanh/su-kien-ra-mat-can-ho-mau-diamond-crown-hai-phong-dang-cap-va-tinh-te-1708634.html|https://photo-cms-kienthuc.zadn.vn/zoom/130_82/Uploaded/thanhhang/2022_06_03/5/1_UIZP.jpg|DOJI LAND đã khẳng định vị thế và tầm vóc của nhà phát triển bất động sản cao cấp tốt nhất Việt Nam 2021 qua sự kiện ra mắt văn phòng bán hàng và căn hộ mẫu dự|kinh tế|kienthuc.net|"16:03 | 03/06/2022"
Tin vui: Vietjet đã nối lại đường bay đến thiên đường du lịch Phuket|https://kienthuc.net.vn/kinh-doanh/tin-vui-vietjet-da-noi-lai-duong-bay-den-thien-duong-du-lich-phuket-1708631.html|https://photo-cms-kienthuc.zadn.vn/zoom/130_82/Uploaded/thanhhang/2022_06_03/4/hkt_FVDJ.jpg|Đường bay kết nối TP.HCM với thiên đường du lịch biển Phuket (Thái Lan) của Vietjet sẵn sàng chào đón du khách trở lại ngay hôm nay.|kinh tế|kienthuc.net|"16:02 | 03/06/2022"
Đào tạo nhân lực ngành điều dưỡng: Cốt lõi là giỏi thực hành|https://kienthuc.net.vn/kinh-doanh/dao-tao-nhan-luc-nganh-dieu-duong-cot-loi-la-gioi-thuc-hanh-1708559.html|https://photo-cms-kienthuc.zadn.vn/zoom/130_82/Uploaded/thanhhang/2022_06_03/2/2_2_GEZY.jpg|Bối cảnh thị trường lao động ngày càng cạnh tranh, kết hợp sự bùng nổ cách mạng 4.0 khiến nhiều ngành nghề bị xóa sổ, nhiều người mất việc làm.|kinh tế|kienthuc.net|"15:27 | 03/06/2022"
Vinamilk hưởng ứng ngày sữa thế giới & quốc tế thiếu nhi với nhiều hoạt động thú vị|https://kienthuc.net.vn/kinh-doanh/vinamilk-huong-ung-ngay-sua-the-gioi-quoc-te-thieu-nhi-voi-nhieu-hoat-dong-thu-vi-1708553.html|https://photo-cms-kienthuc.zadn.vn/zoom/130_82/Uploaded/thanhhang/2022_06_03/1/hinh_7a_UCES.JPG|Từ ngày 31/5 đến ngày 4/6/2022, Vinamilk đồng hành cùng Hiệp Hội Sữa (HHS) mang đến “Triển lãm Quốc tế ngành Sữa và sản phẩm sữa lần thứ 3”|kinh tế|kienthuc.net|"15:26 | 03/06/2022"
Chương trình khuyến mại: “Đăng ký thả ga – Bao la tiền thưởng”|https://kienthuc.net.vn/kinh-doanh/chuong-trinh-khuyen-mai-dang-ky-tha-ga-bao-la-tien-thuong-1708549.html|https://photo-cms-kienthuc.zadn.vn/zoom/130_82/Uploaded/thanhhang/2022_06_03/v1_843x500_s1-01_CQWF.png|Tặng ngay 50.000đ cho khách hàng đăng ký và thực hiện giao dịch trên Lienviet24h.|kinh tế|kienthuc.net|"15:25 | 03/06/2022"
Cơ hội “săn nhà triệu đô” tại Aqua City thu hút đông đảo giới đầu tư tham gia|https://kienthuc.net.vn/kinh-doanh/co-hoi-san-nha-trieu-do-tai-aqua-city-thu-hut-dong-dao-gioi-dau-tu-tham-gia-1708571.html|https://photo-cms-kienthuc.zadn.vn/zoom/130_82/Uploaded/thanhhang/2022_06_03/3/dsc00787_BVWV.jpg|Vừa qua tại sự kiện “Đặc quyền đầu tư bất động sản thời thượng” KĐT sinh thái thông minh Aqua City đã thu hút hàng ngàn lượt khách đến tham quan và tìm cơ hội|kinh tế|kienthuc.net|"15:24 | 03/06/2022"
Cận cảnh gốc bàng kiểng 35 tỷ gia chủ không chịu bán|https://kienthuc.net.vn/kinh-doanh/can-canh-goc-bang-kieng-35-ty-gia-chu-khong-chiu-ban-1708111.html|https://photo-cms-kienthuc.zadn.vn/zoom/130_82/Uploaded/nguyenvan/2022_06_02/3/s3_KJWU.jpg|"Để giữ nguyên vẹn được gốc cây bàng ""báu vật"" này, gia chủ đã phải chi số tiền hàng chục tỷ bảo quản suốt 8 năm qua."|kinh tế|kienthuc.net|"13:36 | 03/06/2022"
Cận cảnh khách sạn U23 Việt Nam trú tại Uzbekistan|https://kienthuc.net.vn/kinh-doanh/can-canh-khach-san-u23-viet-nam-tru-tai-uzbekistan-1708495.html|https://photo-cms-kienthuc.zadn.vn/zoom/130_82/Uploaded/nguyenvan/2022_06_03/1/b0_OJLV.jpg|Nơi đóng quân của U23 Việt Nam tại Uzbekistan là khách sạn 5 sao nằm ngay trung tâm thành phố, có phòng đắt nhất lên tới hơn 45 triệu đồng/đêm.|kinh tế|kienthuc.net|"13:35 | 03/06/2022"
Tổ ấm tông màu lạnh ở tuổi 25 của chàng trai Hà thành|https://kienthuc.net.vn/kinh-doanh/to-am-tong-mau-lanh-o-tuoi-25-cua-chang-trai-ha-thanh-1708159.html|https://photo-cms-kienthuc.zadn.vn/zoom/130_82/Uploaded/tructoasoan/2022_06_02/ava-can-ho-358_LIVF.jpg|Căn hộ 83m2 ở Hà Nội là tổ ấm đầu tiên của chàng trai 25 tuổi sở hữu.|kinh tế|kienthuc.net|"12:06 | 03/06/2022"
Thị trường nhà phố khu Đông Hà Nội: Lực cầu cao, nguồn cung “nhỏ giọt”|https://kienthuc.net.vn/doanh-nghiep/thi-truong-nha-pho-khu-dong-ha-noi-luc-cau-cao-nguon-cung-nho-giot-1708312.html|https://photo-cms-kienthuc.zadn.vn/zoom/130_82/Uploaded/thanhhang/2022_06_02/9/3_3_3_NAWM.png|Với sự đột phá về phát triển hạ tầng, phía Đông thủ đô đã và đang trở thành một cực phát triển mới đầy triển vọng và hút dòng vốn đầu tư BĐS.|kinh tế|kienthuc.net|"10:37 | 03/06/2022"
Không gian xanh nâng tầm chất sống tại Eurowindow River Park|https://kienthuc.net.vn/doanh-nghiep/khong-gian-xanh-nang-tam-chat-song-tai-eurowindow-river-park-1708310.html|https://photo-cms-kienthuc.zadn.vn/zoom/130_82/Uploaded/thanhhang/2022_06_02/8/2_EAPP.png|Nhu cầu sống xanh - sống khỏe, gần gũi với thiên nhiên đang được nhiều người mua nhà hướng đến lựa chọn.|kinh tế|kienthuc.net|"10:36 | 03/06/2022"
Cơ hội sở hữu biệt thự phiên bản giới hạn tại trung tâm TP Yên Bái|https://kienthuc.net.vn/doanh-nghiep/co-hoi-so-huu-biet-thu-phien-ban-gioi-han-tai-trung-tam-tp-yen-bai-1708204.html|https://photo-cms-kienthuc.zadn.vn/zoom/130_82/Uploaded/thanhhang/2022_06_02/7/1_YJPV.png|Với những ưu thế hiếm có, 16 căn biệt thự Sapphire phiên bản giới hạn tại Melinh PLAZA Yên Bái sẽ mang đến cho các chủ nhân những trải nghiệm khác biệt.|kinh tế|kienthuc.net|"10:35 | 03/06/2022"
Cổ phiếu OGC chỉ được giao dịch trong phiên chiều từ 9/6|https://kienthuc.net.vn/kinh-doanh/co-phieu-ogc-chi-duoc-giao-dich-trong-phien-chieu-tu-96-1708470.html|https://photo-cms-kienthuc.zadn.vn/zoom/130_82/uploaded/nguyenphuong/2022_06_03/ogc_LHAH.jpg|Cổ phiếu OGC chỉ được giao dịch phiên chiều của ngày giao dịch theo phương thức khớp lệnh tập trung và thỏa thuận.|kinh tế|kienthuc.net|"10:26 | 03/06/2022"
Sau ly hôn, mỹ nhân Việt sống trong biệt thự sang chảnh cỡ nào?|https://kienthuc.net.vn/kinh-doanh/sau-ly-hon-my-nhan-viet-song-trong-biet-thu-sang-chanh-co-nao-1708188.html|https://photo-cms-kienthuc.zadn.vn/zoom/130_82/Uploaded/nguyenvan/2022_06_02/4/s0_URYU.jpg|Hậu ly hôn, cả Lệ Quyên và Nhật Kim Anh đều tậu cho mình căn biệt thự hoành tráng với giá trị vài chục tỷ đồng.|kinh tế|kienthuc.net|"08:00 | 03/06/2022"
Nơi U23 Việt Nam gặp U23 Thái Lan: Có mỏ vàng lớn nhất thế giới|https://kienthuc.net.vn/kinh-doanh/noi-u23-viet-nam-gap-u23-thai-lan-co-mo-vang-lon-nhat-the-gioi-1708132.html|https://photo-cms-kienthuc.zadn.vn/zoom/130_82/Uploaded/tructoasoan/2022_06_02/1654052676-72-thumbnail-width740height555_NJFY.jpg|Đất nước này có trữ lượng vàng dồi dào nhưng GDP thấp hơn nhiều so với Việt Nam.|kinh tế|kienthuc.net|"07:51 | 03/06/2022"
MC giàu có trẻ nhất Đường lên đỉnh Olympia bất ngờ khoe căn hộ|https://kienthuc.net.vn/kinh-doanh/mc-giau-co-tre-nhat-duong-len-dinh-olympia-bat-ngo-khoe-can-ho-1708237.html|https://icdn.24h.com.vn/upload/2-2022/images/2022-05-31/1654002503-khanh-vy-006-1653875919919-1653875920195261234644-width650height373.jpg|Căn hộ của MC Khánh Vy Đường lên đỉnh Olympia được phủ tông trắng chủ đạo khi chỉ vừa mới bước qua tuổi 23.|kinh tế|kienthuc.net|"07:39 | 03/06/2022"
Giá vàng hôm nay 3/6: USD quay đầu giảm, vàng tăng dữ dội|https://kienthuc.net.vn/kinh-doanh/gia-vang-hom-nay-36-usd-quay-dau-giam-vang-tang-du-doi-1708400.html|https://photo-cms-kienthuc.zadn.vn/zoom/130_82/Uploaded/thutrang/2022_06_03/giavang7-1272_HAET.jpg|Giá vàng hôm nay 3/6 trên thị trường quốc tế tăng vọt trở lại trong bối cảnh đồng USD quay đầu giảm nhanh.|kinh tế|kienthuc.net|"07:22 | 03/06/2022"
Biết gì về Cty BĐS Đức Hòa Đông bị phạt do quảng cáo dự án sai sự thật?|https://kienthuc.net.vn/kinh-doanh/biet-gi-ve-cty-bds-duc-hoa-dong-bi-phat-do-quang-cao-du-an-sai-su-that-1708336.html|https://photo-cms-kienthuc.zadn.vn/zoom/130_82/Uploaded/manhhung/2022_06_02/newfolder/56b9a195d3a3d8_ERLU.jpg|Công ty cổ phần Bất động sản Đức Hòa Đông được thành lập từ năm 2009, do bà Nguyễn Thị Hòa làm người đại diện theo pháp luật.|kinh tế|kienthuc.net|"07:05 | 03/06/2022"
Chân dung tân Chủ tịch Mobifone Nguyễn Hồng Hiển|https://kienthuc.net.vn/kinh-doanh/chan-dung-tan-chu-tich-mobifone-nguyen-hong-hien-1708344.html|https://photo-cms-kienthuc.zadn.vn/zoom/130_82/Uploaded/nguyenvan/2022_06_02/7/a1_SEBB.jpg|Tân Chủ tịch Mobifone Nguyễn Hồng Hiển từng trải qua nhiều vị trí công tác tại cơ quan nhà nước và doanh nghiệp.|kinh tế|kienthuc.net|"07:00 | 03/06/2022"
Loạt nhà phố giá rẻ ngân hàng phát mại, có nên mua?|https://kienthuc.net.vn/kinh-doanh/loat-nha-pho-gia-re-ngan-hang-phat-mai-co-nen-mua-1708241.html|https://icdn.24h.com.vn/upload/2-2022/images/2022-05-31/Loat-nha-pho-gia-re-ngan-hang-phat-mai-co-nen-mua-nha3-1654011157-508-width740height586.jpg|Thời gian gần đây, nhiều tài sản bất động sản bị ngân hàng tịch thu đã được rao bán nhiều lần, có nhiều tài sản giá trị liên tục sụt giảm so với giá thị trường.|kinh tế|kienthuc.net|"06:42 | 03/06/2022"
Điểm danh hội chị đẹp sở hữu vòng eo thon hơn cả gái còn son|https://kienthuc.net.vn/kinh-doanh/diem-danh-hoi-chi-dep-so-huu-vong-eo-thon-hon-ca-gai-con-son-1707988.html|https://photo-cms-kienthuc.zadn.vn/zoom/130_82/Uploaded/manhhung/2022_06_02/diem-danh-hoi-chi-dep-so-huu-vong-eo-thon-hon-ca-gai-con-son-qua-nam-thang-sac-voc-van-cu-dinh-085621_ODKM.png|Bước sang tuổi U40, U50 các mỹ nhân như Thanh Hằng, Hiền Thục, Lệ Quyên… lại như bị thời gian bỏ quên.|kinh tế|kienthuc.net|"05:38 | 03/06/2022"
Trò lố của Tiktoker tại show thời trang: Phạm Thoại hoá ma nữ, Lê Bống catwalk bị chê|https://kienthuc.net.vn/kinh-doanh/tro-lo-cua-tiktoker-tai-show-thoi-trang-pham-thoai-hoa-ma-nu-le-bong-catwalk-bi-che-1708040.html|https://photo-cms-kienthuc.zadn.vn/zoom/130_82/Uploaded/nguyenvan/2022_06_02/saostar-pvaanm4ba1wc3m5c_IVKI.png|"Công chúng bĩu môi với những hành động ""trời ơi"" của cặp đôi nam thanh nữ tú nổi tiếng của cộng đồng TikToker."|kinh tế|kienthuc.net|"01:15 | 03/06/2022"
Nở rộ tình trạng lừa đảo qua tin nhắn mời gọi làm việc tại nhà thu nhập cao|https://kienthuc.net.vn/kinh-doanh/no-ro-tinh-trang-lua-dao-qua-tin-nhan-moi-goi-lam-viec-tai-nha-thu-nhap-cao-1708371.html|https://photo-cms-kienthuc.zadn.vn/zoom/130_82/Uploaded/dinhcuc/2022_06_01/v/6_GZBD.jpg|Thời gian gần đây ghi nhận gia tăng số lượng lừa đảo trực tuyến thông qua hình thức gửi tin nhắn tuyển dụng hay mời gọi làm việc tại nhà có thu nhập cao.|kinh tế|kienthuc.net|"00:51 | 03/06/2022"
Thụy Điển hướng tới hợp tác với Việt Nam trong năng lượng tái tạo|https://kienthuc.net.vn/kinh-doanh/thuy-dien-huong-toi-hop-tac-voi-viet-nam-trong-nang-luong-tai-tao-1708343.html|https://photo-cms-kienthuc.zadn.vn/zoom/130_82/Uploaded/anquy/2022_06_02/vo_van_hoan_LFDQ.jpg|Đó là phát biểu của bà Ann Måwe, Đại sứ Thụy Điển tại Việt Nam trong Hội nghị “Tiên phong Đột phá”.|kinh tế|kienthuc.net|"21:30 | 02/06/2022"
Ổn định thị trường trái phiếu doanh nghiệp|https://kienthuc.net.vn/kinh-doanh/on-dinh-thi-truong-trai-phieu-doanh-nghiep-1708330.html|https://photo-cms-kienthuc.zadn.vn/zoom/130_82/Uploaded/thuydung/2022_06_02/9/untitled_WIHA.png|Một số vụ việc gần đây cho thấy cơ chế chính sách của nhà nước đã bị lợi dụng, dẫn đến thị trường trái phiếu doanh nghiệp bộc lộ những bất cập, hạn chế.|kinh tế|kienthuc.net|"20:12 | 02/06/2022"
Cận cảnh biệt thự 30 tỷ của “ngọc nữ bolero” Lily Chen|https://kienthuc.net.vn/kinh-doanh/can-canh-biet-thu-30-ty-cua-ngoc-nu-bolero-lily-chen-1708069.html|https://photo-cms-kienthuc.zadn.vn/zoom/130_82/Uploaded/nguyenvan/2022_06_02/2/a0_GOXN.jpg|Không gian sống sang chảnh của Lily Chen tại quê nhà Tây Ninh khiến nhiều người không khỏi trầm trồ, ngưỡng mộ.|kinh tế|kienthuc.net|"19:35 | 02/06/2022"
3 quán phở kỳ lạ cực kỳ hút khách ở Hà Nội|https://kienthuc.net.vn/kinh-doanh/3-quan-pho-ky-la-cuc-ky-hut-khach-o-ha-noi-1708212.html|https://photo-cms-kienthuc.zadn.vn/zoom/130_82/Uploaded/nguyenvan/2022_06_02/5/a0_CVRD.jpg|Ngoài hương vị thơm ngon lâu năm, những quán phở độc đáo này còn lạ nhờ cái tên, giờ bán và nguyên liệu đặc biệt.|kinh tế|kienthuc.net|"18:59 | 02/06/2022"
3 loại cành độc lạ giá “bèo” gây sốt thị trường đến “cháy hàng“|https://kienthuc.net.vn/kinh-doanh/3-loai-canh-doc-la-gia-beo-gay-sot-thi-truong-den-chay-hang-1707727.html|https://photo-cms-kienthuc.zadn.vn/zoom/130_82/Uploaded/nguyenvan/2022_06_01/3/s0_YWXO.jpg|Bên cạnh các loại hoa truyền thống, người tiêu dùng còn săn lùng các loại cành độc lạ trang trí trong nhà với độ bền tới cả tháng.|kinh tế|kienthuc.net|"13:00 | 02/06/2022"
Cơ hội sở hữu căn hộ giá bình dân trước áp lực tăng giá|https://kienthuc.net.vn/kinh-doanh/co-hoi-so-huu-can-ho-gia-binh-dan-truoc-ap-luc-tang-gia-1708157.html|https://photo-cms-kienthuc.zadn.vn/zoom/130_82/Uploaded/thanhhang/2022_06_02/3/1_GRHE.png|Căn hộ thương mại bình dân dưới 30 triệu đồng/m2 đang dần “mất tích” tại thị trường Hà Nội trong khi nhu cầu sở hữu nhà ở “vừa túi tiền” để an cư vẫn ở mức cao.|kinh tế|kienthuc.net|"12:58 | 02/06/2022"
Nhân đôi niềm vui an cư với Eurowindow River Park|https://kienthuc.net.vn/kinh-doanh/nhan-doi-niem-vui-an-cu-voi-eurowindow-river-park-1708163.html|https://photo-cms-kienthuc.zadn.vn/zoom/130_82/Uploaded/thanhhang/2022_06_02/4/3_3_3_ZMKK.png|Vào ngày 12/06/2022,nhà phát triển khu đô thị Eurowindow River Park sẽ tổ chức sự kiện tri ân khách hàng lần thứ hai.|kinh tế|kienthuc.net|"12:57 | 02/06/2022"
VietinBank ra mắt “Trợ lý tài chính số” dành cho doanh nghiệp trên nền tảng mới|https://kienthuc.net.vn/kinh-doanh/vietinbank-ra-mat-tro-ly-tai-chinh-so-danh-cho-doanh-nghiep-tren-nen-tang-moi-1708141.html|https://photo-cms-kienthuc.zadn.vn/zoom/130_82/Uploaded/thanhhang/2022_06_02/2/4_CCTS.png|VietinBank chính thức tổ chức Lễ ra mắt VietinBank eFAST trên nền tảng mới.|kinh tế|kienthuc.net|"12:55 | 02/06/2022"
Bộ váy đắt tiền của con dâu tỷ phú Ấn Độ|https://kienthuc.net.vn/kinh-doanh/bo-vay-dat-tien-cua-con-dau-ty-phu-an-do-1707676.html|https://photo-cms-kienthuc.zadn.vn/zoom/130_82/Uploaded/tructoasoan/2022_06_01/con_dau_ty_phu_4__JEGW.jpg|Radhika Merchant diện nhiều hàng hiệu đắt đỏ. Cô yêu thích các mẫu trang phục lấp lánh, họa tiết nhiều màu sắc.|kinh tế|kienthuc.net|"12:51 | 02/06/2022"
FDA: “Mất vệ sinh nghiêm trọng” tại nhà máy sữa bột trẻ em của Abbott|https://kienthuc.net.vn/doi-song/fda-mat-ve-sinh-nghiem-trong-tai-nha-may-sua-bot-tre-em-cua-abbott-1708116.html|https://photo-cms-kienthuc.zadn.vn/zoom/130_82/Uploaded/anquy/2022_06_02/abbott_OUYL.jpeg|Cục Quản lý Thực - Dược phẩm Hoa Kỳ (FDA) đánh giá dây chuyền sản xuất của nhà sản xuất sữa bột trẻ em Abbott (Sturgis, Michigan) mất vệ sinh nghiêm trọng.|kinh tế|kienthuc.net|"12:00 | 02/06/2022"
“Cắt cơn” sốt đất, giá nhà chung cư vẫn khó “hạ nhiệt”|https://kienthuc.net.vn/kinh-doanh/cat-con-sot-dat-gia-nha-chung-cu-van-kho-ha-nhiet-1707995.html|https://photo-cms-kienthuc.zadn.vn/zoom/130_82/Uploaded/huuthong/2022_06_02/anh_1_ZUEV.jpg|Dù cơn sốt đất tại nhiều địa phương được Bộ Xây dựng xác nhận đã hạ nhiệt. Tuy nhiên, giá nhà chung cư vẫn khó giảm vì nhiều lý do.|kinh tế|kienthuc.net|"08:58 | 02/06/2022"
Khu vườn ngập rau xanh trên sân thượng nhà sao nam Việt|https://kienthuc.net.vn/kinh-doanh/khu-vuon-ngap-rau-xanh-tren-san-thuong-nha-sao-nam-viet-1707879.html|https://photo-cms-kienthuc.zadn.vn/zoom/130_82/Uploaded/nguyenvan/2022_06_01/8/b0_MVBW.jpg|Người hâm mộ không khỏi trầm trồ vì trên sân thượng nhà các sao nam Việt có vườn rau xanh mướt, trái cây sạch.|kinh tế|kienthuc.net|"08:00 | 02/06/2022"
