Thăng trầm của “gã cướp biển” Johnny Depp với vai diễn định mệnh|https://kienthuc.net.vn/giai-tri/thang-tram-cua-ga-cuop-bien-johnny-depp-voi-vai-dien-dinh-menh-1710649.html|https://photo-cms-kienthuc.zadn.vn/zoom/130_82/Uploaded/ctvlanbanh/2022_06_08/a2/8u_OLCF.png|Jack Sparrow mất 10 năm để tìm lại tàu Ngọc Trai Đen, Johnny Depp cũng vừa trải qua 10 năm với nhiều bước ngoặt để cuối cùng rửa sạch danh tiếng bị bôi đen.|giải trí|kienthuc.net|"13:04 | 12/06/2022"
Sự nghiệp diễn xuất của MC Phan Anh trước phim đang chiếu trên VTV|https://kienthuc.net.vn/giai-tri/su-nghiep-dien-xuat-cua-mc-phan-anh-truoc-phim-dang-chieu-tren-vtv-1711633.html|https://photo-cms-kienthuc.zadn.vn/zoom/130_82/Uploaded/dinhcuc/2022_06_11/anh/0_WYQT.jpg|MC Phan Anh là diễn viễn tay ngang. Mới đây, anh góp mặt trong phim “Lối nhỏ vào đời”.|giải trí|kienthuc.net|"12:25 | 12/06/2022"
Dàn người tình màn ảnh của Minh Hằng giờ ra sao?|https://kienthuc.net.vn/giai-tri/dan-nguoi-tinh-man-anh-cua-minh-hang-gio-ra-sao-1711311.html|https://photo-cms-kienthuc.zadn.vn/zoom/130_82/Uploaded/dinhcuc/2022_06_10/hang/0_DBJX.jpg|Những mỹ nam từng là người tình màn ảnh của Minh Hằng có đường tình duyên khác nhau.|giải trí|kienthuc.net|"08:00 | 12/06/2022"
Hóa ra Angela Phương Trinh chính hiệu fan girl Sơn Tùng M-TP|https://kienthuc.net.vn/giai-tri/hoa-ra-angela-phuong-trinh-chinh-hieu-fan-girl-son-tung-m-tp-1711714.html|https://photo-cms-kienthuc.zadn.vn/zoom/130_82/Uploaded/quocquan/2022_06_11/p6_OEVN.png|Mới đây, cư dân mạng lại phát hiện một mỹ nhân cũng đem lòng yêu mến Sơn Tùng trong âm thầm, đó là Angela Phương Trinh.|giải trí|kienthuc.net|"07:42 | 12/06/2022"
Trường Giang khẳng định không phải lợi dụng khi hôn bạn diễn nữ|https://kienthuc.net.vn/giai-tri/truong-giang-khang-dinh-khong-phai-loi-dung-khi-hon-ban-dien-nu-1711713.html|https://photo-cms-kienthuc.zadn.vn/zoom/130_82/Uploaded/quocquan/2022_06_11/truong-giang-01_JMGG.jpg|"Phát ngôn cũ của Trường Giang được đào lại khi anh có hành động thân mật với bạn diễn là hoa hậu Thùy Tiên trong ""Ơn Giời Cậu Đây Rồi"" mùa 8."|giải trí|kienthuc.net|"07:39 | 12/06/2022"
Hoài Linh tái xuất vào vai giả gái, khán giả chẳng mặn mà|https://kienthuc.net.vn/giai-tri/hoai-linh-tai-xuat-vao-vai-gia-gai-khan-gia-chang-man-ma-1711711.html|https://photo-cms-kienthuc.zadn.vn/zoom/130_82/Uploaded/quocquan/2022_06_11/hoai-linh-03_EEEH.jpeg|Dù từng tuyên bố ngưng đóng giả gái, nhưng từ khi xuất hiện sau lùm xùm từ thiện, nghệ sĩ Hoài Linh liên tiếp vào vai phụ nữ.|giải trí|kienthuc.net|"07:36 | 12/06/2022"
Ảnh gợi cảm của Bùi Lan Hương đóng Khánh Ly trong “Em và Trịnh”|https://kienthuc.net.vn/giai-tri/anh-goi-cam-cua-bui-lan-huong-dong-khanh-ly-trong-em-va-trinh-1711606.html|https://photo-cms-kienthuc.zadn.vn/zoom/130_82/Uploaded/dinhcuc/2022_06_11/huong/0_MFBH.jpg|"Bùi Lan Hương trẻ trung, gợi cảm. Trong ""Em và Trịnh"", nữ ca sĩ vào vai danh ca Khánh Ly thời trẻ."|giải trí|kienthuc.net|"07:27 | 12/06/2022"
Thủy Tiên - Công Vinh đáp trả thế nào trước tin 'đường ai nấy đi'?|https://kienthuc.net.vn/giai-tri/thuy-tien-cong-vinh-dap-tra-the-nao-truoc-tin-duong-ai-nay-di-1711580.html|https://photo-cms-kienthuc.zadn.vn/zoom/130_82/Uploaded/trantuananh/2022_06_11/page_NYBH.jpg|Thông tin về một cặp đôi cầu thủ, ca sĩ chia tay sau nhiều năm gắn bó khiến khán giả gọi tên gia đình Thủy Tiên - Công Vinh.|giải trí|kienthuc.net|"07:00 | 12/06/2022"
Cuộc sống hôn nhân viên mãn của Phanh Lee sau 2 năm lấy chồng|https://kienthuc.net.vn/giai-tri/cuoc-song-hon-nhan-vien-man-cua-phanh-lee-sau-2-nam-lay-chong-1711735.html|https://photo-cms-kienthuc.zadn.vn/zoom/130_82/Uploaded/haininh/2022_06_11/1_IZII.jpg|Cuộc sống hôn nhân làm dâu nhà hào môn của Phanh Lee luôn nhận được sự quan tâm đặc biệt của công chúng.|giải trí|kienthuc.net|"06:50 | 12/06/2022"
Cô vợ xinh đẹp của Harry Maguire háo hức ngày cưới|https://kienthuc.net.vn/cong-dong-tre/co-vo-xinh-dep-cua-harry-maguire-hao-huc-ngay-cuoi-1711729.html|https://photo-cms-kienthuc.zadn.vn/zoom/130_82/Uploaded/giadat/2022_06_11/capture_KUNW.PNG|"Harry Maguire vừa ghi ""bàn thắng"" quan trọng nhất đời, cô vợ Fern Hawkins đã khoe chiếc nhẫn kim cương khổng lồ sau khi kết hôn với hậu vệ người Anh."|giải trí|kienthuc.net|"06:46 | 12/06/2022"
"Minh Hằng ""sưng hết cả mặt"" trước thềm đám cưới"|https://kienthuc.net.vn/giai-tri/minh-hang-sung-het-ca-mat-truoc-them-dam-cuoi-1711712.html|https://photo-cms-kienthuc.zadn.vn/zoom/130_82/Uploaded/manhhung/2022_06_11/minh-hang-12_FLYX.jpg|Trước đó, Minh Hằng cũng đăng tải hình ảnh truyền nước để tăng cường sức khỏe.|giải trí|kienthuc.net|"01:27 | 12/06/2022"
Thương của Thương Ngày Nắng Về đồng tình danh xưng chị chồng quái ác nhất màn ảnh|https://kienthuc.net.vn/giai-tri/thuong-cua-thuong-ngay-nang-ve-dong-tinh-danh-xung-chi-chong-quai-ac-nhat-man-anh-1711710.html|https://photo-cms-kienthuc.zadn.vn/zoom/130_82/Uploaded/manhhung/2022_06_11/1_BLTH.jpg|Nữ diễn viên Thu Hà, người đảm nhận vai chị chồng của Khánh trong Thương Ngày Nắng Về đã có những chia sẻ về nhân vật sóng gió này.|giải trí|kienthuc.net|"01:21 | 12/06/2022"
"Đàm Vĩnh Hưng giới thiệu show lạ lùng, netizen chê ""dị hợm"""|https://kienthuc.net.vn/giai-tri/dam-vinh-hung-gioi-thieu-show-la-lung-netizen-che-di-hom-1711709.html|https://photo-cms-kienthuc.zadn.vn/zoom/130_82/Uploaded/manhhung/2022_06_11/1b_KJWW.png|Hiện bài đăng quảng bá show nhạc của Đàm Vĩnh Hưng đang gây tranh cãi gay gắt trên mạng xã hội.|giải trí|kienthuc.net|"01:15 | 12/06/2022"
Lệ Quyên trang điểm như diễn tuồng khi vi vu châu Âu với tình trẻ|https://kienthuc.net.vn/giai-tri/le-quyen-trang-diem-nhu-dien-tuong-khi-vi-vu-chau-au-voi-tinh-tre-1711708.html|https://photo-cms-kienthuc.zadn.vn/zoom/130_82/Uploaded/manhhung/2022_06_11/3x2_VAGI.jpg|Trình độ tự make up của ca sĩ Lệ Quyên có vẻ đáng báo động à nha!|giải trí|kienthuc.net|"01:12 | 12/06/2022"
T.A.T căm phẫn khi Lều Phương Anh nói ông ngoại cô cặp bồ?|https://kienthuc.net.vn/giai-tri/tat-cam-phan-khi-leu-phuong-anh-noi-ong-ngoai-co-cap-bo-1711707.html|https://photo-cms-kienthuc.zadn.vn/zoom/130_82/Uploaded/manhhung/2022_06_11/leu-phuong-anh-63_QKBW.jpg|Tung đoạn tin nhắn được cho là Lều Phương Anh nói ông ngoại mình cặp bồ, T.A.T có lời lẽ gay gắt với nữ ca sĩ.|giải trí|kienthuc.net|"01:09 | 12/06/2022"
"Ngọc Trinh check-in trước biển, netizen mỉa mai: ""Lại mua hả chị?"""|https://kienthuc.net.vn/giai-tri/ngoc-trinh-check-in-truoc-bien-netizen-mia-mai-lai-mua-ha-chi-1711706.html|https://photo-cms-kienthuc.zadn.vn/zoom/130_82/Uploaded/manhhung/2022_06_11/newfolder/untitled_DRRV.png|Nhiều cư dân mạng vẫn chưa lấy lại được thiện cảm với Ngọc Trinh sau ồn ào mua đất Bảo Lộc.|giải trí|kienthuc.net|"01:06 | 12/06/2022"
MC Lại Văn Sâm mừng sinh nhật tuổi 65, bà xã hiếm hoi lộ diện|https://kienthuc.net.vn/giai-tri/mc-lai-van-sam-mung-sinh-nhat-tuoi-65-ba-xa-hiem-hoi-lo-dien-1711676.html|https://photo-cms-kienthuc.zadn.vn/zoom/130_82/Uploaded/giadat/2022_06_11/287542244-1165399247579355-44387497510950203-n-4575_HWHS.jpg|Đây là một trong những lần hiếm hoi gia đình nhà báo Lại Văn Sâm cùng nhau xuất hiện trên mạng xã hội.|giải trí|kienthuc.net|"00:33 | 12/06/2022"
Gu thời trang gợi cảm khó cưỡng của dàn giám khảo Miss Grand Vietnam 2022|https://kienthuc.net.vn/giai-tri/gu-thoi-trang-goi-cam-kho-cuong-cua-dan-giam-khao-miss-grand-vietnam-2022-1710465.html|https://photo-cms-kienthuc.zadn.vn/zoom/130_82/Uploaded/dinhcuc/2022_06_08/giamkhao/0_TZMI.jpg|Dàn nữ giám khảo Miss Grand Vietnam 2022 gồm Hoa hậu Hà Kiều Anh, Thùy Tiên, Kiều Loan hay các chân dài đình đám như Minh Tú, Anh Thư đều theo đuổi gu thời trang gợi cảm.|giải trí|kienthuc.net|"19:12 | 11/06/2022"
Tình bạn khiến nhiều người ghen tỵ giữa ca sĩ Minh Hằng và Khả Ngân|https://kienthuc.net.vn/giai-tri/tinh-ban-khien-nhieu-nguoi-ghen-ty-giua-ca-si-minh-hang-va-kha-ngan-1710405.html|https://photo-cms-kienthuc.zadn.vn/zoom/130_82/Uploaded/dinhcuc/2022_06_08/nga/0_AMDE.jpg|Minh Hằng và Khả Ngân hơn kém nhau 10 tuổi. Nhiều fan bất ngờ khi biết cặp đôi ca sĩ - diễn viên có mối quan hệ vô cùng thân thiết. Tình bạn đẹp của họ khiến nhiều người ghen tỵ...|giải trí|kienthuc.net|"13:35 | 11/06/2022"
Cô nàng Diệp “Hương vị tình thân” ra sao trước tuyên bố rời mạng xã hội?|https://kienthuc.net.vn/giai-tri/co-nang-diep-huong-vi-tinh-than-ra-sao-truoc-tuyen-bo-roi-mang-xa-hoi-1711106.html|https://photo-cms-kienthuc.zadn.vn/zoom/130_82/Uploaded/dinhcuc/2022_06_10/tuyet/0_DNBQ.jpg|Ánh Tuyết từng gây chú ý khi vào chấp nhận làm xấu mình đóng “Hương vị tình thân”. Mới đây, nữ diễn viên bất ngờ tuyên bố rời mạng xã hội.|giải trí|kienthuc.net|"12:25 | 11/06/2022"
Netizen lầm tưởng Hari Won mệt mỏi vì chồng làm 'ướt giường'|https://kienthuc.net.vn/giai-tri/netizen-lam-tuong-hari-won-met-moi-vi-chong-lam-uot-giuong-1711482.html|https://photo-cms-kienthuc.zadn.vn/zoom/130_82/Uploaded/haininh/2022_06_10/1da0f443fd01145f4d10_HIHO.jpg|Dòng trạng thái mới nhất của Hari Won đang gây xôn xao dư luận.|giải trí|kienthuc.net|"07:52 | 11/06/2022"
Hot girl Thái Lan qua đời vì nghẹn thức ăn|https://kienthuc.net.vn/giai-tri/hot-girl-thai-lan-qua-doi-vi-nghen-thuc-an-1711478.html|https://photo-cms-kienthuc.zadn.vn/zoom/130_82/Uploaded/huutuan/2022_06_09/238633090_400956424699341_7817728220612471352_n_1_YIHG.jpg|Sao mạng Arisara Karbdecho qua đời ở tuổi 27 vào hôm 6/6, sau 3 tháng nằm trong bệnh viện, theo Asia One.|giải trí|kienthuc.net|"07:50 | 11/06/2022"
Người mẫu Việt từ chối hãng phim Nhật Bản mời đóng phim cát-xê 120.000 USD|https://kienthuc.net.vn/giai-tri/nguoi-mau-viet-tu-choi-hang-phim-nhat-ban-moi-dong-phim-cat-xe-120000-usd-1711313.html|https://photo-cms-kienthuc.zadn.vn/zoom/130_82/Uploaded/hongnhat/2022_06_10/278441801_4670300606407247_5780296874061030298_n-1654511023-811-width740height648_WQSO.jpg|Scandal ập đến, Thái Nhã Vân suy sụp và trắng tay. Song cô cũng nhận được nhiều lời mời béo bở.|giải trí|kienthuc.net|"07:30 | 11/06/2022"
Soi cuộc sống của Hà Thanh Xuân và “Vua cá Koi” sau lùm xùm|https://kienthuc.net.vn/giai-tri/soi-cuoc-song-cua-ha-thanh-xuan-va-vua-ca-koi-sau-lum-xum-1711147.html|https://photo-cms-kienthuc.zadn.vn/zoom/130_82/Uploaded/dinhcuc/2022_06_10/xuan/0_QIDM.jpg|Sau đám cưới và nhiều câu chuyện đời tư gây chú ý, Hà Thanh Xuân mới chỉ có động thái mở lại trang cá nhân trong khi ông xã vua cá Koi của cô thường xuyên cập nhật thông tin mới...|giải trí|kienthuc.net|"07:25 | 11/06/2022"
Nữ diễn viên bị tẩy chay vì đã tát và vu oan nhà sư|https://kienthuc.net.vn/giai-tri/nu-dien-vien-bi-tay-chay-vi-da-tat-va-vu-oan-nha-su-1711316.html|https://photo-cms-kienthuc.zadn.vn/zoom/130_82/Uploaded/hongnhat/2022_06_10/nha-su-sam-so-dien-vien_JOOI.jpg|Nữ diễn viên người Nepal Miruna Maga tát một nhà sư vì cho rằng nhà sư này đã cố tình thừa dịp đám đông hỗn loạn để sàm sỡ, đụng chạm cơ thể cô.|giải trí|kienthuc.net|"07:24 | 11/06/2022"
HH Đại dương Đặng Thu Thảo khoe ảnh gợi cảm vô đối khi diện bikini|https://kienthuc.net.vn/giai-tri/hh-dai-duong-dang-thu-thao-khoe-anh-goi-cam-vo-doi-khi-dien-bikini-1710811.html|https://photo-cms-kienthuc.zadn.vn/zoom/130_82/Uploaded/dinhcuc/2022_06_09/thao/0_GVDA.jpg|Từng xuống sắc thảm hại khi mang thai đôi, Hoa hậu Đại dương Đặng Thu Thảo hiện tại sở hữu vẻ ngoài gợi cảm hút mắt. Mới đây, cô khoe loạt ảnh diện áo tắm.|giải trí|kienthuc.net|"06:56 | 11/06/2022"
Không thể nhận ra Trang Pháp sau 15 năm 'Nhật Ký Vàng Anh'|https://kienthuc.net.vn/giai-tri/khong-the-nhan-ra-trang-phap-sau-15-nam-nhat-ky-vang-anh-1711441.html|https://photo-cms-kienthuc.zadn.vn/zoom/130_82/Uploaded/trantuananh/2022_06_11/trang-phap-1_IKAA.jpg|Trang Pháp của hiện tại với nhan sắc thay đổi tới mức khó có thể nhận ra, cuộc sống viên mãn tuổi 30.|giải trí|kienthuc.net|"06:54 | 11/06/2022"
Ngọc Trinh, H'Hen Niê mặc váy lưới tưởng không hở mà hở không tưởng|https://kienthuc.net.vn/giai-tri/ngoc-trinh-hhen-nie-mac-vay-luoi-tuong-khong-ho-ma-ho-khong-tuong-1711440.html|https://photo-cms-kienthuc.zadn.vn/zoom/130_82/Uploaded/trantuananh/2022_06_11/3x3_GBAI.jpg|Mặc váy lưới khoe lưng trần, cứ tưởng 'nữ hoàng nội y' và các mỹ nhân như H'Hen Niê, Chi Pu, Lương Thùy Linh, Lisa Blackpink kín đáo hóa ra là mặc cũng như không.|giải trí|kienthuc.net|"06:51 | 11/06/2022"
Diễn viên 'Gọi Giấc Mơ Về' 15 năm: Người sao hạng A, người làm phục vụ|https://kienthuc.net.vn/giai-tri/dien-vien-goi-giac-mo-ve-15-nam-nguoi-sao-hang-a-nguoi-lam-phuc-vu-1711439.html|https://photo-cms-kienthuc.zadn.vn/zoom/130_82/Uploaded/trantuananh/2022_06_11/minh-hang-1_WIEQ.jpg|Sau 15 năm, cuộc sống của dàn sao Gọi Giấc Mơ Về đã có nhiều sự thay đổi.|giải trí|kienthuc.net|"06:48 | 11/06/2022"
Đăng clip khoe mèo, Elly Trần để lộ vòng một lấp ló gợi cảm|https://kienthuc.net.vn/giai-tri/dang-clip-khoe-meo-elly-tran-de-lo-vong-mot-lap-lo-goi-cam-1711435.html|https://photo-cms-kienthuc.zadn.vn/zoom/130_82/Uploaded/trantuananh/2022_06_11/saostar-0w50fvnai6g0apao_DTFP.jpg|Không biết đoạn clip này của Elly Trần để khoe mèo hay khoe vòng 1 nóng bỏng của mình đây?|giải trí|kienthuc.net|"06:36 | 11/06/2022"
Sao Việt bị công kích vì hình ảnh phản cảm chốn tôn nghiêm|https://kienthuc.net.vn/giai-tri/sao-viet-bi-cong-kich-vi-hinh-anh-phan-cam-chon-ton-nghiem-1711246.html|https://photo-cms-kienthuc.zadn.vn/zoom/130_82/Uploaded/manhhung/2022_06_09/si-thanh-01_MBCM.jpg|Trước Phương Trinh Jolie, Sĩ Thanh, Angela Phương Trinh, Chi Pu, Hương Tràm cũng từng bị lên án trang phục phản cảm ở chốn tôn nghiêm.|giải trí|kienthuc.net|"01:24 | 11/06/2022"
'Chị đại' nhà Đông Nhi lên đồ cực thần thái|https://kienthuc.net.vn/giai-tri/chi-dai-nha-dong-nhi-len-do-cuc-than-thai-1711245.html|https://photo-cms-kienthuc.zadn.vn/zoom/130_82/Uploaded/manhhung/2022_06_09/newfolder/untitled_YERB.png|Hình ảnh của bé Winnie mới đây đã khiến netizen được phen rần rần.|giải trí|kienthuc.net|"01:21 | 11/06/2022"
Sao nhí theo mẹ đi làm: Con Hòa Minzy chỉn chu, con Hà Hồ banh nóc|https://kienthuc.net.vn/giai-tri/sao-nhi-theo-me-di-lam-con-hoa-minzy-chin-chu-con-ha-ho-banh-noc-1711192.html|https://photo-cms-kienthuc.zadn.vn/zoom/130_82/Uploaded/dinhcuc/2022_06_10/v/4_YJLR.JPG|"Nhìn trang phục và biểu cảm các ""cậu ấm cô chiêu"" nhà Hồ Ngọc Hà, Hoàng Oanh, Hòa Minzy, Võ Hạ Trâm, Đông Nhi đúng là ""đốn tim"" cư dân mạng."|giải trí|kienthuc.net|"00:39 | 11/06/2022"
Phạm Quỳnh Anh dự sinh tháng 6, lộ giới tính thai nhi|https://kienthuc.net.vn/giai-tri/pham-quynh-anh-du-sinh-thang-6-lo-gioi-tinh-thai-nhi-1711394.html|https://photo-cms-kienthuc.zadn.vn/zoom/130_82/Uploaded/tructoasoan/2022_06_10/pham-quynh-anh-05_HFYN.jpg|Theo nguồn tin của 2Sao.vn, ngày Phạm Quỳnh Anh lâm bồn không còn xa.|giải trí|kienthuc.net|"20:30 | 10/06/2022"
Vẻ gợi cảm của “nữ hoàng cảnh nóng” Đinh Y Nhung ở tuổi U50|https://kienthuc.net.vn/giai-tri/ve-goi-cam-cua-nu-hoang-canh-nong-dinh-y-nhung-o-tuoi-u50-1710888.html|https://photo-cms-kienthuc.zadn.vn/zoom/130_82/Uploaded/dinhcuc/2022_06_09/nhung/0_KZII.jpg|Đinh Y Nhung trẻ trung, gợi cảm ở tuổi U50. Cách đây 22 năm, nữ diễn viên lọt top 10 Hoa hậu Việt Nam.|giải trí|kienthuc.net|"20:26 | 10/06/2022"
Soi nhan sắc Ngọc Mint - ứng cử viên sáng giá ở HHHV Việt Nam|https://kienthuc.net.vn/giai-tri/soi-nhan-sac-ngoc-mint-ung-cu-vien-sang-gia-o-hhhv-viet-nam-1710097.html|https://photo-cms-kienthuc.zadn.vn/zoom/130_82/Uploaded/dinhcuc/2022_06_07/ngoc/0_WAFO.jpg|Ngô Bảo Ngọc (Ngọc Mint) là một trong những ứng cử viên sáng giá cho chiếc vương miện Hoa hậu Hoàn vũ Việt Nam 2022.|giải trí|kienthuc.net|"19:00 | 10/06/2022"
Chân dung thí sinh cao nhất ở Hoa hậu Hoàn vũ Việt Nam 2022|https://kienthuc.net.vn/giai-tri/chan-dung-thi-sinh-cao-nhat-o-hoa-hau-hoan-vu-viet-nam-2022-1710851.html|https://photo-cms-kienthuc.zadn.vn/zoom/130_82/Uploaded/dinhcuc/2022_06_09/oanh/0_QEUH.jpg|Sở hữu chiều cao 1m83, Nguyễn Oanh là thí sinh cao nhất ở cuộc thi Hoa hậu Hoàn vũ Việt Nam 2022.|giải trí|kienthuc.net|"13:57 | 10/06/2022"
Đệ nhất vòng 1 “giàu nhất giới nghệ sĩ phía Bắc” giờ ra sao?|https://kienthuc.net.vn/giai-tri/de-nhat-vong-1-giau-nhat-gioi-nghe-si-phia-bac-gio-ra-sao-1710523.html|https://photo-cms-kienthuc.zadn.vn/zoom/130_82/Uploaded/hongnhat/2022_06_08/1654572570-640-thumbnail-width740height555_WTDA.jpg|"Lý do cho việc gần như ""mất tích"" đó là gì và sự trở lại đầy bất ngờ của người đẹp."|giải trí|kienthuc.net|"07:42 | 10/06/2022"
"Đường tình của Diễm Hương giữa ""bão"" tin đồn đăng ký kết hôn lần 3"|https://kienthuc.net.vn/giai-tri/duong-tinh-cua-diem-huong-giua-bao-tin-don-dang-ky-ket-hon-lan-3-1710746.html|https://photo-cms-kienthuc.zadn.vn/zoom/130_82/Uploaded/dinhcuc/2022_06_09/huong/0_QOYL.jpg|Chuyện tình cảm của Hoa hậu Diễm Hương không ít lần gây xôn xao. Mới nhất, người đẹp một con vướng nghi vấn bí mật kết hôn lần 3.|giải trí|kienthuc.net|"07:25 | 10/06/2022"
Giữa nghi vấn chia tay Hương Giang Idol, doanh nhân Matt Liu có động thái lạ?|https://kienthuc.net.vn/giai-tri/giua-nghi-van-chia-tay-huong-giang-idol-doanh-nhan-matt-liu-co-dong-thai-la-1710704.html|https://photo-cms-kienthuc.zadn.vn/zoom/130_82/Uploaded/dinhcuc/2022_06_09/giang/0_MPJK.jpg|Giữa nghi vấn chia tay nữ ca sĩ chuyển giới Hương Giang Idol, doanh nhân Matt Liu có động thái gây chú ý.|giải trí|kienthuc.net|"06:56 | 10/06/2022"
Chồng Đoàn Di Băng 'tố' vợ có sở thích kỳ lạ|https://kienthuc.net.vn/giai-tri/chong-doan-di-bang-to-vo-co-so-thich-ky-la-1710823.html|https://photo-cms-kienthuc.zadn.vn/zoom/130_82/Uploaded/trantuananh/2022_06_09/saostar-jjeya70ygsliyi6y_EGGN.jpg|Làm chồng của Đoàn Di Băng mà không có tinh thần thép là coi như 'toang'.|giải trí|kienthuc.net|"06:48 | 10/06/2022"
Công Vinh đăng ảnh đời thường, Thuỷ Tiên liền vào phán vội một câu|https://kienthuc.net.vn/giai-tri/cong-vinh-dang-anh-doi-thuong-thuy-tien-lien-vao-phan-voi-mot-cau-1710821.html|https://photo-cms-kienthuc.zadn.vn/zoom/130_82/Uploaded/trantuananh/2022_06_09/d6ab4ecca08e49d0109f_OZZX.jpg|Màn 'phát cẩu lương' của Công Vinh - Thủy Tiên mới đây đã khiến netizen không nhịn được cười.|giải trí|kienthuc.net|"06:45 | 10/06/2022"
Lạ như Lê Thụy: Đi xem show ra mắt phim với diện mạo nền nã|https://kienthuc.net.vn/giai-tri/la-nhu-le-thuy-di-xem-show-ra-mat-phim-voi-dien-mao-nen-na-1710819.html|https://photo-cms-kienthuc.zadn.vn/zoom/130_82/Uploaded/trantuananh/2022_06_09/0e04736c9d2e74702d3f_ZKTJ.jpg|TikToker Lê Thụy vừa có màn xuất hiện 'chấn động' tại buổi ra mắt phim Em và Trịnh và nhận không ít gạch đá từ cộng đồng mạng.|giải trí|kienthuc.net|"06:42 | 10/06/2022"
Hot girl giàu nhất Hollywood gây sốc vì bikini đánh lừa thị giác|https://kienthuc.net.vn/giai-tri/hot-girl-giau-nhat-hollywood-gay-soc-vi-bikini-danh-lua-thi-giac-1710817.html|https://photo-cms-kienthuc.zadn.vn/zoom/130_82/Uploaded/trantuananh/2022_06_09/kylie-3-1654655650-998-width740height555_VMWZ.jpg|Kylie Jenner nhiều lần gây sốc vì cách ăn mặc khác người của mình.|giải trí|kienthuc.net|"06:36 | 10/06/2022"
Dàn hoa hậu, á hậu Việt đình đám khoe vẻ sexy, mướt mắt|https://kienthuc.net.vn/giai-tri/dan-hoa-hau-a-hau-viet-dinh-dam-khoe-ve-sexy-muot-mat-1710927.html|https://photo-cms-kienthuc.zadn.vn/zoom/130_82/Uploaded/dinhcuc/2022_06_09/miss/0_RHPL.jpg|Dàn hoa hậu, á hậu đình đám: Thùy Tiên, Lương Thùy Linh, Ngọc Thảo… tham gia tiệc chia tay đoàn Miss Grand Thailand.|giải trí|kienthuc.net|"06:00 | 10/06/2022"
Cảnh Điềm hạn chế hoạt động sau khi bị phạt 1 triệu USD|https://kienthuc.net.vn/giai-tri/canh-diem-han-che-hoat-dong-sau-khi-bi-phat-1-trieu-usd-1710983.html|https://photo-cms-kienthuc.zadn.vn/zoom/130_82/Uploaded/mailoan/2022_06_09/canh_diem2_BQCM.jpg|Cảnh Điềm hiện tại hạn chế xuất hiện. Giới chuyên môn nhận định danh tiếng của nữ diễn viên bị ảnh hưởng sau khi bị phạt.|giải trí|kienthuc.net|"20:29 | 09/06/2022"
Toàn cảnh ồn ào Đan Trường bị tố hát 2 ca khúc không xin phép|https://kienthuc.net.vn/giai-tri/toan-canh-on-ao-dan-truong-bi-to-hat-2-ca-khuc-khong-xin-phep-1710686.html|https://photo-cms-kienthuc.zadn.vn/zoom/130_82/Uploaded/dinhcuc/2022_06_09/truong/1_EIDN.jpg|"Đan Trường liên tục lên tiếng sau khi bị tố hát 2 ca khúc ""Ai chung tình được mãi"" và ""Từng yêu"" mà không xin phép."|giải trí|kienthuc.net|"19:27 | 09/06/2022"
Tổ ấm hạnh phúc của nam giám khảo Miss Grand Vietnam 2022 Minh Tiệp|https://kienthuc.net.vn/giai-tri/to-am-hanh-phuc-cua-nam-giam-khao-miss-grand-vietnam-2022-minh-tiep-1710419.html|https://photo-cms-kienthuc.zadn.vn/zoom/130_82/Uploaded/dinhcuc/2022_06_08/tiep/0_UJSL.jpg|Nam giám khảo Miss Grand Vietnam 2022 Minh Tiệp có cuộc hôn nhân hạnh phúc bên vợ kém 13 tuổi.|giải trí|kienthuc.net|"13:36 | 09/06/2022"
"Từng tuyên bố cạch mặt Thương Tín, Tô Hiếu giờ lại ""quay xe""?"|https://kienthuc.net.vn/giai-tri/tung-tuyen-bo-cach-mat-thuong-tin-to-hieu-gio-lai-quay-xe-1710278.html|https://photo-cms-kienthuc.zadn.vn/zoom/130_82/Uploaded/tructoasoan/2022_06_08/thuong-tin-1_FSPX.jpg|Bức hình nhạc sĩ Tô Hiếu xuất hiện bên cạnh Thương Tín thu hút sự quan tâm của dư luận.|giải trí|kienthuc.net|"12:45 | 09/06/2022"
Người đẹp 9X hớ hênh lộ vòng 1, sao nữ này nhanh tay chữa cháy|https://kienthuc.net.vn/giai-tri/nguoi-dep-9x-ho-henh-lo-vong-1-sao-nu-nay-nhanh-tay-chua-chay-1710264.html|https://icdn.24h.com.vn/upload/2-2022/images/2022-06-06/z3469462891896-98059b772af1975-2831-7316-1654432626-1654479299-206-width680height408.jpg|Nhiều sao Việt ghi điểm bởi hành động tinh ý khi giúp đồng nghiệp thoát khỏi sự cố lộ hàng vì trang phục phản chủ.|giải trí|kienthuc.net|"12:36 | 09/06/2022"
Diễn viên Kiều Trinh “Mùa len trâu” khoe loạt ảnh gợi cảm|https://kienthuc.net.vn/giai-tri/dien-vien-kieu-trinh-mua-len-trau-khoe-loat-anh-goi-cam-1710034.html|https://photo-cms-kienthuc.zadn.vn/zoom/130_82/Uploaded/dinhcuc/2022_06_07/trinh/0_WTBZ.jpg|"""Nữ hoàng cảnh nóng"" Kiều Trinh đăng tải ảnh diện áo tắm. Trong những năm qua, cô gắn liền với hình ảnh kín đáo, giản dị thay vì gợi cảm như ngày trẻ."|giải trí|kienthuc.net|"12:25 | 09/06/2022"
Trần Hiểu nhiều lần 'cự tuyệt' Triệu Lệ Dĩnh|https://kienthuc.net.vn/giai-tri/tran-hieu-nhieu-lan-cu-tuyet-trieu-le-dinh-1710374.html|https://photo-cms-kienthuc.zadn.vn/zoom/130_82/Uploaded/tructoasoan/2022_06_08/trieu-le-dinh-5_PRBN.jpg|Trần Hiểu đang là cái tên hot ở Cbiz hiện tại, chuyện cũ năm xưa giữa anh và Triệu Lệ Dĩnh một lần nữa trở thành tâm điểm.|giải trí|kienthuc.net|"12:06 | 09/06/2022"
Lưu Diệc Phi và người tình gây bùng nổ vì cảnh khóa môi|https://kienthuc.net.vn/giai-tri/luu-diec-phi-va-nguoi-tinh-gay-bung-no-vi-canh-khoa-moi-1710373.html|https://photo-cms-kienthuc.zadn.vn/zoom/130_82/Uploaded/tructoasoan/2022_06_08/image_dai_dien_gif286001798_261324116191766_948278881557823131_n-1654565893-799-width740height555_GCAA.jpg|"Trước khi diễn chung với Lưu Diệc Phi, ""Dương Quá"" trẻ nhất màn ảnh đóng nhiều cảnh hôn ""cháy màn hình""."|giải trí|kienthuc.net|"12:03 | 09/06/2022"
Sau Lee Min Ho, Lê Dương Bảo Lâm tự so sánh với Bi Rain|https://kienthuc.net.vn/giai-tri/sau-lee-min-ho-le-duong-bao-lam-tu-so-sanh-voi-bi-rain-1710494.html|https://photo-cms-kienthuc.zadn.vn/zoom/130_82/Uploaded/thuydung/2022_06_08/duong-lam-7_MWOL.jpg|Dương Lâm Đồng Nai khiến Khả Như, Đại Nghĩa cũng không nhịn nổi vì màn so sánh quá sức chịu đựng này.|giải trí|kienthuc.net|"07:36 | 09/06/2022"
"Pha Lê khoe ""siêu vòng ba"" 98cm, đây là loạt Kim Kardashian phiên bản Việt"|https://kienthuc.net.vn/giai-tri/pha-le-khoe-sieu-vong-ba-98cm-day-la-loat-kim-kardashian-phien-ban-viet-1710021.html|https://photo-cms-kienthuc.zadn.vn/zoom/130_82/Uploaded/dinhcuc/2022_06_07/vongba/0_VOPX.jpg|Pha Lê sở hữu vòng ba 98cm. Sao Việt siêu vòng ba còn gồm có: Trà Ngọc Hằng (117cm), Á hậu Trà My (103cm)...|giải trí|kienthuc.net|"06:56 | 09/06/2022"
Từng nặng 1 tạ, Quang Lê lột xác sau khi giảm hơn 10 kg|https://kienthuc.net.vn/giai-tri/tung-nang-1-ta-quang-le-lot-xac-sau-khi-giam-hon-10-kg-1710424.html|https://photo-cms-kienthuc.zadn.vn/zoom/130_82/Uploaded/trantuananh/2022_06_08/ql4_MTYK.jpg|Sau nỗ lực giảm cân thành công, ca sĩ Quang Lê được khen ngợi trẻ ra cả chục tuổi.|giải trí|kienthuc.net|"06:51 | 09/06/2022"
Đường tình của Miu Lê có gì đặc biệt trước tin đồn tình cảm với Karik?|https://kienthuc.net.vn/giai-tri/duong-tinh-cua-miu-le-co-gi-dac-biet-truoc-tin-don-tinh-cam-voi-karik-1709993.html|https://photo-cms-kienthuc.zadn.vn/zoom/130_82/Uploaded/dinhcuc/2022_06_07/le/0_BVCA.jpg|Miu Lê từng công khai hẹn hò cách đây ít năm. Mới đây, cô vướng nghi vấn tình cảm với rapper Karik.|giải trí|kienthuc.net|"06:25 | 09/06/2022"
Ngọc Trinh bị nghi bán nhẫn 4 tỷ kém chất lượng chỉ là 'cú nổ' dàn dựng|https://kienthuc.net.vn/giai-tri/ngoc-trinh-bi-nghi-ban-nhan-4-ty-kem-chat-luong-chi-la-cu-no-dan-dung-1710505.html|https://photo-cms-kienthuc.zadn.vn/zoom/130_82/Uploaded/giadat/2022_06_08/3x3_RMXL.jpg|Sau vụ nổ mua 11 ha đất Bảo Lộc, nữ hoàng nội y Ngọc Trinh tiếp tục vướng nghi án dàn dựng bán nhẫn kim cương 4 tỷ chỉ để PR.|giải trí|kienthuc.net|"06:10 | 09/06/2022"
Nụ hôn của Mai Phương Thúy và nam ca sĩ kiếm 1 tỷ/tháng: Sự thật ngỡ ngàng|https://kienthuc.net.vn/giai-tri/nu-hon-cua-mai-phuong-thuy-va-nam-ca-si-kiem-1-tythang-su-that-ngo-ngang-1710499.html|https://photo-cms-kienthuc.zadn.vn/zoom/130_82/Uploaded/huutuan/2022_06_08/untitled-2-1654504328-154-width1200height628-watermark_CDCU.jpg|Hoa hậu Việt Nam liên tục được gọi tên vì mối quan hệ thân mật với sao nam này.|giải trí|kienthuc.net|"05:54 | 09/06/2022"
Thu nhập Lâm Chí Linh gấp 10 lần chồng trẻ|https://kienthuc.net.vn/giai-tri/thu-nhap-lam-chi-linh-gap-10-lan-chong-tre-1710392.html|https://photo-cms-kienthuc.zadn.vn/zoom/130_82/Uploaded/manhhung/2022_06_08/lam-chi-linh-2_GNTU.jpeg|Lâm Chí Linh dần rút khỏi giới giải trí sau khi kết hôn và sinh con, song người đẹp vẫn có thu nhập từ quảng cáo và tham gia gameshow truyền hình.|giải trí|kienthuc.net|"01:18 | 09/06/2022"
Ông trùm phản diện Đoàn Minh Tài: Tôi sẽ lấy vợ khi bác sĩ đồng ý|https://kienthuc.net.vn/giai-tri/ong-trum-phan-dien-doan-minh-tai-toi-se-lay-vo-khi-bac-si-dong-y-1710347.html|https://photo-cms-kienthuc.zadn.vn/zoom/130_82/Uploaded/dinhcuc/2022_06_08/v/5_HNUP.jpg|Diễn viên Đoàn Minh Tài vừa nhận được sự quan tâm của khán giả khi tái xuất sàn diễn thời trang.|giải trí|kienthuc.net|"01:00 | 09/06/2022"
NSƯT Bảo Quốc tuổi 73: 3 lần cắt u gan, không dám lơ là sức khỏe|https://kienthuc.net.vn/giai-tri/nsut-bao-quoc-tuoi-73-3-lan-cat-u-gan-khong-dam-lo-la-suc-khoe-1710348.html|https://photo-cms-kienthuc.zadn.vn/zoom/130_82/Uploaded/dinhcuc/2022_06_08/v/6_STIB.jpg|"""Tôi hay nói đùa trước kia là nghệ sĩ nổi tiếng, còn giờ về già không khác gì osin…"", NSƯT Bảo Quốc chia sẻ."|giải trí|kienthuc.net|"00:57 | 09/06/2022"
"""Bé Dâu"" Khổng Tú Quỳnh gây lú vì visual cam thường giống hệt Thùy Tiên"|https://kienthuc.net.vn/giai-tri/be-dau-khong-tu-quynh-gay-lu-vi-visual-cam-thuong-giong-het-thuy-tien-1708819.html|https://photo-cms-kienthuc.zadn.vn/zoom/130_82/Uploaded/dinhcuc/2022_06_04/page-Copy1_GYRW.jpg|Khổng Tú Quỳnh và Thùy Tiên không phải chị em ruột thịt nhưng lại giống nhau đến bất ngờ.|giải trí|kienthuc.net|"00:42 | 09/06/2022"
Lý Hải 'bỏ bê' vợ con, dành 12 tiếng mỗi ngày viết kịch bản phim|https://kienthuc.net.vn/giai-tri/ly-hai-bo-be-vo-con-danh-12-tieng-moi-ngay-viet-kich-ban-phim-1708817.html|https://photo-cms-kienthuc.zadn.vn/zoom/130_82/Uploaded/dinhcuc/2022_06_04/v/3_CIKV.jpg|Lý Hải đang đau đáu, miệt mài, dành một năm viết 12 kịch bản để chọn ra mắt Lật Mặt 6.|giải trí|kienthuc.net|"00:39 | 09/06/2022"
Vì sao gây tranh cãi, “Bão ngầm” vẫn oanh tạc màn ảnh?|https://kienthuc.net.vn/giai-tri/vi-sao-gay-tranh-cai-bao-ngam-van-oanh-tac-man-anh-1710568.html|https://photo-cms-kienthuc.zadn.vn/zoom/130_82/Uploaded/ctvlanbanh/2022_06_08/a/0ii_JTKT.png|"""Bão ngầm"" vướng nhiều tranh cãi, thậm chí bị chê về tình tiết, diễn xuất, lồng tiếng... nhưng vẫn có được sức hút. Vì sao?"|giải trí|kienthuc.net|"21:10 | 08/06/2022"
Thiều Bảo Trâm - tình cũ Sơn Tùng M-TP hóa cô dâu xinh đẹp trong MV mới|https://kienthuc.net.vn/giai-tri/thieu-bao-tram-tinh-cu-son-tung-m-tp-hoa-co-dau-xinh-dep-trong-mv-moi-1710313.html|https://photo-cms-kienthuc.zadn.vn/zoom/130_82/Uploaded/dinhcuc/2022_06_08/tram/0_YBEG.jpg|Trong MV “Chúng ta làm bạn được không?” vừa ra mắt, Thiều Bảo Trâm đảm nhận vai cô gái tưởng tượng hôn lễ với tình cũ.|giải trí|kienthuc.net|"20:12 | 08/06/2022"
Huyền Lizzie đón sinh nhật bên Đình Tú và hội bạn thân|https://kienthuc.net.vn/giai-tri/huyen-lizzie-don-sinh-nhat-ben-dinh-tu-va-hoi-ban-than-1710286.html|https://photo-cms-kienthuc.zadn.vn/zoom/130_82/Uploaded/dinhcuc/2022_06_08/huyen/0_PMDK.jpg|Huyền Lizzie vừa đón tuổi mới bên hội bạn thân. Đáng chú ý, Đình Tú có mặt trong bữa tiệc sinh nhật của Huyền Lizzie.|giải trí|kienthuc.net|"18:43 | 08/06/2022"
Phương Trinh Jolie gây tranh cãi khi chụp ảnh gợi cảm trước nhà thờ|https://kienthuc.net.vn/giai-tri/phuong-trinh-jolie-gay-tranh-cai-khi-chup-anh-goi-cam-truoc-nha-tho-1710273.html|https://photo-cms-kienthuc.zadn.vn/zoom/130_82/Uploaded/dinhcuc/2022_06_08/trinh/0_RIJN.jpg|Loạt ảnh trước nhà thờ của Phương Trinh Jolie vấp phải những ý kiến trái chiều. Về phần mình, Phương Trinh Jolie đã lên tiếng.|giải trí|kienthuc.net|"13:38 | 08/06/2022"
Thùy Tiên bị đào ảnh làm nền cho Lệ Hằng: Thời thế đã khác|https://kienthuc.net.vn/giai-tri/thuy-tien-bi-dao-anh-lam-nen-cho-le-hang-thoi-the-da-khac-1709868.html|https://photo-cms-kienthuc.zadn.vn/zoom/130_82/Uploaded/tructoasoan/2022_06_07/hoa-hau-thuy-tien-05_INWA.jpg|Nếu Thùy Tiên xưa kia chỉ là một người mẫu bình thường, thì nay vị trí vedette được cho là khó thoát khỏi tầm tay.|giải trí|kienthuc.net|"12:42 | 08/06/2022"
Dàn hậu đình đám Tiểu Vy, Thùy Tiên, Đỗ Thị Hà đọ dáng gợi cảm|https://kienthuc.net.vn/giai-tri/dan-hau-dinh-dam-tieu-vy-thuy-tien-do-thi-ha-do-dang-goi-cam-1710224.html|https://photo-cms-kienthuc.zadn.vn/zoom/130_82/Uploaded/dinhcuc/2022_06_08/vy/0_MBGE.jpg|Dàn hoa hậu: Thùy Tiên, Tiểu Vy, Lương Thùy Linh, Đỗ Thị Hà… vừa hội ngộ trên thảm đỏ.|giải trí|kienthuc.net|"12:26 | 08/06/2022"
Minh Tiệp chấm Miss Grand Vietnam 2022, dân mạng ngơ ngác|https://kienthuc.net.vn/giai-tri/minh-tiep-cham-miss-grand-vietnam-2022-dan-mang-ngo-ngac-1710203.html|https://photo-cms-kienthuc.zadn.vn/zoom/130_82/Uploaded/ctvlanbanh/2022_06_08/2/3r_TRTK.png|Minh Tiệp vừa được công bố là thành viên ban giám khảo Miss Grand Vietnam - Hoa hậu Hòa bình Việt Nam 2022.|giải trí|kienthuc.net|"08:46 | 08/06/2022"
Đọ vẻ gợi cảm của top 5 Người đẹp biển ở HHHV Việt Nam|https://kienthuc.net.vn/giai-tri/do-ve-goi-cam-cua-top-5-nguoi-dep-bien-o-hhhv-viet-nam-1709864.html|https://photo-cms-kienthuc.zadn.vn/zoom/130_82/Uploaded/dinhcuc/2022_06_07/bien/0_CFMN.jpg|Sở hữu vóc dáng quyến rũ, catwalk xuất sắc, Hoàng Phương, Thúy Quỳnh, Bảo Ngọc, Tuyết Như, Thu Huyền lọt top 5 Người đẹp biển ở Hoa hậu Hoàn vũ Việt Nam 2022.|giải trí|kienthuc.net|"06:56 | 08/06/2022"
Jun Vũ đăng bộ ảnh 'hở trên kín dưới', khoe vòng 1 căng tràn|https://kienthuc.net.vn/giai-tri/jun-vu-dang-bo-anh-ho-tren-kin-duoi-khoe-vong-1-cang-tran-1709994.html|https://photo-cms-kienthuc.zadn.vn/zoom/130_82/Uploaded/trantuananh/2022_06_07/saostar-akesykqxv8mi569q_WJDO.jpg|Thời gian gần đây, Jun Vũ luôn “kết thân” những trang phục táo bạo để khoe thân hình hoàn hảo.|giải trí|kienthuc.net|"06:33 | 08/06/2022"
HH Đại Dương Thu Thảo chuộng gu gợi cảm, khoe ngực đầy hậu ly hôn|https://kienthuc.net.vn/giai-tri/hh-dai-duong-thu-thao-chuong-gu-goi-cam-khoe-nguc-day-hau-ly-hon-1709492.html|https://photo-cms-kienthuc.zadn.vn/zoom/130_82/Uploaded/dinhcuc/2022_06_06/thao/0_JCZC.jpg|Body ngày càng gợi cảm của Hoa hậu Đại dương Đặng Thu Thảo thu hút sự chú ý của người đối diện.|giải trí|kienthuc.net|"06:25 | 08/06/2022"
'Hung thần biển cả' bơi lạc vào sông Seine, người Pháp đau đầu tìm cách giải cứu|https://kienthuc.net.vn/giai-tri/hung-than-bien-ca-boi-lac-vao-song-seine-nguoi-phap-dau-dau-tim-cach-giai-cuu-1706524.html|https://photo-cms-kienthuc.zadn.vn/zoom/130_82/Uploaded/dinhcuc/2022_05_29/v/11_ZLGX.jpg|Pháp lên kế hoạch hướng dẫn con cá voi sát thủ đi lạc trên sông Seine về với biển bằng cách sử dụng âm thanh của đồng loại.|giải trí|kienthuc.net|"00:54 | 08/06/2022"
Nửa đêm dậy, phòng chị chồng vẫn sáng đèn, tôi chết điếng khi biết bí mật|https://kienthuc.net.vn/giai-tri/nua-dem-day-phong-chi-chong-van-sang-den-toi-chet-dieng-khi-biet-bi-mat-1708811.html|https://photo-cms-kienthuc.zadn.vn/zoom/130_82/Uploaded/dinhcuc/2022_06_04/v/1_WTNV.jpg|Sau khi ly hôn chồng, chị chồng chuyển đến nhà tôi ở. Ban đầu chị ấy nói đến ở vài ngày để đi xem và mua nhà mới.|giải trí|kienthuc.net|"00:48 | 08/06/2022"
Chuyện ly kỳ về phiên bản 'Tây Du Ký' 1927 từng bị cấm chiếu|https://kienthuc.net.vn/giai-tri/chuyen-ly-ky-ve-phien-ban-tay-du-ky-1927-tung-bi-cam-chieu-1709540.html|https://photo-cms-kienthuc.zadn.vn/zoom/130_82/Uploaded/dinhcuc/2022_06_06/tay-du-ky-64_PODA.jpg|Phiên bản Tây Du Ký năm 1927 được giới chuyên môn ghi nhận là phim đầu tiên chuyển thể từ tiểu thuyết của Ngô Thừa Ân.|giải trí|kienthuc.net|"00:36 | 08/06/2022"
Mỹ nhân chuyển giới Đỗ Nhật Hà nói gì về sự cố lộ ngực?|https://kienthuc.net.vn/giai-tri/my-nhan-chuyen-gioi-do-nhat-ha-noi-gi-ve-su-co-lo-nguc-1709841.html|https://photo-cms-kienthuc.zadn.vn/zoom/130_82/Uploaded/dinhcuc/2022_06_07/ha/0_KEOM.jpg|Đỗ Nhật Hà vừa lên tiếng về sự cố trang phục ở phần thi Người đẹp biển thuộc khuôn khổ cuộc thi Hoa hậu Hoàn vũ Việt Nam 2022.|giải trí|kienthuc.net|"19:11 | 07/06/2022"
MC Thanh Vân Hugo khoe ảnh con gái xinh như thiên thần|https://kienthuc.net.vn/giai-tri/mc-thanh-van-hugo-khoe-anh-con-gai-xinh-nhu-thien-than-1709897.html|https://photo-cms-kienthuc.zadn.vn/zoom/130_82/Uploaded/dinhcuc/2022_06_07/van/0_ARUW.jpg|MC Vân Hugo sinh con gái hồi tháng 5 vừa qua. Mới đây, người đẹp khoe ảnh thiên thần nhỏ của mình.|giải trí|kienthuc.net|"13:39 | 07/06/2022"
Wendy vừa khóc vừa song ca với Phi Nhung, nghẹn ngào nói lời xin lỗi mẹ vì một điều|https://kienthuc.net.vn/giai-tri/wendy-vua-khoc-vua-song-ca-voi-phi-nhung-nghen-ngao-noi-loi-xin-loi-me-vi-mot-dieu-1709937.html|https://photo-cms-kienthuc.zadn.vn/zoom/130_82/Uploaded/ctvlanbanh/2022_06_06/7/1q_THFX.png|Xem đoạn video tiết mục song ca của Wendy và giọng hát Phi Nhung, nhiều khán giả đã rơi nước mắt.|giải trí|kienthuc.net|"13:21 | 07/06/2022"
Vợ cao tay xử lý 'em gái mưa' của chồng|https://kienthuc.net.vn/giai-tri/vo-cao-tay-xu-ly-em-gai-mua-cua-chong-1709927.html|https://photo-cms-kienthuc.zadn.vn/zoom/130_82/Uploaded/ctvlanbanh/2022_06_06/8/8u_OKHG.png|Xuất hiện trong chương trình Vợ chồng son tập 457, vợ chồng Anh Tuân - Quỳnh Trang mang đến cho khán giả câu chuyện tình yêu đầy thú vị.|giải trí|kienthuc.net|"13:03 | 07/06/2022"
Hậu trường cảnh nóng trên du thuyền của Hoa hậu có cát-xê 3 tỷ đồng|https://kienthuc.net.vn/giai-tri/hau-truong-canh-nong-tren-du-thuyen-cua-hoa-hau-co-cat-xe-3-ty-dong-1709465.html|https://photo-cms-kienthuc.zadn.vn/zoom/130_82/Uploaded/tructoasoan/2022_06_06/canh--nong-1-horz_WYWR.jpg|Ban đầu người đẹp này chỉ có 2 cảnh nóng nhưng về sau đạo diễn đã tự ý tăng thêm thành 6 cảnh quay 18+.|giải trí|kienthuc.net|"12:51 | 07/06/2022"
Thu Thủy lấy chồng kém 10 tuổi, mẹ 2 con... dáng vẫn mòn con mắt|https://kienthuc.net.vn/giai-tri/thu-thuy-lay-chong-kem-10-tuoi-me-2-con-dang-van-mon-con-mat-1709615.html|https://photo-cms-kienthuc.zadn.vn/zoom/130_82/Uploaded/dinhcuc/2022_06_06/thuy/0_PJGK.jpg|Tái hôn, nữ ca sĩ Thu Thủy có thêm con. Hiện tại, bà mẹ hai con có ngoại hình trẻ trung, quyến rũ, không lép vế chồng kém 10 tuổi.|giải trí|kienthuc.net|"12:37 | 07/06/2022"
Hoài Linh bị vây kín khi xuất hiện tại đám cưới Mạc Văn Khoa|https://kienthuc.net.vn/giai-tri/hoai-linh-bi-vay-kin-khi-xuat-hien-tai-dam-cuoi-mac-van-khoa-1709438.html|https://photo-cms-kienthuc.zadn.vn/zoom/130_82/Uploaded/tructoasoan/2022_06_06/hoai-linh-01_SBUU.JPG|Nhiều nghệ sĩ tới dự đám cưới Mạc Văn Khoa tại TP.HCM. Sự xuất hiện của Hoài Linh thu hút sự chú ý đặc biệt.|giải trí|kienthuc.net|"12:36 | 07/06/2022"
Được khuyên xóa hình xăm Kiều Minh Tuấn, Cát Phượng nói gì?|https://kienthuc.net.vn/giai-tri/duoc-khuyen-xoa-hinh-xam-kieu-minh-tuan-cat-phuong-noi-gi-1709493.html|https://photo-cms-kienthuc.zadn.vn/zoom/130_82/Uploaded/tructoasoan/2022_06_06/cat-phuong-4_MZPH.jpg|Cát Phượng từng xăm chữ Cát Kiều trên cổ tay trái, như một minh chứng cho mối quan hệ bền chặt của cả hai.|giải trí|kienthuc.net|"12:09 | 07/06/2022"
Loạt ảnh Đỗ Nhật Hà ở HHHV Việt Nam trước sự cố lộ ngực|https://kienthuc.net.vn/giai-tri/loat-anh-do-nhat-ha-o-hhhv-viet-nam-truoc-su-co-lo-nguc-1709451.html|https://photo-cms-kienthuc.zadn.vn/zoom/130_82/Uploaded/dinhcuc/2022_06_06/ha/0_INTZ.jpg|"Trong vòng thi ""Người đẹp biển"" thuộc khuôn khổ Hoa hậu Hoàn vũ Việt Nam 2022, Đỗ Nhật Hà bị lộ ngực khi trình diễn."|giải trí|kienthuc.net|"09:56 | 07/06/2022"
Hòa Minzy công khai 'chỉnh' fan tội phá đám khi đang hát|https://kienthuc.net.vn/giai-tri/hoa-minzy-cong-khai-chinh-fan-toi-pha-dam-khi-dang-hat-1709483.html|https://photo-cms-kienthuc.zadn.vn/zoom/130_82/Uploaded/tructoasoan/2022_06_06/h0_JYOZ.png|Đang hát thì bị tuột mood bởi tiếng động lạ từ người hâm mộ, Hòa Minzy lập tức lên tiếng điều chỉnh.|giải trí|kienthuc.net|"07:51 | 07/06/2022"
Phim cổ trang Trung Quốc bị chê cười vì có màn hình LED hiện đại|https://kienthuc.net.vn/giai-tri/phim-co-trang-trung-quoc-bi-che-cuoi-vi-co-man-hinh-led-hien-dai-1709757.html|https://photo-cms-kienthuc.zadn.vn/zoom/130_82/Uploaded/thuydung/2022_06_06/page_TJXT.jpg|Nhất Dạ Tân Nương 2 bộ phim cổ trang Trung Quốc đang gây tranh cãi khi xuất hiện tình tiết phi lí.|giải trí|kienthuc.net|"07:42 | 07/06/2022"
Đụng váy lộ hiểm, Thùy Tiên áp đảo Minh Hằng nhờ vương miện 12 tỷ|https://kienthuc.net.vn/giai-tri/dung-vay-lo-hiem-thuy-tien-ap-dao-minh-hang-nho-vuong-mien-12-ty-1709758.html|https://photo-cms-kienthuc.zadn.vn/zoom/130_82/Uploaded/thuydung/2022_06_06/page_BFJQ.jpg|Từng lép vế Minh Hằng khi đụng hàng trước khi đăng quang, giờ đây Thùy Tiên tự tin áp đảo vì thần thái chuẩn beauty queen.|giải trí|kienthuc.net|"07:39 | 07/06/2022"
2 dấu hiệu trên bàn thờ chứng tỏ gia chủ được ăn lộc tổ tiên|https://kienthuc.net.vn/giai-tri/2-dau-hieu-tren-ban-tho-chung-to-gia-chu-duoc-an-loc-to-tien-1709556.html|https://photo-cms-kienthuc.zadn.vn/zoom/130_82/Uploaded/dinhcuc/2022_06_06/v/9_UOMO.jpg|Nếu một ngày bạn thấy trên bàn thờ nhà mình xuất hiện 2 dấu hiệu này thì xin chúc mừng sắp tới gia đình bạn sẽ gặp nhiều may mắn.|giải trí|kienthuc.net|"07:33 | 07/06/2022"
Thất vọng Vũ Thu Phương với màn catwalk 'gà mổ'|https://kienthuc.net.vn/giai-tri/that-vong-vu-thu-phuong-voi-man-catwalk-ga-mo-1709635.html|https://photo-cms-kienthuc.zadn.vn/zoom/130_82/Uploaded/trantuananh/2022_06_06/ezgif-4-d5da7ad0cf_GGIO.gif|Những bước catwalk mà Vũ Thu Phương từng gọi là mổ cò tiếp tục khiến dân mạng phải ngao ngán.|giải trí|kienthuc.net|"07:00 | 07/06/2022"
Nhan sắc cô gái tóc xù tự nhiên thi HHHV Việt Nam 2022|https://kienthuc.net.vn/giai-tri/nhan-sac-co-gai-toc-xu-tu-nhien-thi-hhhv-viet-nam-2022-1709640.html|https://photo-cms-kienthuc.zadn.vn/zoom/130_82/Uploaded/dinhcuc/2022_06_06/nhu/0_BRMC.jpg|Hoàng Như Mỹ sở hữu mái tóc xù tự nhiên. 9X hiện tại tham gia Hoa hậu Hoàn vũ Việt Nam 2022.|giải trí|kienthuc.net|"06:56 | 07/06/2022"
Bị anti-fan hỏi khó, Ngân 98 đáp trả: 'Ngân không phải muốn cưới là cưới'|https://kienthuc.net.vn/giai-tri/bi-anti-fan-hoi-kho-ngan-98-dap-tra-ngan-khong-phai-muon-cuoi-la-cuoi-1709625.html|https://photo-cms-kienthuc.zadn.vn/zoom/130_82/Uploaded/trantuananh/2022_06_06/saostar-m1t6adcz1ugaac54_ZGUG.jpeg|Vốn nổi tiếng với những phát ngôn gây tranh cãi, Ngân 98 mới đây lại tiếp tục khiến dân tình 'dậy sóng' khi đáp trả thẳng thắn anti-fan.|giải trí|kienthuc.net|"06:33 | 07/06/2022"
Trần Hiểu đóng cặp với Lưu Diệc Phi, ngoài đời hôn nhân thế nào?|https://kienthuc.net.vn/giai-tri/tran-hieu-dong-cap-voi-luu-diec-phi-ngoai-doi-hon-nhan-the-nao-1709600.html|https://photo-cms-kienthuc.zadn.vn/zoom/130_82/Uploaded/dinhcuc/2022_06_06/hieu/0_YLIR.jpg|Trần Hiểu kết hôn vào năm 2016. Mới đây, phim do anh và Lưu Diệc Phi đóng chính gây sốt.|giải trí|kienthuc.net|"06:25 | 07/06/2022"
Scandal Liễu Nham bị dàn sao nam làm nhục được nhắc lại|https://kienthuc.net.vn/giai-tri/scandal-lieu-nham-bi-dan-sao-nam-lam-nhuc-duoc-nhac-lai-1709568.html|https://photo-cms-kienthuc.zadn.vn/zoom/130_82/Uploaded/nguyenvan/2022_06_06/lieu-nham-64_ZUQU.jpg|Liễu Nham đang gây chú ý với vai diễn Tôn Tam Nương trong bộ phim Mộng Hoa Lục.|giải trí|kienthuc.net|"01:18 | 07/06/2022"
Thông tin cá nhân hôn phu Jang Na Ra được yêu cầu bảo mật|https://kienthuc.net.vn/giai-tri/thong-tin-ca-nhan-hon-phu-jang-na-ra-duoc-yeu-cau-bao-mat-1709565.html|https://photo-cms-kienthuc.zadn.vn/zoom/130_82/Uploaded/nguyenvan/2022_06_06/644_EGOJ.jpg|Công ty quản lý Jang Na Ra nói sẽ thực hiện hành động pháp lý với người phát tán thông tin cá nhân về vị hôn phu của cô trên mạng.|giải trí|kienthuc.net|"01:12 | 07/06/2022"
Angela Phương Trinh lại gây xôn xao sau mối tình ngắn ngủi 3 ngày với Cao Thái Sơn|https://kienthuc.net.vn/giai-tri/angela-phuong-trinh-lai-gay-xon-xao-sau-moi-tinh-ngan-ngui-3-ngay-voi-cao-thai-son-1709562.html|https://photo-cms-kienthuc.zadn.vn/zoom/130_82/Uploaded/nguyenvan/2022_06_06/Sau-chuyen-tinh-ngan-ngui-3-ngay-Angela-Phuong-Trinh-gay-xon-xao-pt--3--1654398121-404-width580height435_UUFN.jpg|Angela Phương Trinh tình tứ hết mức trong một buổi tối ở nhà riêng với người tri kỷ.|giải trí|kienthuc.net|"01:06 | 07/06/2022"
“Út Ráng” Kim Hiền - bạn thân của Hà Tăng ngày càng gợi cảm khó cưỡng|https://kienthuc.net.vn/giai-tri/ut-rang-kim-hien-ban-than-cua-ha-tang-ngay-cang-goi-cam-kho-cuong-1707388.html|https://photo-cms-kienthuc.zadn.vn/zoom/130_82/Uploaded/dinhcuc/2022_05_31/kim/0_ZWYD.jpg|Kim Hiền không ít hiếm lần mặc gợi cảm khoe body quyến rũ. Hiện tại, nữ diễn viên có tổ ấm hạnh phúc bên chồng con ở Mỹ.|giải trí|kienthuc.net|"13:45 | 06/06/2022"
Cô gái xinh xắn thích ngủ trong chuồng lợn, múa hát cho 'đàn con' nghe|https://kienthuc.net.vn/giai-tri/co-gai-xinh-xan-thich-ngu-trong-chuong-lon-mua-hat-cho-dan-con-nghe-1709462.html|https://photo-cms-kienthuc.zadn.vn/zoom/130_82/Uploaded/ctvlanbanh/2022_06_05/6/1q_WKHV.png|Nhiều người không khỏi ngạc nhiên trước hành động và những tâm sự của cô gái chăn lợn.|giải trí|kienthuc.net|"13:18 | 06/06/2022"
Hoài Linh và loạt sao Việt tụ tập mừng đám cưới Mạc Văn Khoa|https://kienthuc.net.vn/giai-tri/hoai-linh-va-loat-sao-viet-tu-tap-mung-dam-cuoi-mac-van-khoa-1709432.html|https://photo-cms-kienthuc.zadn.vn/zoom/130_82/Uploaded/dinhcuc/2022_06_06/khoa/0_KKGG.jpg|Hoài Linh, vợ chồng Trường Giang, vợ chồng Lý Hải, Kiều Minh Tuấn...nô nức tham dự đám cưới của Mạc Văn Khoa vào tối ngày 5/6.|giải trí|kienthuc.net|"13:00 | 06/06/2022"
Vẻ ngoài trẻ trung, xinh đẹp của những sao Việt làm mẹ đơn thân|https://kienthuc.net.vn/giai-tri/ve-ngoai-tre-trung-xinh-dep-cua-nhung-sao-viet-lam-me-don-than-1709238.html|https://photo-cms-kienthuc.zadn.vn/zoom/130_82/Uploaded/tructoasoan/2022_06_05/ahh_VIFC.jpg|Sau ly hôn, nhiều sao Việt chọn cuộc sống làm mẹ đơn thân. Dù gặp nhiều khó khăn trên hành trình nuôi dạy con nhỏ song nhan sắc của họ ngày càng xinh đẹp.|giải trí|kienthuc.net|"12:48 | 06/06/2022"
"Ngô Kiến Huy đánh mất vẻ nam tính với layout ""sương mai"""|https://kienthuc.net.vn/giai-tri/ngo-kien-huy-danh-mat-ve-nam-tinh-voi-layout-suong-mai-1709236.html|https://photo-cms-kienthuc.zadn.vn/zoom/130_82/Uploaded/tructoasoan/2022_06_05/n_WYUJ.png|Hình ảnh mới của Ngô Kiến Huy bị cho là điệu, mất đi vẻ nam tính thường thấy.|giải trí|kienthuc.net|"12:42 | 06/06/2022"
"Cuộc sống gia đình ít ai biết của ""ông bố quốc dân"" NSND Trung Anh"|https://kienthuc.net.vn/giai-tri/cuoc-song-gia-dinh-it-ai-biet-cua-ong-bo-quoc-dan-nsnd-trung-anh-1709233.html|https://photo-cms-kienthuc.zadn.vn/zoom/130_82/Uploaded/tructoasoan/2022_06_05/saostar-afxg2361kic2dxe9_QNXH.jpg|NSND Trung Anh có cuộc sống hôn nhân viên mãn khiến nhiều người ngưỡng mộ.|giải trí|kienthuc.net|"12:39 | 06/06/2022"
Mối quan hệ mờ ám của Lưu Diệc Phi và cha nuôi tỷ phú|https://kienthuc.net.vn/giai-tri/moi-quan-he-mo-am-cua-luu-diec-phi-va-cha-nuoi-ty-phu-1709231.html|https://photo-cms-kienthuc.zadn.vn/zoom/130_82/Uploaded/tructoasoan/2022_06_05/luu-diec-phi-01_VSSV.jpg|Từng có 1 người đàn ông đồng hành Lưu Diệc Phi trong những ngày đầu mới bước chân vào làng giải trí, hết lòng nâng đỡ để đi lên đỉnh cao.|giải trí|kienthuc.net|"12:36 | 06/06/2022"
"Sưởi nắng, một sao nữ Vbiz khiến netizen ngả nghiêng vì body ""cực khét"""|https://kienthuc.net.vn/giai-tri/suoi-nang-mot-sao-nu-vbiz-khien-netizen-nga-nghieng-vi-body-cuc-khet-1709228.html|https://photo-cms-kienthuc.zadn.vn/zoom/130_82/Uploaded/tructoasoan/2022_06_05/t_BZDP.png|Những hình ảnh mới nhất của sao nữ này đã khiến netizen 'đứng ngồi không yên'.|giải trí|kienthuc.net|"12:33 | 06/06/2022"
Đức Bảo dẫn hoa hậu thay vì Trấn Thành, netizen mừng ra mặt|https://kienthuc.net.vn/giai-tri/duc-bao-dan-hoa-hau-thay-vi-tran-thanh-netizen-mung-ra-mat-1709226.html|https://photo-cms-kienthuc.zadn.vn/zoom/130_82/Uploaded/tructoasoan/2022_06_05/hoa-hau-hoan-vu-viet-nam-2022-miss-universe-1_UJPT.jpg|Tại chung kết Hoa hậu Hoàn vũ Việt Nam 2019, Trấn Thành được cho là có màn dẫn không mấy hay ho, khá nhiều sạn.|giải trí|kienthuc.net|"12:30 | 06/06/2022"
"Cát Phượng ""dao kéo"" sau chia tay Kiều Minh Tuấn?"|https://kienthuc.net.vn/giai-tri/cat-phuong-dao-keo-sau-chia-tay-kieu-minh-tuan-1709224.html|https://photo-cms-kienthuc.zadn.vn/zoom/130_82/Uploaded/tructoasoan/2022_06_05/cat-phuong-01_KAGE.jpeg|Cát Phượng lên tiếng phủ nhận và giải thích vì sao gương mặt khác lạ sau khi đường ai nấy đi với Kiều Minh Tuấn.|giải trí|kienthuc.net|"12:27 | 06/06/2022"
Dao kéo 5 bộ phận sau ly hôn, Pha Lê giờ có ngoại hình thế nào?|https://kienthuc.net.vn/giai-tri/dao-keo-5-bo-phan-sau-ly-hon-pha-le-gio-co-ngoai-hinh-the-nao-1709266.html|https://photo-cms-kienthuc.zadn.vn/zoom/130_82/Uploaded/dinhcuc/2022_06_05/le/0_GASA.jpg|Ca sĩ Pha Lê phẫu thuật thẩm mỹ: ngực, bụng, lưng, đùi, mông hồi tháng 4/2022. Diện mạo của cô giờ xinh đẹp, gợi cảm hơn.|giải trí|kienthuc.net|"12:24 | 06/06/2022"
"Ngô Kiến Huy, Khổng Tú Quỳnh ""bơ đẹp"" tại tiệc sinh nhật Bảo Thy"|https://kienthuc.net.vn/giai-tri/ngo-kien-huy-khong-tu-quynh-bo-dep-tai-tiec-sinh-nhat-bao-thy-1709222.html|https://photo-cms-kienthuc.zadn.vn/zoom/130_82/Uploaded/tructoasoan/2022_06_05/page_PONK.jpg|Bữa tiệc private của Bảo Thy gây chú ý không chỉ bởi giao diện lồng lộn của chủ tiệc mà còn bởi sự xuất hiện của dàn khách đặc biệt.|giải trí|kienthuc.net|"12:24 | 06/06/2022"
Wendy Phạm khóc nức nở trong đêm nhạc gây quỹ mang tên Phi Nhung|https://kienthuc.net.vn/giai-tri/wendy-pham-khoc-nuc-no-trong-dem-nhac-gay-quy-mang-ten-phi-nhung-1709220.html|https://photo-cms-kienthuc.zadn.vn/zoom/130_82/Uploaded/tructoasoan/2022_06_05/saostar-ewn56sqwv9ty0tsy_GLFM.png|Đoạn video con gái Phi Nhung ngồi khóc vì nhớ mẹ được cậu ruột ghi lại và chia sẻ lên mạng xã hội, khiến ai nấy vô cùng thương cảm.|giải trí|kienthuc.net|"12:21 | 06/06/2022"
Sao nữ Vbiz khiến netizen ngả nghiêng vì body 'cực khét'|https://kienthuc.net.vn/giai-tri/sao-nu-vbiz-khien-netizen-nga-nghieng-vi-body-cuc-khet-1709263.html|https://photo-cms-kienthuc.zadn.vn/zoom/130_82/Uploaded/tructoasoan/2022_06_05/saostar-35l6xbbkcmu98qkw_JTBX.jpeg|Những hình ảnh mới nhất của sao nữ này đã khiến netizen 'đứng ngồi không yên'.|giải trí|kienthuc.net|"12:18 | 06/06/2022"
Phương Thanh và dàn sao Việt 'âm điểm' vì phát ngôn tranh cãi|https://kienthuc.net.vn/giai-tri/phuong-thanh-va-dan-sao-viet-am-diem-vi-phat-ngon-tranh-cai-1709262.html|https://photo-cms-kienthuc.zadn.vn/zoom/130_82/Uploaded/tructoasoan/2022_06_05/phuong-thanh-oki_QBXC.jpg|Dân mạng gay gắt khi Phương Thanh gọi Doãn Chí Kiên là người yêu nghệ thuật hay những lời nặng nhẹ của Đông Nhi dành cho fan.|giải trí|kienthuc.net|"12:15 | 06/06/2022"
Những mỹ nhân Việt giấu nhẹm danh tính của chồng|https://kienthuc.net.vn/giai-tri/nhung-my-nhan-viet-giau-nhem-danh-tinh-cua-chong-1709261.html|https://photo-cms-kienthuc.zadn.vn/zoom/130_82/Uploaded/tructoasoan/2022_06_05/saostar-11n2qqks1x7jwzff_AWDD.jpeg|Nữ diễn viên Phanh Lee, Á hậu Tường San... đã quyết định không công khai danh tính của chồng cho công chúng.|giải trí|kienthuc.net|"12:12 | 06/06/2022"
“Á hậu một con” Tường San đẹp ma mị, đón tuổi 22|https://kienthuc.net.vn/giai-tri/a-hau-mot-con-tuong-san-dep-ma-mi-don-tuoi-22-1709154.html|https://photo-cms-kienthuc.zadn.vn/zoom/130_82/Uploaded/dinhcuc/2022_06_05/san/0_HNYK.jpg|Mừng tuổi 22, Á hậu Tường San tung bộ ảnh mới với tạo hình lạ mắt. Sau gần 3 năm đương nhiệm, bà mẹ bỉm sữa khiến fan xuýt xoa trước nhan sắc mặn mà.|giải trí|kienthuc.net|"06:56 | 06/06/2022"
Nữ hoàng nội y Ngọc Trinh vướng ồn ào “nổ” mua đất, Lily Chen giờ ra sao?|https://kienthuc.net.vn/giai-tri/nu-hoang-noi-y-ngoc-trinh-vuong-on-ao-no-mua-dat-lily-chen-gio-ra-sao-1709190.html|https://photo-cms-kienthuc.zadn.vn/zoom/130_82/Uploaded/dinhcuc/2022_06_05/trinh/0_ITUU.jpg|Trong khi Ngọc Trinh vướng ồn ào “nổ” mua đất, Lily Chen liên tục khoe cuộc sống sang chảnh: ở nhà mới 50 tỷ, mua túi xách 1 tỷ.|giải trí|kienthuc.net|"06:25 | 06/06/2022"
Bà ngoại U70 sở hữu 'vai u thịt bắp' ngang ngửa Angela Phương Trinh|https://kienthuc.net.vn/giai-tri/ba-ngoai-u70-so-huu-vai-u-thit-bap-ngang-ngua-angela-phuong-trinh-1709353.html|https://fb-images.saostar.vn/fb1200png_2/pc/1654248556398/saostar-qpx9fcw314167s2h.png/fbsscover.png|"Người phụ nữ này ""lão hoá ngược"" đỉnh đến mức thường xuyên bị nhầm là chị của cháu gái mình."|giải trí|kienthuc.net|"06:03 | 06/06/2022"
Sao nhí Đồ Rê Mí dậy thì phổng phao, bạn trai danh tính khủng|https://kienthuc.net.vn/giai-tri/sao-nhi-do-re-mi-day-thi-phong-phao-ban-trai-danh-tinh-khung-1709189.html|https://photo-cms-kienthuc.zadn.vn/zoom/130_82/Uploaded/nguyenvan/2022_06_05/sieu-tri-tue-oki_XQSQ.jpg|Hiện tượng nhí Hà Phạm Anh Thư từng chinh phục hàng triệu khán giả truyền hình giờ ra sao?|giải trí|kienthuc.net|"01:21 | 06/06/2022"
Vì sao Khánh Thi khiến chồng kém chục tuổi ngày càng si mê?|https://kienthuc.net.vn/giai-tri/vi-sao-khanh-thi-khien-chong-kem-chuc-tuoi-ngay-cang-si-me-1708946.html|https://photo-cms-kienthuc.zadn.vn/zoom/130_82/Uploaded/dinhcuc/2022_06_04/thi/0_YEPD.jpg|Bất chấp khoảng cách tuổi tác, Khánh Thi ngày càng được ông xã Phan Hiển chiều chuộng.|giải trí|kienthuc.net|"19:00 | 05/06/2022"
3 năm sang Mỹ, cuộc sống của Hương Tràm giờ ra sao?|https://kienthuc.net.vn/giai-tri/3-nam-sang-my-cuoc-song-cua-huong-tram-gio-ra-sao-1708854.html|https://photo-cms-kienthuc.zadn.vn/zoom/130_82/Uploaded/dinhcuc/2022_06_04/tram/0_DTRK.jpg|Cuộc sống ở Mỹ của nữ ca sĩ Hương Tràm luôn nhận được sự quan tâm của khán giả.|giải trí|kienthuc.net|"13:35 | 05/06/2022"
Hoài Lâm diễn bar nhưng hát bolero, khán giả không trách còn hú hét cổ vũ|https://kienthuc.net.vn/giai-tri/hoai-lam-dien-bar-nhung-hat-bolero-khan-gia-khong-trach-con-hu-het-co-vu-1709141.html|https://photo-cms-kienthuc.zadn.vn/zoom/130_82/Uploaded/ctvlanbanh/2022_06_04/9/1q_SJKQ.png|"Một số người không khỏi ái ngại khi thấy Hoài Lâm đẩy DJ vào thế ""7 phần bất lực, 3 phần cam chịu""."|giải trí|kienthuc.net|"13:21 | 05/06/2022"
Ảnh kỷ yếu phong cách 'con nhà giàu' của học sinh lớp 9 Quảng Trị|https://kienthuc.net.vn/giai-tri/anh-ky-yeu-phong-cach-con-nha-giau-cua-hoc-sinh-lop-9-quang-tri-1709138.html|https://photo-cms-kienthuc.zadn.vn/zoom/130_82/Uploaded/ctvlanbanh/2022_06_05/1/1q_VWGE.png|Đoạn video clip ghi lại hình ảnh thời thượng, sang trọng của lớp học cuối cấp 2 này đang nhận về nhiều tương tác của cộng đồng mạng.|giải trí|kienthuc.net|"13:12 | 05/06/2022"
Mỹ nhân Hoa ngữ giấu nhược điểm vai thô, bắp tay to... nhờ loạt trang phục tinh tế này|https://kienthuc.net.vn/giai-tri/my-nhan-hoa-ngu-giau-nhuoc-diem-vai-tho-bap-tay-to-nho-loat-trang-phuc-tinh-te-nay-1709135.html|https://photo-cms-kienthuc.zadn.vn/zoom/130_82/Uploaded/ctvlanbanh/2022_06_05/2/4r_STEU.png|Tuyệt chiêu mà các mỹ nhân Hoa ngữ áp dụng chị em hoàn toàn có thể học theo.|giải trí|kienthuc.net|"13:03 | 05/06/2022"
Lệ Quyên, Tùng Dương, Đan Trường hát không xin phép bản quyền?|https://kienthuc.net.vn/giai-tri/le-quyen-tung-duong-dan-truong-hat-khong-xin-phep-ban-quyen-1708892.html|https://photo-cms-kienthuc.zadn.vn/zoom/130_82/Uploaded/tructoasoan/2022_06_04/lq_OMPJ.jpg|"3 ca sĩ tự ý cover, mang ca khúc ""Ai chung tình được mãi"" đi biểu diễn ở nhiều sân khấu khác nhau nhưng không xin phép."|giải trí|kienthuc.net|"12:48 | 05/06/2022"
Ái nữ nhà Đông Nhi mới 3 tuổi đã biết phụ mẹ dọn đồ|https://kienthuc.net.vn/giai-tri/ai-nu-nha-dong-nhi-moi-3-tuoi-da-biet-phu-me-don-do-1708887.html|https://photo-cms-kienthuc.zadn.vn/zoom/130_82/Uploaded/tructoasoan/2022_06_04/ai-nu-nha-dong-nhi-moi-3-tuoi-da-biet-phu-me-don-do-con-bat-chuoc-lau-mo-hoi-cuc-hai-huoc-070426_SICE.png|Chỉ sau ít phút đăng tải, đoạn clip này của Winnie cũng đã được cư dân mạng chia sẻ rầm rộ.|giải trí|kienthuc.net|"12:42 | 05/06/2022"
Minh Hà “Hôn nhân trong ngõ hẹp” khoe dáng quyến rũ ở đời thường|https://kienthuc.net.vn/giai-tri/minh-ha-hon-nhan-trong-ngo-hep-khoe-dang-quyen-ru-o-doi-thuong-1707452.html|https://photo-cms-kienthuc.zadn.vn/zoom/130_82/Uploaded/dinhcuc/2022_05_31/minhha/0_YLJL.jpg|MC Minh Hà sở hữu vóc dáng đầy cuốn hút cùng phong cách thời trang ấn tượng. Vài năm qua, nữ diễn viên phim “Hôn nhân trong ngõ hẹp” khá im hơi lặng tiếng.|giải trí|kienthuc.net|"12:25 | 05/06/2022"
Chi Dân bá vai bá cổ Thủy Tiên giữa đám đông|https://kienthuc.net.vn/giai-tri/chi-dan-ba-vai-ba-co-thuy-tien-giua-dam-dong-1708857.html|https://photo-cms-kienthuc.zadn.vn/zoom/130_82/Uploaded/tructoasoan/2022_06_04/c_UBSZ.png|Khi thấy ca sĩ Thủy Tiên trên bàn tiệc, Chi Dân tỏ ra rất hào hứng, bá vai bá cổ đàn chị.|giải trí|kienthuc.net|"12:21 | 05/06/2022"
Đan Trường bị viêm phế quản nặng, năn nỉ lùi show|https://kienthuc.net.vn/giai-tri/dan-truong-bi-viem-phe-quan-nang-nan-ni-lui-show-1708920.html|https://photo-cms-kienthuc.zadn.vn/zoom/130_82/Uploaded/thutrang/2022_06_04/dan-truong-bi-viem-phe-quan-nang-nan-ni-lui-show-nhung-khong-duoc-dong-y-103433_FIFV.jpg|Ca sĩ Đan Trường than thở bị ốm mệt, tắt tiếng, năn nỉ các bầu show cho lùi show vẫn không được.|giải trí|kienthuc.net|"12:15 | 05/06/2022"
Ảnh gợi cảm của Lương Thùy Linh khi sắp hết nhiệm kỳ hoa hậu|https://kienthuc.net.vn/giai-tri/anh-goi-cam-cua-luong-thuy-linh-khi-sap-het-nhiem-ky-hoa-hau-1708955.html|https://photo-cms-kienthuc.zadn.vn/zoom/130_82/Uploaded/dinhcuc/2022_06_04/linh/0_ORQP.jpg|Nhan sắc của Lương Thùy Linh ngày càng thăng hạng. Từ khi đăng quang đến nay, nàng hoa hậu kín tiếng về chuyện tình cảm, không vướng tin đồn hẹn hò nào.|giải trí|kienthuc.net|"08:00 | 05/06/2022"
Mai Thu Huyền: 'Hôn nhân không phải 1 + 1 = 2'|https://kienthuc.net.vn/giai-tri/mai-thu-huyen-hon-nhan-khong-phai-1-1-2-1708911.html|https://photo-cms-kienthuc.zadn.vn/zoom/130_82/Uploaded/thutrang/2022_06_04/anh_chup_man_hinh_2022-06-04_luc_11_44_14_sa_HUWF.png|Những chia sẻ của Mai Thu Huyền mới đây đủ cho thấy cuộc sống hôn nhân sau 20 năm gắn bó.|giải trí|kienthuc.net|"07:57 | 05/06/2022"
Vợ trẻ Công Lý than nghèo, công khai cả số dư trong tài khoản|https://kienthuc.net.vn/giai-tri/vo-tre-cong-ly-than-ngheo-cong-khai-ca-so-du-trong-tai-khoan-1708907.html|https://photo-cms-kienthuc.zadn.vn/zoom/130_82/Uploaded/thutrang/2022_06_04/vo-tre-cua-cong-ly-lien-tuc-than-ngheo-con-cong-khai-ca-so-du-trong-tai-khoan-gay-ngo-ngang-104800_DVVX.jpg|Vợ ba NSND Công Lý liên tục than thở chuyện tiền bạc khiến dân tình không khỏi ngỡ ngàng.|giải trí|kienthuc.net|"07:51 | 05/06/2022"
Sáng tỏ tin đồn Chi Dân hẹn hò Trương Quỳnh Anh|https://kienthuc.net.vn/giai-tri/sang-to-tin-don-chi-dan-hen-ho-truong-quynh-anh-1709073.html|https://photo-cms-kienthuc.zadn.vn/zoom/130_82/Uploaded/hongnhat/2022_06_04/chi-dan-1_CIER.jpg|Sau thời gian dài vướng tin đồn hẹn hò Trương Quỳnh Anh, Chi Dân đã có câu trả lời cho khán giả.|giải trí|kienthuc.net|"07:36 | 05/06/2022"
5 vật phẩm đặt phòng ngủ giúp tài vận hanh thông, vợ chồng hòa hợp|https://kienthuc.net.vn/giai-tri/5-vat-pham-dat-phong-ngu-giup-tai-van-hanh-thong-vo-chong-hoa-hop-1708822.html|https://photo-cms-kienthuc.zadn.vn/zoom/130_82/Uploaded/dinhcuc/2022_06_04/AnyConvcom1_HPYT.jpg|Dưới đây là những vật phẩm phong thủy nên đặt vào phòng ngủ giúp sức khỏe tốt, tài vận hanh thông, gia đình hạnh phúc êm ấm.|giải trí|kienthuc.net|"07:21 | 05/06/2022"
Hà Hồ - Thùy Tiên đụng hàng khét lẹt: Ai mới là người thắng thế?|https://kienthuc.net.vn/giai-tri/ha-ho-thuy-tien-dung-hang-khet-let-ai-moi-la-nguoi-thang-the-1709011.html|https://photo-cms-kienthuc.zadn.vn/zoom/130_82/Uploaded/trantuananh/2022_06_04/ha-ha--thuy-tien-dung-hang-khet-let-nang-hau-gen-z-va-ba-me-bim-sua-ai-moi-la-nguoi-thang-the-135348_QBRJ.png|Hà Hồ và Thùy Tiên có nhiều màn đụng hàng khét lẹt khiến dân tình thích thú, bởi ai cũng có nét xuất sắc riêng.|giải trí|kienthuc.net|"07:00 | 05/06/2022"
Series “Lật mặt” doanh thu khủng thế nào… Lý Hải quyết ra phần 6?|https://kienthuc.net.vn/giai-tri/series-lat-mat-doanh-thu-khung-the-nao-ly-hai-quyet-ra-phan-6-1708836.html|https://photo-cms-kienthuc.zadn.vn/zoom/130_82/Uploaded/dinhcuc/2022_06_04/hai/0_NDXW.jpg|5 phần phim “Lật mặt” của đạo diễn Lý Hải đều thành công về mặt doanh thu. Vì vậy, không khó hiểu khi Lý Hải lên kế hoạch ra phần mới.|giải trí|kienthuc.net|"06:56 | 05/06/2022"
Đời tư mỹ nhân 'Chân Hoàn Truyện': Cha ruồng bỏ, người yêu lừa|https://kienthuc.net.vn/giai-tri/doi-tu-my-nhan-chan-hoan-truyen-cha-ruong-bo-nguoi-yeu-lua-1709132.html|https://photo-cms-kienthuc.zadn.vn/zoom/130_82/Uploaded/haininh/2022_06_04/ava_UVHK.jpg|Sở hữu nhan sắc nổi bật, Mao Hiểu Đồng luôn linh hoạt trong từng vai diễn. Tuy nhiên, cuộc đời cô lại chẳng êm đềm, bình yên như sự nghiệp.|giải trí|kienthuc.net|"06:41 | 05/06/2022"
Rocker Nguyễn: 'Mỗi ngày bê nồi bún bò 30 lít, thái 5 kg thịt để bán'|https://kienthuc.net.vn/giai-tri/rocker-nguyen-moi-ngay-be-noi-bun-bo-30-lit-thai-5-kg-thit-de-ban-1709129.html|https://photo-cms-kienthuc.zadn.vn/zoom/130_82/Uploaded/giadat/2022_06_04/capture_HPCD.PNG|Rocker Nguyễn chia sẻ về những ngày tháng bán bún bò tại Melbourne (Úc) trong thời gian tạm rời xa showbiz.|giải trí|kienthuc.net|"06:38 | 05/06/2022"
Kim Lý xuống sắc phát sợ dù được Hà Hồ chăm sóc kỹ|https://kienthuc.net.vn/giai-tri/kim-ly-xuong-sac-phat-so-du-duoc-ha-ho-cham-soc-ky-1709003.html|https://photo-cms-kienthuc.zadn.vn/zoom/130_82/Uploaded/trantuananh/2022_06_04/kim-ly-ho-ngoc-ha-04_OXQE.jpg|Bạn trai nam thần Việt kiều của Hồ Ngọc Hà giờ nhàu nhĩ với nhiều nếp nhăn và quầng thâm ở tuổi 38.|giải trí|kienthuc.net|"06:36 | 05/06/2022"
Ngô Thanh Vân xuất hiện trong phim Hollywood|https://kienthuc.net.vn/giai-tri/ngo-thanh-van-xuat-hien-trong-phim-hollywood-1709021.html|https://photo-cms-kienthuc.zadn.vn/zoom/130_82/Uploaded/nguyenvan/2022_06_04/theprincess1_XIDJ.jpg|Bộ phim The Princess của đạo diễn Lê Văn Kiệt vừa tung trailer đầu tiên. Tác phẩm hành động, cổ trang có sự góp mặt của Joey King, Ngô Thanh Vân.|giải trí|kienthuc.net|"01:12 | 05/06/2022"
"Hậu trường ""Tây du ký 1986"" quay ở Thái Lan"|https://kienthuc.net.vn/giai-tri/hau-truong-tay-du-ky-1986-quay-o-thai-lan-1709020.html|https://photo-cms-kienthuc.zadn.vn/zoom/130_82/Uploaded/nguyenvan/2022_06_04/f1_VWPO.jpg|"Hình ảnh các diễn viên chính thuộc bản phim ""Tây du ký"" kinh điển đi lại ở trung tâm thương mại trong tạo hình nhân vật khiến người hâm mộ thích thú."|giải trí|kienthuc.net|"01:09 | 05/06/2022"
Ngọc Trinh o ép vòng 1 xập xệ, bẹt dí như bánh dày|https://kienthuc.net.vn/giai-tri/ngoc-trinh-o-ep-vong-1-xap-xe-bet-di-nhu-banh-day-1709019.html|https://photo-cms-kienthuc.zadn.vn/zoom/130_82/Uploaded/manhhung/2022_06_03/3x2_EZNA.jpg|Vòng 1 trứ danh của Ngọc Trinh đã đi đâu mất rồi? Dù cố hở đến mấy, mặc xuyên thấu cũng không tạo nên đường cong quyến rũ của nữ hoàng nội y.|giải trí|kienthuc.net|"01:06 | 05/06/2022"
"""Nữ hoàng"" Ngọc Trinh diện style không nội y, phớt lờ ồn ào mua đất"|https://kienthuc.net.vn/giai-tri/nu-hoang-ngoc-trinh-dien-style-khong-noi-y-phot-lo-on-ao-mua-dat-1708633.html|https://photo-cms-kienthuc.zadn.vn/zoom/130_82/Uploaded/dinhcuc/2022_06_03/trinh/000_BSSR.jpg|Sau lùm xùm mua đất, Ngọc Trinh liên tục đăng ảnh gợi cảm. Mới nhất, với mốt thả rông vòng 1, chân dài gốc Trà Vinh thu hút mọi ánh nhìn.|giải trí|kienthuc.net|"19:00 | 04/06/2022"
Loạt quy định khắt khe trong đám cưới Minh Hằng và các sao Việt|https://kienthuc.net.vn/giai-tri/loat-quy-dinh-khat-khe-trong-dam-cuoi-minh-hang-va-cac-sao-viet-1708673.html|https://photo-cms-kienthuc.zadn.vn/zoom/130_82/Uploaded/dinhcuc/2022_06_03/cuoi/0_ZMIL.jpg|Không chỉ Minh Hằng, nhiều sao Việt cũng đặt ra những quy định khắt khe cho khách mời đám cưới.|giải trí|kienthuc.net|"13:33 | 04/06/2022"
"Vợ chồng Anh Tú - Huyền My ""chiến tranh"", cùng đăng ảnh thuở bé"|https://kienthuc.net.vn/giai-tri/vo-chong-anh-tu-huyen-my-chien-tranh-cung-dang-anh-thuo-be-1708463.html|https://photo-cms-kienthuc.zadn.vn/zoom/130_82/Uploaded/tructoasoan/2022_06_03/ava_MCUO.jpg|Đôi vợ chồng trẻ Anh Tú - Huyền My vừa có màn đại chiến trên mạng xã hội khiến dân tình thích thú.|giải trí|kienthuc.net|"12:39 | 04/06/2022"
Lan Phương “Thương ngày nắng về” đa tài, hôn nhân hạnh phúc thế nào?|https://kienthuc.net.vn/giai-tri/lan-phuong-thuong-ngay-nang-ve-da-tai-hon-nhan-hanh-phuc-the-nao-1708890.html|https://photo-cms-kienthuc.zadn.vn/zoom/130_82/Uploaded/dinhcuc/2022_06_04/lan/0_MLEU.jpg|Lan Phương chứng tỏ tài năng ở nhiều lĩnh vực. Ngoài sự nghiệp thành công, nữ diễn viên còn có cuộc hôn nhân hạnh phúc bên chồng Tây.|giải trí|kienthuc.net|"12:31 | 04/06/2022"
4 mỹ nhân Việt diện áo dài tại Cannes, đơn giản mà vẫn tỏa sáng|https://kienthuc.net.vn/giai-tri/4-my-nhan-viet-dien-ao-dai-tai-cannes-don-gian-ma-van-toa-sang-1708435.html|https://photo-cms-kienthuc.zadn.vn/zoom/130_82/Uploaded/tructoasoan/2022_06_03/4-my-nhan-viet-dien-ao-dai-tai-cannes-du-don-gian-ma-van-toa-sang-ngoi-ngoi-072417_STBS.png|Tà áo dài mang nét đẹp văn hóa của người con gái Việt Nam, thể hiện tinh thần tự hào dân tộc mãnh liệt, giúp họ tỏa sáng tại Liên hoan phim danh giá.|giải trí|kienthuc.net|"12:21 | 04/06/2022"
Hòa Minzy mang thai lần 2?|https://kienthuc.net.vn/giai-tri/hoa-minzy-mang-thai-lan-2-1708594.html|https://photo-cms-kienthuc.zadn.vn/zoom/130_82/Uploaded/tructoasoan/2022_06_03/hoa-minzy-6_LJVX.jpg|Hòa Minzy không chỉ bị soi vòng 2 bất thường, hành động đặt tay lên bụng cô của Đức Phúc càng khiến dân mạng thêm nghi ngờ.|giải trí|kienthuc.net|"12:18 | 04/06/2022"
Hiền Thục như gái đôi mươi, Hoàng Oanh lấy lại phong độ|https://kienthuc.net.vn/giai-tri/hien-thuc-nhu-gai-doi-muoi-hoang-oanh-lay-lai-phong-do-1708593.html|https://photo-cms-kienthuc.zadn.vn/zoom/130_82/Uploaded/tructoasoan/2022_06_03/nhung-ba-me-don-than-vbiz-ngay-cang-nhuan-sac-hien-thuc-nhu-gai-doi-muoi-hoang-oanh-lay-lai-phong-do-090202_BUQR.png|"Với nhiều sao Vbiz, họ đã minh chứng cho câu nói “phụ nữ đẹp nhất khi không thuộc về ai"" và ngày càng đẹp hơn."|giải trí|kienthuc.net|"12:15 | 04/06/2022"
Mỗi người một ý về ngoại hình con gái Khánh Thi - Phan Hiển|https://kienthuc.net.vn/giai-tri/moi-nguoi-mot-y-ve-ngoai-hinh-con-gai-khanh-thi-phan-hien-1708590.html|https://photo-cms-kienthuc.zadn.vn/zoom/130_82/Uploaded/tructoasoan/2022_06_03/khanh-thi-phan-hien-10_ERRB.jpg|Khi Khánh Thi nói con gái giống mẹ, có cả những người đồng tình và không đồng tình với ý kiến này.|giải trí|kienthuc.net|"12:06 | 04/06/2022"
Thu Hoài 'haha' khi Vy Oanh kiện đòi xin lỗi, bồi thường?|https://kienthuc.net.vn/giai-tri/thu-hoai-haha-khi-vy-oanh-kien-doi-xin-loi-boi-thuong-1708589.html|https://photo-cms-kienthuc.zadn.vn/zoom/130_82/Uploaded/tructoasoan/2022_06_03/thu-hoai-3_ZBLM.jpg|Mọi động thái của Thu Hoài đều được dân mạng quan tâm khi Vy Oanh tiết lộ ủy quyền cho luật sư tiến hành các thủ tục khởi kiện.|giải trí|kienthuc.net|"12:03 | 04/06/2022"
Mỹ nhân Hoa ngữ giấu vai thô, bắp to... nhờ loạt trang phục này|https://kienthuc.net.vn/giai-tri/my-nhan-hoa-ngu-giau-vai-tho-bap-to-nho-loat-trang-phuc-nay-1708588.html|https://photo-cms-kienthuc.zadn.vn/zoom/130_82/Uploaded/tructoasoan/2022_06_03/my-nhan-hoa-ngu-giau-nhuoc-diem-vai-tho-bap-tay-to-nho-loat-trang-phuc-tinh-te-nay-075651_ZYPD.jpg|Tuyệt chiêu mà các mỹ nhân Hoa ngữ áp dụng chị em hoàn toàn có thể học theo.|giải trí|kienthuc.net|"12:00 | 04/06/2022"
Vân Hugo gia nhập hội đẻ thuê, sinh con như bản sao của bố|https://kienthuc.net.vn/giai-tri/van-hugo-gia-nhap-hoi-de-thue-sinh-con-nhu-ban-sao-cua-bo-1708586.html|https://photo-cms-kienthuc.zadn.vn/zoom/130_82/Uploaded/tructoasoan/2022_06_03/van-hugo-chinh-thuc-gia-nhap-hoi-de-thue-ai-nu-moi-sinh-nhu-ban-sao-cua-bo-103037_SQFS.png|Con gái mới sinh của Vân Hugo được cho là y hệt ông bố doanh nhân của mình.|giải trí|kienthuc.net|"07:54 | 04/06/2022"
Công ty của Ông Cao Thắng có đang gặp khủng hoảng ?|https://kienthuc.net.vn/giai-tri/cong-ty-cua-ong-cao-thang-co-dang-gap-khung-hoang-1708584.html|https://photo-cms-kienthuc.zadn.vn/zoom/130_82/Uploaded/tructoasoan/2022_06_03/99_XQTE.png|6thSense là nơi nâng đỡ rất nhiều cái tên nổi bật của Vbiz tuy nhiên thời gian gần đây, các gà nhà của công ty đang khiến người hâm mộ lo lắng.|giải trí|kienthuc.net|"07:51 | 04/06/2022"
"Chóng mặt khi ""chị đại"" Phương Thanh và loạt sao hẹn hò thật giả lẫn lộn"|https://kienthuc.net.vn/giai-tri/chong-mat-khi-chi-dai-phuong-thanh-va-loat-sao-hen-ho-that-gia-lan-lon-1708628.html|https://photo-cms-kienthuc.zadn.vn/zoom/130_82/Uploaded/dinhcuc/2022_06_03/viet/0_QLPS.jpg|"Công chúng lắm lúc phát mệt vì... chuyện hẹn hò thật giả lẫn lộn của sao Việt. Trường hợp mới nhất là ca sĩ ""Trống vắng"" Phương Thanh."|giải trí|kienthuc.net|"07:15 | 04/06/2022"
Trò lố của Tiktoker tại show thời trang|https://kienthuc.net.vn/giai-tri/tro-lo-cua-tiktoker-tai-show-thoi-trang-1708522.html|https://photo-cms-kienthuc.zadn.vn/zoom/130_82/Uploaded/trantuananh/2022_06_03/saostar-pvaanm4ba1wc3m5c_DAFE.png|"Công chúng bĩu môi với những hành động ""trời ơi"" của cặp đôi nam thanh nữ tú nổi tiếng của cộng đồng TikToker."|giải trí|kienthuc.net|"06:51 | 04/06/2022"
Diễn viên Trang Moon “Sống chung với mẹ chồng” khoe ảnh đám cưới|https://kienthuc.net.vn/giai-tri/dien-vien-trang-moon-song-chung-voi-me-chong-khoe-anh-dam-cuoi-1708437.html|https://photo-cms-kienthuc.zadn.vn/zoom/130_82/Uploaded/dinhcuc/2022_06_03/trang/0_JNPN.jpg|"Nữ diễn viên phim ""Sống chung với mẹ chồng"" Nguyễn Thị Trang (còn được biết tới với biệt danh Trang Moon) vừa đăng tải hình ảnh lên xe hoa."|giải trí|kienthuc.net|"06:25 | 04/06/2022"
Con trai nuôi chia sẻ kỷ niệm bên Phi Nhung ngày Tết thiếu nhi khiến ai cũng xúc động|https://kienthuc.net.vn/giai-tri/con-trai-nuoi-chia-se-ky-niem-ben-phi-nhung-ngay-tet-thieu-nhi-khien-ai-cung-xuc-dong-1708783.html|https://photo-cms-kienthuc.zadn.vn/zoom/130_82/Uploaded/ctvxahoi/2022_06_03/con-trai-nuoi-chia-se-ky-niem-ben-phi-nhung-ngay-tet-thieu-nhi-khien-ai-cung-xuc-dong-122348_GZOB.png|Hành động của con trai cả cố NS Phi Nhung nhận được nhiều lời đồng tình từ khán giả.|giải trí|kienthuc.net|"06:20 | 04/06/2022"
Ca sĩ Thanh Ngọc và hành trình 8 năm 'cầu con' đến suýt tuyệt vọng|https://kienthuc.net.vn/giai-tri/ca-si-thanh-ngoc-va-hanh-trinh-8-nam-cau-con-den-suyt-tuyet-vong-1708784.html|https://photo-cms-kienthuc.zadn.vn/zoom/130_82/Uploaded/ctvxahoi/2022_06_03/thanh-ngoc-2_GVUD.jpg|Cựu thành viên Mắt Ngọc đón hạnh phúc muộn sau nhiều cay đắng, 8 năm kết hôn mới đón con đầu lòng.|giải trí|kienthuc.net|"06:18 | 04/06/2022"
Huy Trần khẳng định điều này dành cho Ngô Thanh Vân, 12 năm chờ đợi xứng đáng|https://kienthuc.net.vn/giai-tri/huy-tran-khang-dinh-dieu-nay-danh-cho-ngo-thanh-van-12-nam-cho-doi-xung-dang-1708714.html|https://photo-cms-kienthuc.zadn.vn/zoom/130_82/Uploaded/haininh/2022_06_03/huy-tran-khang-dinh-chac-nich-dieu-nay-danh-cho-ngo-thanh-van-12-nam-cho-doi-cua-chi-dep-qua-xung-dang-113148_MGFO.jpg|Bình luận của anh khiến nhiều người vô cùng ngưỡng mộ, đồng thời cho rằng sự chờ đợi của Ngô Thanh Vân trong vòng 12 năm qua là hoàn toàn xứng đáng.|giải trí|kienthuc.net|"06:18 | 04/06/2022"
Lưu Gia Linh - Quan Chi Lâm một lần nữa 'toang' tình chị em|https://kienthuc.net.vn/giai-tri/luu-gia-linh-quan-chi-lam-mot-lan-nua-toang-tinh-chi-em-1708713.html|https://photo-cms-kienthuc.zadn.vn/zoom/130_82/Uploaded/haininh/2022_06_03/luu-gia-linh-1_WTWT.jpg|Truyền thông xứ Cảng thơm ẩn ý Lưu Gia Linh và Quan Chi Lâm một lần nữa bất hòa.|giải trí|kienthuc.net|"06:14 | 04/06/2022"
Những cặp đôi được ủng hộ ly hôn trên phim Việt|https://kienthuc.net.vn/giai-tri/nhung-cap-doi-duoc-ung-ho-ly-hon-tren-phim-viet-1708786.html|https://photo-cms-kienthuc.zadn.vn/zoom/130_82/Uploaded/ctvxahoi/2022_06_03/ava1_HMYW.jpg|Những bộ phim truyền hình Việt Nam cứ tưởng ly hôn là sự kết thúc nhưng thật ra đó là sự giải thoát và được nhiều khán giả đồng tình.|giải trí|kienthuc.net|"06:13 | 04/06/2022"
Choáng với biệt thự như lâu đài của diễn viên hài Vân Dung|https://kienthuc.net.vn/giai-tri/choang-voi-biet-thu-nhu-lau-dai-cua-dien-vien-hai-van-dung-1708711.html|https://icdn.24h.com.vn/upload/2-2022/images/2022-06-02/1654177999-avatar1654053451769-1654053452627373365929-0-67-315-571-crop-16541605295421271548280-watermark.jpeg|Cả một đời làm việc chăm chỉ, nghệ sĩ Vân Dung đã có được cơ ngơi khiến nhiều người ngưỡng mộ.|giải trí|kienthuc.net|"06:10 | 04/06/2022"
Hoài Linh đi trao quà, Công Vinh được đối xử sao sau ồn ào từ thiện?|https://kienthuc.net.vn/giai-tri/hoai-linh-di-trao-qua-cong-vinh-duoc-doi-xu-sao-sau-on-ao-tu-thien-1708709.html|https://photo-cms-kienthuc.zadn.vn/zoom/130_82/Uploaded/huutuan/2022_06_03/hl-64_IPHW.jpg|Có thể nói từ thiện là scandal lớn nhất trong sự nghiệp Hoài Linh, vợ chồng Thủy Tiên - Công Vinh.|giải trí|kienthuc.net|"06:06 | 04/06/2022"
Người tình của Uông Tiểu Phi bị 'bóc' quá khứ làm vợ bé|https://kienthuc.net.vn/giai-tri/nguoi-tinh-cua-uong-tieu-phi-bi-boc-qua-khu-lam-vo-be-1708698.html|https://photo-cms-kienthuc.zadn.vn/zoom/130_82/Uploaded/huutuan/2022_06_03/uong-tieu-phi-ava_AVLY.jpg|Trương Dĩnh Dĩnh, người tình hiện tại của doanh nhân Uông Tiểu Phi, bị tố từng làm vợ bé của người đàn ông đáng tuổi bố, được bao nuôi.|giải trí|kienthuc.net|"05:58 | 04/06/2022"
Phương Mỹ Chi hồn nhiên đúng tuổi khi đóng vai chính phim sitcom|https://kienthuc.net.vn/giai-tri/phuong-my-chi-hon-nhien-dung-tuoi-khi-dong-vai-chinh-phim-sitcom-1708696.html|https://photo-cms-kienthuc.zadn.vn/zoom/130_82/Uploaded/huutuan/2022_06_03/Phuong-My-Chi-dong-sitcom-2_UYDQ.jpg|Lần đầu chạm ngõ phim sitcom, Phương Mỹ Chi tỏa ra năng lượng vui tươi, tích cực phù hợp với lứa tuổi của mình.|giải trí|kienthuc.net|"05:50 | 04/06/2022"
Người đẹp có số đo 92-68-102 cm ở Hoa hậu Hoàn vũ Việt Nam 2022|https://kienthuc.net.vn/giai-tri/nguoi-dep-co-so-do-92-68-102-cm-o-hoa-hau-hoan-vu-viet-nam-2022-1706953.html|https://photo-cms-kienthuc.zadn.vn/zoom/130_82/Uploaded/nguyenvan/2022_05_30/279277422_4728491223922509_8415337420759591331_n_COFR.jpg|Hoa hậu Hoàn vũ Việt Nam 2022 có số đo vòng ba là 102 cm. Trong khi đó, người đẹp có vòng eo nhỏ nhất là Bùi Thị Hải Hà, đến từ Nam Định.|giải trí|kienthuc.net|"00:57 | 04/06/2022"
Hot girl, người đẹp Việt mặc váy lụa thay bikini đi tắm biển có “lạc quẻ”?|https://kienthuc.net.vn/giai-tri/hot-girl-nguoi-dep-viet-mac-vay-lua-thay-bikini-di-tam-bien-co-lac-que-1708556.html|https://photo-cms-kienthuc.zadn.vn/zoom/130_82/Uploaded/dinhcuc/2022_06_03/v/4_ECVM.jpg|Thay vì diện áo tắm, nhiều người đẹp lại chọn những chiếc váy hai dây mỏng manh khi chụp hình bên bờ biển.|giải trí|kienthuc.net|"00:39 | 04/06/2022"
Hoa khôi Thu Hương tình tứ bên chồng doanh nhân trong tiệc sinh nhật|https://kienthuc.net.vn/giai-tri/hoa-khoi-thu-huong-tinh-tu-ben-chong-doanh-nhan-trong-tiec-sinh-nhat-1708538.html|https://photo-cms-kienthuc.zadn.vn/zoom/130_82/Uploaded/dinhcuc/2022_06_03/huong/0_BZFX.jpg|Hoa khôi Thu Hương vừa đón sinh nhật bên chồng, hai con và người thân, bạn bè thân thiết.|giải trí|kienthuc.net|"19:18 | 03/06/2022"
Ngắm “nữ thần không tuổi” Jang Nara lấy chồng kém 6 tuổi|https://kienthuc.net.vn/giai-tri/ngam-nu-than-khong-tuoi-jang-nara-lay-chong-kem-6-tuoi-1708476.html|https://photo-cms-kienthuc.zadn.vn/zoom/130_82/Uploaded/dinhcuc/2022_06_03/jang/0_MJCY.jpg|Jang Nara kết hôn với bạn trai ngoài ngành giải trí, kém cô 6 tuổi. Năm nay, dù bước sang tuổi 41, nữ diễn viên xứ Hàn vẫn trẻ trung.|giải trí|kienthuc.net|"13:37 | 03/06/2022"
Bùi Lan Hương bức xúc việc 'ăn chia' lợi nhuận âm nhạc với đoàn phim|https://kienthuc.net.vn/giai-tri/bui-lan-huong-buc-xuc-viec-an-chia-loi-nhuan-am-nhac-voi-doan-phim-1708469.html|https://photo-cms-kienthuc.zadn.vn/zoom/130_82/Uploaded/ctvlanbanh/2022_06_02/a1/6y_SFNN.png|Nửa đêm, Bùi Lan Hương đăng tải trạng thái liên quan đến vấn đề lợi nhuận làm nhạc.|giải trí|kienthuc.net|"13:06 | 03/06/2022"
Nữ thần thể dục nhịp điệu Hàn Quốc thông báo kết hôn|https://kienthuc.net.vn/giai-tri/nu-than-the-duc-nhip-dieu-han-quoc-thong-bao-ket-hon-1708468.html|https://photo-cms-kienthuc.zadn.vn/zoom/130_82/Uploaded/ctvlanbanh/2022_06_02/a2/1q_TNUC.png|5 năm sau khi giải nghệ và đạt được những thành công trong lĩnh vực mới, Son Yeon Jae sẽ về chung nhà với bạn trai hơn 9 tuổi.|giải trí|kienthuc.net|"13:03 | 03/06/2022"
Hoài Linh tiếp tục làm từ thiện sau ồn ào từng gây xôn xao showbiz|https://kienthuc.net.vn/giai-tri/hoai-linh-tiep-tuc-lam-tu-thien-sau-on-ao-tung-gay-xon-xao-showbiz-1708063.html|https://photo-cms-kienthuc.zadn.vn/zoom/130_82/Uploaded/tructoasoan/2022_06_02/hoai-linh-tiep-tuc-lam-tu-thien-sau-on-ao-tung-gay-xon-xao-showbiz-Hinh-2.jpg|Bên dưới bài đăng, nhiều người dùng tỏ ra bất ngờ trước hành động của nam danh hài, đồng thời hy vọng Hoài Linh sẽ sớm quay trở lại với sân khấu như trước kia.|giải trí|kienthuc.net|"12:48 | 03/06/2022"
"Phương Lê nói về Doãn Chí Kiên: ""Ánh mắt chả tí gì yêu đương"""|https://kienthuc.net.vn/giai-tri/phuong-le-noi-ve-doan-chi-kien-anh-mat-cha-ti-gi-yeu-duong-1708060.html|https://photo-cms-kienthuc.zadn.vn/zoom/130_82/Uploaded/tructoasoan/2022_06_02/phuong-thanh-2_ZXGX.jpeg|Giữa lúc chuyện tình của Phương Thanh và bạn trai kém 20 tuổi thu hút sự quan tâm, Phương Lê cũng lên tiếng bàn luận.|giải trí|kienthuc.net|"12:45 | 03/06/2022"
Top 5 Hoa hậu Việt lấy chồng, danh tính chú rể gây tò mò|https://kienthuc.net.vn/giai-tri/top-5-hoa-hau-viet-lay-chong-danh-tinh-chu-re-gay-to-mo-1708027.html|https://photo-cms-kienthuc.zadn.vn/zoom/130_82/Uploaded/tructoasoan/2022_06_02/phuong-quynh_LCVK.jpg|Thoải mái chia sẻ ảnh về bản thân nhưng Phương Quỳnh - top 5 Hoa hậu Việt Nam lại che chắn cẩn thận mặt của người ấy.|giải trí|kienthuc.net|"12:27 | 03/06/2022"
Street style ở châu Âu của Lý Nhã Kỳ có gì độc lạ, sang chảnh?|https://kienthuc.net.vn/giai-tri/street-style-o-chau-au-cua-ly-nha-ky-co-gi-doc-la-sang-chanh-1708503.html|https://photo-cms-kienthuc.zadn.vn/zoom/130_82/Uploaded/dinhcuc/2022_06_03/ky/0_WIEX.jpg|Lý Nhã Kỳ đã biến đường phố Pháp, Italia thành sàn diễn thời trang của mình trong chuyến đi tham dự Cannes 2022.|giải trí|kienthuc.net|"12:26 | 03/06/2022"
Ông Cao Thắng tiết lộ khoảnh khắc đời thường của Đông Nhi|https://kienthuc.net.vn/giai-tri/ong-cao-thang-tiet-lo-khoanh-khac-doi-thuong-cua-dong-nhi-1708149.html|https://photo-cms-kienthuc.zadn.vn/zoom/130_82/Uploaded/tructoasoan/2022_06_02/ong-cao-thang-tiet-lo-khoanh-khac-doi-thuong-cua-dong-nhi-sau-on-ao-lon-nhat-su-nghiep-101829_RGMF.jpg|Hiếm hoi lắm người hâm mộ mới thấy khung ảnh vui vẻ của Đông Nhi và con gái cưng Winnie sau ồn ào với fans vừa qua của nữ ca sĩ.|giải trí|kienthuc.net|"07:57 | 03/06/2022"
Lương Thu Trang bị bóc mẽ chỉnh ảnh lố đến biến dạng cả xe|https://kienthuc.net.vn/giai-tri/luong-thu-trang-bi-boc-me-chinh-anh-lo-den-bien-dang-ca-xe-1708143.html|https://photo-cms-kienthuc.zadn.vn/zoom/130_82/Uploaded/tructoasoan/2022_06_02/1/collage_WGUU.png|"Cô nàng Minh HH của ""Hướng Dương Ngược Nắng"" cũng đã gia nhập hội mỹ nhân thích ""bẻ cong vạn vật"" của showbiz Việt."|giải trí|kienthuc.net|"07:54 | 03/06/2022"
Trương Ngọc Ánh '6 năm 1 chiếc váy' từ tình cũ đến tình mới|https://kienthuc.net.vn/giai-tri/truong-ngoc-anh-6-nam-1-chiec-vay-tu-tinh-cu-den-tinh-moi-1708242.html|https://photo-cms-kienthuc.zadn.vn/zoom/130_82/Uploaded/quocquan/2022_06_02/page_AVSX.jpg|"Trương Ngọc Ánh diện lại chiếc váy từng được cô mặc khi sánh đôi với 2 ""phi công trẻ"" Kim Lý và Anh Dũng, nhưng lần này lại xuất hiện lẻ bóng."|giải trí|kienthuc.net|"07:30 | 03/06/2022"
Diễm Châu làm thụ tinh nhân tạo, hai con giờ đáng yêu thế nào?|https://kienthuc.net.vn/giai-tri/diem-chau-lam-thu-tinh-nhan-tao-hai-con-gio-dang-yeu-the-nao-1708217.html|https://photo-cms-kienthuc.zadn.vn/zoom/130_82/Uploaded/dinhcuc/2022_06_02/chau/0_ZSCW.jpg|Diễm Châu thụ tinh nhân tạo rồi sinh đôi hồi tháng 11/2021. Hai nhóc tì nhà người đẹp hiện tại vô cùng đáng yêu.|giải trí|kienthuc.net|"06:56 | 03/06/2022"
Cuộc sống của mỹ nhân Cao Thái Hà ra sao sau phát ngôn gây sốc?|https://kienthuc.net.vn/giai-tri/cuoc-song-cua-my-nhan-cao-thai-ha-ra-sao-sau-phat-ngon-gay-soc-1708194.html|https://photo-cms-kienthuc.zadn.vn/zoom/130_82/Uploaded/dinhcuc/2022_06_02/ha/0_IIFU.jpg|Mọi động thái của Cao Thái Hà trên mạng xã hội sau ồn ào phát ngôn đều nhận được sự chú ý của khán giả.|giải trí|kienthuc.net|"06:26 | 03/06/2022"
Đỗ Thị Hà bị tuột váy hết hồn... bao lần gặp sự cố trang phục?|https://kienthuc.net.vn/giai-tri/do-thi-ha-bi-tuot-vay-het-hon-bao-lan-gap-su-co-trang-phuc-1707311.html|https://photo-cms-kienthuc.zadn.vn/zoom/130_82/Uploaded/dinhcuc/2022_05_31/ha/0_KDCG.jpg|Không ít lần Đỗ Thị Hà gặp sự cố trang phục khi xuất hiện trước công chúng. Mới đây, cô bị tuột váy, hở miếng dán ngực trên sàn catwalk.|giải trí|kienthuc.net|"06:25 | 03/06/2022"
Lâm Vỹ Dạ tiết lộ bí mật liên quan đến Hoài Linh, Trường Giang|https://kienthuc.net.vn/giai-tri/lam-vy-da-tiet-lo-bi-mat-lien-quan-den-hoai-linh-truong-giang-1708298.html|https://photo-cms-kienthuc.zadn.vn/zoom/130_82/Uploaded/haininh/2022_06_02/lam-vy-da-tiet-lo-bi-mat-lien-quan-den-hoai-linh-thua-nhan-truong-giang-la-nguoi-ban-dien-an-y-nhat-092929_XKBB.png|Không ít lần Lâm Vỹ Dạ thẳng thắn tiết lộ về chuyện đời, chuyện nghề và lần này cô nhắc đến hai đàn anh.|giải trí|kienthuc.net|"05:58 | 03/06/2022"
Uông Tiểu Phi lộ bộ ảnh ngoại tình, bị tố vũ lực Từ Hy Viên lúc bầu bí|https://kienthuc.net.vn/giai-tri/uong-tieu-phi-lo-bo-anh-ngoai-tinh-bi-to-vu-luc-tu-hy-vien-luc-bau-bi-1708357.html|https://photo-cms-kienthuc.zadn.vn/zoom/130_82/Uploaded/manhhung/2022_06_02/tu-hy-vien-3_GXZZ.jpg|Tay săn ảnh Cát Tư Tề đã tiết lộ thêm nhiều tình tiết liên quan đến cuộc hôn nhân sóng gió giữa Uông Tiểu Phi và Từ Hy Viên.|giải trí|kienthuc.net|"05:42 | 03/06/2022"
Lật quý tử trên giường, Á hậu Thanh Tú hoảng khi thấy máu đầy mặt|https://kienthuc.net.vn/giai-tri/lat-quy-tu-tren-giuong-a-hau-thanh-tu-hoang-khi-thay-mau-day-mat-1708158.html|https://photo-cms-kienthuc.zadn.vn/zoom/130_82/Uploaded/dinhcuc/2022_06_02/v/5_JONG.jpg|Bài đăng của Á hậu Thanh Tú khiến ai nấy không khỏi lo lắng cho tình trạng sức khỏe của bé Pu.|giải trí|kienthuc.net|"00:30 | 03/06/2022"
Rò rỉ thiệp cưới của Minh Hằng, lộ chi tiết gây chú ý|https://kienthuc.net.vn/giai-tri/ro-ri-thiep-cuoi-cua-minh-hang-lo-chi-tiet-gay-chu-y-1708268.html|https://photo-cms-kienthuc.zadn.vn/zoom/130_82/Uploaded/dinhcuc/2022_06_02/hang/0_ILPW.jpg|Đám cưới của Minh Hằng là sự kiện được mong chờ trong tháng 6 này. Mới nhất, cư dân mạng lan truyền hình ảnh thiệp cưới của nữ ca sĩ.|giải trí|kienthuc.net|"19:50 | 02/06/2022"
Ảnh cưới của “soái ca làng hài” và hôn thê xinh như hot girl|https://kienthuc.net.vn/giai-tri/anh-cuoi-cua-soai-ca-lang-hai-va-hon-the-xinh-nhu-hot-girl-1708106.html|https://photo-cms-kienthuc.zadn.vn/zoom/130_82/Uploaded/dinhcuc/2022_06_02/quy/0_UGYZ.jpg|Diễn viên Huỳnh Quý đính hôn với bạn gái Thụy Khanh vào tháng 12/2021. Mới đây, “soái ca làng hài” tung ảnh cưới.|giải trí|kienthuc.net|"18:51 | 02/06/2022"
Từng rửa chân cho chồng, hậu ly hôn, Hoa hậu Phương Lê và người xưa thế nào?|https://kienthuc.net.vn/giai-tri/tung-rua-chan-cho-chong-hau-ly-hon-hoa-hau-phuong-le-va-nguoi-xua-the-nao-1708074.html|https://photo-cms-kienthuc.zadn.vn/zoom/130_82/Uploaded/dinhcuc/2022_06_02/le/0_SVSV.jpg|Cuộc sống của Hoa hậu Phương Lê hậu ly hôn nhận được sự quan tâm của nhiều khán giả. Mới đây, cô gây chú ý khi đăng tải status về chồng cũ.|giải trí|kienthuc.net|"13:29 | 02/06/2022"
Danh tính mẹ 2 con ở Sài thành, tuổi 50 mà trẻ như gái đôi mươi|https://kienthuc.net.vn/giai-tri/danh-tinh-me-2-con-o-sai-thanh-tuoi-50-ma-tre-nhu-gai-doi-muoi-1708006.html|https://photo-cms-kienthuc.zadn.vn/zoom/130_82/Uploaded/ctvlanbanh/2022_06_01/a/1q_IOKO.png|Bà mẹ trẻ này đã thực hiện nghiêm ngặt các chế độ ăn uống, luyện tập để giữ vóc dáng thon gọn.|giải trí|kienthuc.net|"13:21 | 02/06/2022"
'Thánh sún' Ngân Thảo: Tậu nhà, xế hộp vẫn vui vì món quà giản dị|https://kienthuc.net.vn/giai-tri/thanh-sun-ngan-thao-tau-nha-xe-hop-van-vui-vi-mon-qua-gian-di-1708005.html|https://photo-cms-kienthuc.zadn.vn/zoom/130_82/Uploaded/ctvlanbanh/2022_06_01/a/5t_LNBG.png|Dù không phải người nổi tiếng nhưng cuộc sống của ''thánh sún'' Ngân Thảo vẫn nhận được sự quan tâm của cộng đồng mạng.|giải trí|kienthuc.net|"13:18 | 02/06/2022"
Bị mắng lấy con mới sinh câu view, ái nữ Minh Nhựa tế sống antifan|https://kienthuc.net.vn/giai-tri/bi-mang-lay-con-moi-sinh-cau-view-ai-nu-minh-nhua-te-song-antifan-1708004.html|https://photo-cms-kienthuc.zadn.vn/zoom/130_82/Uploaded/ctvlanbanh/2022_06_01/a1/1q_HGEJ.png|Trước bình luận không hay, Joyce Phạm cũng chắng ngán mẳng thẳng mặt antifan.|giải trí|kienthuc.net|"13:15 | 02/06/2022"
ViruSs gây bất ngờ khi úp mở thông tin đám cưới?|https://kienthuc.net.vn/giai-tri/viruss-gay-bat-ngo-khi-up-mo-thong-tin-dam-cuoi-1708003.html|https://photo-cms-kienthuc.zadn.vn/zoom/130_82/Uploaded/ctvlanbanh/2022_06_01/a1/8u_KKJU.png|"ViruSs chính là thành viên duy nhất của hội ""Tứ Hoàng streamer"" còn lẻ bóng."|giải trí|kienthuc.net|"13:12 | 02/06/2022"
Bạn gái Decao lộ dấu hiệu chuẩn mẹ bỉm sữa|https://kienthuc.net.vn/giai-tri/ban-gai-decao-lo-dau-hieu-chuan-me-bim-sua-1708000.html|https://photo-cms-kienthuc.zadn.vn/zoom/130_82/Uploaded/ctvlanbanh/2022_06_01/a2/0ii_AXLE.png|Lam Minh sau sinh con cho Decao trông kém sắc đi vài phần.|giải trí|kienthuc.net|"13:03 | 02/06/2022"
Lệ Quyên tiết lộ điều quan trọng trong cuộc sống, đứng trước cả tình yêu|https://kienthuc.net.vn/giai-tri/le-quyen-tiet-lo-dieu-quan-trong-trong-cuoc-song-dung-truoc-ca-tinh-yeu-1707680.html|https://photo-cms-kienthuc.zadn.vn/zoom/130_82/Uploaded/tructoasoan/2022_06_01/le-quyen-tiet-lo-dieu-quan-trong-trong-cuoc-song-con-dung-truoc-ca-tinh-yeu-071234_VTPE.jpg|Dòng trạng thái mới nhất của Lệ Quyên đang thu hút được sự quan tâm của công chúng.|giải trí|kienthuc.net|"12:54 | 02/06/2022"
Sao Việt xử lý khi catwalk với váy cồng kềnh|https://kienthuc.net.vn/giai-tri/sao-viet-xu-ly-khi-catwalk-voi-vay-cong-kenh-1707672.html|https://photo-cms-kienthuc.zadn.vn/zoom/130_82/Uploaded/tructoasoan/2022_06_01/sao-viet-xu-ly-khi-catwalk-voi-vay-cong-kenh-hhen-nie-va-vo-hoang-yen-chuyen-nghiep-075150_GGXJ.jpg|Mỗi người có một cách xử lý khác nhau khi được các NTK giao cho catwalk các bộ cánh cồng kềnh.|giải trí|kienthuc.net|"12:48 | 02/06/2022"
Bảo Thy đi hát chứng minh không có chuyện giải nghệ gì đâu nhé!|https://kienthuc.net.vn/giai-tri/bao-thy-di-hat-chung-minh-khong-co-chuyen-giai-nghe-gi-dau-nhe-1707658.html|https://photo-cms-kienthuc.zadn.vn/zoom/130_82/Uploaded/tructoasoan/2022_06_01/bn_ROQG.png|Hiện đoạn clip hát hit Công Chúa Bong Bóng của Bảo Thy đang rần rần phổ biến trên Tik Tok.|giải trí|kienthuc.net|"12:39 | 02/06/2022"
Phương Thanh nói gì về tin đồn Doãn Chí Kiên đã có vợ con?|https://kienthuc.net.vn/giai-tri/phuong-thanh-noi-gi-ve-tin-don-doan-chi-kien-da-co-vo-con-1708043.html|https://photo-cms-kienthuc.zadn.vn/zoom/130_82/Uploaded/dinhcuc/2022_06_02/thanh/0_BOQY.jpg|Hàng loạt tin đồn về Doãn Chí Kiên đang khiến dư luận xôn xao. Mới nhất, Phương Thanh lên tiếng về nghi vấn tình trẻ tin đồn đã lập gia đình.|giải trí|kienthuc.net|"12:32 | 02/06/2022"
Vẻ gợi cảm của siêu mẫu Minh Tú sở hữu vòng ba gần 1 mét|https://kienthuc.net.vn/giai-tri/ve-goi-cam-cua-sieu-mau-minh-tu-so-huu-vong-ba-gan-1-met-1707799.html|https://photo-cms-kienthuc.zadn.vn/zoom/130_82/Uploaded/dinhcuc/2022_06_01/tu/0_YCIZ.jpg|Siêu mẫu Minh Tú sở hữu vòng ba 96cm. Vóc dáng nóng bỏng của cô “hút mắt” cánh mày râu, đặc biệt bạn trai ngoại quốc hiện tại.|giải trí|kienthuc.net|"06:56 | 02/06/2022"
Con gái Thủy Tiên - Công Vinh tập đánh golf, chiều cao gây ấn tượng|https://kienthuc.net.vn/giai-tri/con-gai-thuy-tien-cong-vinh-tap-danh-golf-chieu-cao-gay-an-tuong-1707742.html|https://photo-cms-kienthuc.zadn.vn/zoom/130_82/Uploaded/dinhcuc/2022_06_01/vinh/0_XXTU.jpg|9 tuổi, con gái Thủy Tiên - Công Vinh lớn phổng phao. Mới đây, cô nhóc được bố hướng dẫn đánh golf.|giải trí|kienthuc.net|"06:25 | 02/06/2022"
Loạt đồ đi biển bắt mắt của hot girl Phương Bora|https://kienthuc.net.vn/giai-tri/loat-do-di-bien-bat-mat-cua-hot-girl-phuong-bora-1706513.html|https://photo-cms-kienthuc.zadn.vn/zoom/130_82/Uploaded/dinhcuc/2022_05_29/v/1_AETR.jpg|"""Cô gái Việt được thanh niên Trung Quốc xin cưới"" - Phương Bora có gu thời trang đi biển gợi cảm."|giải trí|kienthuc.net|"00:57 | 02/06/2022"
Lâm Khánh Chi đau đớn sau ly hôn, không bao giờ quên chồng cũ|https://kienthuc.net.vn/giai-tri/lam-khanh-chi-dau-don-sau-ly-hon-khong-bao-gio-quen-chong-cu-1706950.html|https://photo-cms-kienthuc.zadn.vn/zoom/130_82/Uploaded/nguyenvan/2022_05_30/ava_DYBB.jpg|Lâm Khánh Khi hiếm hoi trải lòng sau hôn nhân tan vỡ và khẳng định không bao giờ quên chồng cũ.|giải trí|kienthuc.net|"00:51 | 02/06/2022"
