Giải mã chiến thuật của U23 Việt Nam|https://kienthuc.net.vn/cong-dong-tre/giai-ma-chien-thuat-cua-u23-viet-nam-1711809.html|https://photo-cms-kienthuc.zadn.vn/zoom/130_82/Uploaded/hongngan/2022_06_12/1.1_ATQS.jpg|Phong cách bóng đá hoàn toàn mới, thành tích bất bại sau vòng bảng trước những đối thủ không hề dễ chịu là minh chứng cho năng lực của HLV Gong Oh-kyun.|thể thao|kienthuc.net|"10:12 | 12/06/2022"
Chi hơn 100 triệu đồng đi Uzbekistan cổ vũ U23 Việt Nam|https://kienthuc.net.vn/cong-dong-tre/chi-hon-100-trieu-dong-di-uzbekistan-co-vu-u23-viet-nam-1711672.html|https://photo-cms-kienthuc.zadn.vn/zoom/130_82/Uploaded/hoangthao/2022_06_11/286163765_2806586882984160_1132543914862491748_n_1_MWQG.jpg|Nguyễn Minh Điệp cho biết giá vé máy bay khứ hồi Việt Nam - Uzbekistan có giá hơn 2.000 USD. Các cổ động viên cũng chấp nhận thêm phí đổi ngày bay khi đội tuyển vào vòng trong.|thể thao|kienthuc.net|"21:24 | 11/06/2022"
HLV Gong Oh-kyun lý giải triết lý bóng đá tấn công của U23 Việt Nam|https://kienthuc.net.vn/cong-dong-tre/hlv-gong-oh-kyun-ly-giai-triet-ly-bong-da-tan-cong-cua-u23-viet-nam-1711669.html|https://photo-cms-kienthuc.zadn.vn/zoom/130_82/Uploaded/giadat/2022_06_11/2_LNNF.png|'Áp sát đối phương, gây áp lực và ghi bàn là lối chơi có hiệu quả. Các cầu thủ đã làm rất tốt thứ bóng đá mà tôi muốn mang đến', HLV Gong Oh-kyun nhấn mạnh.|thể thao|kienthuc.net|"19:56 | 11/06/2022"
"Vợ đội phó U23 Việt Nam: ""Chồng còn trẻ, bóng đá là ưu tiên số 1"""|https://kienthuc.net.vn/cong-dong-tre/vo-doi-pho-u23-viet-nam-chong-con-tre-bong-da-la-uu-tien-so-1-1711089.html|https://photo-cms-kienthuc.zadn.vn/zoom/130_82/Uploaded/tructoasoan/2022_06_10/273161737_2219457964895817_72310_1_LLZG.jpg|Hoàng Anh và bà xã đăng ký kết hôn ngay trước hôm anh ra nước ngoài thi đấu.|thể thao|kienthuc.net|"12:27 | 11/06/2022"
Ảnh đời thường của cầu thủ U23 Hàn Quốc chọc thủng lưới Thái Lan|https://kienthuc.net.vn/cong-dong-tre/anh-doi-thuong-cua-cau-thu-u23-han-quoc-choc-thung-luoi-thai-lan-1711086.html|https://photo-cms-kienthuc.zadn.vn/zoom/130_82/Uploaded/tructoasoan/2022_06_10/moon.park_1080w_2__IGNP.jpg|Tiền vệ Go Jae-hyeon là người ghi bàn thắng duy nhất trong trận đấu giữa Hàn Quốc và Thái Lan tại VCK U23 châu Á 2022.|thể thao|kienthuc.net|"12:24 | 11/06/2022"
Cuộc sống trong mơ của Quế Ngọc Hải: Nhà mặt phố, đặt cả xe sang|https://kienthuc.net.vn/cong-dong-tre/cuoc-song-trong-mo-cua-que-ngoc-hai-nha-mat-pho-dat-ca-xe-sang-1711286.html|https://photo-cms-kienthuc.zadn.vn/zoom/130_82/Uploaded/dinhcuc/2022_06_07/v/6_MTOG.jpg|Trung vệ hàng đầu của đội tuyển Việt Nam khiến nhiều người ngưỡng mộ bởi cuộc sống viên mãn.|thể thao|kienthuc.net|"00:54 | 11/06/2022"
CĐV đến Uzbekistan ủng hộ U23 Việt Nam, sao nỡ chê vì một lời cổ vũ?|https://kienthuc.net.vn/cong-dong-tre/cdv-den-uzbekistan-ung-ho-u23-viet-nam-sao-no-che-vi-mot-loi-co-vu-1710571.html|https://photo-cms-kienthuc.zadn.vn/zoom/130_82/Uploaded/ctvlanbanh/2022_06_08/a/9ii_JSLC.png|Cổ động viên Việt Nam đã rất cố gắng lặn lội đường xa mưa gió để đến Uzbekistan cổ vũ U23 Việt Nam.|thể thao|kienthuc.net|"21:11 | 08/06/2022"
Hình ảnh hiếm có khó tìm của thủ môn Đặng Văn Lâm|https://kienthuc.net.vn/cong-dong-tre/hinh-anh-hiem-co-kho-tim-cua-thu-mon-dang-van-lam-1709874.html|https://photo-cms-kienthuc.zadn.vn/zoom/130_82/Uploaded/tructoasoan/2022_06_07/saostar-8482iv06l7c6uw4g_OOYI.jpeg|Những hình ảnh mới nhất của thủ môn Đặng Văn Lâm mới đây đã thu hút sự quan tâm của cư dân mạng.|thể thao|kienthuc.net|"12:45 | 08/06/2022"
Thân hình bốc lửa của người tình 4 năm yêu xa Đặng Văn Lâm|https://kienthuc.net.vn/cong-dong-tre/than-hinh-boc-lua-cua-nguoi-tinh-4-nam-yeu-xa-dang-van-lam-1708881.html|https://photo-cms-kienthuc.zadn.vn/zoom/130_82/Uploaded/tructoasoan/2022_06_04/dvl_MQMS.jpg|Bạn gái của cầu thủ Đặng Văn Lâm mới đây được chú ý khi đến cổ vũ người yêu tại SVĐ Thống Nhất. Yến Xuân trông nổi bật dù chỉ diện trang phục nhẹ nhàng.|thể thao|kienthuc.net|"12:33 | 05/06/2022"
Báo Hàn Quốc nói gì về sức mạnh của U23 Việt Nam trước trận quyết đấu?|https://kienthuc.net.vn/cong-dong-tre/bao-han-quoc-noi-gi-ve-suc-manh-cua-u23-viet-nam-truoc-tran-quyet-dau-1709058.html|https://photo-cms-kienthuc.zadn.vn/zoom/130_82/Uploaded/haininh/2022_06_04/67/12_ZNSX.jpg|"Tờ Chosun (Hàn Quốc) thừa nhận U23 Việt Nam không phải là đối thủ dễ chịu. Dù vậy, họ ""vui mừng"" khi sức khỏe U23 Việt Nam không tốt trước trận đấu."|thể thao|kienthuc.net|"01:00 | 05/06/2022"
Cuộc sống Phạm Văn Quyến sau 17 năm nhận phạt nặng vì bán độ|https://kienthuc.net.vn/cong-dong-tre/cuoc-song-pham-van-quyen-sau-17-nam-nhan-phat-nang-vi-ban-do-1708461.html|https://photo-cms-kienthuc.zadn.vn/zoom/130_82/Uploaded/tructoasoan/2022_06_03/pham-van-quyen_OACM.jpg|Người yêu mến rất tò mò về cuộc sống của cậu bé vàng Phạm Văn Quyến sau lần trót dại của tuổi trẻ.|thể thao|kienthuc.net|"12:36 | 04/06/2022"
U23 Việt Nam xếp mấy ở VCK U23 châu Á 2022?|https://kienthuc.net.vn/cong-dong-tre/u23-viet-nam-xep-may-o-vck-u23-chau-a-2022-1708814.html|https://photo-cms-kienthuc.zadn.vn/zoom/130_82/Uploaded/quocquan/2022_06_04/u23-viet-nam-danh-roi-3-diem-phut-bu-gio-truoc-u23-thai-lan-hinh-2_HJGR.jpg|Ở giải đấu năm nay, U23 Việt Nam nằm cùng bảng C với U23 Hàn Quốc, U23 Thái Lan và U23 Malaysia.|thể thao|kienthuc.net|"08:38 | 04/06/2022"
Body cực hút mắt của 5 cầu thủ con lai ở U23 Thái Lan|https://kienthuc.net.vn/cong-dong-tre/body-cuc-hut-mat-cua-5-cau-thu-con-lai-o-u23-thai-lan-1708653.html|https://photo-cms-kienthuc.zadn.vn/zoom/130_82/Uploaded/dinhcuc/2022_06_03/v/6_OTSQ.jpg|Với lợi thế về ngoại hình, Yannick Nussbaum, Patrik Gustavsson hay Jonathan Khemdee được khen thu hút khi diện trang phục ngoài sân cỏ.|thể thao|kienthuc.net|"00:33 | 04/06/2022"
Biết gì về mỹ nhân trẻ là VĐV vô địch nhảy dù của Singapore?|https://kienthuc.net.vn/cong-dong-tre/biet-gi-ve-my-nhan-tre-la-vdv-vo-dich-nhay-du-cua-singapore-1708650.html|https://photo-cms-kienthuc.zadn.vn/zoom/130_82/Uploaded/dinhcuc/2022_06_03/v/7_ZQGN.jpg|Kyra Poh (20 tuổi) mới nhận được Học bổng Thế thao xuất sắc của Singapore. Cô từng nhiều lần giành chức vô địch trong các giải đấu lớn.|thể thao|kienthuc.net|"00:30 | 04/06/2022"
Những cầu thủ tuyển Việt Nam đã trở thành ông bố hai con|https://kienthuc.net.vn/cong-dong-tre/nhung-cau-thu-tuyen-viet-nam-da-tro-thanh-ong-bo-hai-con-1708250.html|https://photo-cms-kienthuc.zadn.vn/zoom/130_82/Uploaded/hongnhat/2022_06_02/z3456531855761_9603c03a0df5b64f5288b6d6c395d6cc_XTJU.jpg|Quế Ngọc Hải, Phan Văn Đức và trung vệ Bùi Tiến Dũng đều chào đón con thứ hai vào đầu năm 2022. Cả ba cầu thủ được ngưỡng mộ vì nổi tiếng yêu chiều vợ con.|thể thao|kienthuc.net|"07:18 | 03/06/2022"
Tuyển thủ Indonesia kết hôn ở tuổi 20|https://kienthuc.net.vn/cong-dong-tre/tuyen-thu-indonesia-ket-hon-o-tuoi-20-1707923.html|https://photo-cms-kienthuc.zadn.vn/zoom/130_82/Uploaded/dinhcuc/2022_05_31/v/7_JNLQ.jpg|Ngôi sao chạy cánh của tuyển Indonesia Witan Sulaeman kết hôn với bạn gái Rismahani.|thể thao|kienthuc.net|"00:36 | 02/06/2022"
Kiatisuk trở lại Việt Nam sau kỳ nghỉ phép ở Anh|https://kienthuc.net.vn/cong-dong-tre/kiatisuk-tro-lai-viet-nam-sau-ky-nghi-phep-o-anh-1705902.html|https://photo-cms-kienthuc.zadn.vn/zoom/130_82/Uploaded/tructoasoan/2022_05_27/gia_dinh_kiatisuk_JGII.jpg|Sau hơn 3 tuần nghỉ phép, HLV Kiatisuk Senamuang đã trở lại TP.HCM để chuẩn bị cho giải giao hữu ở Hải Phòng cùng CLB HAGL.|thể thao|kienthuc.net|"12:51 | 28/05/2022"
Fans Thái đưa lời khuyên sốc cho trưởng đoàn bóng đá 'Madam Pang'|https://kienthuc.net.vn/the-thao/fans-thai-dua-loi-khuyen-soc-cho-truong-doan-bong-da-madam-pang-1705765.html|https://photo-cms-kienthuc.zadn.vn/zoom/130_82/Uploaded/ctvlanbanh/2022_05_26/a3/1q_VWER.png|Thất vọng về phần thể hiện đội nhà tại Sea Games, một bài viết của cổ động viên Thái gây chú ý lớn.|thể thao|kienthuc.net|"13:21 | 27/05/2022"
Tuyển Việt Nam: Hé lộ lý do thầy Park chọn Anh Đức làm phó tướng|https://kienthuc.net.vn/cong-dong-tre/tuyen-viet-nam-he-lo-ly-do-thay-park-chon-anh-duc-lam-pho-tuong-1704946.html|https://photo-cms-kienthuc.zadn.vn/zoom/130_82/Uploaded/hongnhat/2022_05_25/nguyen-anh-duc-park-18_FKED.jpeg|HLV Park Hang Seo gây bất ngờ khi điền tên cựu tiền đạo Nguyễn Anh Đức lên tuyển Việt Nam giữ vai trò trợ lý cho thuyền trưởng người Hàn Quốc.|thể thao|kienthuc.net|"08:12 | 25/05/2022"
Thủ môn Kim Thanh của tuyển nữ Việt Nam bên ngoài sân cỏ|https://kienthuc.net.vn/the-thao/thu-mon-kim-thanh-cua-tuyen-nu-viet-nam-ben-ngoai-san-co-1704568.html|https://photo-cms-kienthuc.zadn.vn/zoom/130_82/Uploaded/ctvlanbanh/2022_05_23/9/1q_XCQN.png|Thủ môn Kim Thanh là một trong các cầu thủ trụ cột giúp đội tuyển nữ Việt Nam giành HCV SEA Games 31 cũng như chinh phục nhiều giải đấu lớn.|thể thao|kienthuc.net|"13:21 | 24/05/2022"
Video: 36 cầu thủ lao vào đánh nhau, trọng tài sợ hãi bỏ chạy|https://kienthuc.net.vn/truyen-hinh-video/video-36-cau-thu-lao-vao-danh-nhau-trong-tai-so-hai-bo-chay-1704136.html|https://photo-cms-kienthuc.zadn.vn/zoom/130_82/Uploaded/dinhcuc/2022_05_21/v/4_TKWF.jpg|Sau quyết định đuổi người của trọng tài, 36 cầu thủ đã lao vào đánh nhau khiến những người điều khiển trận đấu sợ hãi bỏ chạy vào phòng thay đồ.|thể thao|kienthuc.net|"01:03 | 24/05/2022"
AFF Cup 2022 sẽ trở lại với thể thức thi đấu cũ|https://kienthuc.net.vn/cong-dong-tre/aff-cup-2022-se-tro-lai-voi-the-thuc-thi-dau-cu-1704459.html|https://photo-cms-kienthuc.zadn.vn/zoom/130_82/Uploaded/hongnhat/2022_05_23/aff_QZJE.jpg|AFF Cup 2022 sẽ trở lại với thể thức thi đấu sân nhà - sân khách thay vì tổ chức tập trung tại một địa điểm giống như AFF Cup 2020.|thể thao|kienthuc.net|"20:21 | 23/05/2022"
Cô gái trẻ nhất của tuyển dancesport Việt Nam|https://kienthuc.net.vn/cong-dong-tre/co-gai-tre-nhat-cua-tuyen-dancesport-viet-nam-1703866.html|https://photo-cms-kienthuc.zadn.vn/zoom/130_82/Uploaded/tructoasoan/2022_05_22/180521331_4004338679631844_1542105937090708457_n_EEAM.jpg|Tại SEA Games 31, Trường Xuân là vận động viên trẻ tuổi nhất tuyển dancesport Việt Nam.|thể thao|kienthuc.net|"12:27 | 23/05/2022"
VĐV điền kinh Timor Leste gặp lại cô gái trao lá cờ Tổ quốc|https://kienthuc.net.vn/cong-dong-tre/vdv-dien-kinh-timor-leste-gap-lai-co-gai-trao-la-co-to-quoc-1703862.html|https://photo-cms-kienthuc.zadn.vn/zoom/130_82/Uploaded/tructoasoan/2022_05_22/280953952_369282978361476_3835575728367974860_n_VRNR.jpg|“Anh ấy gửi lời cảm ơn và tặng mình chiếc khăn cùng huy hiệu Timor Leste làm kỷ niệm. Bọn mình cũng kết bạn và giữ liên lạc trên mạng xã hội”, nữ TNV kể.|thể thao|kienthuc.net|"12:24 | 23/05/2022"
Pha đánh đầu của Nhâm Mạnh Dũng là kỹ thuật rất khó|https://kienthuc.net.vn/cong-dong-tre/pha-danh-dau-cua-nham-manh-dung-la-ky-thuat-rat-kho-1704114.html|https://photo-cms-kienthuc.zadn.vn/zoom/130_82/Uploaded/hongnhat/2022_05_23/anh8_RFDD.jpg|U23 Việt Nam vô địch SEA Games 31 sau một trận chung kết đầy căng thẳng và cam go trước đối thủ mạnh hàng đầu khu vực như U23 Thái Lan.|thể thao|kienthuc.net|"08:50 | 23/05/2022"
Vừa giành HCV SEA Games, U23 Việt Nam lập tức lên đường dự giải châu Á|https://kienthuc.net.vn/cong-dong-tre/vua-gianh-hcv-sea-games-u23-viet-nam-lap-tuc-len-duong-du-giai-chau-a-1704113.html|https://photo-cms-kienthuc.zadn.vn/zoom/130_82/Uploaded/hongnhat/2022_05_23/u23-viet-nam-3-59_BPUL.jpg|Ngay sau khi bảo vệ thành công HCV bóng đá nam SEA Games, các cầu thủ U23 Việt Nam lập tức lên đường tranh tài ở VCK U23 châu Á 2022.|thể thao|kienthuc.net|"08:41 | 23/05/2022"
Thủ tướng: 'Tất cả chúng ta đều muốn hô Việt Nam vô địch, Việt Nam chiến thắng'|https://kienthuc.net.vn/xa-hoi/thu-tuong-tat-ca-chung-ta-deu-muon-ho-viet-nam-vo-dich-viet-nam-chien-thang-1704109.html|https://photo-cms-kienthuc.zadn.vn/zoom/130_82/uploaded/hongnhat/2022_05_23/khau-2_JKYN.jpg|"Thủ tướng Phạm Minh Chính chia sẻ: ""Tôi nghĩ rằng, các trận bóng tuy đã kết thúc, nhưng tất cả chúng ta đều vẫn muốn hô vang khẩu hiệu Việt Nam tuyệt vời..."""|thể thao|kienthuc.net|"08:30 | 23/05/2022"
Con gái Bùi Tiến Dũng khóc, con trai Hùng Dũng đội mưa ăn mừng|https://kienthuc.net.vn/cong-dong-tre/con-gai-bui-tien-dung-khoc-con-trai-hung-dung-doi-mua-an-mung-1704112.html|https://photo-cms-kienthuc.zadn.vn/zoom/130_82/uploaded/hongnhat/2022_05_23/khau-8_KCLP.jpg|Phản ứng của các cổ động viên nhí vô cùng đáng yêu khi đội tuyển bóng đá giành HCV SEA Games.|thể thao|kienthuc.net|"07:40 | 23/05/2022"
Golfer 16 tuổi giành HCV tại SEA Games 31 là con lai|https://kienthuc.net.vn/cong-dong-tre/golfer-16-tuoi-gianh-hcv-tai-sea-games-31-la-con-lai-1703568.html|https://photo-cms-kienthuc.zadn.vn/zoom/130_82/Uploaded/tructoasoan/2022_05_21/z3428581285942_f558f00791a7fe510b97002c744d1071_NYFF.jpg|Eila Galitsky (Thái Lan) đã xuất sắc cùng đồng đội giành tấm HCV tại SEA Games 31. Trước khi chơi golf, cô từng là cây ghi bàn của đội bóng rổ ở quê nhà.|thể thao|kienthuc.net|"12:45 | 22/05/2022"
HLV Park Hang-seo vắng mặt trong buổi tập của U23 Việt Nam|https://kienthuc.net.vn/cong-dong-tre/hlv-park-hang-seo-vang-mat-trong-buoi-tap-cua-u23-viet-nam-1703450.html|https://photo-cms-kienthuc.zadn.vn/zoom/130_82/Uploaded/manhhung/2022_05_20/dubiU23_2_zing_PBJH.jpg|Chỉ có 7 trên tổng số 20 cầu thủ U23 Việt Nam tham dự buổi tập trong khi các thành viên còn lại của đội được bố trí nghỉ ngơi tại khách sạn.|thể thao|kienthuc.net|"21:10 | 20/05/2022"
Nữ tuyển thủ eSports có ngoại hình nổi bật|https://kienthuc.net.vn/cong-dong-tre/nu-tuyen-thu-esports-co-ngoai-hinh-noi-bat-1702630.html|https://photo-cms-kienthuc.zadn.vn/zoom/130_82/Uploaded/tructoasoan/2022_05_19/elizent_zing_1__TBJI.jpg|Elizent của đội eSports Thái Lan là streamer có tiếng ở quê nhà. Tên thật của cô gái sinh năm 2000 là Pemika Rahmani Tarani.|thể thao|kienthuc.net|"12:42 | 20/05/2022"
Chủ nhà Việt Nam chính thức vượt chỉ tiêu 140 HCV SEA Games 31|https://kienthuc.net.vn/cong-dong-tre/chu-nha-viet-nam-chinh-thuc-vuot-chi-tieu-140-hcv-sea-games-31-1702921.html|https://photo-cms-kienthuc.zadn.vn/zoom/130_82/Uploaded/mailoan/2022_05_19/huy-chuong_YZXF.png|"Chiều 19/5, ""cơn mưa vàng"" từ karare, bắn súng, vật... đang giúp đoàn chủ nhà Việt Nam đạt và vượt chỉ tiêu 140 HCV đề ra tại SEA Games 31."|thể thao|kienthuc.net|"20:10 | 19/05/2022"
Không có U23 Việt Nam, người dân Nam Định vẫn phủ kín Thiên Trường|https://kienthuc.net.vn/cong-dong-tre/khong-co-u23-viet-nam-nguoi-dan-nam-dinh-van-phu-kin-thien-truong-1702857.html|https://photo-cms-kienthuc.zadn.vn/zoom/130_82/uploaded/nguyenanhson/2022_05_19/6/1_YFAI.jpg|Dù không có sự hiện diện của U23 Việt Nam nhưng trận bán kết thứ nhất môn bóng đá nam SEA Games 31 vẫn thu hút được sự chú ý của người dân Nam Định.|thể thao|kienthuc.net|"16:02 | 19/05/2022"
Vượt qua Malaysia, Tiến Linh giúp U23 Việt Nam thẳng tiến chung kết|https://kienthuc.net.vn/cong-dong-tre/vuot-qua-malaysia-tien-linh-giup-u23-viet-nam-thang-tien-chung-ket-1702834.html|https://photo-cms-kienthuc.zadn.vn/zoom/130_82/Uploaded/nguyenanhson/2022_05_19/5/23_IRXV.jpg|Từ pha phạt góc, Tiến Linh chọn vị trí đánh đầu tung lưới U23 Malaysia. Mở tỷ số cho U23 Việt Nam và thẳng tiến vào chung kết.|thể thao|kienthuc.net|"15:22 | 19/05/2022"
"Muốn đi chung kết, U23 Việt Nam cần khóa ""họng pháo"" này của Malaysia"|https://kienthuc.net.vn/cong-dong-tre/muon-di-chung-ket-u23-viet-nam-can-khoa-hong-phao-nay-cua-malaysia-1702612.html|https://photo-cms-kienthuc.zadn.vn/zoom/130_82/Uploaded/nguyenanhson/2022_05_19/2/4_HULD.jpg|Không ghi quá nhiều bàn nhưng Luqman Hakim đóng vai trò quan trọng trong lối chơi của U23 Malaysia và U23 Việt Nam cần để ý đến số 10 này.|thể thao|kienthuc.net|"13:15 | 19/05/2022"
VĐV Việt Nam bị tước huy chương SEA Games 31 vì đi sai giày|https://kienthuc.net.vn/cong-dong-tre/vdv-viet-nam-bi-tuoc-huy-chuong-sea-games-31-vi-di-sai-giay-1702548.html|https://photo-cms-kienthuc.zadn.vn/zoom/130_82/Uploaded/mailoan/2022_05_19/tuoc_huy_chuong_NHZS.png|Tối 18/5, BTC môn điền kinh SEA Games 31 có cuộc họp tại sân Mỹ Đình và đi đến quyết định tước HCB của Lò Thị Thanh ở nội dung chạy 10.000m nữ.|thể thao|kienthuc.net|"08:37 | 19/05/2022"
Nhận định U23 Việt Nam - U23 Malaysia: Quyết chiến vì tấm vé chung kết|https://kienthuc.net.vn/cong-dong-tre/nhan-dinh-u23-viet-nam-u23-malaysia-quyet-chien-vi-tam-ve-chung-ket-1702472.html|https://photo-cms-kienthuc.zadn.vn/zoom/130_82/Uploaded/nguyenanhson/2022_05_18/6/nhan-dinh-u23-viet-nam-vs-u23-malaysia-19h00-ngay-19-05_EXOQ.jpg|Trận bán kết giữa U23 Việt Nam và U23 Malaysia diễn ra vào 19h00 ngày 19/5 trên SVĐ Việt Trì sẽ quyết định tấm vé vào chung kết bóng đá SEA Games 31.|thể thao|kienthuc.net|"08:15 | 19/05/2022"
"""Người đàn bà thép"" của U23 Thái Lan gặp chấn thương bất ngờ"|https://kienthuc.net.vn/cong-dong-tre/nguoi-dan-ba-thep-cua-u23-thai-lan-gap-chan-thuong-bat-ngo-1701749.html|https://photo-cms-kienthuc.zadn.vn/zoom/130_82/uploaded/nguyenanhson/2022_05_17/1/3_UEPC.jpg|"Mới đây, thông tin ""người đàn bà thép"" của U23 Thái Lan gặp chấn thương bất ngờ khiến dân mạng vô cùng chú ý."|thể thao|kienthuc.net|"13:55 | 17/05/2022"
Ảnh chế bóng đá: Bảng B có biến, HLV U23 Thái Lan trả lời sốc|https://kienthuc.net.vn/cong-dong-tre/anh-che-bong-da-bang-b-co-bien-hlv-u23-thai-lan-tra-loi-soc-1701551.html|https://photo-cms-kienthuc.zadn.vn/zoom/130_82/Uploaded/nguyenanhson/2022_05_16/5/6_WMZI.jpg|Ảnh chế bóng đá ngày qua xoay quanh những trận đấu tại bảng B môn bóng đá nam SEA Games nơi HLV U23 Thái Lan có phát ngôn gây sốc.|thể thao|kienthuc.net|"06:45 | 17/05/2022"
Đặng Văn Lâm tậu nhà ở TP HCM, tính chuyện yên bề gia thất?|https://kienthuc.net.vn/cong-dong-tre/dang-van-lam-tau-nha-o-tp-hcm-tinh-chuyen-yen-be-gia-that-1701287.html|https://photo-cms-kienthuc.zadn.vn/zoom/130_82/Uploaded/nguyenanhson/2022_05_16/1/collage_ZBBN.png|Thông tin Đặng Văn Lâm tậu nhà ở TP HCM thu hút sự chú ý của nhiều người. Bên cạnh đó, netizen đặt câu hỏi liệu anh chàng có tình chuyện yên bề gia thất?|thể thao|kienthuc.net|"13:15 | 16/05/2022"
Hy hữu: VĐV Malaysia làm bay đao khi thi đấu, khán giả hoảng hốt|https://kienthuc.net.vn/cong-dong-tre/hy-huu-vdv-malaysia-lam-bay-dao-khi-thi-dau-khan-gia-hoang-hot-1701039.html|https://photo-cms-kienthuc.zadn.vn/zoom/130_82/Uploaded/tructoasoan/2022_05_15/seagames-ok_XAAC.jpg|Chiếc đao của vận động viên Clement Ting Su Wei văng ra khỏi chuôi bay đi khoảng 5m.|thể thao|kienthuc.net|"12:48 | 16/05/2022"
HLV tuyển bơi Việt Nam lý giải chiếc HCV “từ trên trời rơi xuống“|https://kienthuc.net.vn/cong-dong-tre/hlv-tuyen-boi-viet-nam-ly-giai-chiec-hcv-tu-tren-troi-roi-xuong-1701134.html|https://photo-cms-kienthuc.zadn.vn/zoom/130_82/Uploaded/giadat/2022_05_15/capture_OYCY.PNG|Dù về đích thứ 3 nhưng đội tuyển bơi Việt Nam vẫn được trao HCV ở cự ly bơi tiếp sức 4x100 m nam . Vì sao?|thể thao|kienthuc.net|"00:45 | 16/05/2022"
Thắng Timor Leste, U23 Việt Nam bất bại khẳng định vị thế “ông lớn“|https://kienthuc.net.vn/cong-dong-tre/thang-timor-leste-u23-viet-nam-bat-bai-khang-dinh-vi-the-ong-lon-1700961.html|https://photo-cms-kienthuc.zadn.vn/zoom/130_82/uploaded/nguyenanhson/2022_05_15/2/17_MRFL.jpg|Đánh bại U23 Timor Leste, U23 Việt Nam bất bại và đứng đầu bảng A môn bóng đá nam SEA Games 31 với nhiều kỷ lục.|thể thao|kienthuc.net|"14:00 | 15/05/2022"
Đội tuyển nữ Việt Nam dự SEA Games 31 lộ phong cách đời thường|https://kienthuc.net.vn/cong-dong-tre/doi-tuyen-nu-viet-nam-du-sea-games-31-lo-phong-cach-doi-thuong-1700851.html|https://photo-cms-kienthuc.zadn.vn/zoom/130_82/Uploaded/nguyenanhson/2022_05_15/1/collage_SHCP.png|Bên cạnh khả năng thi đấu tốt, các chân sút của đội tuyển nữ Việt Nam dự SEA Games 31 còn thu hút người hâm mộ nhờ có ngoại hình xinh xắn.|thể thao|kienthuc.net|"13:15 | 15/05/2022"
Tóm gọn Quang Hải và bạn gái tin đồn hẹn hò xem bóng đá|https://kienthuc.net.vn/cong-dong-tre/tom-gon-quang-hai-va-ban-gai-tin-don-hen-ho-xem-bong-da-1700665.html|https://photo-cms-kienthuc.zadn.vn/zoom/130_82/Uploaded/thutrang/2022_05_14/1/collage_XLJB.png|"Mới đây ""team qua đường"" lại bắt gặp Quang Hải và bạn gái Chu Thanh Huyền hẹn hò xem U23 Việt Nam ở một quán ăn tại Cần Thơ."|thể thao|kienthuc.net|"13:35 | 14/05/2022"
Yêu nồng thắm như Hoàng Đức, khắc tên bạn gái lên giày thi đấu|https://kienthuc.net.vn/cong-dong-tre/yeu-nong-tham-nhu-hoang-duc-khac-ten-ban-gai-len-giay-thi-dau-1700449.html|https://photo-cms-kienthuc.zadn.vn/zoom/130_82/Uploaded/nguyenanhson/2022_05_13/8/collage_ENAT.png|Mới đây trong buổi tập U23 Việt Nam, netizen soi ra chi tiết khá hot khi Hoàng Đức khắc tên bạn gái Gia Hân lên giày thi đấu.|thể thao|kienthuc.net|"07:00 | 14/05/2022"
“Nữ hoàng Wushu” Thúy Hiền của thể thao Việt Nam giờ ra sao?|https://kienthuc.net.vn/cong-dong-tre/nu-hoang-wushu-thuy-hien-cua-the-thao-viet-nam-gio-ra-sao-1700431.html|https://photo-cms-kienthuc.zadn.vn/zoom/130_82/Uploaded/thutrang/2022_05_13/5/anh_bia_LQHK.jpg|"Được mệnh danh là ""nữ hoàng Wushu"" của làng thể thao Việt Nam, cô gái Nguyễn Thúy Hiền hiện có cuộc sống có nhiều thay đổi."|thể thao|kienthuc.net|"19:55 | 13/05/2022"
Bạn gái cũ Quang Hải tung trọn ảnh cưới trước ngày trọng đại|https://kienthuc.net.vn/cong-dong-tre/ban-gai-cu-quang-hai-tung-tron-anh-cuoi-truoc-ngay-trong-dai-1700428.html|https://photo-cms-kienthuc.zadn.vn/zoom/130_82/Uploaded/thutrang/2022_05_13/4/anh_bia_EVLL.jpg|Trước ngày trọng đại, bạn gái cũ Quang Hải - Huyền My đã tung trọn bộ ảnh cưới tuyệt đẹp với diễn viên Anh Tú.|thể thao|kienthuc.net|"19:35 | 13/05/2022"
Xếp hàng dài lấy vé xem Saigon Phantom đấu SEA Games 31|https://kienthuc.net.vn/cong-dong-tre/xep-hang-dai-lay-ve-xem-saigon-phantom-dau-sea-games-31-1700390.html|https://photo-cms-kienthuc.zadn.vn/zoom/130_82/Uploaded/tructoasoan/2022_05_13/Hanoi_zing_15_UQVZ.jpg|Nhiều bạn trẻ Hà Nội đứng chờ cả tiếng đồng hồ dưới thời tiết oi nóng để có vé xem thi đấu bộ môn Liên Quân Mobile tại Sea Games 31.|thể thao|kienthuc.net|"15:37 | 13/05/2022"
Thắng nhẹ Myanmar, U23 Việt Nam vững ngôi đầu bảng SEA Games 31|https://kienthuc.net.vn/cong-dong-tre/thang-nhe-myanmar-u23-viet-nam-vung-ngoi-dau-bang-sea-games-31-1700315.html|https://photo-cms-kienthuc.zadn.vn/zoom/130_82/Uploaded/nguyenanhson/2022_05_13/8/17_NRRC.jpg|Nhờ bàn thắng duy nhất của Hùng Dũng, U23 Việt Nam thắng U23 Myanmar qua đó vươn lên dẫn đầu bảng A môn bóng đá nam SEA Games 31 với 7 điểm.|thể thao|kienthuc.net|"14:00 | 13/05/2022"
Sau đám cưới, vợ Hà Đức Chinh gửi tâm thư cho chồng|https://kienthuc.net.vn/cong-dong-tre/sau-dam-cuoi-vo-ha-duc-chinh-gui-tam-thu-cho-chong-1700308.html|https://photo-cms-kienthuc.zadn.vn/zoom/130_82/uploaded/nguyenanhson/2022_05_13/4/11_SQEB.jpg|Sau đám cưới, mới đây vợ Hà Đức Chinh là Mai Hà Trang bông đăng tải dòng tâm thư, lập tức thu hút sự chú ý của netizen.|thể thao|kienthuc.net|"13:55 | 13/05/2022"
Ngắm Bùi Tiến Dũng với bạn gái, netizen bất ngờ gọi tên Trang Nemo|https://kienthuc.net.vn/cong-dong-tre/ngam-bui-tien-dung-voi-ban-gai-netizen-bat-ngo-goi-ten-trang-nemo-1700303.html|https://photo-cms-kienthuc.zadn.vn/zoom/130_82/Uploaded/thutrang/2022_05_13/1/anh_bia_ZTPP.jpg|Sau khi xem ảnh đôi của thủ môn Bùi Tiến Dũng và bồ Tây, cư dân mạng bất ngờ so sánh nhan sắc cô nàng với Trang Nemo.|thể thao|kienthuc.net|"13:15 | 13/05/2022"
Rộ tin đồn Bùi Tiến Dũng ấn định ngày cưới bạn gái Tây|https://kienthuc.net.vn/cong-dong-tre/ro-tin-don-bui-tien-dung-an-dinh-ngay-cuoi-ban-gai-tay-1700147.html|https://photo-cms-kienthuc.zadn.vn/zoom/130_82/uploaded/nguyenanhson/2022_05_13/3/7_WGZN.jpg|Mới đây, làng bóng đá lại chuẩn bị đón thêm siêu đám cưới của thủ môn Bùi Tiến Dũng và bạn gái ngoại quốc.|thể thao|kienthuc.net|"07:55 | 13/05/2022"
Mới chớm công khai, bạn gái tin đồn Quang Hải có cảm xúc lạ|https://kienthuc.net.vn/cong-dong-tre/moi-chom-cong-khai-ban-gai-tin-don-quang-hai-co-cam-xuc-la-1700145.html|https://photo-cms-kienthuc.zadn.vn/zoom/130_82/Uploaded/nguyenanhson/2022_05_13/2/collage_XDAY.png|Sau khi chớm công khai khi xuất hiện cùng nhau tại đám cưới Hà Đức Chinh, bạn gái tin đồn Quang Hải là Chu Thannh Huyền bất ngờ có dòng cảm xúc lạ.|thể thao|kienthuc.net|"07:35 | 13/05/2022"
Ngoại hình hút mắt của “hoàng tử cầu lông” tại SEA Games 31|https://kienthuc.net.vn/cong-dong-tre/ngoai-hinh-hut-mat-cua-hoang-tu-cau-long-tai-sea-games-31-1700142.html|https://photo-cms-kienthuc.zadn.vn/zoom/130_82/Uploaded/thutrang/2022_05_12/4/anh_bia_FTBW.jpg|“Hoàng tử cầu lông” Phạm Hồng Nam là một trong những cái tên gây ấn tượng tại SEA Games 31 nhờ ngoại hình vô cùng hút mắt.|thể thao|kienthuc.net|"07:00 | 13/05/2022"
Lễ khai mạc SEA Games 31: Đã con mắt, sướng cái tai|https://kienthuc.net.vn/cong-dong-tre/le-khai-mac-sea-games-31-da-con-mat-suong-cai-tai-1700141.html|https://photo-cms-kienthuc.zadn.vn/zoom/130_82/uploaded/nguyenanhson/2022_05_13/1/1/6_CBZA.jpg|"Sau thời gian dài khổ luyện ê kíp tổ chức Lễ khai mạc SEA Games 31 đã mang đến cho người xem đủ cả cảm xúc: ""Đã con mắt, sướng cái tai""."|thể thao|kienthuc.net|"06:45 | 13/05/2022"
Lộ hình ảnh Quang Hải quan tâm bạn gái từ điều nhỏ nhất|https://kienthuc.net.vn/cong-dong-tre/lo-hinh-anh-quang-hai-quan-tam-ban-gai-tu-dieu-nho-nhat-1700020.html|https://photo-cms-kienthuc.zadn.vn/zoom/130_82/Uploaded/thutrang/2022_05_12/5/anh_bia_HXCQ.jpg|Hậu đám cưới Hà Đức Chinh, trên MXH xuất hiện đoạn clip cho thấy Quang Hải đang cầm giày cho bạn gái tin đồn Chu Thanh Huyền.|thể thao|kienthuc.net|"19:35 | 12/05/2022"
Trước giờ G Lễ khai mạc SEA Games 31: Hàng trăm TNV dọn sân khấu|https://kienthuc.net.vn/cong-dong-tre/truoc-gio-g-le-khai-mac-sea-games-31-hang-tram-tnv-don-san-khau-1700007.html|https://photo-cms-kienthuc.zadn.vn/zoom/130_82/uploaded/nguyenanhson/2022_05_12/5/4_ZJRH.jpg|Trời Hà Nội bỗng đổ cơn mưa trước giờ G Lễ khai mạc SEA Games 31, điều này khiến hàng trăm TNV phải vất vả làm vệ sinh sân khấu chính.|thể thao|kienthuc.net|"16:32 | 12/05/2022"
Trực tiếp Lễ khai mạc SEA Games 31: Đẳng cấp, hoành tráng, rực rỡ|https://kienthuc.net.vn/cong-dong-tre/truc-tiep-le-khai-mac-sea-games-31-dang-cap-hoanh-trang-ruc-ro-1699932.html|https://photo-cms-kienthuc.zadn.vn/zoom/130_82/Uploaded/nguyenanhson/2022_05_12/4/c47c17bb-5bd5-47e8-83e3-e69cc0-5650-6153-1652364670_TDVQ.jpg|Lễ khai mạc Đại hội Thể thao Đông Nam Á sẽ bắt đầu từ 20h hôm nay 12/5, trên sân vận động quốc gia Mỹ Đình.|thể thao|kienthuc.net|"12:05 | 12/05/2022"
"Bà xã Phan Văn Đức đăng đàn tố chồng ""nghiện"" thứ này"|https://kienthuc.net.vn/cong-dong-tre/ba-xa-phan-van-duc-dang-dan-to-chong-nghien-thu-nay-1699769.html|https://photo-cms-kienthuc.zadn.vn/zoom/130_82/Uploaded/nguyenanhson/2022_05_11/9/collage_BSLD.png|"Mới đây, trên trang cá nhân bà xã Phan Văn Đức bất ngờ tố chồng là ""con nghiện"" game giống bao người gây chú ý."|thể thao|kienthuc.net|"07:55 | 12/05/2022"
Tóm gọn Đoàn Văn Hậu và bạn gái đi đám cưới Hà Đức Chinh|https://kienthuc.net.vn/cong-dong-tre/tom-gon-doan-van-hau-va-ban-gai-di-dam-cuoi-ha-duc-chinh-1699760.html|https://photo-cms-kienthuc.zadn.vn/zoom/130_82/Uploaded/nguyenanhson/2022_05_11/8/collage_FDWU.png|Mới đây, netizen tóm gọn khoảnh khắc Đoàn Văn Hậu và bạn gái tin đồn là Doãn Hải My xuất hiện cùng nhau trong đám cưới của đồng đội Hà Đức Chinh.|thể thao|kienthuc.net|"07:35 | 12/05/2022"
Lộ giá váy cưới của bà xã Hà Đức Chinh: Nghe thôi đừng choáng!|https://kienthuc.net.vn/cong-dong-tre/lo-gia-vay-cuoi-cua-ba-xa-ha-duc-chinh-nghe-thoi-dung-choang-1699586.html|https://photo-cms-kienthuc.zadn.vn/zoom/130_82/Uploaded/nguyenanhson/2022_05_11/5/11_FJIY.jpg|Ngoài không gian tiệc cưới siêu đẹp, chiếc váy cưới của bà xã Hà Đức Chinh cũng gây không ít sự tò mò về thiết kế cũng như giá tiền.|thể thao|kienthuc.net|"19:15 | 11/05/2022"
Futsal nam Việt Nam hòa đáng tiếc trong ngày ra quân SEA Games 31|https://kienthuc.net.vn/cong-dong-tre/futsal-nam-viet-nam-hoa-dang-tiec-trong-ngay-ra-quan-sea-games-31-1699695.html|https://photo-cms-kienthuc.zadn.vn/zoom/130_82/uploaded/nguyenanhson/2022_05_11/6/10_YNPH.jpg|Chiều ngày 11/5, đội tuyển futsal nam Việt Nam ra quân tại SEA Games 31 nhưng đáng tiếc lại đánh rơi chiến thắng trước Indonesia dù có bàn thắng dẫn trước.|thể thao|kienthuc.net|"18:10 | 11/05/2022"
Profile siêu khủng của nữ MC xinh đẹp dẫn thượng cờ SEA Games 31|https://kienthuc.net.vn/cong-dong-tre/profile-sieu-khung-cua-nu-mc-xinh-dep-dan-thuong-co-sea-games-31-1699550.html|https://photo-cms-kienthuc.zadn.vn/zoom/130_82/Uploaded/nguyenanhson/2022_05_11/3/12_ACLD.png|Không chỉ sở hữu nhan sắc hơn người, nữ MC dưỡng lễ thượng cờ SEA Games 31 còn có bảng thành tích không phải dạng đùa đâu.|thể thao|kienthuc.net|"13:55 | 11/05/2022"
Khoảnh khắc công khai hiếm hoi của Quang Hải và bạn gái tin đồn|https://kienthuc.net.vn/cong-dong-tre/khoanh-khac-cong-khai-hiem-hoi-cua-quang-hai-va-ban-gai-tin-don-1699551.html|https://photo-cms-kienthuc.zadn.vn/zoom/130_82/Uploaded/thutrang/2022_05_11/2/anh_bia_RCIF.jpg|"Quang Hải và bạn gái tin đồn lại cùng nhau đi dự đám cưới Chinh ""Đen"", tại đây cặp đôi có những khoảnh tình tứ khắc như công khai chuyện hẹn hò."|thể thao|kienthuc.net|"13:35 | 11/05/2022"
Vừa giành HCV SEA Games 31, nữ võ sĩ Kurash phải nhận tin buồn|https://kienthuc.net.vn/cong-dong-tre/vua-gianh-hcv-sea-games-31-nu-vo-si-kurash-phai-nhan-tin-buon-1699579.html|https://photo-cms-kienthuc.zadn.vn/zoom/130_82/Uploaded/nguyenanhson/2022_05_11/4/collage_BEGQ.png|Ngày sau khi giành vinh quang với tấm HCV SEA Games 31, nữ võ sỹ Tô Thị Trang đã nhận tin buồn mất đi người cha yêu quý...|thể thao|kienthuc.net|"13:27 | 11/05/2022"
Đoàn Văn Hậu chạm mặt tình cũ, thái độ người trong cuộc ra sao?|https://kienthuc.net.vn/cong-dong-tre/doan-van-hau-cham-mat-tinh-cu-thai-do-nguoi-trong-cuoc-ra-sao-1699532.html|https://photo-cms-kienthuc.zadn.vn/zoom/130_82/Uploaded/thutrang/2022_05_11/1/anh_bia_NMNO.jpg|"Mới đây, Đoàn Văn Hậu lại tiếp tục ""chạm trán"" với tình cũ là Hoàng Anh Ốc làm netizen tò mò về thái độ của người trong cuộc."|thể thao|kienthuc.net|"13:15 | 11/05/2022"
Nhan sắc như học sinh cấp 3 của nữ cung thủ SEA Games 31|https://kienthuc.net.vn/cong-dong-tre/nhan-sac-nhu-hoc-sinh-cap-3-cua-nu-cung-thu-sea-games-31-1699288.html|https://photo-cms-kienthuc.zadn.vn/zoom/130_82/Uploaded/thutrang/2022_05_10/8/anh_bia_FETI.jpg|Đỗ Thị Ánh Nguyệt là nữ cung thủ hot nhất nhì tại SEA Games 31 nhờ sở hữu thân hình cân đối, đôi mắt to tròn thu hút.|thể thao|kienthuc.net|"07:55 | 11/05/2022"
Tung ảnh cưới đẹp ngất ngây, Hà Đức Chinh làm fans không nhận ra|https://kienthuc.net.vn/cong-dong-tre/tung-anh-cuoi-dep-ngat-ngay-ha-duc-chinh-lam-fans-khong-nhan-ra-1699287.html|https://photo-cms-kienthuc.zadn.vn/zoom/130_82/Uploaded/thutrang/2022_05_10/6/anh_bia_HXNO.jpg|Ngay sau khi kết thúc hôn lễ, Hà Đức Chinh tiếp tục khiến người hâm mộ đứng ngồi không yên khi tung trọn bộ ảnh cưới vô cùng ngọt ngào.|thể thao|kienthuc.net|"07:35 | 11/05/2022"
"""Ai rồi cũng nợ môn"", ""tiểu tiên cá"" Ánh Viên cũng không ngoại lệ"|https://kienthuc.net.vn/cong-dong-tre/ai-roi-cung-no-mon-tieu-tien-ca-anh-vien-cung-khong-ngoai-le-1699283.html|https://photo-cms-kienthuc.zadn.vn/zoom/130_82/uploaded/nguyenanhson/2022_05_10/5/12_YZBA.jpg|"Mới đây, lý do ""tiểu tiên cá"" Ánh Viên không xuất hiện tại lễ khai mạc SEA Games 31 thu hút sự chú ý... hóa ra cô nàng phải trả nợ môn học."|thể thao|kienthuc.net|"07:00 | 11/05/2022"
"Dung nhan nữ VĐV ""mở hàng"" HCV SEA Games 31 cho Việt Nam"|https://kienthuc.net.vn/cong-dong-tre/dung-nhan-nu-vdv-mo-hang-hcv-sea-games-31-cho-viet-nam-1699264.html|https://photo-cms-kienthuc.zadn.vn/zoom/130_82/Uploaded/nguyenanhson/2022_05_10/4/collage_TKLT.png|Trở thành người mở hàng cho Đoàn thể thao Việt Nam tấm HCV SEA Games 31, nữ VĐV Tô Thị Trang lập tức gây chú ý nhờ nhan sắc.|thể thao|kienthuc.net|"06:45 | 11/05/2022"
"""Đột nhập"" sân khấu chính khai mạc SEA Games 31: Hoành tráng, công phu"|https://kienthuc.net.vn/cong-dong-tre/dot-nhap-san-khau-chinh-khai-mac-sea-games-31-hoanh-trang-cong-phu-1699349.html|https://photo-cms-kienthuc.zadn.vn/zoom/130_82/Uploaded/nguyenanhson/2022_05_11/1/5_IDPF.jpg|Tối 10/5, buổi tổng duyệt Lễ khai mạc SEA Games 31 đã diễn ra và hé lộ sự công cu, hoành tráng và vô cùng đặc sắc.|thể thao|kienthuc.net|"06:30 | 11/05/2022"
Nữ đại gia làm thay đổi U23 Lào tại SEA Games 31 là ai?|https://kienthuc.net.vn/cong-dong-tre/nu-dai-gia-lam-thay-doi-u23-lao-tai-sea-games-31-la-ai-1699021.html|https://photo-cms-kienthuc.zadn.vn/zoom/130_82/Uploaded/nguyenanhson/2022_05_10/1/4_RUDR.jpg|Tâm huyết với bóng đá nước nhà và góp phần làm thay đổi bộ mặt của U23 Lào tại SEA Games 31, nữ đại gia có tên “Madam Bo” trở thành tâm điểm gây chú ý.|thể thao|kienthuc.net|"13:15 | 10/05/2022"
"Đột nhập ""đại bản doanh"" của báo chí phục vụ SEA Games 31"|https://kienthuc.net.vn/cong-dong-tre/dot-nhap-dai-ban-doanh-cua-bao-chi-phuc-vu-sea-games-31-1699056.html|https://photo-cms-kienthuc.zadn.vn/zoom/130_82/uploaded/nguyenanhson/2022_05_10/3/2_JOES.jpg|Mới đây, trung tâm Báo chí và Trung tâm Truyền hình Quốc tế phục vụ SEA Games 31 chính thức đi vào hoạt động để phục vụ PV trong nước và quốc tế.|thể thao|kienthuc.net|"11:25 | 10/05/2022"
Danh tính hai bóng hồng vừa đẹp vừa tài năng tại SEA Games 31|https://kienthuc.net.vn/cong-dong-tre/danh-tinh-hai-bong-hong-vua-dep-vua-tai-nang-tai-sea-games-31-1698821.html|https://photo-cms-kienthuc.zadn.vn/zoom/130_82/Uploaded/thutrang/2022_05_09/6/anh_bia_SWAI.jpg|Châu Tuyết Vân và Lê Minh Hằng là hai cô gái nhận được nhiều lời khen của cư dân mạng cho tài năng và cả ngoại hình tại SEA Games 31.|thể thao|kienthuc.net|"07:35 | 10/05/2022"
Cực phẩm U23 Việt Nam làm chị em mê mẩn tại SEA Games 31|https://kienthuc.net.vn/cong-dong-tre/cuc-pham-u23-viet-nam-lam-chi-em-me-man-tai-sea-games-31-1698819.html|https://photo-cms-kienthuc.zadn.vn/zoom/130_82/Uploaded/thutrang/2022_05_09/4/anh_bia_XLXF.jpg|Tiếp nối dàn trai đẹp cực phẩm của U23 Việt Nam tại SEA Games 31, cái tên Bùi Hoàng Việt Anh đang là nhân vật được netizen đặc biệt chú ý.|thể thao|kienthuc.net|"07:00 | 10/05/2022"
Hà Đức Chinh từ thăng trầm để có cuộc sống viên mãn với vợ đẹp|https://kienthuc.net.vn/cong-dong-tre/ha-duc-chinh-tu-thang-tram-de-co-cuoc-song-vien-man-voi-vo-dep-1698921.html|https://photo-cms-kienthuc.zadn.vn/zoom/130_82/uploaded/nguyenanhson/2022_05_09/9/12_BTLM.jpeg|Trải qua đủ thăng trầm trong sự nghiệp, Hà Đức Chinh giờ đã có cuộc sống viên mãn bên người vợ xinh đẹp và vô cùng đảm đang.|thể thao|kienthuc.net|"06:45 | 10/05/2022"
Chân dung kỳ thủ Lê Quang Liêm đánh bại 'Vua cờ thế giới'|https://kienthuc.net.vn/cong-dong-tre/chan-dung-ky-thu-le-quang-liem-danh-bai-vua-co-the-gioi-1698858.html|https://photo-cms-kienthuc.zadn.vn/zoom/130_82/Uploaded/hongnhat/2022_04_25/page_QCAY.jpg|Bên cạnh tài năng cờ vua, kỳ thủ Lê Quang Liêm còn có thành tích học tập xuất sắc.|thể thao|kienthuc.net|"00:51 | 10/05/2022"
Thắng 5 sao Singapore, U23 Thái Lan trở lại với cuộc đua bán kết|https://kienthuc.net.vn/cong-dong-tre/thang-5-sao-singapore-u23-thai-lan-tro-lai-voi-cuoc-dua-ban-ket-1698842.html|https://photo-cms-kienthuc.zadn.vn/zoom/130_82/uploaded/nguyenanhson/2022_05_09/10/2_ELAM.jpg|Thi đấu hiệu quả trong hiệp đấu thứ 2 và chiến thắng với tỷ số 5-0 trước U23 Singapore, U23 Thái Lan tạm dẫn đầu bảng B môn bóng đá nam SEA Games 31.|thể thao|kienthuc.net|"20:54 | 09/05/2022"
Cổ vũ SEA Games 31, gái xinh gốc Lào bỗng nổi tiếng trên mạng|https://kienthuc.net.vn/cong-dong-tre/co-vu-sea-games-31-gai-xinh-goc-lao-bong-noi-tieng-tren-mang-1698691.html|https://photo-cms-kienthuc.zadn.vn/zoom/130_82/Uploaded/nguyenanhson/2022_05_09/7/13_SOAF.jpg|Xuất hiện trong clip nhảy sau trận cổ vũ U23 Lào tại SEA Games 31, gái xinh gốc Lào đang học tập tại Việt Nam bỗng nổi như cồn trên MXH.|thể thao|kienthuc.net|"19:15 | 09/05/2022"
Chào sân SEA Games 31, U23 Campuchia thắng tưng bừng trước U23 Lào|https://kienthuc.net.vn/cong-dong-tre/chao-san-sea-games-31-u23-campuchia-thang-tung-bung-truoc-u23-lao-1698810.html|https://photo-cms-kienthuc.zadn.vn/zoom/130_82/uploaded/nguyenanhson/2022_05_09/8/2_KCQD.jpg|Mở màn bảng B môn bóng đá nam SEA Games 31, U23 Campuchia cống hiến cho khán giả trên SVĐ Thiên Trường trận thắng cách biệt trước U23 Lào.|thể thao|kienthuc.net|"18:20 | 09/05/2022"
Vợ Đức Chinh minh oan cho nhà chồng sau bức ảnh núi bát đĩa|https://kienthuc.net.vn/cong-dong-tre/vo-duc-chinh-minh-oan-cho-nha-chong-sau-buc-anh-nui-bat-dia-1698604.html|https://photo-cms-kienthuc.zadn.vn/zoom/130_82/Uploaded/thutrang/2022_05_09/1/anh_bia_BWXU.jpg|Vợ Hà Đức Chinh mới đây đã lên tiếng bảo vệ cả nhà chồng sau bức hình diện váy cưới ngồi nhìn núi bát đĩa được netizen truyền tay.|thể thao|kienthuc.net|"13:55 | 09/05/2022"
Gặp CĐV Việt Nam và câu chuyện 20 năm làm mũ linh vật SEA Games|https://kienthuc.net.vn/cong-dong-tre/gap-cdv-viet-nam-va-cau-chuyen-20-nam-lam-mu-linh-vat-sea-games-1698597.html|https://photo-cms-kienthuc.zadn.vn/zoom/130_82/Uploaded/nguyenanhson/2022_05_09/5/3_IODO.jpg|20 năm làm mũ linh vật qua các kỳ SEA Games, người CĐV năm nay bước sang tuổi 73 là điểm nhấn mỗi khi xuất hiện trên khán đài.|thể thao|kienthuc.net|"13:35 | 09/05/2022"
Toàn cảnh đám cưới Hà Đức Chinh, nhan sắc cô dâu vẫn chiếm sóng|https://kienthuc.net.vn/cong-dong-tre/toan-canh-dam-cuoi-ha-duc-chinh-nhan-sac-co-dau-van-chiem-song-1698458.html|https://photo-cms-kienthuc.zadn.vn/zoom/130_82/Uploaded/thutrang/2022_05_08/2/collage_QMLF.png|Hà Đức Chinh và Mai Hà Trang đã tổ chức đám cưới tại quê nhà chú rể ở Phú Thọ, trong loạt hình ảnh lộ diện nhan sắc nàng dâu chiếm cảm tình.|thể thao|kienthuc.net|"07:35 | 09/05/2022"
"Ảnh đời thường VĐV ""mở hàng"" huy chương cho Việt Nam SEA Games 31"|https://kienthuc.net.vn/cong-dong-tre/anh-doi-thuong-vdv-mo-hang-huy-chuong-cho-viet-nam-sea-games-31-1698455.html|https://photo-cms-kienthuc.zadn.vn/zoom/130_82/Uploaded/nguyenanhson/2022_05_09/2/collage_TYGU.png|"Vừa giành chiếc HCĐ ""mở hàng"" cho đoàn thể thao Việt Nam SEA Games 31 những bức ảnh đời thường của nữ VĐV Ngô Phương Mai được netizen truyền tay nhau."|thể thao|kienthuc.net|"07:00 | 09/05/2022"
CĐV đội mưa cổ vũ cho U23 Việt Nam SEA Games 31 gây ấn tượng|https://kienthuc.net.vn/cong-dong-tre/cdv-doi-mua-co-vu-cho-u23-viet-nam-sea-games-31-gay-an-tuong-1698451.html|https://photo-cms-kienthuc.zadn.vn/zoom/130_82/Uploaded/nguyenanhson/2022_05_09/1/1_THXL.jpg|Mặc dù trời đổ mưa to, nhưng không khí cổ vũ trên sân Việt Trì giảm đi. Hàng nghìn CĐV mặc áo mưa hết mình cổ vũ U23 Việt Nam tại SEA Games 31.|thể thao|kienthuc.net|"06:45 | 09/05/2022"
Tin mật hé lộ bản hợp đồng mới của tiền vệ Nguyễn Quang Hải|https://kienthuc.net.vn/cong-dong-tre/tin-mat-he-lo-ban-hop-dong-moi-cua-tien-ve-nguyen-quang-hai-1698344.html|https://photo-cms-kienthuc.zadn.vn/zoom/130_82/Uploaded/giadat/2022_05_07/19_ZBFM.jpeg|Tiền vệ Nguyễn Quang Hải nhận tin vui trước khi lên đường sang châu Âu thi đấu.|thể thao|kienthuc.net|"00:39 | 09/05/2022"
Vừa cưới, vợ Đức Chinh ngán ngẩm nhìn đống bát chưa rửa|https://kienthuc.net.vn/cong-dong-tre/vua-cuoi-vo-duc-chinh-ngan-ngam-nhin-dong-bat-chua-rua-1698325.html|https://photo-cms-kienthuc.zadn.vn/zoom/130_82/Uploaded/nguyenanhson/2022_05_08/10/collage_MDNJ.png|Khoảnh khắc vợ mới cưới của Hà Đức Chinh mặc váy cô dâu, xung quanh là chồng bát đĩa đang gây xôn xao dân mạng.|thể thao|kienthuc.net|"19:15 | 08/05/2022"
Trực tiếp SEA Games 31 8/5: Kickboxing giành chiến thắng 3 ngày ra quân|https://kienthuc.net.vn/cong-dong-tre/truc-tiep-sea-games-31-85-kickboxing-gianh-chien-thang-3-ngay-ra-quan-1698312.html|https://photo-cms-kienthuc.zadn.vn/zoom/130_82/uploaded/nguyenanhson/2022_05_08/9/5_KOXT.jpg|Ở nội dung nhảy cầu – Đơn nữ cầu mềm 1m, Ngô Phương Mai đã đoạt HCĐ. Đây là tấm huy chương đầu tiên của đoàn Thể thao Việt Nam tại SEA Games 31.|thể thao|kienthuc.net|"16:14 | 08/05/2022"
Tiến Linh kém duyên, U23 Việt Nam hòa đáng tiếc tại SEA Games 31|https://kienthuc.net.vn/cong-dong-tre/tien-linh-kem-duyen-u23-viet-nam-hoa-dang-tiec-tai-sea-games-31-1698288.html|https://photo-cms-kienthuc.zadn.vn/zoom/130_82/uploaded/nguyenanhson/2022_05_08/8/17_BOBB.jpg|Bỏ nhiều cơ hội ngon ăn, đặc biệt là những tình huống của Tiến Linh, U23 Việt Nam bị U23 Philippines cầm hòa đáng tiếc tại bảng A bóng đá nam SEA Games 31.|thể thao|kienthuc.net|"14:50 | 08/05/2022"
Trai đẹp U23 Việt Nam làm hội chị em mê mẩn bởi nụ cười|https://kienthuc.net.vn/cong-dong-tre/trai-dep-u23-viet-nam-lam-hoi-chi-em-me-man-boi-nu-cuoi-1698238.html|https://photo-cms-kienthuc.zadn.vn/zoom/130_82/Uploaded/nguyenanhson/2022_05_08/6/collage_XLEG.png|Không chỉ sở hữu lối chơi thông minh, trai đẹp U23 Việt Nam là Phan Tuấn Tài còn làm hội chị em mê mẩn bởi nụ cười|thể thao|kienthuc.net|"13:15 | 08/05/2022"
Nhận định U23 Việt Nam và U23 Philippines: Quyết định tấm vé bán kết|https://kienthuc.net.vn/cong-dong-tre/nhan-dinh-u23-viet-nam-va-u23-philippines-quyet-dinh-tam-ve-ban-ket-1698125.html|https://photo-cms-kienthuc.zadn.vn/zoom/130_82/Uploaded/nguyenanhson/2022_05_08/5/4_DSND.jpg|U23 Việt Nam sẽ tiếp tục hành trình bảo vệ tấm HCV SEA Games 31 của mình trước U23 Philippines.|thể thao|kienthuc.net|"08:00 | 08/05/2022"
"Điều ít biết về ""quân bài tẩy"" thay đổi cục diện của U23 Việt Nam"|https://kienthuc.net.vn/cong-dong-tre/dieu-it-biet-ve-quan-bai-tay-thay-doi-cuc-dien-cua-u23-viet-nam-1698119.html|https://photo-cms-kienthuc.zadn.vn/zoom/130_82/uploaded/nguyenanhson/2022_05_08/2/12_BODD.jpg|Không ghi bàn nhưng Nhâm Mạnh Dũng biết cách tạo nên sự khác biệt trong trận đấu đầu tiên tại sân chơi SEA Games 31 của U23 Việt Nam.|thể thao|kienthuc.net|"07:00 | 08/05/2022"
"""Con cưng"" thất trận,""người đàn bà thép"" của U23 Thái Lan ngấn lệ"|https://kienthuc.net.vn/cong-dong-tre/con-cung-that-trannguoi-dan-ba-thep-cua-u23-thai-lan-ngan-le-1698117.html|https://photo-cms-kienthuc.zadn.vn/zoom/130_82/Uploaded/nguyenanhson/2022_05_08/1/3_XBVF.jpg|"Sau thất bại của U23 Thái Lan trước U23 Malaysia trong ngày khai màn bảng B môn bóng đá nam SEA Games 31, ,""người đàn bà thép"" Madam Pang đã ngấn lệ, tiếc nuối."|thể thao|kienthuc.net|"06:45 | 08/05/2022"
Lịch thi đấu SEA Games 31 8/5: Hướng về Việt Trì chờ U23 Việt Nam|https://kienthuc.net.vn/cong-dong-tre/lich-thi-dau-sea-games-31-85-huong-ve-viet-tri-cho-u23-viet-nam-1698123.html|https://photo-cms-kienthuc.zadn.vn/zoom/130_82/Uploaded/nguyenanhson/2022_05_08/4/3_PRZZ.jpg|SEA Games 31 ngày 8/5 sẽ diễn ra những nội dung của bảng A môn bóng đá nam, bóng ném bãi biển nam, nhảy cầu và Kickboxing.|thể thao|kienthuc.net|"06:00 | 08/05/2022"
Chiếc thẻ đỏ làm U23 Thái Lan ôm hận ngày ra quân SEA Games 31|https://kienthuc.net.vn/cong-dong-tre/chiec-the-do-lam-u23-thai-lan-om-han-ngay-ra-quan-sea-games-31-1698015.html|https://photo-cms-kienthuc.zadn.vn/zoom/130_82/uploaded/nguyenanhson/2022_05_07/10/received721303035975987_NKLW.jpeg|Chiếc thẻ đỏ của Jonathan ở phút 40 đã phá hỏng hết thành quả của U23 Thái Lan trước U23 Malaysia trong ngày đầu khai màn bảng B môn bóng đá nam SEA Games 31.|thể thao|kienthuc.net|"21:09 | 07/05/2022"
"U23 Lào ""đánh rơi"" chiến thắng đầu tay tại SEA Games 31 đầy đáng tiếc"|https://kienthuc.net.vn/cong-dong-tre/u23-lao-danh-roi-chien-thang-dau-tay-tai-sea-games-31-day-dang-tiec-1697985.html|https://photo-cms-kienthuc.zadn.vn/zoom/130_82/uploaded/nguyenanhson/2022_05_07/9/1_MRLJ.jpg|Có thế trận tốt hơn trong phần lớn thời gian nhưng U23 Lào lại đánh rơi chiến thắng đầu tay tại SEA Games 31 trước U23 Singapore trong phút bù giờ.|thể thao|kienthuc.net|"18:01 | 07/05/2022"
CĐV Lào biến Thiên Trường thành sân nhà môn bóng đá nam SEA Games 31|https://kienthuc.net.vn/cong-dong-tre/cdv-lao-bien-thien-truong-thanh-san-nha-mon-bong-da-nam-sea-games-31-1697961.html|https://photo-cms-kienthuc.zadn.vn/zoom/130_82/Uploaded/nguyenanhson/2022_05_07/7/8_XFHF.JPG|CĐV Lào và hội CĐV Nam Định đã mang đến bầu không khí sôi động cho SVĐ Thiên Trường ngày khai màn bảng B môn bóng đá nam SEA Games 31.|thể thao|kienthuc.net|"16:20 | 07/05/2022"
Thắng Indonesia tại SEA Games 31, U23 Việt Nam trả giá cực đắt|https://kienthuc.net.vn/cong-dong-tre/thang-indonesia-tai-sea-games-31-u23-viet-nam-tra-gia-cuc-dat-1697915.html|https://photo-cms-kienthuc.zadn.vn/zoom/130_82/uploaded/nguyenanhson/2022_05_07/6/2_WDFU.jpg|U23 Việt Nam vừa thắng đậm U23 Indonesia ngày ra quân SEA Games 31 nhưng phải trả cái giá cực đắt bởi chấn thương của tiền vệ Lý Công Hoàng Anh.|thể thao|kienthuc.net|"12:14 | 07/05/2022"
Lịch thi đấu SEA Games 31 7/5: Chờ tin vui từ bóng ném bãi biển|https://kienthuc.net.vn/cong-dong-tre/lich-thi-dau-sea-games-31-75-cho-tin-vui-tu-bong-nem-bai-bien-1697892.html|https://photo-cms-kienthuc.zadn.vn/zoom/130_82/uploaded/nguyenanhson/2022_05_07/3/4_HCQS.jpg|Dù còn 5 ngày nữa mới tới Lễ Khai mạc SEA Games 31, nhưng đã có 2 môn bước vào thi đấu những trận đầu tiên là Bóng đá nam và Bóng ném bãi biển nam|thể thao|kienthuc.net|"12:00 | 07/05/2022"
"""Nội soi"" chi tiết sân khấu 7.000 m2 của lễ khai mạc SEA Games 31?"|https://kienthuc.net.vn/xa-hoi/noi-soi-chi-tiet-san-khau-7000-m2-cua-le-khai-mac-sea-games-31-1697821.html|https://photo-cms-kienthuc.zadn.vn/zoom/130_82/Uploaded/giadat/2022_05_07/1_FHTN.PNG|Các công đoạn cuối cùng biến sân vận động Mỹ Đình thành sân khấu rộng 7.000 m2 đang được gấp rút hoàn thiện, sẵn sàng cho buổi lễ khai mạc SEA Games 31.|thể thao|kienthuc.net|"11:32 | 07/05/2022"
Niềm vui sớm với Đội tuyển Karatedo Việt Nam trước thềm Sea Games 31|https://kienthuc.net.vn/cong-dong-tre/niem-vui-som-voi-doi-tuyen-karatedo-viet-nam-truoc-them-sea-games-31-1697858.html|https://photo-cms-kienthuc.zadn.vn/zoom/130_82/uploaded/nguyenanhson/2022_05_07/2/5_IGKM.jpg|Là một trong những đội tuyển được kỳ vọng cao tại Sea Games 31, Karatedo đang đi vào thời gian nước rút để có những điểm rơi tốt nhất về thể lực và kỹ thuật.|thể thao|kienthuc.net|"10:18 | 07/05/2022"
Con trai HLV Park Hang-seo phản bác HLV Indonesia|https://kienthuc.net.vn/cong-dong-tre/con-trai-hlv-park-hang-seo-phan-bac-hlv-indonesia-1697810.html|https://photo-cms-kienthuc.zadn.vn/zoom/130_82/Uploaded/giadat/2022_05_07/62cd39f019cbd89581da-9164_ZNBT.jpg|Sau trận thắng của U23 Việt Nam trước U23 Indonesia, con trai HLV Park Hang-seo đã có những chia sẻ thẳng thắn trên mạng xã hội về trận đấu đầu tiên.|thể thao|kienthuc.net|"09:21 | 07/05/2022"
Báo chí Indonesia nêu lí do U23 thất bại, người hâm mộ thất vọng|https://kienthuc.net.vn/cong-dong-tre/bao-chi-indonesia-neu-li-do-u23-that-bai-nguoi-ham-mo-that-vong-1697815.html|https://photo-cms-kienthuc.zadn.vn/zoom/130_82/Uploaded/nguyenvan/2022_05_07/pssi_LVSM.jpg|Báo chí Indonesia đã nêu lí do dẫn đến màn thua 3-0 trước nhà đương kim vô địch trong khi người hâm mộ bày tỏ sự thất vọng.|thể thao|kienthuc.net|"08:29 | 07/05/2022"
Soi danh sách dàn cầu thủ đáng xem bóng đá nam SEA Games 31|https://kienthuc.net.vn/cong-dong-tre/soi-danh-sach-dan-cau-thu-dang-xem-bong-da-nam-sea-games-31-1697493.html|https://photo-cms-kienthuc.zadn.vn/zoom/130_82/Uploaded/nguyenanhson/2022_05_06/5/collage_WBHX.png|Trang Goal mới đây đã chọn ra top 5 cầu thủ đáng xem nhất tại SEA Games 31 trong đó có những cái tên đã thành danh trong sân chơi ĐNÁ.|thể thao|kienthuc.net|"06:45 | 07/05/2022"
Khởi đầu SEA Games 31 bóng ném bãi biển chiến thắng ấn tượng|https://kienthuc.net.vn/cong-dong-tre/khoi-dau-sea-games-31-bong-nem-bai-bien-chien-thang-an-tuong-1697681.html|https://photo-cms-kienthuc.zadn.vn/zoom/130_82/Uploaded/trucchinh2/2022_05_06/anyconv.com_04_ENAM.jpg|Chiều nay (6/5), đội tuyển bóng ném bãi biển nam Việt Nam “mở hàng” cho đoàn thể thao Việt Nam tại SEA Games 31 với trận thắng 2-0 trước tuyển Singapore.|thể thao|kienthuc.net|"20:00 | 06/05/2022"
Nữ VĐV đấu kiếm sở hữu nhan sắc xinh đẹp tại SEA Games 31|https://kienthuc.net.vn/cong-dong-tre/nu-vdv-dau-kiem-so-huu-nhan-sac-xinh-dep-tai-sea-games-31-1697656.html|https://photo-cms-kienthuc.zadn.vn/zoom/130_82/Uploaded/thutrang/2022_05_06/6/anh_bia_HXFP.jpg|Không những tài giỏi, nhan sắc xinh đẹp của nữ VĐV đấu kiếm Lê Minh Hằng tại SEA Games 31 đủ khiến người khác say đắm sau chỉ một lần gặp mặt.|thể thao|kienthuc.net|"19:35 | 06/05/2022"
Thắng U23 Indonesia 3 sao, U23 Việt Nam khẳng định vị thế anh lớn|https://kienthuc.net.vn/cong-dong-tre/thang-u23-indonesia-3-sao-u23-viet-nam-khang-dinh-vi-the-anh-lon-1697497.html|https://photo-cms-kienthuc.zadn.vn/zoom/130_82/uploaded/nguyenanhson/2022_05_06/6/30_UMBM.jpg|Bằng bàn thắng của Tiến Linh, Hùng Dũng và Văn Đô, U23 Việt Nam có chiến thắng 3-0 trước U23 Indonesia khẳng định vị thế tại bảng A bóng đá nam SEA Games 31.|thể thao|kienthuc.net|"14:00 | 06/05/2022"
Ảnh hiếm Quang Hải cùng tình tin đồn check in ở khu du lịch|https://kienthuc.net.vn/cong-dong-tre/anh-hiem-quang-hai-cung-tinh-tin-don-check-in-o-khu-du-lich-1697466.html|https://photo-cms-kienthuc.zadn.vn/zoom/130_82/Uploaded/thutrang/2022_05_06/1/anh_bia_QISZ.jpg|Thông tin Quang Hải và bạn gái tin đồn cùng đi du lịch càng chính xác khi mới đây Thanh Huyền để lộ ảnh bên gia đình nam cầu thủ trong kỳ nghỉ.|thể thao|kienthuc.net|"13:55 | 06/05/2022"
Giản dị về nhà chồng, bà xã Hà Đức Chinh khác với trên MXH|https://kienthuc.net.vn/cong-dong-tre/gian-di-ve-nha-chong-ba-xa-ha-duc-chinh-khac-voi-tren-mxh-1697450.html|https://photo-cms-kienthuc.zadn.vn/zoom/130_82/Uploaded/thutrang/2022_05_06/2/anh_bia_TICA.jpg|Mới đây hình ảnh bà xã Hà Đức Chinh khi về quê làm netizen bất ngờ, dù ăn vận giản dị nhưng cô vẫn được khen nhan sắc.|thể thao|kienthuc.net|"13:35 | 06/05/2022"
U23 Việt Nam - U23 Indonesia: Khai màn SEA Games 31, chung kết sớm|https://kienthuc.net.vn/cong-dong-tre/u23-viet-nam-u23-indonesia-khai-man-sea-games-31-chung-ket-som-1697346.html|https://photo-cms-kienthuc.zadn.vn/zoom/130_82/Uploaded/nguyenanhson/2022_05_06/1/3_TBPO.jpg|Chiều nay (6/5), U23 Việt Nam sẽ chính thức bắt đầu hành trình bảo vệ HCV SEA Games bằng trận đấu với U23 Indonesia.|thể thao|kienthuc.net|"08:49 | 06/05/2022"
"U23 Việt Nam ""đổ bộ"" SEA Games 31, toàn cực phẩm khó cưỡng"|https://kienthuc.net.vn/cong-dong-tre/u23-viet-nam-do-bo-sea-games-31-toan-cuc-pham-kho-cuong-1697020.html|https://photo-cms-kienthuc.zadn.vn/zoom/130_82/Uploaded/nguyenanhson/2022_05_05/1/collage_KZRU.png|Không chỉ chiến đấu không biết mệt mỏi trên sân bóng mà dàn cầu thủ U23 Việt Nam dự SEA Games 31 còn khiến hội chị em mê mệt bởi nhan sắc.|thể thao|kienthuc.net|"13:15 | 05/05/2022"
HLV Park Hang Seo: U23 Indonesia mạnh hơn trước rất nhiều|https://kienthuc.net.vn/cong-dong-tre/hlv-park-hang-seo-u23-indonesia-manh-hon-truoc-rat-nhieu-1697034.html|https://photo-cms-kienthuc.zadn.vn/zoom/130_82/Uploaded/nguyenanhson/2022_05_05/park-hang-seo-2-11590725_WAIE.jpg|HLV Park Hang Seo đánh giá cao U23 Indonesia, đối thủ đầu tiên của U23 Việt Nam tại SEA Games 31.|thể thao|kienthuc.net|"12:41 | 05/05/2022"
Nhan sắc xinh đẹp của nữ cung thủ Việt Nam tại SEA Games 31|https://kienthuc.net.vn/cong-dong-tre/nhan-sac-xinh-dep-cua-nu-cung-thu-viet-nam-tai-sea-games-31-1696750.html|https://photo-cms-kienthuc.zadn.vn/zoom/130_82/Uploaded/thutrang/2022_05_04/7/anh_bia_YRNH.jpg|Lê Phương Thảo là nữ cung thủ gây ấn tượng bởi nhan sắc xinh đẹp và nụ cười tỏa nắng khi xuất hiện tại SEA Games 31.|thể thao|kienthuc.net|"07:55 | 05/05/2022"
Mừng sinh nhật vợ, Nguyễn Thành Chung chuyển khoản số tiền gây choáng|https://kienthuc.net.vn/cong-dong-tre/mung-sinh-nhat-vo-nguyen-thanh-chung-chuyen-khoan-so-tien-gay-choang-1696749.html|https://photo-cms-kienthuc.zadn.vn/zoom/130_82/Uploaded/thutrang/2022_05_04/9/anh_bia_KXUK.jpg|"Nhân ngày sinh nhật bà xã hot girl, mới đây trung vệ Nguyễn Thành Chung khiến netizen ""gato"" với món quà chuyển khoản nhiều con số."|thể thao|kienthuc.net|"07:35 | 05/05/2022"
"Mặc dư luận, Quang Hải và bạn gái tin đồn tiếp tục ""đá cặp"""|https://kienthuc.net.vn/cong-dong-tre/mac-du-luan-quang-hai-va-ban-gai-tin-don-tiep-tuc-da-cap-1696538.html|https://photo-cms-kienthuc.zadn.vn/zoom/130_82/Uploaded/thutrang/2022_05_04/1/anh_bia_VMLM.jpg|Mới đây, Quang Hải và bạn gái tin đồn Chu Thanh Huyền tiếp tục lộ ảnh xuất hiện cùng nhau tại đêm nhạc của Hòa Minzy.|thể thao|kienthuc.net|"13:35 | 04/05/2022"
"Thăm nhà bạn gái, Đình Trọng bị hỏi bao giờ ""đưa nàng về dinh"""|https://kienthuc.net.vn/cong-dong-tre/tham-nha-ban-gai-dinh-trong-bi-hoi-bao-gio-dua-nang-ve-dinh-1696482.html|https://photo-cms-kienthuc.zadn.vn/zoom/130_82/Uploaded/nguyenanhson/2022_05_04/2/2_CPAD.jpg|Tranh thủ đợt nghỉ của V-League để các đội tuyển tập trung, Đình Trọng đã có chuyến thăm nhà bạn gái và được netizen hỏi điều này.|thể thao|kienthuc.net|"13:15 | 04/05/2022"
U23 Việt Nam chốt danh sách dự SEA Games 31|https://kienthuc.net.vn/cong-dong-tre/u23-viet-nam-chot-danh-sach-du-sea-games-31-1696610.html|https://photo-cms-kienthuc.zadn.vn/zoom/130_82/Uploaded/nguyenanhson/2022_05_04/anh4_UDYD.jpeg|Sáng 4/5, huấn luyện viên Park Hang-seo cùng các cộng sự đã chốt danh sách 21 cầu thủ đăng ký thi đấu môn bóng đá nam SEA Games 31.|thể thao|kienthuc.net|"12:30 | 04/05/2022"
Điều ít biết về thú nhồi bông Sao La - Linh vật SEA Games 31|https://kienthuc.net.vn/cong-dong-tre/dieu-it-biet-ve-thu-nhoi-bong-sao-la-linh-vat-sea-games-31-1696497.html|https://photo-cms-kienthuc.zadn.vn/zoom/130_82/Uploaded/nguyenanhson/2022_05_04/3/collage_PRIS.png|Không chỉ là món quà tặng các VĐV tham gia thi đấu, thú nhồi bông Sao La - Linh vật SEA Games 31 còn mang nhiều ý nghĩa lớn lao.|thể thao|kienthuc.net|"10:07 | 04/05/2022"
"""Đu trend"" TikTok, Bùi Tiến Dũng và bạn gái lộ điều bất ngờ"|https://kienthuc.net.vn/cong-dong-tre/du-trend-tiktok-bui-tien-dung-va-ban-gai-lo-dieu-bat-ngo-1696269.html|https://photo-cms-kienthuc.zadn.vn/zoom/130_82/Uploaded/nguyenanhson/2022_05_03/7/1_MMQI.jpg|"Mới đây, Bùi Tiến Dũng và bạn gái là siêu mẫu Tây đăng tải đoạn clip ""đu trend"" và từ đó lần đầu lộ nhiều điều bất ngờ cho các fan."|thể thao|kienthuc.net|"06:45 | 04/05/2022"
SEA Games 31 hủy 2 nội dung điền kinh, lý do vì sao?|https://kienthuc.net.vn/cong-dong-tre/sea-games-31-huy-2-noi-dung-dien-kinh-ly-do-vi-sao-1696285.html|https://photo-cms-kienthuc.zadn.vn/zoom/130_82/Uploaded/nguyenanhson/2022_05_03/8/day-ta-nam-sea-games_ICDL.jpeg|Mới đây, BTC SEA Games 31 thông báo 2 nội dung điền kinh gồm đẩy tạ nữ và ném búa nam bị hủy bởi lý do này.|thể thao|kienthuc.net|"06:30 | 04/05/2022"
Trưởng đoàn U23 Myanmar bất ngờ khi tìm được quả bóng thất lạc|https://kienthuc.net.vn/cong-dong-tre/truong-doan-u23-myanmar-bat-ngo-khi-tim-duoc-qua-bong-that-lac-1696331.html|https://photo-cms-kienthuc.zadn.vn/zoom/130_82/Uploaded/thuydung/2022_05_03/4/15_LXDQ.png|U23 Myanmar đã tìm được quả bóng thất lạc trong buổi tập chiều 3/5 và gửi lời cảm ơn tới các cán bộ sân vận động huyện Tam Nông (tỉnh Phú Thọ).|thể thao|kienthuc.net|"21:12 | 03/05/2022"
Bóng đá nữ Việt Nam sẽ làm nên kỳ tích tại SEA Games 31|https://kienthuc.net.vn/cong-dong-tre/bong-da-nu-viet-nam-se-lam-nen-ky-tich-tai-sea-games-31-1696287.html|https://photo-cms-kienthuc.zadn.vn/zoom/130_82/Uploaded/tructoasoan/2022_05_03/2-1-9_HMMU.jpg|SEA Games 31 đã cận kề và Đội tuyển bóng đá nữ Việt Nam đã sẵn sàng. Họ muốn trải nghiệm tận hưởng hương vị chiến thắng trước các khán giả nhà.|thể thao|kienthuc.net|"16:52 | 03/05/2022"
"Lộ thiệp cưới Đức Chinh, netizen phán câu xanh rờn ""chuẩn vựa muối"""|https://kienthuc.net.vn/cong-dong-tre/lo-thiep-cuoi-duc-chinh-netizen-phan-cau-xanh-ron-chuan-vua-muoi-1696197.html|https://photo-cms-kienthuc.zadn.vn/zoom/130_82/Uploaded/nguyenanhson/2022_05_03/3/3_ZYVJ_thumb.jpg|Mới đây, tấm thiệp cưới chính thức của tiền đạo Hà Đức Chinh lộ diện và netizen vào phán câu xanh rờn.|thể thao|kienthuc.net|"13:55 | 03/05/2022"
Người dân mang chiếu, giường xếp hàng từ đêm mua vé xem U23 Việt Nam|https://kienthuc.net.vn/cong-dong-tre/nguoi-dan-mang-chieu-giuong-xep-hang-tu-dem-mua-ve-xem-u23-viet-nam-1696068.html|https://photo-cms-kienthuc.zadn.vn/zoom/130_82/uploaded/thuydung/2022_05_03/3/1_MHSH.png|Nhiều người dân tại Phú Thọ đã màn chiếu, giường để xếp hàng xuyên đêm chờ đợi mua vé xem U23 Việt Nam thi đấu tại SEA Games 31.|thể thao|kienthuc.net|"08:50 | 03/05/2022"
Ngắm cô vợ xinh đẹp nhưng kín tiếng của tay đấm kiếm tiền siêu giỏi|https://kienthuc.net.vn/cong-dong-tre/ngam-co-vo-xinh-dep-nhung-kin-tieng-cua-tay-dam-kiem-tien-sieu-gioi-1695500.html|https://photo-cms-kienthuc.zadn.vn/zoom/130_82/Uploaded/tructoasoan/2022_05_01/saostar-0ip3xck3empy9sew_MPTW.jpg|Canelo là một trong những tay đấm có thu nhập cao nhất thế giới hiện nay, nhưng đời sống cá nhân của anh vẫn luôn gây tò mò vì quá kín tiếng.|thể thao|kienthuc.net|"12:48 | 02/05/2022"
Danh tính dàn dân chơi đồ hiệu khét tiếng của đội tuyển Việt Nam|https://kienthuc.net.vn/cong-dong-tre/danh-tinh-dan-dan-choi-do-hieu-khet-tieng-cua-doi-tuyen-viet-nam-1691876.html|https://photo-cms-kienthuc.zadn.vn/zoom/130_82/Uploaded/nguyenanhson/2022_04_22/4/collage_QZIA.png|Không chỉ ghi dấu ấn trên sân cỏ, các thành viên của đội tuyển Việt Nam còn gây chú ý nhờ gu thời trang ấn tượng và thói quen dùng đồ hiệu.|thể thao|kienthuc.net|"07:00 | 01/05/2022"
Chán xế hộp, Bùi Tiến Dũng đổi gu chơi moto phân khối lớn|https://kienthuc.net.vn/cong-dong-tre/chan-xe-hop-bui-tien-dung-doi-gu-choi-moto-phan-khoi-lon-1695065.html|https://photo-cms-kienthuc.zadn.vn/zoom/130_82/Uploaded/nguyenanhson/2022_04_30/3/collage_YPLM.png|"Sau khi thông tin rao bán xế hộp được đăng tải, mới đây thủ môn Bùi Tiến Dũng bất ngờ đổi gu chơi xe khi xuất hiện với chiếc moto phân khối lớn ""lướt""."|thể thao|kienthuc.net|"07:00 | 30/04/2022"
U23 Việt Nam: Có quá muộn cho thầy Park sửa sai?|https://kienthuc.net.vn/cong-dong-tre/u23-viet-nam-co-qua-muon-cho-thay-park-sua-sai-1694673.html|https://photo-cms-kienthuc.zadn.vn/zoom/130_82/Uploaded/hongngan/2022_04_29/u23-viet-nam-co-qua-muon-cho-thay-park-sua-sai-44aee19ffbbf47c586b1b7ec0ba476ea_IQPD.jpg|HLV Park Hang Seo ghi điểm bằng những phương án bổ sung nhân sự cho U23 Việt Nam, nhưng liệu quyết định của thuyền trưởng có quá muộn.|thể thao|kienthuc.net|"08:25 | 29/04/2022"
Hội mê trai gọi tên hot boy nhảy cầu SN 2000 trước thềm SEA Games|https://kienthuc.net.vn/cong-dong-tre/hoi-me-trai-goi-ten-hot-boy-nhay-cau-sn-2000-truoc-them-sea-games-1694493.html|https://photo-cms-kienthuc.zadn.vn/zoom/130_82/Uploaded/hongnhat/2022_04_28/hotboy-nhay-cau-ok_LZHG.jpg|Tùng Dương là cái tên được giới chuyên môn kỳ vọng ở SEA Games 31.|thể thao|kienthuc.net|"07:18 | 29/04/2022"
“Bạn gái Đoàn Văn Hậu” thi hoa hậu nhờ nguyên tắc “hở 1 điểm“|https://kienthuc.net.vn/cong-dong-tre/ban-gai-doan-van-hau-thi-hoa-hau-nho-nguyen-tac-ho-1-diem-1693061.html|https://photo-cms-kienthuc.zadn.vn/zoom/130_82/Uploaded/nguyenanhson/2022_04_25/4/collage_JNBB.png|"Luôn biết cách chọn đồ để nâng tầm vóc dáng, ""bạn gái Đoàn Văn Hậu"" là Doãn Hải My tạo được sự chú ý mỗi khi xuất hiện."|thể thao|kienthuc.net|"19:55 | 27/04/2022"
Diện đồ này đi làm, bạn gái cũ Bùi Tiến Dũng gây bão mạng|https://kienthuc.net.vn/cong-dong-tre/dien-do-nay-di-lam-ban-gai-cu-bui-tien-dung-gay-bao-mang-1693451.html|https://photo-cms-kienthuc.zadn.vn/zoom/130_82/Uploaded/nguyenanhson/2022_04_26/4/collage_DRUU.png|Thanh Mèo - bạn gái cũ Bùi Tiến Dũng nổi tiếng trên mạng xã hội và nền tảng tiktok nhờ những clip khoe vũ đạo trên đường phố, trong văn phòng,...|thể thao|kienthuc.net|"13:55 | 27/04/2022"
Vừa cưới, vợ chồng Thành Chung vội vã tận hưởng tuần trăng mật|https://kienthuc.net.vn/cong-dong-tre/vua-cuoi-vo-chong-thanh-chung-voi-va-tan-huong-tuan-trang-mat-1693192.html|https://photo-cms-kienthuc.zadn.vn/zoom/130_82/Uploaded/nguyenanhson/2022_04_25/5/c1-1650759533_THZF.jpg|Tranh thủ thời gian được xả hơi khi các giải đấu tại Việt Nam tạm dừng, trung vệ Nguyễn Thành Chung và bà xã đã hưởng tuần trăng mật đầy sang chảnh.|thể thao|kienthuc.net|"07:15 | 26/04/2022"
Mục sở thị chi tiết tấm HCV SEA Games 31 có gì đặc biệt?|https://kienthuc.net.vn/cong-dong-tre/muc-so-thi-chi-tiet-tam-hcv-sea-games-31-co-gi-dac-biet-1693201.html|https://photo-cms-kienthuc.zadn.vn/zoom/130_82/Uploaded/nguyenanhson/2022_04_25/7/4_BGRM.jpg|Ban tổ chức SEA Games 31 mới đây đã tiết lộ chi tiết cụ thể về những tấm huy chương chuẩn bị được trao tại đại hội thể thao Đông Nam Á lần thứ 31|thể thao|kienthuc.net|"06:30 | 26/04/2022"
Bồ cũ Quang Hải diện váy cưới, nhan sắc được netizen khen hết lời|https://kienthuc.net.vn/cong-dong-tre/bo-cu-quang-hai-dien-vay-cuoi-nhan-sac-duoc-netizen-khen-het-loi-1692608.html|https://photo-cms-kienthuc.zadn.vn/zoom/130_82/Uploaded/thutrang/2022_04_24/1/collage_RXBL.png|Tình cũ của cầu thủ Quang Hải - Huyền My mới đây gây chú ý khi cập nhật dòng trạng thái mới đính kèm loạt hình ảnh diện váy cưới xinh đẹp.|thể thao|kienthuc.net|"13:35 | 24/04/2022"
"Rộ tin thủ môn Bùi Tiến Dũng và bạn gái Tây đón ""tin vui"""|https://kienthuc.net.vn/cong-dong-tre/ro-tin-thu-mon-bui-tien-dung-va-ban-gai-tay-don-tin-vui-1692501.html|https://photo-cms-kienthuc.zadn.vn/zoom/130_82/Uploaded/hongnhat/2022_04_23/saostar-3tu6w1wp5yjzmmv0_OVLL.jpg|Bài đăng của bạn thân 'thủ môn quốc dân' Bùi Tiến Dũng đã thu hút sự quan tâm của cộng đồng mạng.|thể thao|kienthuc.net|"07:42 | 24/04/2022"
Canh giờ chúc mừng sinh nhật bạn gái, Hoàng Đức khiến netizen ghen tị|https://kienthuc.net.vn/cong-dong-tre/canh-gio-chuc-mung-sinh-nhat-ban-gai-hoang-duc-khien-netizen-ghen-ti-1692346.html|https://photo-cms-kienthuc.zadn.vn/zoom/130_82/Uploaded/thutrang/2022_04_23/2/collage_CMLK.png|Canh đúng 0 giờ để chúc mừng sinh nhật bạn gái, tiền vệ Hoàng Đức khiến netizen ghen tị bởi sự quan tâm yêu chiều đối phương hết mực.|thể thao|kienthuc.net|"19:35 | 23/04/2022"
Bạn gái cựu tuyển thủ đội tuyển Việt Nam khoe tài khoản tiền tỷ|https://kienthuc.net.vn/cong-dong-tre/ban-gai-cuu-tuyen-thu-doi-tuyen-viet-nam-khoe-tai-khoan-tien-ty-1692334.html|https://photo-cms-kienthuc.zadn.vn/zoom/130_82/Uploaded/nguyenanhson/2022_04_23/1/collage_FSTB.png|Thùy Dương bạn gái cựu tuyển thủ đội tuyển Việt Nam là Huy Hùng vừa khoe tài khoản nhảy số tiền tỷ khiến cho ai nấy đều mắt tròn mắt dẹt.|thể thao|kienthuc.net|"19:15 | 23/04/2022"
Chia tay Bùi Tiến Dũng, Thanh mèo đẹp căng mọng, tràn đầy sức sống|https://kienthuc.net.vn/cong-dong-tre/chia-tay-bui-tien-dung-thanh-meo-dep-cang-mong-tran-day-suc-song-1692025.html|https://photo-cms-kienthuc.zadn.vn/zoom/130_82/Uploaded/nguyenanhson/2022_04_22/10/collage_SYAF.png|"Hậu chia tay Bùi Tiến Dũng, Thanh Mèo từng được báo Trung Quốc ca ngợi là có vẻ đẹp căng mọng, gợi cảm, tràn đầy sức sống, hệt như ""em gái nhà bên""."|thể thao|kienthuc.net|"13:55 | 23/04/2022"
Các nữ cung thủ khiến bao chàng xin được “vạn tiễn xuyên tim”|https://kienthuc.net.vn/cong-dong-tre/cac-nu-cung-thu-khien-bao-chang-xin-duoc-van-tien-xuyen-tim-1691616.html|https://photo-cms-kienthuc.zadn.vn/zoom/130_82/Uploaded/quocquan/2022_04_19/10-1649036374-181-width650height500_SDSS.jpg|"Nhiều mỹ nhân gây chú ý trên khi đi bắn cung vì ăn vận ""mát mẻ"", khoe đường cong mĩ miều, khiến cánh mày râu dễ bị ""mất tập trung""."|thể thao|kienthuc.net|"07:36 | 23/04/2022"
Vợ Phan Văn Đức xinh đẹp dự sự kiện sau sinh con nửa tháng|https://kienthuc.net.vn/cong-dong-tre/vo-phan-van-duc-xinh-dep-du-su-kien-sau-sinh-con-nua-thang-1692003.html|https://photo-cms-kienthuc.zadn.vn/zoom/130_82/Uploaded/thutrang/2022_04_22/4/anh_bia_ZWMX.jpg|Hình ảnh vợ Phan Văn Đức xuất hiện cực xinh đẹp trong sự kiện khai trương mới đây làm người hâm mộ hết sức trầm trồ.|thể thao|kienthuc.net|"19:55 | 22/04/2022"
Bạn gái Bùi Tiến Dũng lộ bụng to, netizen bày tỏ sự nghi vấn|https://kienthuc.net.vn/cong-dong-tre/ban-gai-bui-tien-dung-lo-bung-to-netizen-bay-to-su-nghi-van-1692001.html|https://photo-cms-kienthuc.zadn.vn/zoom/130_82/Uploaded/thutrang/2022_04_22/5/anh_bia_NYAA.jpg|Bạn gái của Bùi Tiến Dũng mới đây xuất hiện với vòng hai to bất thường khi đi đám cưới Hồ Tấn Tài, cũng từ đây mà netizen đặt ra nghi vấn mang thai.|thể thao|kienthuc.net|"19:35 | 22/04/2022"
Thắng nhẹ U20 Hàn Quốc, U23 Việt Nam còn nhiều việc trước SEA Games|https://kienthuc.net.vn/cong-dong-tre/thang-nhe-u20-han-quoc-u23-viet-nam-con-nhieu-viec-truoc-sea-games-1691928.html|https://photo-cms-kienthuc.zadn.vn/zoom/130_82/uploaded/nguyenanhson/2022_04_22/6/truc-tiep-u23-viet-nam-u20-han-quoc-van-tung-vo-le-mo-diem-Hinh-4.jpg|Bằng bàn thắng duy nhất của Văn Tùng ở phút cuối hiệp 1, U23 Việt Nam vượt qua U20 Hàn Quốc trước thềm SEA Games 31.|thể thao|kienthuc.net|"14:00 | 22/04/2022"
“Team qua đường” bắt gặp Văn Hậu nắm tay bạn gái không rời|https://kienthuc.net.vn/cong-dong-tre/team-qua-duong-bat-gap-van-hau-nam-tay-ban-gai-khong-roi-1691844.html|https://photo-cms-kienthuc.zadn.vn/zoom/130_82/Uploaded/thutrang/2022_04_22/2/anh_bia_VXXO.jpg|Liên tiếp xuất hiện những khoảnh khắc Đoàn Văn Hậu tình tứ với bạn gái tin đồn, tuy nhiên người trong cuộc đến hiện tại nhất quyết không công khai.|thể thao|kienthuc.net|"13:15 | 22/04/2022"
Sắp khởi tranh giải bóng đá Cup Phóng viên Thời sự lần III|https://kienthuc.net.vn/cong-dong-tre/sap-khoi-tranh-giai-bong-da-cup-phong-vien-thoi-su-lan-iii-1691938.html|https://photo-cms-kienthuc.zadn.vn/zoom/130_82/Uploaded/ducthuan/2022_04_22/fc-thoi-su-1124_XUHY.png|Giải bóng đá Cup Phóng viên Thời sự lần III sẽ được tổ chức vào sáng chủ nhật (24/4) tới đây tại sân Thành Phát (đường Hoàng Minh Giám, Hà Nội).|thể thao|kienthuc.net|"13:07 | 22/04/2022"
Duy Mạnh xin kinh nghiệm “mang tiền về cho vợ”, Quỳnh Anh đáp chất|https://kienthuc.net.vn/cong-dong-tre/duy-manh-xin-kinh-nghiem-mang-tien-ve-cho-vo-quynh-anh-dap-chat-1691542.html|https://photo-cms-kienthuc.zadn.vn/zoom/130_82/Uploaded/nguyenanhson/2022_04_21/5/collage_GKCF.png|"Đăng ảnh đứng cạnh Đen Vâu với dòng caption ""xin kinh nghiệm mang tiền về cho vợ"", Duy Mạnh nhận câu đáp trả chất đến từ ""công chúa béo"" Quỳnh Anh."|thể thao|kienthuc.net|"07:00 | 22/04/2022"
"""Mất tích"" ở đội tuyển Việt Nam, Đoàn Văn Hậu làm gì?"|https://kienthuc.net.vn/cong-dong-tre/mat-tich-o-doi-tuyen-viet-nam-doan-van-hau-lam-gi-1691318.html|https://photo-cms-kienthuc.zadn.vn/zoom/130_82/Uploaded/nguyenanhson/2022_04_21/2/collage_HMMC.png|Vắng bóng tại đội tuyển Việt Nam trong thời gian dài, nhiều người tò mò về cuộc sống hiện tại của Đoàn Văn Hậu.|thể thao|kienthuc.net|"13:15 | 21/04/2022"
Hòa U20 Hàn Quốc, U23 Việt Nam chạy đà tới SEA Games 31|https://kienthuc.net.vn/cong-dong-tre/hoa-u20-han-quoc-u23-viet-nam-chay-da-toi-sea-games-31-1690518.html|https://photo-cms-kienthuc.zadn.vn/zoom/130_82/Uploaded/nguyenanhson/2022_04_19/3/8_VHTL.png|Dù là trận giao hữu nhưng cả U23 Việt Nam lẫn U20 Hàn Quốc đều vào sân quyết tâm và đưa chất lượng thi đấu lên rất cao.|thể thao|kienthuc.net|"14:00 | 19/04/2022"
Đăng ảnh ngố của vợ, Phan Văn Đức bị dọa cho ngủ ngoài|https://kienthuc.net.vn/cong-dong-tre/dang-anh-ngo-cua-vo-phan-van-duc-bi-doa-cho-ngu-ngoai-1689758.html|https://photo-cms-kienthuc.zadn.vn/zoom/130_82/Uploaded/quocquan/2022_04_17/saostar-vel9csd8yf85uuhf_JWBL.JPG|Vừa đăng ảnh của vợ lên mạng xã hội, Phan Văn Đức phải xóa ngay lập tức vì bị Nhật Linh dọa cho ngủ ngoài ghế sofa.|thể thao|kienthuc.net|"07:36 | 19/04/2022"
Bùi Tiến Dũng và bạn gái Tây ghi điểm khi đi từ thiện|https://kienthuc.net.vn/cong-dong-tre/bui-tien-dung-va-ban-gai-tay-ghi-diem-khi-di-tu-thien-1690200.html|https://photo-cms-kienthuc.zadn.vn/zoom/130_82/Uploaded/nguyenanhson/2022_04_18/5/2_FFRR_thumb.jpg|Tranh thủ thời gian rảnh rỗi, Bùi Tiến Dũng và bạn gái Tây đã ghi điểm cực cao trong mắt fan khi cùng dắt tay nhau đi làm từ thiện.|thể thao|kienthuc.net|"06:45 | 19/04/2022"
"Vừa cưới xong, vợ Thành Chung bị dìm nhan sắc ""chìm nghỉm"""|https://kienthuc.net.vn/cong-dong-tre/vua-cuoi-xong-vo-thanh-chung-bi-dim-nhan-sac-chim-nghim-1690032.html|https://photo-cms-kienthuc.zadn.vn/zoom/130_82/Uploaded/thutrang/2022_04_18/1/anh_bia_NUUF.jpg|Trong loạt ảnh cưới từ người thân bạn bè, vợ cầu thủ Nguyễn Thành Chung bị dìm nhan sắc phần nào, tuy nhiên netizen lại dành lời khen ngợi.|thể thao|kienthuc.net|"13:35 | 18/04/2022"
"Bạn gái Đoàn Văn Hậu hé lộ về việc ""nghiện"" đồ local brand"|https://kienthuc.net.vn/cong-dong-tre/ban-gai-doan-van-hau-he-lo-ve-viec-nghien-do-local-brand-1690005.html|https://photo-cms-kienthuc.zadn.vn/zoom/130_82/Uploaded/nguyenanhson/2022_04_18/1/collage_UVZF.png|Dù được biết đến là tiểu thư nhưng bạn gái Đoàn Văn Hậu lại vô cùng thích thú với dòng thời trang bình dân, local brand bởi điều này.|thể thao|kienthuc.net|"13:15 | 18/04/2022"
Bạn gái cũ Quang Hải đu trend Yahoo, nhan sắc dậy thì ra sao?|https://kienthuc.net.vn/cong-dong-tre/ban-gai-cu-quang-hai-du-trend-yahoo-nhan-sac-day-thi-ra-sao-1689784.html|https://photo-cms-kienthuc.zadn.vn/zoom/130_82/Uploaded/thutrang/2022_04_17/2/collage_DRRU.png|Khác hẳn với hình ảnh trong quá khứ, nhan sắc hiện tại của bạn gái cũ Quang Hải - Huỳnh Anh xinh đẹp hơn rất nhiều.|thể thao|kienthuc.net|"07:35 | 18/04/2022"
"Hậu ảnh ôm nhau, Đoàn Văn Hậu và bạn gái lộ ""hint"" đồ đôi"|https://kienthuc.net.vn/cong-dong-tre/hau-anh-om-nhau-doan-van-hau-va-ban-gai-lo-hint-do-doi-1689341.html|https://photo-cms-kienthuc.zadn.vn/zoom/130_82/Uploaded/nguyenanhson/2022_04_16/1/6_KVXU.png|"Sau bức ảnh ôm nhau trong đám cưới của Thành Chung, Đoàn Văn Hậu và bạn gái lại bị netizen soi triệt để khi lộ ""hint"" đồ đôi."|thể thao|kienthuc.net|"13:55 | 16/04/2022"
Hồ Tấn Tài và bạn gái lộ ảnh cưới trước ngày trọng đại|https://kienthuc.net.vn/cong-dong-tre/ho-tan-tai-va-ban-gai-lo-anh-cuoi-truoc-ngay-trong-dai-1689078.html|https://photo-cms-kienthuc.zadn.vn/zoom/130_82/Uploaded/thutrang/2022_04_15/4/anh_bia_BGDF.jpg|Những hình ảnh cưới đầu tiên của cầu thủ Hồ Tấn Tài và bạn gái lâu năm đã được lộ diện trên mạng xã hội.|thể thao|kienthuc.net|"07:35 | 16/04/2022"
Cuối cùng Đoàn Văn Hậu và bạn gái cũng chịu ôm nhau tình tứ|https://kienthuc.net.vn/cong-dong-tre/cuoi-cung-doan-van-hau-va-ban-gai-cung-chiu-om-nhau-tinh-tu-1688862.html|https://photo-cms-kienthuc.zadn.vn/zoom/130_82/Uploaded/nguyenanhson/2022_04_15/1/1_AYYA.jpg|Chưa từng công khai mối quan hệ nhưng Đoàn Văn Hậu và Doãn Hải My vừa để lộ khoảnh khắc tình tứ tại đám cưới Thành Chung.|thể thao|kienthuc.net|"13:15 | 15/04/2022"
Danh tính cô gái nghi là dâu cả tương lai nhà bầu Hiển|https://kienthuc.net.vn/cong-dong-tre/danh-tinh-co-gai-nghi-la-dau-ca-tuong-lai-nha-bau-hien-1687872.html|https://photo-cms-kienthuc.zadn.vn/zoom/130_82/Uploaded/tructoasoan/2022_04_12/do-quang-vinh-ok_HGMC.jpg|Đỗ Quang Vinh gây chú ý xuất hiện bên cô gái lạ.|thể thao|kienthuc.net|"07:48 | 14/04/2022"
Văn Toàn và em gái Công Vinh đón sinh nhật tưng bừng|https://kienthuc.net.vn/cong-dong-tre/van-toan-va-em-gai-cong-vinh-don-sinh-nhat-tung-bung-1687870.html|https://photo-cms-kienthuc.zadn.vn/zoom/130_82/Uploaded/tructoasoan/2022_04_12/saostar-rjahhggftlwbdsdu_YLEQ.jpeg|Nhân dịp sinh nhật vào hôm nay (12/4), “chủ tịch” Văn Toàn đã đón sinh nhật đầy hoành tráng cùng các người bạn, trong đó có em gái của Công Vinh.|thể thao|kienthuc.net|"07:45 | 14/04/2022"
Sắm siêu xe, Tiến Linh lộ cơ ngơi cùng tài sản “khủng” tuổi 25|https://kienthuc.net.vn/cong-dong-tre/sam-sieu-xe-tien-linh-lo-co-ngoi-cung-tai-san-khung-tuoi-25-1688010.html|https://photo-cms-kienthuc.zadn.vn/zoom/130_82/Uploaded/thutrang/2022_04_13/2/anh_bia_JNZC.jpg|"Không chỉ gây bất ngờ khi sắm xe hơi mới đây, Tiến Linh trước đó từng làm netizen trầm trồ khi có trong tay nhiều tài sản ""khủng"" dù tuổi còn trẻ."|thể thao|kienthuc.net|"13:35 | 13/04/2022"
Real Madrid biến Chelsea thành cựu vương sau 120 phút căng thẳng|https://kienthuc.net.vn/cong-dong-tre/real-madrid-bien-chelsea-thanh-cuu-vuong-sau-120-phut-cang-thang-1687927.html|https://photo-cms-kienthuc.zadn.vn/zoom/130_82/Uploaded/thuydung/2022_04_13/realchelsea2_VWWX.jpg|Real Madrid đã chính thức biến Chelsea trở thành cựu vương để ghi tên mình vào bán kết Champions League mùa này với chiến thắng chung cuộc 5-4.|thể thao|kienthuc.net|"08:25 | 13/04/2022"
Nữ cầu thủ đáp trả khi bị troll “có ngoại hình hơn là tài năng”|https://kienthuc.net.vn/cong-dong-tre/nu-cau-thu-dap-tra-khi-bi-troll-co-ngoai-hinh-hon-la-tai-nang-1687499.html|https://photo-cms-kienthuc.zadn.vn/zoom/130_82/Uploaded/tructoasoan/2022_04_12/cau-thu-xinh-1649407651-271-width640height480_VRVL.jpg|Cô gái 22 tuổi đã chơi bóng đá từ khi còn là một đứa trẻ, trong khi cô yêu thích môn thể thao này thì lại bị những kẻ troll nói rằng cô không biết gì về nó.|thể thao|kienthuc.net|"12:48 | 12/04/2022"
Hiếm hoi đăng ảnh gợi cảm, tình cũ Quang Hải lộ vóc dáng chuẩn|https://kienthuc.net.vn/cong-dong-tre/hiem-hoi-dang-anh-goi-cam-tinh-cu-quang-hai-lo-voc-dang-chuan-1687314.html|https://photo-cms-kienthuc.zadn.vn/zoom/130_82/Uploaded/thutrang/2022_04_11/2/collage_MBXB.png|Mới đây bạn gái cũ của Quang Hải - Huỳnh Anh gây chú ý khi đăng ảnh diện bikini, nhan sắc cô nàng được nhiều người khen ngợi.|thể thao|kienthuc.net|"07:35 | 12/04/2022"
Hà Nội đếm ngược 31 ngày hướng tới SEA Games 31|https://kienthuc.net.vn/cong-dong-tre/ha-noi-dem-nguoc-31-ngay-huong-toi-sea-games-31-1687135.html|https://photo-cms-kienthuc.zadn.vn/zoom/130_82/uploaded/nguyenanhson/2022_04_11/3/ntd9232_NKCT.JPG|Mới đây, Lễ phát động “Hà Nội đếm ngược 31 ngày hướng tới SEA Games 31” đã diễn ra thu hút được sự quan tâm của quần chúng nhân dân Thủ đô.|thể thao|kienthuc.net|"09:41 | 11/04/2022"
Cõi mạng xôn xao, thủ môn Bùi Tiến Dũng bán siêu xe trả nợ?|https://kienthuc.net.vn/cong-dong-tre/coi-mang-xon-xao-thu-mon-bui-tien-dung-ban-sieu-xe-tra-no-1686880.html|https://photo-cms-kienthuc.zadn.vn/zoom/130_82/Uploaded/nguyenanhson/2022_04_10/1/8_NBPW.jpg|Mới đây, thông tin thủ môn Bùi Tiến Dũng bán siêu xe trả nợ trở thành tâm điểm chú ý của netizen. Nhiều người đặt câu hỏi cuộc sống của anh chàng giờ ra sao?|thể thao|kienthuc.net|"13:15 | 10/04/2022"
Nhan sắc đời thực xinh như mộng của vợ sắp cưới Hồ Tấn Tài|https://kienthuc.net.vn/cong-dong-tre/nhan-sac-doi-thuc-xinh-nhu-mong-cua-vo-sap-cuoi-ho-tan-tai-1686680.html|https://photo-cms-kienthuc.zadn.vn/zoom/130_82/Uploaded/thutrang/2022_04_09/3/collage_XRGI.png|Vợ sắp cưới của Hồ Tấn Tài ghi điểm bởi body nuột nà và gu ăn mặc gợi cảm. Ngoài ra nàng WAG còn được khen ngợi là sở hữu nét đẹp chuẩn Á Đông.|thể thao|kienthuc.net|"19:35 | 09/04/2022"
HLV Park Hang Seo chọn 3 cầu thủ quá tuổi cho U23 Việt Nam|https://kienthuc.net.vn/cong-dong-tre/hlv-park-hang-seo-chon-3-cau-thu-qua-tuoi-cho-u23-viet-nam-1686314.html|https://photo-cms-kienthuc.zadn.vn/zoom/130_82/Uploaded/nguyenanhson/2022_04_08/27758256430785440557912528549048147086429749n-14153747_OEKA.jpeg|HLV Park Hang Seo không điền tên Quang Hải vào danh sách tham dự SEA Games 31 cùng U23 Việt Nam.|thể thao|kienthuc.net|"16:31 | 08/04/2022"
Bạn gái tin đồn Quang Hải bật khóc vì tâm sự của bạn trai|https://kienthuc.net.vn/cong-dong-tre/ban-gai-tin-don-quang-hai-bat-khoc-vi-tam-su-cua-ban-trai-1686187.html|https://photo-cms-kienthuc.zadn.vn/zoom/130_82/Uploaded/thutrang/2022_04_08/1/anh_bia_VXDO.jpg|Những chia sẻ của Quang Hải khi chia tay Hà Nội FC đã làm không chỉ người hâm mộ, mà kể cả bạn gái tin đồn cũng phải bật khóc xúc động.|thể thao|kienthuc.net|"13:55 | 08/04/2022"
Video: Thua trận, cầu thủ nữ cởi áo đuổi đánh trọng tài ngay trên sân|https://kienthuc.net.vn/truyen-hinh-video/video-thua-tran-cau-thu-nu-coi-ao-duoi-danh-trong-tai-ngay-tren-san-1685889.html|https://photo-cms-kienthuc.zadn.vn/zoom/130_82/Uploaded/dinhcuc/2022_04_07/v/10_IKAU.gif|Có lẽ do quá bực tức vì thua trận, một cầu thủ nữ đã lột áo và lao tới tấn công trọng tài ngay trên sân.|thể thao|kienthuc.net|"00:51 | 08/04/2022"
Bùi Tiến Dũng và 12 cầu thủ CLB TP HCM ngừng tập luyện|https://kienthuc.net.vn/cong-dong-tre/bui-tien-dung-va-12-cau-thu-clb-tp-hcm-ngung-tap-luyen-1685951.html|https://photo-cms-kienthuc.zadn.vn/zoom/130_82/Uploaded/nguyenanhson/2022_04_07/13_cau_thu_tp.hcm_dinh_cong_zing_ZSWM.JPG|Thủ môn Bùi Tiến Dũng và 12 đồng đội đã lãn công để phản đối quyết sách của lãnh đạo CLB TP HCM về khoản tiền lót tay mùa giải 2021.|thể thao|kienthuc.net|"19:11 | 07/04/2022"
Chọn 27 cầu thủ U23, ông Park thận trọng với 3 tuyển thủ quốc gia|https://kienthuc.net.vn/cong-dong-tre/chon-27-cau-thu-u23-ong-park-than-trong-voi-3-tuyen-thu-quoc-gia-1685075.html|https://photo-cms-kienthuc.zadn.vn/zoom/130_82/Uploaded/manhhung/2022_04_05/plo-park-sing_jrwj_EAMX.jpg|Ngày 5/4, HLV Park Hang-seo đã công bố danh sách 27 cầu thủ dưới 23 tuổi cho giai đoạn tập trung cuối cùng chuẩn bị tham dự SEA Games 31.|thể thao|kienthuc.net|"21:33 | 05/04/2022"
Chính thức: VFF ký hợp đồng 1 năm với người thay HLV Park Hang-seo|https://kienthuc.net.vn/cong-dong-tre/chinh-thuc-vff-ky-hop-dong-1-nam-voi-nguoi-thay-hlv-park-hang-seo-1685077.html|https://photo-cms-kienthuc.zadn.vn/zoom/130_82/Uploaded/manhhung/2022_04_05/2newfolder/akr20220405144300007_FVZT.jpg|DJ Management xác nhận, huấn luyện viên Gong Oh-kyun đã ký hợp đồng với Liên đoàn bóng đá Việt Nam (VFF) để thay cho ông Park Hang-seo dẫn dắt đội U23 Việt Nam,|thể thao|kienthuc.net|"21:14 | 05/04/2022"
Hà Nội FC tặng vé mời cho CĐV trong trận cuối cùng của Quang Hải|https://kienthuc.net.vn/cong-dong-tre/ha-noi-fc-tang-ve-moi-cho-cdv-trong-tran-cuoi-cung-cua-quang-hai-1685067.html|https://photo-cms-kienthuc.zadn.vn/zoom/130_82/Uploaded/manhhung/2022_04_05/2newfolder/quang-hai-chay-1516782160215_TMUD.jpg|Hà Nội FC tặng 2.500 vé mời cho cổ động viên trong trận gặp Công An Nhân Dân ở vòng loại Cúp Quốc gia hôm 7/4 tới.|thể thao|kienthuc.net|"21:06 | 05/04/2022"
SEA Games 31: Đội tuyển Golf chủ nhà đặt ra mục tiêu gì?|https://kienthuc.net.vn/cong-dong-tre/sea-games-31-doi-tuyen-golf-chu-nha-dat-ra-muc-tieu-gi-1685030.html|https://photo-cms-kienthuc.zadn.vn/zoom/130_82/Uploaded/nguyenanhson/2022_04_05/5/1_ENCV.jpg|Tham gia SEA Games 31 được tổ chức trên sân nhà với các gương mặt còn khá trẻ, 7/9 golfer dưới 18 tuổi nhưng đội tuyển Golf Việt Nam mạnh dạn đặt mục tiêu.|thể thao|kienthuc.net|"17:46 | 05/04/2022"
Vợ hậu vệ Nguyễn Văn Dũng làm netizen trầm trồ vóc dáng sau sinh|https://kienthuc.net.vn/cong-dong-tre/vo-hau-ve-nguyen-van-dung-lam-netizen-tram-tro-voc-dang-sau-sinh-1684552.html|https://photo-cms-kienthuc.zadn.vn/zoom/130_82/Uploaded/thutrang/2022_04_04/8/anh_bia_LGWB.jpg|Sinh con đầu lòng được 3 tháng, vợ của hậu vệ Nguyễn Văn Dũng đã lấy lại vóc dáng vô cùng nuột nà đến khó tin.|thể thao|kienthuc.net|"07:55 | 05/04/2022"
Bạn gái Hoàng Đức nhận xế hộp, Tiến Linh lập tức vào trêu chọc|https://kienthuc.net.vn/cong-dong-tre/ban-gai-hoang-duc-nhan-xe-hop-tien-linh-lap-tuc-vao-treu-choc-1684423.html|https://photo-cms-kienthuc.zadn.vn/zoom/130_82/Uploaded/nguyenanhson/2022_04_04/2/4_OQOI.jpg|Mới đây, bạn gái Hoàng Đức là Gia Hân khoe cảnh nhận xế hộp mới, ngay lập thu hút sự chú ý của đồng đội và netizen.|thể thao|kienthuc.net|"19:15 | 04/04/2022"
Lộ thời điểm siêu đám cưới của Nguyễn Thành Chung và bạn gái|https://kienthuc.net.vn/cong-dong-tre/lo-thoi-diem-sieu-dam-cuoi-cua-nguyen-thanh-chung-va-ban-gai-1684302.html|https://photo-cms-kienthuc.zadn.vn/zoom/130_82/Uploaded/thutrang/2022_04_04/1/anh_bia_CYZD.jpg|Trên các diễn đàn, cư dân mạng đang tích cực lan truyền hình ảnh thiệp cưới của cầu thủ Nguyễn Thành Chung và bạn gái Ngô Tố Uyên.|thể thao|kienthuc.net|"13:35 | 04/04/2022"
Lý do HLV Park bổ sung hàng công U23 Việt Nam ở SEA Games?|https://kienthuc.net.vn/cong-dong-tre/ly-do-hlv-park-bo-sung-hang-cong-u23-viet-nam-o-sea-games-1684089.html|https://photo-cms-kienthuc.zadn.vn/zoom/130_82/Uploaded/nguyenanhson/2022_04_03/6/3_OFIH.jpg|Chưa công bố cầu thủ trên 23 tuổi chuẩn bị cho SEA Games 31 nhưng nhiều NHM tin tưởng vào việc HLV Park Hang Seo sẽ bổ sung hàng công cho U23 Việt Nam.|thể thao|kienthuc.net|"06:30 | 04/04/2022"
Đu trend “TikTok” vợ cầu thủ Duy Mạnh ngầm khoe đồ hiệu giá “khủng“|https://kienthuc.net.vn/cong-dong-tre/du-trend-tiktok-vo-cau-thu-duy-manh-ngam-khoe-do-hieu-gia-khung-1684021.html|https://photo-cms-kienthuc.zadn.vn/zoom/130_82/Uploaded/thutrang/2022_04_03/4/collage_BDYR.png|Màn đu trend mới đây của vợ Duy Mạnh - Quỳnh Anh đã khiến cư dân mạng phải choáng bởi số đồ hiệu đằng sau toàn hàng hiệu xa xỉ.|thể thao|kienthuc.net|"19:15 | 03/04/2022"
Cuộc sống trong mơ của nàng kỵ sĩ đua ngựa tài năng và xinh đẹp|https://kienthuc.net.vn/cong-dong-tre/cuoc-song-trong-mo-cua-nang-ky-si-dua-ngua-tai-nang-va-xinh-dep-1682881.html|https://photo-cms-kienthuc.zadn.vn/zoom/130_82/Uploaded/quocquan/2022_03_31/cuoc-song-trong-mo-cua-nang-ky-si-dua-ngua-tai-nang-va-xinh-depdocx-1648387178732_QBRW.jpeg|Ở tuổi 32, nữ kỵ sĩ Rachael Blackmore đã có trong tay gần như tất cả, từ nhan sắc, thành công, tiền tài cho tới một tình yêu ngọt ngào và bền chặt.|thể thao|kienthuc.net|"07:24 | 01/04/2022"
Cầu thủ đội tuyển Việt Nam buộc Nhật Bản chia điểm là ai?|https://kienthuc.net.vn/cong-dong-tre/cau-thu-doi-tuyen-viet-nam-buoc-nhat-ban-chia-diem-la-ai-1682105.html|https://photo-cms-kienthuc.zadn.vn/zoom/130_82/Uploaded/nguyenanhson/2022_03_29/7/1_LHUM.jpg|Vẻ ngoài điển trai, người hùng sắm vai giúp đội tuyển Việt Nam buộc Nhật Bản chia điểm trên sân nhà chiếm trọn trái tim của hội chị em.|thể thao|kienthuc.net|"06:45 | 30/03/2022"
Đội tuyển Việt Nam buộc Nhật Bản phải chia điểm ngay trên sân nhà|https://kienthuc.net.vn/cong-dong-tre/doi-tuyen-viet-nam-buoc-nhat-ban-phai-chia-diem-ngay-tren-san-nha-1681929.html|https://photo-cms-kienthuc.zadn.vn/zoom/130_82/Uploaded/nguyenanhson/2022_03_29/3/15_HQVY.jpg|Dù gặp nhiều khó khăn và bị đánh giá không cao trước Nhật Bản nhưng đội tuyển Việt Nam xuất sắc cầm hòa đội chủ nhà ngày hạ màn vòng loại cuối World Cup 2022.|thể thao|kienthuc.net|"14:07 | 29/03/2022"
Nhận định đội tuyển Việt Nam - Nhật Bản: Không còn gì để mất|https://kienthuc.net.vn/cong-dong-tre/nhan-dinh-doi-tuyen-viet-nam-nhat-ban-khong-con-gi-de-mat-1681741.html|https://photo-cms-kienthuc.zadn.vn/zoom/130_82/uploaded/nguyenanhson/2022_03_29/1/1_WZBM.jpg|Đội tuyển Việt Nam sẽ kết thúc hành trình ở AFC Asian Qualifiers - Road to Qatar (Vòng loại thứ 3 World Cup - Khu vực châu Á) bằng màn so tài với Nhật Bản.|thể thao|kienthuc.net|"09:33 | 29/03/2022"
Không lên đội tuyển Việt Nam, thủ môn Bùi Tiến Dũng khoe 6 múi|https://kienthuc.net.vn/cong-dong-tre/khong-len-doi-tuyen-viet-nam-thu-mon-bui-tien-dung-khoe-6-mui-1681077.html|https://photo-cms-kienthuc.zadn.vn/zoom/130_82/Uploaded/nguyenanhson/2022_03_27/3/collage_UOCJ.png|Không hổ danh là nam thần của bóng đá Việt Nam, mới đây thủ môn Bùi Tiến Dũng lại khiến hội chị em phải ngả nghiêng khi khoe body đẹp không chỗ chê.|thể thao|kienthuc.net|"06:45 | 28/03/2022"
Sắc vóc ấn tượng của bạn gái Đặng Văn Lâm sau 4 năm yêu|https://kienthuc.net.vn/cong-dong-tre/sac-voc-an-tuong-cua-ban-gai-dang-van-lam-sau-4-nam-yeu-1679863.html|https://photo-cms-kienthuc.zadn.vn/zoom/130_82/Uploaded/thutrang/2022_03_24/3/anh_bia_QIOC.jpg|Bạn gái Đặng Văn Lâm - Yến Xuân sở hữu thân hình hoàn hảo, ngày càng xinh đẹp sau 4 năm yêu chàng cầu thủ.|thể thao|kienthuc.net|"19:15 | 24/03/2022"
Đội tuyển Việt Nam thất bại trước Oman từ tính huống bóng chết|https://kienthuc.net.vn/cong-dong-tre/doi-tuyen-viet-nam-that-bai-truoc-oman-tu-tinh-huong-bong-chet-1679821.html|https://photo-cms-kienthuc.zadn.vn/zoom/130_82/uploaded/nguyenanhson/2022_03_24/6/truc-tiep-doi-tuyen-viet-nam-0-0-oman-nhap-cuoc-tu-tin-Hinh-6.jpg|Bằng bàn thắng duy nhất từ tình huống đánh đầu của Khalid Al-Hajri, Oman đã vượt qua đội tuyển Việt Nam với tỷ số 1-0 ngay trên SVĐ Mỹ Đình.|thể thao|kienthuc.net|"14:00 | 24/03/2022"
Nhận định đội tuyển Việt Nam - Oman: Điểm tựa từ CĐV và sân nhà|https://kienthuc.net.vn/cong-dong-tre/nhan-dinh-doi-tuyen-viet-nam-oman-diem-tua-tu-cdv-va-san-nha-1679684.html|https://photo-cms-kienthuc.zadn.vn/zoom/130_82/Uploaded/nguyenanhson/2022_03_24/3/5_NIVR.jpg|Đội tuyển Việt Nam sẽ đón Oman trên sân Mỹ Đình ở lượt áp chót vòng loại thứ 3 World Cup 2022 khu vực châu Á diễn ra vào lúc 19h hôm nay 24/3.|thể thao|kienthuc.net|"09:45 | 24/03/2022"
Ảnh cưới bồ cũ Quang Hải với bạn trai nổi tiếng|https://kienthuc.net.vn/cong-dong-tre/anh-cuoi-bo-cu-quang-hai-voi-ban-trai-noi-tieng-1679317.html|https://photo-cms-kienthuc.zadn.vn/zoom/130_82/Uploaded/quocquan/2022_03_23/quang-hai-1_JWKG.jpg|Huyền My và diễn viên Anh Tú đã cùng nhau đi chụp ảnh cưới.|thể thao|kienthuc.net|"07:27 | 24/03/2022"
"Phản ứng lạ Quang Hải sau quyết định ""dứt áo"" khỏi CLB Hà Nội"|https://kienthuc.net.vn/cong-dong-tre/phan-ung-la-quang-hai-sau-quyet-dinh-dut-ao-khoi-clb-ha-noi-1679311.html|https://photo-cms-kienthuc.zadn.vn/zoom/130_82/Uploaded/quocquan/2022_03_23/quang-hai-2_KHBG.jpg|Đây là phản ứng đầu tiên của chân sút SN 1997 sau tin không tái ký hợp đồng với CLB Hà Nội.|thể thao|kienthuc.net|"07:21 | 24/03/2022"
CLB Hoàng Anh Gia Lai trao học bổng cho học sinh khó khăn|https://kienthuc.net.vn/cong-dong-tre/clb-hoang-anh-gia-lai-trao-hoc-bong-cho-hoc-sinh-kho-khan-1679531.html|https://photo-cms-kienthuc.zadn.vn/zoom/130_82/uploaded/nguyenanhson/2022_03_23/5/1_ZJKR.jpg|Ngày 23/3, CLB Hoàng Anh Gia Lai tổ chức trao học bổng và tặng quà tại Trường THCS Dân tộc nội trú huyện Đắk Đoa (Gia Lai).|thể thao|kienthuc.net|"19:52 | 23/03/2022"
Vợ muốn tậu Vespa Dior, Mạc Hồng Quân đáp một câu gây xôn xao|https://kienthuc.net.vn/cong-dong-tre/vo-muon-tau-vespa-dior-mac-hong-quan-dap-mot-cau-gay-xon-xao-1679404.html|https://photo-cms-kienthuc.zadn.vn/zoom/130_82/Uploaded/nguyenanhson/2022_03_23/2/3_XLJS.png|Mới đây, đứng trước việc vợ muốn tậu Vespa 946 Christian Dior, cầu thủ Mạc Hồng Quân đã gây xôn xao bằng câu trả lời cực chất.|thể thao|kienthuc.net|"19:15 | 23/03/2022"
Sau cầu hôn, tình cũ Quang Hải lộ ảnh cưới với bạn trai mới|https://kienthuc.net.vn/cong-dong-tre/sau-cau-hon-tinh-cu-quang-hai-lo-anh-cuoi-voi-ban-trai-moi-1679135.html|https://photo-cms-kienthuc.zadn.vn/zoom/130_82/Uploaded/thutrang/2022_03_22/6/anh_bia_PMKS.jpg|Mới đây, tình cũ Quang Hải - Huyền My đã nhá hàng ảnh cưới trên MXH, được mọi người hết lời ngợi khen nhan sắc.|thể thao|kienthuc.net|"07:35 | 23/03/2022"
Tung ảnh cưới bị Đức Chinh chê xấu, Thành Chung phản ứng “gắt“|https://kienthuc.net.vn/cong-dong-tre/tung-anh-cuoi-bi-duc-chinh-che-xau-thanh-chung-phan-ung-gat-1678836.html|https://photo-cms-kienthuc.zadn.vn/zoom/130_82/Uploaded/thutrang/2022_03_22/1/anh_bia_WOFP.jpg|"Sau khi Đức Chinh bình luận chê ảnh cưới, cầu thủ Thành Chung đã có phản ứng cực hài hước làm netizen thích thú thả ""like""."|thể thao|kienthuc.net|"13:15 | 22/03/2022"
Bùi Tiến Dũng tung clip tình cảm với bạn gái Tây, netizen ghen tỵ|https://kienthuc.net.vn/cong-dong-tre/bui-tien-dung-tung-clip-tinh-cam-voi-ban-gai-tay-netizen-ghen-ty-1678601.html|https://photo-cms-kienthuc.zadn.vn/zoom/130_82/Uploaded/thutrang/2022_03_21/6/anh_bia_NQVO.jpg|Khoảnh khắc ngọt ngào giữa Bùi Tiến Dũng và bạn gái là người mẫu Tây xinh đẹp khiến người hâm mộ không khỏi ghen tỵ.|thể thao|kienthuc.net|"07:15 | 22/03/2022"
Trước Quang Hải, 7 cầu thủ đội tuyển Việt Nam xuất ngoại ra sao?|https://kienthuc.net.vn/cong-dong-tre/truoc-quang-hai-7-cau-thu-doi-tuyen-viet-nam-xuat-ngoai-ra-sao-1678275.html|https://photo-cms-kienthuc.zadn.vn/zoom/130_82/Uploaded/nguyenanhson/2022_03_20/3/collage_IHAQ.png|Tin đồn Quang Hải để sang châu Âu tìm thử thách thu hút sự chú ý của NHM. Trước đó, không ít cầu thủ đội tuyển Việt Nam cũng có cơ hội này.|thể thao|kienthuc.net|"06:45 | 21/03/2022"
Hành trình đến cưới của trung vệ đội tuyển Việt Nam và bạn gái|https://kienthuc.net.vn/cong-dong-tre/hanh-trinh-den-cuoi-cua-trung-ve-doi-tuyen-viet-nam-va-ban-gai-1678019.html|https://photo-cms-kienthuc.zadn.vn/zoom/130_82/Uploaded/nguyenanhson/2022_03_20/1/1_PGUP.jpg|Suốt thời gian yêu, trung vệ đội tuyển Việt Nam là Thành Chung và bạn gái Tố Uyên luôn thể hiện sự quan tâm, chia sẻ những khoảnh khắc ngọt ngào.|thể thao|kienthuc.net|"13:15 | 20/03/2022"
Hé lộ ảnh ăn hỏi Nguyễn Thành Chung, nhan sắc cô dâu chiếm sóng|https://kienthuc.net.vn/cong-dong-tre/he-lo-anh-an-hoi-nguyen-thanh-chung-nhan-sac-co-dau-chiem-song-1677794.html|https://photo-cms-kienthuc.zadn.vn/zoom/130_82/Uploaded/thutrang/2022_03_19/3/collage_VFAW.png|Những hình ảnh về lễ ăn hỏi của trung vệ Nguyễn Thành Chung ngày hôm nay đang được người hâm mộ chia sẻ rộng rãi trên MXH.|thể thao|kienthuc.net|"19:55 | 19/03/2022"
Sau Huỳnh Anh, Quang Hải đang yêu ai?|https://kienthuc.net.vn/cong-dong-tre/sau-huynh-anh-quang-hai-dang-yeu-ai-1677403.html|https://fb-images.saostar.vn/fb1200png_2/pc/1647418120882/saostar-ceqem1jfllqq5522.jpg/fbsscover.png|Hậu chia tay cuộc tình ồn ào với Huỳnh Anh, dường như chàng cầu thủ SN 1997 đã trở nên kín tiếng hơn trong chuyện tình cảm.|thể thao|kienthuc.net|"07:30 | 19/03/2022"
Quang Hải xin bầu Hiển sang châu Âu thi đấu một năm|https://kienthuc.net.vn/cong-dong-tre/quang-hai-xin-bau-hien-sang-chau-au-thi-dau-mot-nam-1677499.html|https://photo-cms-kienthuc.zadn.vn/zoom/130_82/Uploaded/xuanphu/2022_03_18/qh_EGZH.jpg|Theo một vài nguồn tin, tiền vệ Quang Hải đã xin bầu Hiển sang châu Âu thi đấu một năm để thử sức.|thể thao|kienthuc.net|"20:45 | 18/03/2022"
Quang Hải lần đầu lên tiếng về chuyện chia tay CLB Hà Nội|https://kienthuc.net.vn/cong-dong-tre/quang-hai-lan-dau-len-tieng-ve-chuyen-chia-tay-clb-ha-noi-1676789.html|https://photo-cms-kienthuc.zadn.vn/zoom/130_82/uploaded/tructoasoan/2022_03_17/1/1_YRLR.jpg|Sau trận thắng CLB Thanh Hóa 1-0, cầu thủ ghi bàn thắng duy nhất trận đấu là Nguyễn Quang Hải có những chia sẻ xung quanh chuyện tương lai của mình.|thể thao|kienthuc.net|"09:48 | 17/03/2022"
Quang Hải ra đi, chủ tịch CLB Hà Nội có động thái ẩn ý|https://kienthuc.net.vn/cong-dong-tre/quang-hai-ra-di-chu-tich-clb-ha-noi-co-dong-thai-an-y-1676499.html|https://photo-cms-kienthuc.zadn.vn/zoom/130_82/Uploaded/nguyenanhson/2022_03_16/4/12_ZOVK_thumb.jpg|"Trong khi câu chuyện ""đi hay ở"" giữa Quang Hải và CLB Hà Nội chưa ngã ngũ, mới đây Chủ tịch đội bóng Thủ đô có động thái làm netizen xôn xao."|thể thao|kienthuc.net|"07:00 | 17/03/2022"
