Khởi tố thêm 2 giám đốc liên quan đến vụ án xảy ra tại Cục Lãnh sự, Bộ Ngoại giao|https://nguoilambao.vn/khoi-to-them-2-giam-doc-lien-quan-den-vu-an-xay-ra-tai-cuc-lanh-su-bo-ngoai-giao-n55351.html|https://nguoilambao.vn/images/news/2022/05/07/small/khoi-to-them-2-giam-doc-lien-quan-den-vu-an-xay-ra-tai-cuc-lanh-su-bo-ngoai-giao-1651908511.jpg|Ngày 6-5, Cổng thông tin điện tử Bộ Công an đưa tin, Cơ quan An ninh điều tra Bộ Công an đã ra quyết định khởi tố bị can, lệnh bắt bị can để tạm giam, lệnh khám xét chỗ...|pháp luật|nguoilambao.vn|14:25 - 07/05/2022
Truy tố cựu Bí thư Tỉnh ủy Bình Dương Trần Văn Nam và 27 bị can|https://nguoilambao.vn/truy-to-cu-u-bi-thu-ti-nh-uy-bi-nh-duong-tra-n-van-nam-va-27-bi-can-n55350.html|https://nguoilambao.vn/images/news/2022/05/07/small/truy-to-cu-u-bi-thu-ti-nh-uy-bi-nh-duong-tra-n-van-nam-va-27-bi-can-1651908293.jpg|Viện Kiểm sát nhân dân tối cao vừa ban hành Cáo trạng vụ án “Vi phạm quy định về quản lý, sử dụng tài sản Nhà nước, gây thất thoát lãng phí, Tham ô...|pháp luật|nguoilambao.vn|14:22 - 07/05/2022
Điều tra nhóm thanh niên nghi xâm hại tình dục nữ sinh ở Sơn La|https://nguoilambao.vn/dieu-tra-nhom-thanh-nien-nghi-xam-hai-tinh-duc-nu-sinh-o-son-la-n55214.html|https://nguoilambao.vn/images/news/2022/04/22/small/dieu-tra-nhom-thanh-nien-nghi-xam-hai-tinh-duc-nu-sinh-o-son-la-1650590054.png|Ngày 21/4, lãnh đạo xã Mường Giàng, huyện Quỳnh Nhai, tỉnh Sơn La cho biết, cơ quan chức năng tỉnh đang xác minh, điều tra, làm rõ vụ việc nhóm thanh niên có hành vi...|pháp luật|nguoilambao.vn|08:12 - 22/04/2022
Phú Thọ: Khởi tố một phóng viên về hành vi cưỡng đoạt tài sản|https://nguoilambao.vn/phu-tho-khoi-to-mot-phong-vien-ve-hanh-vi-cuong-doat-tai-san-n55190.html|https://nguoilambao.vn/images/news/2022/04/20/small/phu-tho-khoi-to-mot-phong-vien-ve-hanh-vi-cuong-doat-tai-san-1650446160.jpg|Ngày 20/4, Công an tỉnh Phú Thọ tổ chức họp thông báo kết quả chuyên án đấu tranh với hành vi “Cưỡng đoạt tài sản” do phóng viên một kênh truyền hình thực hiện.|pháp luật|nguoilambao.vn|16:10 - 20/04/2022
Bắt nghi phạm sát hại người phụ nữ tại chung cư mini ở Hà Nội tại Quảng Bình|https://nguoilambao.vn/bat-nghi-pham-sat-hai-nguoi-phu-nu-tai-chung-cu-mini-o-ha-noi-tai-quang-binh-n55148.html|https://nguoilambao.vn/images/news/2022/04/16/small/bat-nghi-pham-sat-hai-nguoi-phu-nu-tai-chung-cu-mini-o-ha-noi-tai-quang-binh-1650114499.jpg|Ngày 16/4, Công an Hà Nội đã bắt giữ được nghi phạm sát hại người phụ nữ trong chung cư mini. Vào thời điểm trên, đối tượng đang di chuyển vào Nam, đi qua địa phận tỉnh...|pháp luật|nguoilambao.vn|19:54 - 16/04/2022
Bắt Thứ trưởng Bộ Ngoại giao Tô Anh Dũng và các đồng phạm|https://nguoilambao.vn/bat-thu-truong-bo-ngoai-giao-to-anh-dung-va-cac-dong-pham-n55123.html|https://nguoilambao.vn/images/news/2022/04/15/small/bat-thu-truong-bo-ngoai-giao-to-anh-dung-va-cac-dong-pham-1649988826.jpg|Thực hiện chỉ đạo của lãnh đạo Bộ Công an, căn cứ kết quả mở rộng điều tra vụ án “Đưa hối lộ, nhận hối lộ”, xảy ra tại Cục Lãnh sự - Bộ Ngoại giao, Hà Nội và các tỉnh,...|pháp luật|nguoilambao.vn|09:08 - 15/04/2022
Quảng Bình: Thầy bói tự xưng có nhiều quan hệ, chiếm đoạt gần 5 tỷ đồng|https://nguoilambao.vn/quang-binh-thay-boi-tu-xung-co-nhieu-quan-he-chiem-doat-gan-5-ty-dong-n55037.html|https://nguoilambao.vn/images/news/2022/04/08/small/quang-binh-thay-boi-tu-xung-co-nhieu-quan-he-chiem-doat-gan-5-ty-dong-1649382068.jpg|Ngày 8/4, theo thông tin từ Công an tỉnh Quảng Bình, cơ quan này vừa bắt giữ đối tượng Nguyễn Hùng Quân (SN 1963, TP. Đồng Hới) về hành vi lừa đảo, chiếm đoạt tài sản.|pháp luật|nguoilambao.vn|08:37 - 08/04/2022
Quảng Bình bắt 5 đối tượng và thu giữ hơn 1,1kg ma túy tổng hợp|https://nguoilambao.vn/quang-binh-bat-5-doi-tuong-va-thu-giu-hon-11kg-ma-tuy-tong-hop-n55008.html|https://nguoilambao.vn/images/news/2022/04/06/small/quang-binh-bat-5-doi-tuong-va-thu-giu-hon-11kg-ma-tuy-tong-hop-1649211686.jpg|Công an tỉnh Quảng Bình đã bắt giữ 5 đối tượng về hành vi tàng trữ, sử dụng và mua bán trái phép chất ma túy, đồng thời thu giữ hơn 1,1kg ma túy tổng hợp trong 2 vụ án.|pháp luật|nguoilambao.vn|09:16 - 06/04/2022
Phóng sự điều tra và hành trình làm điều có ích (Phần 1)|https://nguoilambao.vn/phong-su-dieu-tra-va-hanh-trinh-lam-dieu-co-ich-n54971.html|https://nguoilambao.vn/images/news/2022/04/04/small/phong-su-dieu-tra-va-hanh-trinh-lam-dieu-co-ich-1649045259.png|Có nhiều tiêu chí, nhiều thang điểm để đánh giá sự thành công của một tác phẩm báo chí, cụ thể ở đây là một phóng sự điều tra. Nhưng, có lẽ, quan trọng hơn cả vẫn là...|pháp luật|nguoilambao.vn|10:52 - 04/04/2022
Quảng Bình: Bắt đối tượng giết người rồi bỏ trốn từ cuối năm 2021|https://nguoilambao.vn/quang-binh-bat-doi-tuong-giet-nguoi-roi-bo-tron-tu-cuoi-nam-2021-n54881.html|https://nguoilambao.vn/images/news/2022/03/30/small/quang-binh-bat-doi-tuong-giet-nguoi-roi-bo-tron-tu-cuoi-nam-2021-1648608847.jpeg|Vừa qua, Đội điều tra tổng hợp, Công an huyện Quảng Ninh phối hợp cùng Công an thị trấn Quán Hàu và Công an xã Duy Ninh đã bắt đối tượng truy nã Phạm Văn Đức (SN 1997,...|pháp luật|nguoilambao.vn|09:49 - 30/03/2022
Dọa viết bài để cưỡng đoạt tài sản, nhóm người bị xử phạt 105 tháng tù|https://nguoilambao.vn/doa-viet-bai-de-cuong-doat-tai-san-nhom-nguoi-bi-xu-phat-105-thang-tu-n54811.html|https://nguoilambao.vn/images/news/2022/03/25/small/doa-viet-bai-de-cuong-doat-tai-san-nhom-nguoi-bi-xu-phat-105-thang-tu-1648175989.jpeg|4 cá nhân từng là phóng viên, cộng tác viên của một số báo, tạp chí đã tổ chức cưỡng đoạt 269 triệu đồng của các giám đốc, cán bộ tại các doanh nghiệp trên địa bàn tỉnh...|pháp luật|nguoilambao.vn|09:35 - 25/03/2022
Thông qua Nghị quyết sửa đổi, bổ sung các trường hợp cho hưởng án treo|https://nguoilambao.vn/thong-qua-nghi-quyet-sua-doi-bo-sung-cac-truong-hop-cho-huong-an-treo-n54788.html|https://nguoilambao.vn/images/news/2022/03/24/small/thong-qua-nghi-quyet-sua-doi-bo-sung-cac-truong-hop-cho-huong-an-treo-1648079951.jpg|Sau 3 năm thi hành Nghị quyết 02, một số hướng dẫn của Nghị quyết đã bộc lộ khó khăn, vướng mắc như quy định về những trường hợp không cho hưởng án treo (Điều 3) còn...|pháp luật|nguoilambao.vn|06:56 - 24/03/2022
Không đăng tải, chia sẻ hình ảnh CCCD lên mạng xã hội|https://nguoilambao.vn/khong-dang-tai-chia-se-hinh-anh-cccd-len-mang-xa-hoi-n54674.html|https://nguoilambao.vn/images/news/2022/03/17/small/khong-dang-tai-chia-se-hinh-anh-cccd-len-mang-xa-hoi-1647485881.jpg|Đây là khuyến cáo của Công an thành phố Hà Nội, khi nhiều người khoe căn cước công dân gắn chíp (CCCD) lên mạng xã hội đã vô tình tạo ra cơ hội cho tội phạm công nghệ...|pháp luật|nguoilambao.vn|08:51 - 17/03/2022
"Mắc kẹt trong dự án ""treo"", người dân bị động với tương lai"|https://nguoilambao.vn/mac-ket-trong-du-an-quot-treoquot-nguoi-dan-bi-dong-voi-tuong-lai-n54560.html|https://nguoilambao.vn/images/news/2022/03/11/small/mac-ket-trong-du-an-quot-treoquot-nguoi-dan-bi-dong-voi-tuong-lai-1646963866.jpg|Dự án chậm triển khai và chi trả khiến hàng chục hộ dân đang mong chờ tiền đền bù để tìm đất an cư lạc nghiệp bị động với mọi quyết định. Mặt khác, chính quyền nhiều lần...|pháp luật|nguoilambao.vn|08:46 - 11/03/2022
Đề xuất xử lý các trang web giả mạo cấp giấy phép lái xe|https://nguoilambao.vn/de-xuat-xu-ly-cac-trang-web-gia-mao-cap-giay-phep-lai-xe-n54543.html|https://nguoilambao.vn/images/news/2022/03/10/small/de-xuat-xu-ly-cac-trang-web-gia-mao-cap-giay-phep-lai-xe-1646899473.png|Thời gian qua, trên mạng xuất hiện một vài trang web có giao diện tương tự trang thông tin điện tử giấy phép lái xe do Tổng cục Đường bộ Việt Nam quản lý, gây nhầm lẫn...|pháp luật|nguoilambao.vn|15:02 - 10/03/2022
Cảnh báo chiêu trò giả danh công an lừa đảo người cao tuổi|https://nguoilambao.vn/canh-bao-chieu-tro-gia-danh-cong-an-lua-dao-nguoi-cao-tuoi-n54531.html|https://nguoilambao.vn/images/news/2022/03/09/small/canh-bao-chieu-tro-gia-danh-cong-an-lua-dao-nguoi-cao-tuoi-1646839177.jpg|Ngày 9/3, nguồn tin từ Công an thành phố Hà Nội cho biết, thời gian qua, cơ quan Công an đã có rất nhiều cảnh báo về thủ đoạn mạo danh công an để lừa đảo chiếm đoạt tài...|pháp luật|nguoilambao.vn|22:18 - 09/03/2022
Bắt giám đốc công ty buôn lậu hàng nghìn tấn hạt điều|https://nguoilambao.vn/bat-giam-doc-cong-ty-buon-lau-hang-nghin-tan-hat-dieu-n54530.html|https://nguoilambao.vn/images/news/2022/03/09/small/bat-giam-doc-cong-ty-buon-lau-hang-nghin-tan-hat-dieu-1646839011.jpg|Chiều 9/3, Cơ quan Cảnh sát điều tra, Công an tỉnh Bình Phước đã thực hiện lệnh bắt bị can để tạm giam và khám xét nơi ở, nơi làm việc đối với Đặng Văn Ân (41 tuổi, Giám...|pháp luật|nguoilambao.vn|22:13 - 09/03/2022
Vi phạm quy định về kinh doanh bất động sản sẽ bị phạt rất nặng|https://nguoilambao.vn/vi-pham-quy-dinh-ve-kinh-doanh-bat-dong-san-se-bi-phat-rat-nang-n54070.html|https://nguoilambao.vn/images/news/2022/02/08/small/vi-pham-quy-dinh-ve-kinh-doanh-bat-dong-san-se-bi-phat-rat-nang-1644275745.jpg|Chính phủ ban hành Nghị định 16/2022/NĐ-CP quy định xử phạt vi phạm hành chính về xây dựng, trong đó quy định mức phạt tiền đối với vi phạm quy định về kinh doanh bất...|pháp luật|nguoilambao.vn|06:08 - 08/02/2022
Cảnh báo nhiều chiêu trò lừa đảo dịp Tết Nguyên đán|https://nguoilambao.vn/canh-bao-nhieu-chieu-tro-lua-dao-dip-tet-nguyen-dan-n54021.html|https://nguoilambao.vn/images/news/2022/01/31/small/canh-bao-nhieu-chieu-tro-lua-dao-dip-tet-nguyen-dan-1643630986.jpeg|Thời gian qua, trên địa bàn thành phố Hà Nội xuất hiện các chiêu trò lừa đảo vay tiền online dịp Tết Nguyên đán.|pháp luật|nguoilambao.vn|19:06 - 31/01/2022
Nâng cao hiệu quả hoạt động trong phòng chống các loại tệ nạn xã hội|https://nguoilambao.vn/nang-cao-hieu-qua-hoat-dong-trong-phong-chong-cac-loai-te-nan-xa-hoi-n53964.html|https://nguoilambao.vn/images/news/2022/01/26/small/nang-cao-hieu-qua-hoat-dong-trong-phong-chong-cac-loai-te-nan-xa-hoi-1643169120.jpg|Xác định là địa bàn phức tạp nên thời gian qua Chi cục Phòng, chống tệ nạn xã hội tỉnh Nghệ An đã tích cực tham mưu cho tỉnh Nghệ An và các đơn vị liên quan kịp thời...|pháp luật|nguoilambao.vn|10:46 - 26/01/2022
Quảng Bình: Bắt quả tang tài xế chở gỗ lậu tái phạm|https://nguoilambao.vn/quang-binh-bat-qua-tang-tai-xe-cho-go-lau-tai-pham-n53851.html|https://nguoilambao.vn/images/news/2022/01/18/small/quang-binh-bat-qua-tang-tai-xe-cho-go-lau-tai-pham-1642492093.jpg|Ngày 16/1, tổ công tác phòng Phòng chống ma túy & Tội phạm (PCMT&TP) phối hợp với Đồn Biên phòng Làng Mô thực hiện tuần tra, bắt quả tang một xe ô tô chở lâm sản trái...|pháp luật|nguoilambao.vn|14:40 - 18/01/2022
Đắk Lắk: Đội CSGT-TT Công an TP. Buôn Ma Thuột nỗ lực vì sự bình yên|https://nguoilambao.vn/doi-canh-sat-giao-thong-trat-tu-cong-an-tp-buon-ma-thuot-no-luc-vi-su-binh-yen-n53789.html|https://nguoilambao.vn/images/news/2022/01/13/small/doi-canh-sat-giao-thong-trat-tu-cong-an-tp-buon-ma-thuot-no-luc-vi-su-binh-yen-1642041331.jpg|Trong năm 2021, mặc dù tình hình dịch Covid – 19 diễn biến phức tạp nhưng với sự cố gắng quyết tâm cao độ, cán bộ, chiến sĩ Đội Cảnh sát Giao thông - Trật tự (CSGT-TT)...|pháp luật|nguoilambao.vn|09:24 - 13/01/2022
Dừng đỗ, quay đầu xe, đón trả khách trên cao tốc bị phạt tới 12 triệu đồng|https://nguoilambao.vn/dung-do-quay-dau-xe-don-tra-khach-tren-cao-toc-bi-phat-toi-12-trieu-dong-n53747.html|https://nguoilambao.vn/images/news/2022/01/10/small/dung-do-quay-dau-xe-don-tra-khach-tren-cao-toc-bi-phat-toi-12-trieu-dong-1641782212.jpg|Chính phủ vừa ban hành Nghị định 123/CP/2021 sửa đổi, bổ sung Nghị định 100/2019 quy định xử phạt vi phạm hành chính trong lĩnh vực đường bộ, đường sắt. Trong đó, tăng...|pháp luật|nguoilambao.vn|09:32 - 10/01/2022
Cảnh giác với thủ đoạn mạo danh ngân hàng gửi tin nhắn lừa đảo|https://nguoilambao.vn/canh-giac-thu-doan-mao-danh-ngan-hang-gui-tin-nhan-lua-dao-n53729.html|https://nguoilambao.vn/images/news/2022/01/07/small/canh-giac-thu-doan-mao-danh-ngan-hang-gui-tin-nhan-lua-dao-1641563374.jpg|Để chủ động phòng ngừa với hình thức này, Phòng An ninh mạng và phòng chống tội phạm sử dụng công nghệ cao khuyến cáo người dân cần kiểm tra kỹ nội dung tin nhắn nhận...|pháp luật|nguoilambao.vn|18:38 - 07/01/2022
Tổng đài Quốc gia 111 – Nơi hướng dẫn, chăm sóc và bảo vệ trẻ em|https://nguoilambao.vn/tong-dai-quoc-gia-111-noi-huong-dan-cham-soc-va-bao-ve-tre-em-n53715.html|https://nguoilambao.vn/images/news/2022/01/06/small/tong-dai-quoc-gia-111--noi-huong-dan-cham-soc-va-bao-ve-tre-em-1641460048.jpg|Sau 17 năm qua Tổng đài điện thoại quốc gia bảo vệ trẻ em 111 đã nhận được trên 4,5 triệu cuộc gọi đến, trong đó, Tổng đài đã tư vấn 410.552 ca và hỗ trợ, can thiệp cho...|pháp luật|nguoilambao.vn|15:59 - 06/01/2022
Vụ án tại Việt Á: Khẩn trương, quyết liệt điều tra, không có vùng cấm|https://nguoilambao.vn/vu-an-tai-viet-a-khan-truong-quyet-liet-dieu-tra-khong-co-vung-cam-n53625.html|https://nguoilambao.vn/images/news/2021/12/31/small/vu-an-tai-viet-a-khan-truong-quyet-liet-dieu-tra-khong-co-vung-cam-1640910604.jpg|Vụ án xảy ra tại Công ty Việt Á vừa qua đã gây bức xúc trong dư luận, ảnh hưởng đến niềm tin của nhân dân đối với công tác phòng, chống dịch và phòng, chống tham nhũng,...|pháp luật|nguoilambao.vn|07:27 - 31/12/2021
Xử lý nghiêm đối tượng hành hạ, xâm hại trẻ em|https://nguoilambao.vn/xu-ly-nghiem-doi-tuong-hanh-ha-xam-hai-tre-em-n53624.html|https://nguoilambao.vn/images/news/2021/12/31/small/xu-ly-nghiem-doi-tuong-hanh-ha-xam-hai-tre-em-1640910402.jpg|Văn phòng Chính phủ vừa có Văn bản số 9617/VPCP-NC ngày 30/12/2021 truyền đạt ý kiến chỉ đạo của Phó Thủ tướng Thường trực Chính phủ Phạm Bình Minh về xử lý hành vi hành...|pháp luật|nguoilambao.vn|07:24 - 31/12/2021
Cựu Bộ trưởng Vũ Huy Hoàng vắng mặt, Tòa quyết định hoãn phiên phúc thẩm|https://nguoilambao.vn/cuu-bo-truong-vu-huy-hoang-vang-mat-toa-quyet-dinh-hoan-phien-phuc-tham-n53536.html|https://nguoilambao.vn/images/news/2021/12/27/small/cuu-bo-truong-vu-huy-hoang-vang-mat-toa-quyet-dinh-hoan-phien-phuc-tham-1640577793.jpg|Sáng 27/12, Tòa án nhân dân Cấp cao tại Hà Nội đã mở phiên tòa xét xử phúc thẩm theo đơn kháng cáo của bị cáo Vũ Huy Hoàng (cựu Bộ trưởng Bộ Công Thương) và ba bị cáo...|pháp luật|nguoilambao.vn|10:11 - 27/12/2021
Công an Lào Cai thu giữ nhiều lô hàng không rõ nguồn gốc, xuất xứ|https://nguoilambao.vn/cong-an-lao-cai-thu-giu-nhieu-lo-hang-khong-ro-nguon-goc-xuat-xu-n53479.html|https://nguoilambao.vn/images/news/2021/12/23/small/cong-an-lao-cai-thu-giu-nhieu-lo-hang-khong-ro-nguon-goc-xuat-xu-1640224105.jpg|Thực hiện đợt cao điểm tấn công, trấn áp các loại tội phạm trước, trong và sau Tết Nguyên đán Nhâm Dần 2022, lực lượng Công an tỉnh Lào Cai đã phát hiện, thu giữ nhiều...|pháp luật|nguoilambao.vn|08:45 - 23/12/2021
Cha đẻ gạo ngon ST25 'kêu cứu' vì bị làm giả, Tổng cục Quản lý thị trường vào cuộc|https://nguoilambao.vn/cha-de-gao-ngon-st25-keu-cuu-vi-bi-lam-gia-tong-cuc-quan-ly-thi-truong-vao-cuoc-n53478.html|https://nguoilambao.vn/images/news/2021/12/23/small/cha-de-gao-ngon-st25-keu-cuu-vi-bi-lam-gia-tong-cuc-quan-ly-thi-truong-vao-cuoc-1640223556.png|Gia đình ông Hồ Quang Cua đã có đơn gửi đến Tổng cục Quản lý thị trường (QLTT) đề nghị hỗ trợ bảo vệ thương hiệu giống lúa và gạo ST24, ST25 tại...|pháp luật|nguoilambao.vn|08:31 - 23/12/2021
Cần xử lý nghiêm doanh nghiệp gian lận xuất xứ, nhãn mác hàng hóa|https://nguoilambao.vn/can-xu-ly-nghiem-doanh-nghiep-gian-lan-xuat-xu-nhan-mac-hang-hoa-n53477.html|https://nguoilambao.vn/images/news/2021/12/23/small/can-xu-ly-nghiem-doanh-nghiep-gian-lan-xuat-xu-nhan-mac-hang-hoa-1640222393.jpg|Không chỉ ảnh hưởng trực tiếp đến các doanh nghiệp làm ăn chân chính, gian lận xuất xứ, nhãn mác còn đe dọa đến sự phát triển của nền kinh tế đất nước, nếu không được...|pháp luật|nguoilambao.vn|08:09 - 23/12/2021
Khởi tố vụ án, khởi tố 7 bị can trong vụ vi phạm quy định về đấu thầu, nâng khống giá Kit xét nghiệm COVID-19|https://nguoilambao.vn/khoi-to-vu-an-khoi-to-7-bi-can-trong-vu-vi-pham-quy-dinh-ve-dau-thau-nang-khong-gia-kit-xet-nghiem-covid-19-n53409.html|https://nguoilambao.vn/images/news/2021/12/19/small/khoi-to-vu-an-khoi-to-7-bi-can-trong-vu-vi-pham-quy-dinh-ve-dau-thau-nang-khong-gia-kit-xet-nghiem-covid-19-1639923648.jpg|Tối 18/12, Trung tướng Tô Ân Xô, Chánh Văn phòng, Người phát ngôn Bộ Công an cho biết, Cơ quan Cảnh sát điều tra Bộ Công an đã khởi tố vụ án vi phạm quy định về đấu...|pháp luật|nguoilambao.vn|21:17 - 19/12/2021
Phá đường dây mua bán trái phép hóa đơn giá trị gia tăng gần 35 tỷ đồng|https://nguoilambao.vn/pha-duong-day-mua-ban-trai-phep-hoa-don-gia-tri-gia-tang-gan-35-ty-dong-n53339.html|https://nguoilambao.vn/images/news/2021/12/16/small/pha-duong-day-mua-ban-trai-phep-hoa-don-gia-tri-gia-tang-gan-35-ty-dong-1639625288.jpg|Ngày 15/12, Phòng Cảnh sát Kinh tế Công an tỉnh Thừa Thiên – Huế triệt phá một đường dây mua bán trái phép hóa đơn giá trị gia tăng gần 35 tỷ đồng và tạm giữ hàng trăm...|pháp luật|nguoilambao.vn|10:24 - 16/12/2021
Cơ chế bảo vệ quyền tác giả đối với tác phẩm báo điện tử|https://nguoilambao.vn/co-che-bao-ve-quyen-tac-gia-doi-voi-tac-pham-bao-dien-tu-n53276.html|https://nguoilambao.vn/images/news/2021/12/13/small/co-che-bao-ve-quyen-tac-gia-doi-voi-tac-pham-bao-dien-tu-1639366486.jpg|Quyền tác giả được hiểu là cách thức xử sự mà pháp luật cho phép hoặc bắt buộc tác giả, chủ sở hữu tác phẩm, người sử dụng tác phẩm tiến hành bảo đảm quyền của...|pháp luật|nguoilambao.vn|10:24 - 13/12/2021
Bàn giao tài sản thi hành án tại trường Pascal|https://nguoilambao.vn/ban-giao-tai-san-thi-hanh-an-tai-truong-pascal-n52630.html|https://nguoilambao.vn/images/news/2021/11/06/small/ban-giao-tai-san-thi-hanh-an-tai-truong-pascal-1636205740.jpeg|Vừa qua, Chi cục Thi hành án dân sự quận Bắc Từ Liêm tổ chức cưỡng chế thi hành án đối với Bản án số 215/2020/KDTM-PT của Tòa án nhân dân Hà Nội ngày 30/11/2020.|pháp luật|nguoilambao.vn|20:31 - 06/11/2021
Phát hiện xe tải vận chuyển gần 1 tấn tôm chứa tạp chất|https://nguoilambao.vn/phat-hien-xe-tai-van-chuyen-gan-1-tan-tom-chua-tap-chat-n52598.html|https://nguoilambao.vn/images/news/2021/11/04/small/phat-hien-xe-tai-van-chuyen-gan-1-tan-tom-chua-tap-chat-1636011972.jpeg|Công an tỉnh Bạc Liêu kiểm tra xe tải chạy hướng từ Bạc Liêu đi Cà Mau đã phát hiện trên xe có 24 thùng xốp chứa gần 1 tấn tôm nguyên liệu chứa tạp chất.|pháp luật|nguoilambao.vn|14:42 - 04/11/2021
Khởi tố Thứ trưởng Bộ Y tế Trương Quốc Cường|https://nguoilambao.vn/khoi-to-thu-truong-bo-y-te-truong-quoc-cuong-n52597.html|https://nguoilambao.vn/images/news/2021/11/04/small/khoi-to-thu-truong-bo-y-te-truong-quoc-cuong-1636011688.jpg|Ngày 4/11, theo thông tin từ Bộ Công an, Cơ quan An ninh điều tra, Bộ Công an đã ra Quyết định khởi tố bị can đối với ông Trương Quốc Cường, Thứ trưởng Bộ Y tế về tội...|pháp luật|nguoilambao.vn|14:36 - 04/11/2021
Cao Bằng: Triệt phá đường dây mua bán trẻ em|https://nguoilambao.vn/cao-bang-triet-pha-duong-day-mua-ban-tre-em-n52394.html|https://nguoilambao.vn/images/news/2021/10/23/small/cao-bang-triet-pha-duong-day-mua-ban-tre-em-1634980369.jpg|Ngày 22/10, Cơ quan Cảnh sát điều tra, Công an tỉnh Cao Bằng đã ra quyết định khởi tố vụ án, khởi tố bị can đối với Trần Thị Loan (46 tuổi, trú tại xã Vĩnh An, huyện...|pháp luật|nguoilambao.vn|16:10 - 23/10/2021
Nghe điện thoại giả mạo công an, một phụ nữ ở Thanh Xuân bị lừa hơn 860 triệu đồng|https://nguoilambao.vn/nghe-dien-thoai-gia-mao-cong-an-mot-phu-nu-o-thanh-xuan-bi-lua-hon-860-trieu-dong-n52279.html|https://nguoilambao.vn/images/news/2021/10/13/small/nghe-dien-thoai-gia-mao-cong-an-mot-phu-nu-o-thanh-xuan-bi-lua-hon-860-trieu-dong-1634118023.jpg|Ngày 13-10, Công an quận Thanh Xuân (Hà Nội) cho biết, đang phối hợp với các cơ quan chức năng xác minh, điều tra vụ lừa đảo chiếm đoạt hơn 860 triệu đồng với thủ đoạn...|pháp luật|nguoilambao.vn|16:35 - 13/10/2021
Xử phạt 3 cá nhân thông tin sai sự thật, xúc phạm lực lượng chức năng trong phòng, chống dịch Covid-19|https://nguoilambao.vn/xu-phat-3-ca-nhan-thong-tin-sai-su-that-xuc-pham-luc-luong-chuc-nang-trong-phong-chong-dich-covid-19-n52007.html|https://nguoilambao.vn/images/news/2021/09/29/small/xu-phat-3-ca-nhan-thong-tin-sai-su-that-xuc-pham-luc-luong-chuc-nang-trong-phong-chong-dich-covid-19-1632906575.jpg|Sở Thông tin và Truyền thông Hà Nội vừa ban hành quyết định xử phạt vi phạm hành chính đối với 3 cá nhân do có sai phạm trong cung cấp, sử dụng dịch vụ và thông tin trên...|pháp luật|nguoilambao.vn|15:48 - 29/09/2021
 Hà Nội: Hơn 17.000 lượt phương tiện được kiểm soát khi ra vào nội đô|https://nguoilambao.vn/ha-noi-hon-17000-luot-phuong-tien-duoc-kiem-soat-khi-ra-vao-noi-do-n51939.html|https://nguoilambao.vn/images/news/2021/09/26/small/ha-noi-hon-17000-luot-phuong-tien-duoc-kiem-soat-khi-ra-vao-noi-do-1632617643.jpeg|Trong 24 giờ qua, Công an TP Hà Nội đã kiểm soát 17.091 lượt phương tiện tại 22 chốt kiểm soát phòng chống dịch ở các cửa ngõ ra vào Hà Nội. Đáng chú ý, đã có 01 trường...|pháp luật|nguoilambao.vn|07:36 - 26/09/2021
Hà Nội sẽ xử lý nghiêm các trang nhóm giả mạo thông tin của chính quyền Thành phố|https://nguoilambao.vn/ha-noi-se-xu-ly-nghiem-cac-trang-nhom-gia-mao-thong-tin-cua-chinh-quyen-thanh-pho-n19040.html|https://nguoilambao.vn/images/news/2021/09/06/small/ha-noi-se-xu-ly-nghiem-cac-trang-nhom-gia-mao-thong-tin-cua-chinh-quyen-thanh-pho-1630951669.png|Các trang trên đăng tải, chia sẻ nhiều thông tin không chính thống, thiếu chính xác về hoạt động của thành phố Hà Nội.|pháp luật|nguoilambao.vn|19:04 - 06/09/2021
Hà Nội: Gần 800 trường hợp vi phạm phòng dịch trong ngày 5/9|https://nguoilambao.vn/ha-noi-gan-800-truong-hop-vi-pham-phong-dich-trong-ngay-59-n19014.html|https://nguoilambao.vn/images/news/2021/09/05/small/ha-noi-gan-800-truong-hop-vi-pham-phong-dich-trong-ngay-59-1630868659.jpg|Từ 15h ngày 04/9/2021 đến 15h ngày 05/9/2021, các lực lượng chức năng của Thành phố Hà Nội tiếp tục kiểm tra, xử lý 767 vụ vi phạm quy định phòng, chống dịch Covid-19,...|pháp luật|nguoilambao.vn|18:50 - 05/09/2021
Chỉ trong 24h, gần 700 trường hợp ở Hà Nội bị xử phạt, khi ra đường không thực sự cần thiết|https://nguoilambao.vn/chi-trong-24h-gan-700-truong-hop-o-ha-noi-bi-xu-phat-khi-ra-duong-khong-thuc-su-can-thiet-n16149.html|https://nguoilambao.vn/images/news/2021/08/30/small/chi-trong-24h-gan-700-truong-hop-o-ha-noi-bi-xu-phat-khi-ra-duong-khong-thuc-su-can-thiet-1630294932.jpg|Từ 15h ngày 28/8/2021 đến 15h ngày 29/8/2021, các lực lượng chức năng của Thành phố Hà Nội đã kiểm tra, phát hiện và xử phạt 752 trường hợp vi phạm công tác phòng chống...|pháp luật|nguoilambao.vn|10:37 - 30/08/2021
Bắt quả tang hai phóng viên cưỡng đoạt tài sản của thẩm mỹ viện|https://nguoilambao.vn/bat-qua-tang-hai-phong-vien-cuong-doat-tai-san-cua-tham-my-vien-n16120.html|https://nguoilambao.vn/images/news/2021/08/28/small/bat-qua-tang-hai-phong-vien-cuong-doat-tai-san-cua-tham-my-vien-1630117753.jpeg|Tối 27/8, Công an thị xã Từ Sơn, tỉnh Bắc Ninh, cho biết đơn vị vừa bắt quả tang hai phóng viên có hành vi cưỡng đoạt tài sản|pháp luật|nguoilambao.vn|09:24 - 28/08/2021
Hà Nội: Xử phạt trên 32,4 nghìn vụ việc vi phạm quy định phòng, chống dịch Covid-19|https://nguoilambao.vn/ha-noi-xu-phat-tren-324-nghin-vu-viec-vi-pham-quy-dinh-phong-chong-dich-covid-19-n16094.html|https://nguoilambao.vn/images/news/2021/08/26/small/ha-noi-xu-phat-tren-324-nghin-vu-viec-vi-pham-quy-dinh-phong-chong-dich-covid-19-1629984800.jpg|Từ ngày 24/7/2021 đến 15h ngày 25/8/2021, toàn Thành phố đã xử lý 32.418 vụ vi phạm các quy định về phòng, chống dịch; trong đó cảnh cáo 295 vụ, phạt tiền 32.117 vụ với...|pháp luật|nguoilambao.vn|20:25 - 26/08/2021
Hà Nội đã xử phạt hơn 26 nghìn trường hợp ra đường không có lý do chính đáng|https://nguoilambao.vn/ha-noi-da-xu-phat-hon-26-nghin-truong-hop-ra-duong-khong-co-ly-do-chinh-dang-n16066.html|https://nguoilambao.vn/images/news/2021/08/26/small/ha-noi-da-xu-phat-hon-26-nghin-truong-hop-ra-duong-khong-co-ly-do-chinh-dang-1629936070.jpeg|Thực hiện Chỉ thị 17/CT-UBND của UBND Thành phố, từ ngày 24/7/2021 đến 15h ngày 24/8/2021, lực lượng chức năng Thành phố Hà Nội đã xử phạt 31.181 vụ,  trong đó cảnh cáo...|pháp luật|nguoilambao.vn|06:56 - 26/08/2021
Vinaconex 12 bị xử phạt gần 400 triệu đồng vì vi phạm hành chính về thuế|https://nguoilambao.vn/vinaconex-12-bi-xu-phat-gan-400-trieu-dong-vi-vi-pham-hanh-chinh-ve-thue-n16021.html|https://nguoilambao.vn/images/news/2021/08/24/small/vinaconex-12-bi-xu-phat-gan-400-trieu-dong-vi-vi-pham-hanh-chinh-ve-thue-1629772792.jpg|Cục thuế TP.Hà Nội vừa ra quyết định xử phạt Công ty Cổ phần Xây dựng số 12 (Vinaconex 12) do doanh nghiệp này có hành vi kê khai sai dẫn đến thiếu số tiền thuế phải nộp.|pháp luật|nguoilambao.vn|08:32 - 24/08/2021
Hà Nội: Vẫn có hơn 700 trường hợp vi phạm phòng chống dịch trong ngày đầu của đợt giãn cách thứ 3|https://nguoilambao.vn/ha-noi-van-co-hon-700-truong-hop-vi-pham-phong-chong-dich-trong-dot-gian-cach-thu-3-n16011.html|https://nguoilambao.vn/images/news/2021/08/23/small/ha-noi-van-co-hon-700-truong-hop-vi-pham-phong-chong-dich-trong-dot-gian-cach-thu-3-1629715408.jpeg|Từ 11h ngày 22/8 đến 11h ngày 23/8, lực lượng chức năng TP Hà Nội xử phạt 713 trường hợp vi phạm quy định phòng chống dịch. Đáng chú ý, trong số này có 48 người bị xử...|pháp luật|nguoilambao.vn|17:20 - 23/08/2021
Đề nghị truy tố cựu Bí thư tỉnh Bình Dương|https://nguoilambao.vn/de-nghi-truy-to-cuu-bi-thu-tinh-binh-duong-n15941.html|https://nguoilambao.vn/images/news/2021/08/20/small/de-nghi-truy-to-cuu-bi-thu-va-cuu-chu-tich-tinh-binh-duong-1629449641.jpeg|Ông Trần Văn Nam, cựu Bí thư Tỉnh ủy Bình Dương, cùng 20 người khác bị đề nghị truy tố liên quan đến việc chuyển nhượng 43ha đất đắc địa ở Bình Dương.|pháp luật|nguoilambao.vn|15:51 - 20/08/2021
Phú Thọ: Đối tượng lừa bán người yêu sang Trung Quốc lĩnh án 5 năm tù|https://nguoilambao.vn/phu-tho-doi-tuong-lua-ban-nguoi-yeu-sang-trung-quoc-linh-an-5-nam-tu-n15940.html|https://nguoilambao.vn/images/news/2021/08/20/small/lua-ban-nguoi-yeu-sang-trung-quoc-de-lay-80-trieu-dong-1629448568.jpg|Thiếu tiền chữa bệnh, hai đối tượng Phượng và Dương đã lừa bán một cô gái sang Trung Quốc để lấy 80 triệu đồng.|pháp luật|nguoilambao.vn|15:25 - 20/08/2021
Khởi tố nguyên nhà báo Nguyễn Ngọc Diệp cùng đồng phạm cưỡng đoạt tài sản|https://nguoilambao.vn/khoi-to-nguyen-nha-bao-nguyen-ngoc-diep-cung-dong-pham-cuong-doat-tai-san-n15523.html|https://nguoilambao.vn/images/news/2021/08/04/small/khoi-to-nguyen-nha-bao-nguyen-ngoc-diep-cung-dong-pham-cuong-doat-tai-san-1628075987.jpg|Nguyên nhà báo Nguyễn Ngọc Diệp vừa bị Công an TP Hà Nội khởi tố, bắt tạm giam về tội cưỡng đoạt tài sản. |pháp luật|nguoilambao.vn|15:15 - 04/08/2021
Cảnh báo tin nhắn giả mạo thương hiệu|https://nguoilambao.vn/canh-bao-tin-nhan-gia-mao-thuong-hieu-n15497.html|https://nguoilambao.vn/images/news/2021/08/03/small/canh-bao-tin-nhan-gia-mao-thuong-hieu-1627999950.jpg|Thời gian gần đây, nhiều khách hàng phản ánh hình thức mạo danh tin nhắn điện thoại di động SMS của các tổ chức tài chính, nhằm đánh cắp thông tin và chiếm đoạt tiền của...|pháp luật|nguoilambao.vn|21:10 - 03/08/2021
Công an phường Đông Ngạc xử phạt đối với trường hợp không đeo khẩu trang|https://nguoilambao.vn/cong-an-phuong-dong-ngac-xu-phat-doi-voi-truong-hop-khong-deo-khau-trang-n15465.html|https://nguoilambao.vn/images/news/2021/08/02/small/cong-an-phuong-dong-ngac-xu-phat-doi-voi-truong-hop-khong-deo-khau-trang-1627916017.jpg|Tối ngày 2/8, Trung tá Nguyễn Văn Trung - Trưởng Công an phường Đông Ngạc (Bắc Từ Liêm) cho biết, vừa xử phạt hành chính 1 trường hợp không đeo khẩu trang trong thang...|pháp luật|nguoilambao.vn|20:46 - 02/08/2021
Khởi tố, bắt tạm giam Tổng giám đốc Công ty Công viên cây xanh Hà Nội và đồng phạm|https://nguoilambao.vn/khoi-to-bat-tam-giam-tong-giam-doc-cong-ty-cong-vien-cay-xanh-ha-noi-va-dong-pham-n15443.html|https://nguoilambao.vn/|Bị can Nguyễn Xuân Hanh, Tổng Giám đốc Công ty Trách nhiệm hữu hạn Một thành viên Công viên cây xanh Hà Nội vừa bị khởi tố, bắt tạm giam để điều tra.|pháp luật|nguoilambao.vn|07:40 - 02/08/2021
Chung tay phòng chống tội phạm mua bán người|https://nguoilambao.vn/chung-tay-phong-chong-toi-pham-mua-ban-nguoi-n15425.html|https://nguoilambao.vn/images/news/2021/08/01/small/chung-tay-phong-chong-toi-pham-mua-ban-nguoi-1627784677.jpg|Hưởng ứng “Ngày toàn dân phòng, chống mua bán người” , ngày 30/7, tại Hà Nội, Trung ương Hội Liên hiệp Phụ nữ Việt Nam phối hợp với Bộ Công an tổ chức Hội nghị trực...|pháp luật|nguoilambao.vn|09:03 - 01/08/2021
Cần Thơ: Xử phạt người đàn ông xé biên bản tại chốt kiểm soát dịch|https://nguoilambao.vn/can-tho-xu-phat-nguoi-dan-ong-xe-bien-ban-tai-chot-kiem-soat-dich-n15415.html|https://nguoilambao.vn/images/news/2021/07/31/small/can-tho-xu-phat-nguoi-dan-ong-xe-bien-ban-tai-chot-kiem-soat-dich-1627727768.jpg|Ngày 31/7, ông Nguyễn Thái Bảo, Phó Chủ tịch UBND quận Ninh Kiều, thành phố Cần Thơ cho biết, ngành chức năng của quận đã ra quyết định xử phạt 2,5 triệu đồng đối với...|pháp luật|nguoilambao.vn|17:33 - 31/07/2021
Phát huy vai trò của quân đội trong phổ biến, giáo dục pháp luật|https://nguoilambao.vn/phat-huy-vai-tro-cua-quan-doi-trong-pho-bien-giao-duc-phap-luat-n15340.html|https://nguoilambao.vn/images/news/2021/07/31/small/phat-huy-vai-tro-cua-quan-doi-trong-pho-bien-giao-duc-phap-luat-1627689063.jpeg|Thủ tướng Chính phủ vừa phê duyệt Đề án “Phát huy vai trò của lực lượng Quân đội nhân dân (QĐND) tham gia công tác phổ biến, giáo dục pháp luật, vận động nhân dân chấp...|pháp luật|nguoilambao.vn|06:41 - 31/07/2021
Tụ tập đánh bạc trái phép giữa lúc dịch COVID-19 phức tạp|https://nguoilambao.vn/tu-tap-danh-bac-trai-phep-giua-luc-dich-covid-19-phuc-tap-n15335.html|https://nguoilambao.vn/images/news/2021/07/30/small/tu-tap-danh-bac-trai-phep-giua-luc-dich-covid-19-phuc-tap-1627663438.jpg|Trong bối cảnh dịch COVID-19 đang diễn biến phức tạp, một số đối tượng vẫn tụ tập đánh bạc trái phép và đã bị các cơ quan chức năng bắt giữ.|pháp luật|nguoilambao.vn|23:41 - 30/07/2021
"""Lợi ích nhóm"" và vấn đề bảo vệ nền tảng tư tưởng của Đảng"|https://nguoilambao.vn/quot-loi-ich-nhomquot-va-van-de-bao-ve-nen-tang-tu-tuong-cua-dang-n2700.html|https://nguoilambao.vn/images/news/2021/11/17/small/quot-loi-ich-nhomquot-lam-mo-nhat-nen-tang-tu-tuong-cua-dang-1637116007.jpg|Một trong những vấn đề cơ bản của Đảng Cộng sản Việt Nam, được quy định trong điều lệ của Đảng: “Đảng lấy chủ nghĩa Mác - Lênin và tư tưởng Hồ Chí Minh làm nền tảng tư...|pháp luật|nguoilambao.vn|19:04 - 28/12/2020
Những thay đổi trong đào tạo tiến sĩ từ năm 2017|https://nguoilambao.vn/nhung-thay-doi-trong-dao-tao-tien-si-tu-nam-2017-n5506.html|https://nguoilambao.vn/images/news/2017/05/11/small/nhung-thay-doi-trong-dao-tao-tien-si-tu-nam-2017-1494474893.jpg|Với nhiều thay đổi trong quy định đầu vào, đầu ra, quá trình đào tạo tiến sĩ sắp tới đây sẽ có những yêu cầu chặt chẽ và từng bước hội nhập với quốc tế.|pháp luật|nguoilambao.vn|23:29 - 22/04/2020
Đừng im lặng|https://nguoilambao.vn/dung-im-lang-n5456.html|https://nguoilambao.vn/images/news/2017/05/06/small/dung-im-lang-1494034089.jpg|Gần đây, tình trạng trẻ em bị xâm hại tình dục ngày càng gia tăng là một trong những hiểm họa đáng báo động, điều này ảnh hưởng không nhỏ đến tâm sinh lý của trẻ.|pháp luật|nguoilambao.vn|23:29 - 22/04/2020
Bộ Công thương xử phạt 215 triệu đồng đối với Công ty đa cấp Thiên Ngọc Minh Uy|https://nguoilambao.vn/bo-cong-thuong-xu-ly-nghiem-sai-pham-cua-cong-ty-tnhh-thien-ngoc-minh-uy-n5365.html|https://nguoilambao.vn/images/news/2017/04/25/small/bo-cong-thuong-xu-ly-nghiem-sai-pham-cua-cong-ty-tnhh-thien-ngoc-minh-uy-1493109507.jpg|Mới đây, Bộ Công thương đã chỉ ra hàng loạt sai phạm nghiêm trọng và xử phạt 215 triệu đồng đối với Công ty TNHH Thiên Ngọc Minh Uy, mặc dù đơn vị này đã tự nộp đơn xin...|pháp luật|nguoilambao.vn|23:29 - 22/04/2020
"Bà trùm Sáu Phấn ""cố tình"" không hợp tác với Cơ quan điều tra?"|https://nguoilambao.vn/ba-trum-sau-phan-quot-co-tinhquot-khong-hop-tac-voi-co-quan-dieu-tra-n8827.html|https://nguoilambao.vn/images/news/2018/03/15/small/ba-trum-sau-phan-quot-co-tinhquot-khong-hop-tac-voi-co-quan-dieu-tra-1521109916.jpg|Bà Sáu Phấn vẫn đủ tinh thần ký vào đơn kiến nghị, đơn kháng cáo nhưng ú ớ không trả lời Cơ quan điều tra (CQĐT) - Bộ Công an.|pháp luật|nguoilambao.vn|23:29 - 22/04/2020
Công an Phú Thọ làm việc với tướng Phan Văn Vĩnh về đường dây đánh bạc nghìn tỷ|https://nguoilambao.vn/cong-an-phu-tho-lam-viec-voi-tuong-phan-van-vinh-ve-duong-day-danh-bac-nghin-ty-n8828.html|https://nguoilambao.vn/images/news/2018/03/15/small/cong-an-phu-tho-lam-viec-voi-tuong-phan-van-vinh-ve-duong-day-danh-bac-nghin-ty-1521110156.jpg|Cơ quan điều tra Công an tỉnh Phú Thọ đã làm việc với Trung tướng Phan Văn Vĩnh, nguyên Tổng cục trưởng Tổng cục Cảnh sát (Bộ Công an) về nội dung liên quan đến vụ án...|pháp luật|nguoilambao.vn|23:29 - 22/04/2020
Ông Đinh La Thăng tiếp tục ra tòa|https://nguoilambao.vn/xet-xu-bi-cao-ha-van-tham-cung-dong-pham-trong-dai-an-that-thoat-hon-2000-ty-dong-tai-oceanbank-n8858.html|https://nguoilambao.vn/images/news/2018/03/19/small/xet-xu-bi-cao-ha-van-tham-cung-dong-pham-trong-dai-an-that-thoat-hon-2000-ty-dong-tai-oceanbank-1521424681.jpg|Phiên tòa xét xử vụ án góp vốn 800 tỷ đồng của PVN vào OceanBank dự kiến sẽ diễn ra trong 10 ngày, từ ngày 19 - 29/3, xét xử cả ngày thứ Bảy và Chủ nhật.|pháp luật|nguoilambao.vn|23:29 - 22/04/2020
Hôm nay tuyên án vụ vỡ đường ống nước sạch sông Đà|https://nguoilambao.vn/hom-nay-tuyen-an-vu-vo-duong-ong-nuoc-sach-song-da-n8780.html|https://nguoilambao.vn/images/news/2018/03/13/small/hom-nay-tuyen-an-vu-vo-duong-ong-nuoc-sach-song-da-1520904546.jpg|Sau 7 ngày xét xử, chiều nay (13/3), Tòa án Nhân dân TP Hà Nội sẽ tuyên án 9 bị cáo trong vụ vỡ đường ống nước sạch sông Đà.|pháp luật|nguoilambao.vn|23:29 - 22/04/2020
Chi tiết vụ MobiFone và AVG thống nhất huỷ hợp đồng mua 95% cổ phần|https://nguoilambao.vn/chi-tiet-vu-mobifone-va-avg-thong-nhat-huy-hop-dong-mua-95-co-phan-n8784.html|https://nguoilambao.vn/images/news/2018/03/13/small/mobifone-va-avg-thong-nhat-huy-hop-dong-chuyen-nhuong-1520911331.jpg|Ngày 12/3, Tổng công ty Viễn thông MobiFone và Công ty Cổ phần Nghe nhìn Toàn cầu (AVG) vừa đưa ra quyết định hủy thương vụ MobiFone mua 95% cổ phần của AVG với tổng giá...|pháp luật|nguoilambao.vn|23:29 - 22/04/2020
"Khắc phục lỗi đánh máy ""Thẻ nhà báo không được lên máy bay"""|https://nguoilambao.vn/khac-phuc-loi-danh-may-quot-the-nha-bao-khong-duoc-len-may-bayquot-n8271.html|https://nguoilambao.vn/images/news/2018/01/17/small/the-nha-bao-gplx-duoc-chap-nhan-lam-thu-tuc-hang-khong-1516155619.jpg|Hành khách mang quốc tịch Việt Nam có thể xuất trình thẻ đảng viên, thẻ nhà báo, giấy phép lái xe (GPLX) ô tô, mô tô… để làm thủ tục hàng không.|pháp luật|nguoilambao.vn|23:29 - 22/04/2020
Yêu cầu làm rõ vụ ba phóng viên Thời báo Làng nghề Việt tống tiền ở Bắc Giang|https://nguoilambao.vn/yeu-cau-lam-ro-vu-ba-phong-vien-thoi-bao-lang-nghe-viet-tong-tien-n8228.html|https://nguoilambao.vn/images/news/2018/01/11/small/yeu-cau-lam-ro-vu-ba-phong-vien-thoi-bao-lang-nghe-viet-tong-tien-1515639927.jpg|Hội Nhà báo Việt Nam đã yêu cầu Hội đồng xử lý vi phạm quy định đạo đức nghề nghiệp người làm báo Việt Nam Thời báo làng nghề Việt có văn bản giải trình làm rõ vụ việc...|pháp luật|nguoilambao.vn|23:29 - 22/04/2020
Xử lý nhà báo đăng thông tin miệt thị Hoa hậu trên Facebook|https://nguoilambao.vn/xu-ly-vi-pham-dao-duc-nha-bao-dang-thong-tin-miet-thi-hoa-hau-tren-facebook-ca-nhan-n8205.html|https://nguoilambao.vn/images/news/2018/01/09/small/xu-ly-vi-pham-dao-duc-nha-bao-dang-thong-tin-miet-thi-hoa-hau-tren-facebook-ca-nhan-1515463944.jpg|Ngày 8/1, Hội đồng xử lý vi phạm quy định đạo đức người làm báo Việt Nam - Hội Nhà báo Việt Nam ra văn bản gửi Báo Lao động, đề nghị Báo Lao động giải trình việc nhà báo...|pháp luật|nguoilambao.vn|23:29 - 22/04/2020
Nguyên nhân Chủ tịch huyện Quốc Oai tử vong: Treo cổ tự tử|https://nguoilambao.vn/nguyen-nhan-chu-tich-huyen-quoc-oai-tu-vong-treo-co-tu-tu-n8162.html|https://nguoilambao.vn/images/news/2018/01/05/small/nguyen-nhan-chu-tich-huyen-quoc-oai-tu-vong-treo-co-tu-tu-1515125165.jpg|Vụ Chủ tịch UBND huyện Quốc Oai Nguyễn Hồng Lâm (Hà Nội) tử vong trong ngôi nhà 5 tầng ở Hà Nội bước đầu được xác định là do chết ngạt, treo cổ tự tử.|pháp luật|nguoilambao.vn|23:29 - 22/04/2020
Nguyên nhân vụ nổ ở Bắc Ninh khiến 10 người thương vong|https://nguoilambao.vn/nguyen-nhan-vu-no-o-bac-ninh-khien-10-nguoi-thuong-vong-n8157.html|https://nguoilambao.vn/images/news/2018/01/05/small/nguyen-nhan-vu-no-o-bac-ninh-khien-10-nguoi-thuong-vong-1515109623.png|Về nguyên nhân vụ nổ kho phế liệu kinh hoàng ở Yên Phong, Bắc Ninh, khiến 10 người thương vong, Đoàn công tác của Bộ Tư lệnh Công binh đã đưa ra nhận định ban đầu có thể...|pháp luật|nguoilambao.vn|23:29 - 22/04/2020
Tòa xét xử ông Đinh La Thăng, Trịnh Xuân Thanh tại Hà Nội từ ngày 8/1/2018|https://nguoilambao.vn/toa-xu-ong-dinh-la-thang-trinh-xuan-thanh-tai-ha-noi-tu-ngay-812018-n8097.html|https://nguoilambao.vn/images/news/2017/12/27/small/toa-xu-ong-dinh-la-thang-trinh-xuan-thanh-tai-ha-noi-tu-ngay-812018-1514347498.jpg|Tòa án Nhân dân TP Hà Nội vừa ra Quyết định xét xử bị cáo Đinh La Thăng, Trịnh Xuân Thanh và 20 đồng phạm trong vụ án xảy ra tại Tổng Công ty cổ phần Xây lắp dầu khí...|pháp luật|nguoilambao.vn|23:29 - 22/04/2020
Tăng cường giáo dục pháp luật cho người đang chấp hành hình phạt tù|https://nguoilambao.vn/tang-cuong-giao-duc-phap-luat-cho-nguoi-dang-chap-hanh-hinh-phat-tu-n8089.html|https://nguoilambao.vn/images/news/2017/12/26/small/tang-cuong-giao-duc-phap-luat-cho-nguoi-dang-chap-hanh-hinh-phat-tu-1514301884.jpg|Thủ tướng Chính phủ vừa phê duyệt Đề án tăng cường phổ biến, giáo dục pháp luật cho người đang chấp hành hình phạt tù; người bị áp dụng các biện pháp tư pháp hoặc các...|pháp luật|nguoilambao.vn|23:29 - 22/04/2020
Cáo trạng truy tố Đinh La Thăng, Trịnh Xuân Thanh và 20 bị can|https://nguoilambao.vn/cao-trang-truy-to-dinh-la-thang-trinh-xuan-thanh-va-20-bi-can-n8086.html|https://nguoilambao.vn/images/news/2017/12/26/small/cao-trang-truy-to-dinh-la-thang-trinh-xuan-thanh-va-20-bi-can-1514277806.jpg|Viện Kiểm sát nhân dân Tối cao vừa ban hành cáo trạng truy tố ông Đinh La Thăng (nguyên Chủ tịch HĐTV Tập đoàn Dầu khí Việt Nam - PVN), ông Trịnh Xuân Thanh (nguyên Chủ...|pháp luật|nguoilambao.vn|23:29 - 22/04/2020
Xét xử 23 vụ án kinh tế, tham nhũng nghiêm trọng trong quý I/2018|https://nguoilambao.vn/xet-xu-23-vu-an-kinh-te-tham-nhung-nghiem-trong-trong-quy-i2018-n7796.html|https://nguoilambao.vn/images/news/2017/11/25/small/som-ket-thuc-dieu-tra-xet-xu-15-vu-an-tham-nhung-nghiem-trong-1511609431.jpg|Ngày 25/11, tại Hà Nội, Thường trực Ban Chỉ đạo Trung ương về phòng, chống tham nhũng đã họp dưới sự chủ trì của đồng chí Nguyễn Phú Trọng, Tổng Bí thư, Trưởng ban Chỉ...|pháp luật|nguoilambao.vn|23:29 - 22/04/2020
Đăng hình trẻ em lên báo phải xin phép|https://nguoilambao.vn/dang-hinh-tre-em-len-bao-phai-xin-phep-n7467.html|https://nguoilambao.vn/images/news/2017/10/26/small/dang-hinh-tre-em-len-bao-phai-xin-phep-1509008600.jpg|Sử dụng hình ảnh trẻ em dưới 7 tuổi làm nhân vật, hình ảnh minh họa trong các xuất bản phẩm, các chương trình phản ánh về các vụ việc tiêu cực, vi phạm pháp luật phải có...|pháp luật|nguoilambao.vn|23:29 - 22/04/2020
Bắt đầu thanh tra việc cổ phần hóa Hãng phim truyện Việt Nam từ ngày 13/10|https://nguoilambao.vn/bat-dau-thanh-tra-viec-co-phan-hoa-hang-phim-truyen-viet-nam-tu-ngay-1310-n7294.html|https://nguoilambao.vn/images/news/2017/10/13/small/bat-dau-thanh-tra-viec-co-phan-hoa-hang-phim-truyen-viet-nam-tu-ngay-1310-1507888271.jpg|Đây là cuộc thanh tra đột xuất do Thủ tướng Chính phủ giao. Thủ tướng yêu cầu, báo cáo kết quả thanh tra trước ngày 1/12/2017.|pháp luật|nguoilambao.vn|23:29 - 22/04/2020
Phóng viên bị dọa giết ở Kon Tum: Đề nghị công an vào cuộc|https://nguoilambao.vn/phong-vien-bi-doa-giet-o-kon-tum-de-nghi-cong-an-vao-cuoc-n7305.html|https://nguoilambao.vn/images/news/2017/10/14/small/phong-vien-bi-doa-giet-o-kon-tum-de-nghi-cong-an-vao-cuoc-1507951215.jpg|"Phóng viên H.H.N của báo điện tử Người Đưa Tin bị dọa giết sau khi viết bài phản ánh về việc ""Xã hội đen"" đặt giá sàn cho thu gom cà phê ở địa bàn tỉnh Kon Tum."|pháp luật|nguoilambao.vn|23:29 - 22/04/2020
Cách chức Bí thư TP. Đà Nẵng Nguyễn Xuân Anh|https://nguoilambao.vn/cach-chuc-bi-thu-da-nang-cho-thoi-uy-vien-trung-uong-voi-ong-nguyen-xuan-anh-n7194.html|https://nguoilambao.vn/images/news/2017/10/07/small/cach-chuc-bi-thu-da-nang-cho-thoi-uy-vien-trung-uong-voi-ong-nguyen-xuan-anh-1507343403.jpg|Trong ngày làm việc thứ ba, Hội nghị lần thứ sáu Ban Chấp hành Trung ương Đảng khóa XII quyết định cách chức Bí thư Thành ủy Đà Nẵng, Ủy viên Ban Thường vụ, Ủy viên Ban...|pháp luật|nguoilambao.vn|23:29 - 22/04/2020
Đề nghị kỷ luật Bí thư TP. Đà Nẵng Nguyễn Xuân Anh|https://nguoilambao.vn/de-nghi-ky-luat-bi-thu-da-nang-nguyen-xuan-anh-n7100.html|https://nguoilambao.vn/images/news/2017/09/30/small/de-nghi-ky-luat-bi-thu-da-nang-nguyen-xuan-anh-1506735695.jpg|Tại kỳ họp thứ 18, UBKT Trung ương đề nghị Bộ Chính trị, Ban Chấp hành Trung ương xem xét, thi hành kỷ luật đối với đồng chí Nguyễn Xuân Anh theo thẩm quyền và thi hành...|pháp luật|nguoilambao.vn|23:29 - 22/04/2020
Khởi tố Kế toán trưởng Tập đoàn dầu khí Việt Nam|https://nguoilambao.vn/khoi-to-ke-toan-truong-tap-doan-dau-khi-viet-nam-n7035.html|https://nguoilambao.vn/images/news/2017/09/26/small/ke-toan-truong-tap-doan-dau-khi-viet-nam-bi-bat-1506428436.jpg|Ngày 26/9, Cơ quan an ninh điều tra Bộ Công an đã khởi tố bị can, bắt tạm giam ông Lê Đình Mậu (45 tuổi), Kế toán trưởng kiêm Trưởng Ban Tài chính, Kế toán và Kiểm toán...|pháp luật|nguoilambao.vn|23:29 - 22/04/2020
Công an TP. Hà Nội tổng kiểm tra hộ khẩu|https://nguoilambao.vn/cong-an-thanh-pho-ha-noi-tong-kiem-tra-ho-khau-n7036.html|https://nguoilambao.vn/images/news/2017/09/26/small/cong-an-thanh-pho-ha-noi-tong-kiem-tra-ho-khau-1506433330.jpg|Để đảm bảo an ninh, trật tự, Công an TP. Hà Nội sẽ bắt đầu tổng kiểm tra hộ khẩu trên toàn thành phố từ 1/10.|pháp luật|nguoilambao.vn|23:29 - 22/04/2020
Công bố sai phạm của Bí thư Đà Nẵng Nguyễn Xuân Anh|https://nguoilambao.vn/ub-kiem-tra-tw-cong-bo-ket-luan-ve-hang-loat-vu-sai-pham-nghiem-trong-n6917.html|https://nguoilambao.vn/images/news/2017/09/18/small/ub-kiem-tra-tw-cong-bo-ket-luan-ve-hang-loat-vu-sai-pham-nghiem-trong-1505733086.jpg|Từ ngày 13 - 16/9/2017, tại Hà Nội, Ủy ban Kiểm tra Trung ương đã họp kỳ 17. Đồng chí Trần Quốc Vượng, Ủy viên Bộ Chính trị, Bí thư Trung ương Đảng, Chủ nhiệm Ủy ban...|pháp luật|nguoilambao.vn|23:29 - 22/04/2020
Miễn nhiệm chức vụ Thứ trưởng Bộ Công Thương Hồ Thị Kim Thoa|https://nguoilambao.vn/mien-nhiem-chuc-vu-thu-truong-bo-cong-thuong-ho-thi-kim-thoa-n6512.html|https://nguoilambao.vn/images/news/2017/08/16/small/mien-nhiem-chuc-vu-thu-truong-bo-cong-thuong-ho-thi-kim-thoa-1502870473.jpg|Thủ tướng Chính phủ quyết định miễn nhiệm chức vụ Thứ trưởng Bộ Công Thương đối với bà Hồ Thị Kim Thoa.|pháp luật|nguoilambao.vn|23:29 - 22/04/2020
Xóa tư cách nguyên Chủ tịch UBND tỉnh Hà Tĩnh Võ Kim Cự|https://nguoilambao.vn/xoa-tu-cach-nguyen-chu-tich-ubnd-tinh-ha-tinh-vo-kim-cu-n6513.html|https://nguoilambao.vn/images/news/2017/08/16/small/xoa-tu-cach-nguyen-chu-tich-ubnd-tinh-ha-tinh-vo-kim-cu-1502871528.jpg|Thủ tướng Chính phủ vừa ký quyết định kỷ luật ông Võ Kim Cự bằng hình thức xoá tư cách nguyên Chủ tịch UBND tỉnh Hà Tĩnh và 3 cá nhân nguyên là lãnh đạo Bộ Tài nguyên và...|pháp luật|nguoilambao.vn|23:29 - 22/04/2020
Kẻ giấu mặt ném “bom xăng” vào nhà nguyên Bí thư Huyện ủy trong đêm|https://nguoilambao.vn/ke-giau-mat-nem-bom-xang-vao-nha-nguyen-bi-thu-huyen-uy-trong-dem-n6405.html|https://nguoilambao.vn/images/news/2017/08/01/small/ke-giau-mat-nem-bom-xang-vao-nha-nguyen-bi-thu-huyen-uy-trong-dem-1501563187.jpg|Đêm ngày 31/7, đối tượng giấu mặt đã lén dùng chai thủy tinh cuộn vải tẩm xăng ném vào nhà ông Phan Văn Đệ - nguyên Bí thư Huyện ủy huyện Hương Khê.|pháp luật|nguoilambao.vn|23:29 - 22/04/2020
Xử lý hình sự với hành vi vi phạm về BHXH, BHYT, BHTN|https://nguoilambao.vn/xu-ly-hinh-su-voi-hanh-vi-vi-pham-ve-bhxh-bhyt-bhtn-n6296.html|https://nguoilambao.vn/images/news/2017/07/21/small/xu-ly-hinh-su-voi-hanh-vi-vi-pham-ve-bhxh-bhyt-bhtn-1500651465.jpg|Từ ngày 1/1/2018, áp dụng quy định xử lý hình sự với tội gian lận BHXH, BHTN và tội gian lận BHYT.|pháp luật|nguoilambao.vn|23:29 - 22/04/2020
"Nghi vấn ""đinh tặc"" hoành hành đường giao thông quanh khu công nghiệp Phố Nối A"|https://nguoilambao.vn/dinh-phu-kin-mat-duong-khu-cong-nghiep-pho-noi-a-n6170.html|https://nguoilambao.vn/images/news/2017/07/10/small/dinh-phu-kin-mat-duong-khu-cong-nghiep-pho-noi-a-1499673130.png|Trong vài tháng trở lại đây, người dân đi qua đoạn đường KCN Phố Nối A, đặc biệt là những công nhân làm việc tại khu vực này thường xuyên bức xúc vì có rất nhiều đỉnh...|pháp luật|nguoilambao.vn|23:29 - 22/04/2020
Xưởng gỗ gần 400m2 chìm trong biển lửa|https://nguoilambao.vn/xuong-go-rong-gan-400m2-chim-trong-bien-lua-n6126.html|https://nguoilambao.vn/images/news/2017/07/07/small/xuong-go-rong-gan-400m2-chim-trong-bien-lua-1499412120.jpg|Vào rạng sáng ngày 07/07, tại khu 3, thôn Đoài, thị trấn Yên Lạc, huyện Yên Lạc, tỉnh Vĩnh Phúc, xưởng sản xuất đồ gỗ của Công ty TNHH Phượng Vân bất ngờ bốc cháy dữ...|pháp luật|nguoilambao.vn|23:29 - 22/04/2020
UBND xã Đồng Tâm đã buông lỏng quản lý đất quốc phòng|https://nguoilambao.vn/ubnd-xa-dong-tam-da-buong-long-quan-ly-dat-quoc-phong-n6120.html|https://nguoilambao.vn/images/news/2017/07/07/small/cong-bo-du-thao-ket-luan-thanh-tra-vu-dong-tam-1499399631.jpg|Theo dự thảo kết luận thanh tra, UBND xã Đồng Tâm đã buông lỏng quản lý, sử dụng đất để các hộ dân xây dựng trái phép trên đất quốc phòng, xác nhận các hồ sơ thừa kế,...|pháp luật|nguoilambao.vn|23:29 - 22/04/2020
Trình nghị định mới xử phạt sai phạm báo chí, xuất bản|https://nguoilambao.vn/bo-ttamp-tt-trinh-chinh-phu-nghi-dinh-moi-xu-phat-sai-pham-bao-chi-xuat-ban-n6106.html|https://nguoilambao.vn/images/news/2017/07/06/small/bo-ttamp-tt-trinh-chinh-phu-nghi-dinh-moi-xu-phat-sai-pham-bao-chi-xuat-ban-1499330856.jpg|Bộ TT&TT đang xây dựng 2 nghị định mới để trình Chính phủ ban hành trong năm 2017 về nội dung xử phạt vi phạm hành chính trong lĩnh vực bưu chính, viễn thông, CNTT; tần...|pháp luật|nguoilambao.vn|23:29 - 22/04/2020
Bước tiến mới của Bảo hiểm xã hội Việt Nam trong thực hiện chính sách BHXH, BHYT|https://nguoilambao.vn/buoc-tien-moi-cua-bao-hiem-xa-hoi-viet-nam-trong-thuc-hien-chinh-sach-bhxh-bhyt-n6047.html|https://nguoilambao.vn/images/news/2017/07/03/small/buoc-tien-moi-cua-bao-hiem-xa-hoi-viet-nam-trong-thuc-hien-chinh-sach-bhxh-bhyt-1499052642.jpg|Nhằm góp phần bảo đảm quyền lợi chính đáng và tránh phiền hà cho người lao động, thời gian qua cơ quan bảo hiểm xã hội (BHXH) đã tiến hành các bước cần thiết cải cách...|pháp luật|nguoilambao.vn|23:29 - 22/04/2020
Một phóng viên Báo GDVN được công an Yên Bái triệu tập|https://nguoilambao.vn/cong-an-tp-yen-bai-trieu-tap-mot-so-nha-bao-n6025.html|https://nguoilambao.vn/images/news/2017/06/30/small/cong-an-tp-yen-bai-trieu-tap-mot-so-nha-bao-1498813629.jpg|Công an TP Yên Bái triệu tập thêm một số người liên quan đến vụ ông Lê Duy Phong, trong đó có một phóng viên Báo Giáo dục Việt Nam.|pháp luật|nguoilambao.vn|23:29 - 22/04/2020
Bộ Y tế đề nghị cho bác sĩ Lương được tại ngoại|https://nguoilambao.vn/hoi-hoi-suc-cap-cuu-chong-doc-len-tieng-ve-ket-luan-dieu-tra-n5985.html|https://nguoilambao.vn/images/news/2017/06/28/small/hoi-hoi-suc-cap-cuu-chong-doc-len-tieng-ve-ket-luan-dieu-tra-1498647494.jpg|Thông tin mới nhất trên báo chí, chiều ngày 28/6, ông Nguyễn Huy Quang - Vụ trưởng Vụ Pháp chế, Bộ Y tế, cho biết, Bộ trưởng Nguyễn Thị Kim Tiến đã phân công ông đề xuất...|pháp luật|nguoilambao.vn|23:29 - 22/04/2020
Thanh tra tài sản của Giám đốc Sở TNMT tỉnh Yên Bái|https://nguoilambao.vn/thanh-tra-tai-san-cua-giam-doc-so-tnmt-tinh-yen-bai-n5966.html|https://nguoilambao.vn/images/news/2017/06/27/small/thanh-tra-tai-san-cua-giam-doc-so-tnmt-tinh-yen-bai-1498537628.jpg|Cục trưởng Cục Chống tham nhũng, Thanh tra Chính phủ Phạm Trọng Đạt cho biết, cơ quan này đang có mặt tại tỉnh Yên Bái để tiến hành thanh tra, làm rõ nguồn gốc tài sản...|pháp luật|nguoilambao.vn|23:29 - 22/04/2020
Báo Giáo dục Việt Nam lên tiếng về việc bắt nhà báo Lê Duy Phong|https://nguoilambao.vn/bao-giao-duc-viet-nam-len-tieng-ve-viec-bat-nha-bao-le-duy-phong-n5935.html|https://nguoilambao.vn/images/news/2017/06/24/small/bao-giao-duc-viet-nam-len-tieng-ve-viec-bat-nha-bao-le-duy-phong-1498284532.jpg|Tổng Biên tập Báo Giáo dục Việt Nam Nguyễn Tiến Bình cho biết việc bắt giữ nhà báo Lê Duy Phong nhận tiền của doanh nghiệp trên địa bàn tỉnh Yên Bái có những bất thường...|pháp luật|nguoilambao.vn|23:29 - 22/04/2020
Hạn mức trả tiền bảo hiểm|https://nguoilambao.vn/han-muc-tra-tien-bao-hiem-n5885.html|https://nguoilambao.vn/images/news/2017/06/20/small/han-muc-tra-tien-bao-hiem-1497931215.jpg|Thủ tướng Chính phủ Nguyễn Xuân Phúc vừa ký Quyết định 21/2017/QĐ-TTg về hạn mức trả tiền bảo hiểm.|pháp luật|nguoilambao.vn|23:29 - 22/04/2020
Tạo dựng niềm tin cho phóng viên điều tra chống tiêu cực|https://nguoilambao.vn/tao-dung-niem-tin-cho-phong-vien-dieu-tra-chong-tieu-cuc-n5849.html|https://nguoilambao.vn/images/news/2017/06/16/small/tao-dung-niem-tin-cho-phong-vien-dieu-tra-chong-tieu-cuc-1497586098.jpg|Ngay sau khi hàng loạt cơ quan báo chí thông tin về vụ việc nhóm phóng viên Ban Thời sự - Đài truyền hình Việt Nam bị cản trở tác nghiệp tại huyện Sóc Sơn, Hà Nội, các...|pháp luật|nguoilambao.vn|23:29 - 22/04/2020
Khởi tố vụ án tấn công phóng viên VTV tại Sóc Sơn|https://nguoilambao.vn/khoi-to-vu-an-tan-cong-phong-vien-vtv-tai-soc-son-n5837.html|https://nguoilambao.vn/images/news/2017/06/14/small/khoi-to-vu-an-tan-cong-phong-vien-vtv-tai-soc-son-1497436227.jpg|Ngay sau khi đại diện Hội Nhà báo Việt Nam lên tiếng mạnh mẽ về vụ việc phóng viên VTV bị tấn công trong quá trình tác nghiệp tại huyện Sóc Sơn. Cơ quan cảnh sát điều...|pháp luật|nguoilambao.vn|23:29 - 22/04/2020
Cần tiếng nói mạnh mẽ, theo đến tận cùng sự việc|https://nguoilambao.vn/can-tieng-noi-manh-me-theo-den-tan-cung-su-viec-n5831.html|https://nguoilambao.vn/images/news/2017/06/14/small/can-tieng-noi-manh-me-theo-den-tan-cung-su-viec-1497426099.jpg|Bên lề Hội thảo Báo chí với việc xây dựng, bảo vệ và phát triển thương hiệu của doanh nghiệp do Tạp chí Người Làm Báo và Báo Người Hà Nội tổ chức sáng 14/6, đại diện Hội...|pháp luật|nguoilambao.vn|23:29 - 22/04/2020
Hà Giang: Phát hiện 34 vụ với 54 nạn nhân mua bán người|https://nguoilambao.vn/ha-giang-phat-hien-34-vu-voi-54-nan-nhan-mua-ban-nguoi-n9308.html|https://nguoilambao.vn/images/news/2018/04/20/small/ha-giang-phat-hien-34-vu-voi-54-nan-nhan-bi-mua-ban-nguoi-trong-2-nam-1524239405.jpg|Theo báo cáo tại Hội nghị sơ kết chỉ đạo điểm thực hiện chương trình phòng, chống mua bán người giai đoạn 1 (2016 – 2018) của tỉnh Hà Giang, trong 2 năm, toàn tỉnh phát...|pháp luật|nguoilambao.vn|23:29 - 22/04/2020
Tập huấn liên ngành về phòng, chống mua bán người tại Tuyên Quang|https://nguoilambao.vn/tap-huan-lien-nganh-ve-phong-chong-mua-ban-nguoi-tai-tuyen-quang-n9223.html|https://nguoilambao.vn/images/news/2018/04/14/small/tap-huan-lien-nganh-ve-phong-chong-toi-pham-mua-ban-nguoi-tai-tuyen-quang-1523722562.jpg|Trong hai ngày vừa qua (12 và 13/4), Tại Tuyên Quang, thực hiện chương trình công tác của Ban Chỉ đạo phòng, chống tội phạm của Chính phủ (Ban chỉ đạo 138/CP), Bộ Công...|pháp luật|nguoilambao.vn|23:29 - 22/04/2020
Vinh quang song hành cùng hiểm nguy |https://nguoilambao.vn/vinh-quang-song-hanh-cung-hiem-nguy-n9157.html|https://nguoilambao.vn/images/news/2018/04/10/small/vinh-quang-song-hanh-cung-hiem-nguy-1523360540.jpg|Trải qua gần 4 giờ đồng hồ, bị hơn chục đối tượng bảo kê cho quặng tặc tại Khánh Hòa bắt giữ, giam lỏng khi đang tác nghiệp, sẽ là những giây phút không thể nào quên đối...|pháp luật|nguoilambao.vn|23:29 - 22/04/2020
Đề nghị điều tra dấu hiệu chiếm đoạt con dấu báo Sức khỏe Cộng đồng|https://nguoilambao.vn/de-nghi-dieu-tra-dau-hieu-chiem-doat-con-dau-bao-suc-khoe-cong-dong-n9080.html|https://nguoilambao.vn/images/news/2018/04/04/small/de-nghi-dieu-tra-dau-hieu-chiem-doat-con-dau-bao-suc-khoe-cong-dong-1522809477.jpg|Cục Cảnh sát Quản lý hành chính và trật tự xã hội yêu cầu ông Lê Thấu phải nộp con dấu của Báo Sức khỏe cộng đồng. Cục cũng đề nghị “Công an Hà Nội điều tra làm rõ dấu...|pháp luật|nguoilambao.vn|23:29 - 22/04/2020
Khởi tố 2 đối tượng làm giả giấy tờ để hưởng chế độ BHXH|https://nguoilambao.vn/khoi-to-2-doi-tuong-lam-gia-giay-to-de-huong-che-do-bhxh-n13277.html|https://nguoilambao.vn/images/news/2019/04/26/small/khoi-to-2-doi-tuong-lam-gia-giay-to-de-huong-che-do-bhxh-1556267268.jpg|Công an thị xã Từ Sơn, tỉnh Bắc Ninh vừa quyết định khởi tố hình sự vụ án làm giả giấy tờ Bệnh viện Bạch Mai nhằm chiếm đoạt tiền BHXH, đồng thời khởi tố, ra lệnh tạm...|pháp luật|nguoilambao.vn|23:29 - 22/04/2020
Bắt tạm giam Chánh thanh tra Bộ Thông tin và truyền thông|https://nguoilambao.vn/bat-tam-giam-chanh-thanh-tra-bo-thong-tin-va-truyen-thong-n13268.html|https://nguoilambao.vn/images/news/2019/04/26/small/bat-tam-giam-chanh-thanh-tra-bo-thong-tin-va-truyen-thong-1556246785.jpg|Hôm qua (25/4), Cơ quan An ninh điều tra Công an tỉnh Phú Thọ cho biết đã ra quyết định khởi tố, bắt tạm giam ông Đặng Anh Tuấn (49 tuổi, Chánh thanh tra Bộ Thông tin và...|pháp luật|nguoilambao.vn|23:29 - 22/04/2020
Trục lợi Quỹ BHYT: 8 cán bộ y tế Bệnh viện đa khoa Hòa Bình hầu tòa|https://nguoilambao.vn/truc-loi-quy-bhyt-8-can-bo-y-te-benh-vien-da-khoa-hoa-binh-hau-toa-n13262.html|https://nguoilambao.vn/images/news/2019/04/25/small/truc-loi-quy-bhyt-8-can-bo-y-te-benh-vien-da-khoa-hoa-binh-hau-toa-1556189076.jpg|Chiều 24/4, Tòa án Nhân dân thành phố Hòa Bình đã mở phiên tòa xét xử công khai vụ án hình sự đối với 8 bị cáo nguyên là lãnh đạo khoa, bác sĩ, điều dưỡng tại Bệnh viện...|pháp luật|nguoilambao.vn|23:29 - 22/04/2020
Thông báo của Hội đồng Giải Báo chí Quốc gia|https://nguoilambao.vn/rut-tac-pham-tham-nhap-bang-nhom-bao-ke-o-cho-long-bien-n13912.html|https://nguoilambao.vn/images/news/2019/06/01/small/rut-tac-pham-tham-nhap-bang-nhom-bao-ke-o-cho-long-bien-1559397828.jpg|Căn cứ đơn của Báo Phụ Nữ TP.HCM và mức độ vi phạm của tác giả, Hội đồng Giải đã quyết định rút tác phẩm “Thâm nhập băng nhóm bảo kê ở chợ Long Biên” khỏi Giải Báo chí...|pháp luật|nguoilambao.vn|23:29 - 22/04/2020
Nhà báo không phải quan tòa|https://nguoilambao.vn/nha-bao-khong-phai-quan-toa-n12431.html|https://nguoilambao.vn/images/news/2019/02/23/small/nha-bao-khong-phai-quan-toa-1550929957.png|Mới đây, Cục Báo chí, Bộ Thông tin và Truyền thông đã có quyết định xử phạt vi phạm hành chính đối với báo điện tử Người Tiêu Dùng do đã có nhiều sai phạm trong hoạt...|pháp luật|nguoilambao.vn|23:29 - 22/04/2020
Bắt được nghi can sát hại tài xế taxi trước cổng SVĐ Mỹ Đình|https://nguoilambao.vn/bat-duoc-nghi-can-cua-co-tai-xe-taxi-truoc-cong-svd-my-dinh-n12230.html|https://nguoilambao.vn/images/news/2019/02/04/small/bat-duoc-nghi-can-cua-co-tai-xe-taxi-truoc-cong-svd-my-dinh-1549244374.jpg|Liên quan đến vụ tài xế hãng taxi Linh Anh bị sát hại ngày 29/1, tối 3/2, cảnh sát đã bắt giữ và di lý nghi can vụ án từ Hòa Bình về Hà Nội.|pháp luật|nguoilambao.vn|23:29 - 22/04/2020
Khá Bảnh khai thu hàng trăm triệu/tháng nhờ quay clip tung lên mạng|https://nguoilambao.vn/kha-banh-khai-thu-hang-tram-trieuthang-nho-quay-clip-tung-len-mang-n12831.html|https://nguoilambao.vn/images/news/2019/04/02/small/kha-banh-khai-thu-hang-tram-trieuthang-nho-quay-clip-tung-len-mang-1554192607.jpg|Từ một thanh niên phải đi cải tạo, nhận án tù, Khá Bảnh trở thành “hiện tượng” nhờ các video trên Youtube và cho biết được các trang mạng nước ngoài trả hàng trăm triệu...|pháp luật|nguoilambao.vn|23:29 - 22/04/2020
Khởi tố hình sự vụ TNGT khiến 7 người đi đưa tang tử vong|https://nguoilambao.vn/khoi-to-hinh-su-vu-tngt-khien-7-nguoi-di-dua-tang-tu-vong-n12775.html|https://nguoilambao.vn/images/news/2019/03/28/small/khoi-to-vu-an-hinh-su-vu-tai-nan-7-nguoi-dua-tang-tu-vong-1553797260.jpg|Công an tỉnh Vĩnh Phúc ra quyết định khởi tố vụ án hình sự vụ xe khách đâm đoàn người đưa tang khiến 10 người thương vong xảy ra buổi sáng ngày 27/3.|pháp luật|nguoilambao.vn|23:29 - 22/04/2020
Quyết liệt ngăn chặn tội phạm sử dụng công nghệ cao|https://nguoilambao.vn/quyet-liet-ngan-chan-toi-pham-su-dung-cong-nghe-cao-n12742.html|https://nguoilambao.vn/images/news/2019/03/27/small/quyet-liet-ngan-chan-toi-pham-su-dung-cong-nghe-cao-1553650087.jpg|Sau hơn 3 năm thành lập, Ðội Cảnh sát phòng, chống tội phạm sử dụng công nghệ cao, Phòng Cảnh sát kinh tế Công an Quảng Ninh đã phát hiện và khởi tố 25 vụ, 57 bị can....|pháp luật|nguoilambao.vn|23:29 - 22/04/2020
Cấm mọi hình thức vận chuyển lợn nhập lậu nhằm ngăn chặn Dịch tả lợn Châu Phi|https://nguoilambao.vn/cam-moi-hinh-thuc-van-chuyen-lon-nhap-lau-nham-ngan-chan-dich-ta-lon-chau-phi-n12719.html|https://nguoilambao.vn/images/news/2019/03/25/small/cam-moi-hinh-thuc-van-chuyen-lon-nhap-lau-nham-ngan-chan-dich-ta-lon-chau-phi-1553505637.jpg|Bộ Giao thông vận tải đã có văn bản yêu cầu Tổng cục Đường bộ Việt Nam; các Cục: Đường sắt Việt Nam, Đường thủy nội địa Việt Nam, Hàng hải Việt Nam, Hàng không Việt Nam,...|pháp luật|nguoilambao.vn|23:29 - 22/04/2020
Đề nghị cưỡng chế công trình vi phạm đất rừng Sóc Sơn|https://nguoilambao.vn/de-nghi-cuong-che-cong-trinh-vi-pham-dat-rung-soc-son-n12684.html|https://nguoilambao.vn/images/news/2019/03/22/small/de-nghi-cuong-che-cong-trinh-vi-pham-dat-rung-soc-son-1553245803.jpg|Thanh tra thành phố đề nghị UBND TP Hà Nội cho phép chuyển hồ sơ sang Cơ quan điều tra, Công an TP Hà Nội đối với những vi phạm trong việc chứng thực, xác nhận mua bán,...|pháp luật|nguoilambao.vn|23:29 - 22/04/2020
Tăng cường sự lãnh đạo của Đảng đối với hoạt động của Hội Nhà báo Việt Nam|https://nguoilambao.vn/tang-cuong-su-lanh-dao-cua-dang-doi-voi-hoat-dong-cua-hoi-nha-bao-viet-nam-n18559-n45776.html|https://nguoilambao.vn/images/news/2022/02/17/small/tang-cuong-su-lanh-dao-cua-dang-doi-voi-hoat-dong-cua-hoi-nha-bao-viet-nam-n18559-1645094866.jpg|Ban Bí thư Trung ương Đảng đã ban hành Chỉ thị số 43-CT/TW về tăng cường sự lãnh đạo của Đảng đối với hoạt động của Hội Nhà báo Việt Nam trong tình hình mới.|pháp luật|nguoilambao.vn|23:29 - 10/04/2020
Ủy ban Kiểm tra Trung ương kỷ luật cảnh cáo 2 thiếu tướng, 2 trung tướng|https://nguoilambao.vn/uy-ban-kiem-tra-trung-uong-ky-luat-canh-cao-2-thieu-tuong-2-trung-tuong-n11675.html|https://nguoilambao.vn/images/news/2018/12/08/small/uy-ban-kiem-tra-trung-uong-ky-luat-canh-cao-2-thieu-tuong-2-trung-tuong-1544249838.jpg|Mới đây, Ủy ban Kiểm tra Trung ương đã họp kỳ thứ 32. Nhiều cán bộ cấp Trung ương bị kỷ luật cảnh cáo tại Kỳ họp này.|pháp luật|nguoilambao.vn|23:29 - 08/12/2018
Thành lập Hội đồng xử lý vi phạm Quy định đạo đức nghề nghiệp người làm báo Việt Nam|https://nguoilambao.vn/thanh-lap-hoi-dong-xu-ly-vi-pham-quy-dinh-dao-duc-nghe-nghiep-nguoi-lam-bao-viet-nam-n5252.html|https://nguoilambao.vn/images/news/2017/04/11/small/thanh-lap-hoi-dong-xu-ly-vi-pham-quy-dinh-dao-duc-nghe-nghiep-nguoi-lam-bao-viet-nam-1491879150.jpg|Ngày 30/3/2017, Hội Nhà báo Việt Nam đã ra Quyết định thành lập và quy chế hoạt động của Hội đồng xử lý vi phạm Quy định đạo đức nghề nghiệp người làm báo Việt Nam. Tạp...|pháp luật|nguoilambao.vn|16:16 - 10/04/2017
Nhà báo, người dân không được dùng thiết bị nguỵ trang để ghi âm, ghi hình?|https://nguoilambao.vn/nha-bao-nguoi-dan-khong-duoc-dung-thiet-bi-nguy-trang-de-ghi-am-ghi-hinh-n5251.html|https://nguoilambao.vn/images/news/2017/04/10/small/nha-bao-nguoi-dan-khong-duoc-dung-thiet-bi-nguy-trang-de-ghi-am-ghi-hinh-1491795494.jpg|Nhiều ý kiến cho rằng đề xuất “chỉ cơ quan chuyên trách bảo vệ an ninh quốc gia, trật tự, an toàn xã hội mới được sử dụng thiết bị, phần mềm ngụy trang dùng để ghi âm,...|pháp luật|nguoilambao.vn|10:28 - 10/04/2017
Bộ trưởng TT&TT: Tăng cường quản lý báo chí, xử lý sai phạm|https://nguoilambao.vn/bo-truong-ttamp-tt-tang-cuong-quan-ly-bao-chi-xu-ly-sai-pham-n5232.html|https://nguoilambao.vn/images/news/2017/04/05/small/bo-truong-ttamp-tt-tang-cuong-quan-ly-bao-chi-xu-ly-sai-pham-1491408643.jpg|Tại hội nghị giao ban quản lý Nhà nước quý 1/2017 chiều nay, Bộ trưởng TT&TT Trương Minh Tuấn yêu cầu Cục Báo chí tăng cường quản lý, xử lý sai phạm, nhất là các cơ quan...|pháp luật|nguoilambao.vn|22:57 - 05/04/2017
Phóng viên đứng ra làm nhân chứng bị dọa giết|https://nguoilambao.vn/dung-ra-lam-nhan-chung-phong-vien-bi-doa-giet-n5230.html|https://nguoilambao.vn/images/news/2017/04/06/small/dung-ra-lam-nhan-chung-phong-vien-bi-doa-giet-1491491768.jpg|Nhân viên an ninh sân bay Đồng Hới bị hành hung, phóng viên có mặt ghi nhận lại sự việc đồng thời đứng ra làm chứng thì bị dọa giết. Cơ quan chức năng lại không có biện...|pháp luật|nguoilambao.vn|16:06 - 05/04/2017
"Tài xế taxi dùng thẻ phóng viên giả để xin CSGT ""bỏ qua"""|https://nguoilambao.vn/tai-xe-taxi-dung-the-phong-vien-gia-de-xin-csgt-quot-bo-quaquot-n5218.html|https://nguoilambao.vn/images/news/2017/04/03/small/tai-xe-taxi-dung-the-phong-vien-gia-de-xin-csgt-quot-bo-quaquot-1491210340.jpg|Tài xế xe taxi dùng thẻ phóng viên giả để xin lực lượng chức năng bỏ qua lỗi vi phạm.|pháp luật|nguoilambao.vn|15:53 - 03/04/2017
Niềm tin vơi đầy nơi công chúng|https://nguoilambao.vn/ba-o-chi-nie-m-tin-voi-da-y-noi-cong-chu-ng-n5213.html|https://nguoilambao.vn/images/news/2017/04/04/small/ba-o-chi-nie-m-tin-voi-da-y-noi-cong-chu-ng-1491262499.jpg|Thời gian qua, hàng loạt những sai phạm của báo chí đã thực sự dấy lên những hồi chuông cảnh báo về tình trạng đạo đức xuống cấp nghiêm trọng...|pháp luật|nguoilambao.vn|20:34 - 02/04/2017
Phó Chủ tịch xã Bình Hưng đuổi phóng viên vì chỉ có thẻ Nhà báo|https://nguoilambao.vn/pho-chu-tich-xa-binh-hung-duoi-nha-bao-vi-den-lam-viec-chi-co-the-n5205.html|https://nguoilambao.vn/images/news/2017/04/01/small/pho-chu-tich-xa-binh-hung-duoi-nha-bao-vi-den-lam-viec-chi-co-the-1491005628.jpg|Phóng viên Thông tấn xã Việt Nam đến UBND xã Bình Hưng, huyện Bình Chánh để liên hệ làm việc thì bị Phó chủ tịch UBND xã cho người đổi ra ngoài vì chỉ có thẻ nhà báo.|pháp luật|nguoilambao.vn|06:44 - 01/04/2017
Để nhà báo không cô đơn trên mặt trận chống tiêu cực|https://nguoilambao.vn/de-nha-bao-khong-co-don-tren-mat-tran-chong-tieu-cuc-n5188.html|https://nguoilambao.vn/images/news/2017/03/29/small/de-nha-bao-khong-co-don-tren-mat-tran-chong-tieu-cuc-1490752914.jpg|Gần đây, những bài báo mang tính chất điều tra, phanh phui những vụ việc tiêu cực mang tính phát hiện, đi trước cơ quan chức năng (công an, thanh tra...) ngày càng ít...|pháp luật|nguoilambao.vn|08:38 - 29/03/2017
TAND Q.5 ra quyết định khẩn cấp đối với Báo Giao thông: Có đúng luật?|https://nguoilambao.vn/tand-q5-ra-quyet-khan-cap-doi-voi-bao-giao-thong-n5179.html|https://nguoilambao.vn/images/news/2017/03/28/small/tand-q5-ra-quyet-khan-cap-doi-voi-bao-giao-thong-1490684751.jpg|Quyết định số 72 của Tòa án nhân dân quận 5 (TAND Q.5) áp dụng biện pháp khẩn cấp tạm thời đối với Báo Giao thông có đúng luật? Đây là câu hỏi được dư luận hết sức quan...|pháp luật|nguoilambao.vn|09:49 - 28/03/2017
Tạm giữ đối tượng xưng là phóng viên đứng ra chạy án|https://nguoilambao.vn/tam-giu-doi-tuong-xung-la-phong-vien-dung-ra-chay-an-n5161.html|https://nguoilambao.vn/images/news/2017/03/26/small/tam-giu-doi-tuong-xung-la-phong-vien-dung-ra-chay-an-1490494839.jpg|Một đối tượng được cho là phóng viên đang bị công an P.8, Q.Phú Nhuận, TP.HCM tạm giữ vì liên quan đến vụ chạy án. Vụ việc có dấu hiệu liên quan tới một lãnh đạo văn...|pháp luật|nguoilambao.vn|08:39 - 26/03/2017
Bắt khẩn cấp nhóm đối tượng lợi dụng danh nghĩa nhà báo cưỡng đoạt tài sản|https://nguoilambao.vn/bat-khan-cap-nhom-doi-tuong-loi-dung-danh-nghia-nha-bao-cuong-doat-tien-nguoi-dan-n5159.html|https://nguoilambao.vn/images/news/2017/03/25/small/bat-khan-cap-nhom-doi-tuong-loi-dung-danh-nghia-nha-bao-cuong-doat-tien-nguoi-dan-1490436428.jpg|Nhóm đối tượng do Phan Văn Thương, Trưởng văn phòng đại diện báo Kinh doanh & Pháp luật tại Hải Phòng bị bắt vì có hành vi cưỡng đoạt tiền người dân.|pháp luật|nguoilambao.vn|16:43 - 25/03/2017
"VnExpress bị phạt 10 triệu đồng vì đăng tin sai về ""dàn siêu xe gắn biển xanh giả"""|https://nguoilambao.vn/vnexpress-bi-phat-10-trieu-dong-vi-dang-tin-sai-ve-quot-dan-sieu-xe-gan-bien-xanh-giaquot-n5071.html|https://nguoilambao.vn/images/news/2017/03/14/small/vnexpress-bi-phat-10-trieu-dong-vi-dang-tin-sai-ve-quot-dan-sieu-xe-gan-bien-xanh-giaquot-1489473814.jpg|Cục trưởng Cục Báo chí Lưu Đình Phúc đã ký ban hành Quyết định số 55 về việc xử phạt vi phạm hành chính đối với Báo điện tử Tin nhanh Việt Nam (VnExpress) vì đăng tin...|pháp luật|nguoilambao.vn|13:36 - 14/03/2017
Công an Quảng Bình bắt đối tượng giả mạo giấy tờ nhiều cơ quan báo chí|https://nguoilambao.vn/bat-doi-tuong-gia-mao-giay-to-nhieu-co-quan-bao-chi-n5068.html|https://nguoilambao.vn/images/news/2017/03/14/small/bat-doi-tuong-gia-mao-giay-to-nhieu-co-quan-bao-chi-1489462442.jpg|Công an tỉnh Quảng Bình đã bắt khẩn cấp đối tượng Nguyễn Đức Thống về tội “Làm giả con dấu, tài liệu của cơ quan, tổ chức”.|pháp luật|nguoilambao.vn|10:22 - 14/03/2017
Phóng viên báo Vietnamnet bị hành hung khi đang tác nghiệp|https://nguoilambao.vn/phong-vien-bao-vietnamnet-bi-danh-khi-tac-nghiep-n5031.html|https://nguoilambao.vn/images/news/2017/03/09/small/phong-vien-bao-vietnamnet-bi-danh-khi-tac-nghiep-1489031554.jpg|Đang tác nghiệp tại bến phà Bãi Cháy cũ (TP Hạ Long, Quảng Ninh), một PV báo Vietnamnet đã bị người mặc áo bảo vệ Công ty Saigontourist hành hung.|pháp luật|nguoilambao.vn|10:41 - 09/03/2017
Chủ tịch MTTQ Việt Nam Nguyễn Thiện Nhân động viên nhà báo chống tiêu cực ở Bạc Liêu|https://nguoilambao.vn/chu-tich-mttq-viet-nam-nguyen-thien-nhan-dong-vien-nha-bao-chong-tieu-cuc-o-bac-lieu-n4999.html|https://nguoilambao.vn/images/news/2017/03/03/small/chu-tich-mttq-viet-nam-nguyen-thien-nhan-dong-vien-nha-bao-chong-tieu-cuc-o-bac-lieu-1488548262.jpg|Chủ tịch Ủy ban Trung ương Mặt trận Tổ quốc Việt Nam Nguyễn Thiện Nhân biểu dương tính chiến đấu, quyết liệt đấu tranh với những sai phạm, dám đương đầu của tập thể Ban...|pháp luật|nguoilambao.vn|20:27 - 03/03/2017
"Đề nghị làm rõ vụ phóng viên bị ""dằn mặt"" khi tác nghiệp"|https://nguoilambao.vn/hoi-nha-bao-de-nghi-lam-ro-vu-phong-vien-bi-danh-khi-vua-roi-tru-so-ubnd-huyen-n4979.html|https://nguoilambao.vn/images/news/2017/03/02/small/hoi-nha-bao-de-nghi-lam-ro-vu-phong-vien-bi-danh-khi-vua-roi-tru-so-ubnd-huyen-1488465287.jpg|Ban kiểm tra (Hội Nhà báo Việt Nam) đã gửi công văn đến thường trực Tỉnh ủy, UBND, Công an tỉnh Thanh Hóa đề nghị khẩn trương chỉ đạo và tích cực điều tra sớm làm rõ vụ...|pháp luật|nguoilambao.vn|21:18 - 02/03/2017
Quy định mới về cung cấp thông tin của cơ quan nhà nước|https://nguoilambao.vn/quy-dinh-moi-ve-cung-cap-thong-tin-cua-co-quan-nha-nuoc-n4968.html|https://nguoilambao.vn/images/news/2017/03/02/small/quy-dinh-moi-ve-cung-cap-thong-tin-cua-co-quan-nha-nuoc-1488423752.jpg|Cấp tỉnh hàng tháng phải cung cấp thông tin cho báo giới, 3 tháng họp báo một lần; công khai số điện thoại của người phát ngôn... là những quy định mới của Chính phủ về...|pháp luật|nguoilambao.vn|09:59 - 02/03/2017
Quy định chức năng, nhiệm vụ của Bộ Thông tin và Truyền thông trong quản lý báo chí|https://nguoilambao.vn/bo-thong-tin-va-truyen-thong-nghi-dinh-172017nd-cp-bao-chi-nguoi-lam-bao-n4860.html|https://nguoilambao.vn/images/news/2017/02/22/small/quy-dinh-chuc-nang-nhiem-vu-cua-bo-thong-tin-va-truyen-thong-trong-quan-ly-bao-chi-1487722105.jpg|Thủ tướng Chính phủ vừa ký quyết định ban hành Nghị định 17/2017/NĐ-CP quy định chức năng, nhiệm vụ, quyền hạn và cơ cấu tổ chức của Bộ Thông tin và Truyền thông, Nghị...|pháp luật|nguoilambao.vn|06:35 - 22/02/2017
Quy định mới về cấp Giấy phép hoạt động báo in, báo điện tử|https://nguoilambao.vn/quy-dinh-moi-ve-cap-giay-phep-hoat-dong-bao-in-bao-dien-tu-n4822.html|https://nguoilambao.vn/images/news/2017/02/16/small/quy-dinh-moi-ve-cap-giay-phep-hoat-dong-bao-in-bao-dien-tu-1487235101.jpg|Bộ Thông tin và Truyền thông mới ban hành Thông tư 48/2016/TT-BTTTT quy định việc cấp giấy phép hoạt động báo in và báo điện tử, xuất bản thêm ấn phẩm, mở chuyên trang...|pháp luật|nguoilambao.vn|10:30 - 16/02/2017
Quy định chi tiết việc phát ngôn và cung cấp thông tin cho báo chí của các cơ quan hành chính nhà nước|https://nguoilambao.vn/chinh-phu-quy-dinh-phat-ngon-cung-cap-thong-tin-bao-chi-nguoi-lam-bao-n4792.html|https://nguoilambao.vn/images/news/2017/02/14/small/quy-dinh-chi-tiet-viec-phat-ngon-va-cung-cap-thong-tin-cho-bao-chi-cua-cac-co-quan-hanh-chinh-nha-nuoc-1487028694.jpg|Nghị định số 09/2017/NĐ-CP của Chính phủ, quy định về người phát ngôn, chế độ phát ngôn và cung cấp thông tin cho báo chí của các cơ quan hành chính nhà nước. Nghị định...|pháp luật|nguoilambao.vn|05:48 - 14/02/2017
Tăng cường phối hợp giữa Chính phủ và Ủy ban Trung ương MTTQ|https://nguoilambao.vn/tang-cuong-phoi-hop-giua-chinh-phu-va-uy-ban-trung-uong-mttq-n4773.html|https://nguoilambao.vn/images/news/2017/02/10/small/tang-cuong-phoi-hop-giua-chinh-phu-va-uy-ban-trung-uong-mttq-1486719709.jpg|Thủ tướng Chính phủ Nguyễn Xuân Phúc và Chủ tịch Ủy ban Trung ương Mặt trận Tổ quốc (MTTQ) Việt Nam Nguyễn Thiện Nhân chủ trì Hội nghị liên tịch thường niên của Chính...|pháp luật|nguoilambao.vn|15:46 - 10/02/2017
"Tờ Daily Mail của Anh bị Wikipedia đưa vào danh sách ""không đáng tin"""|https://nguoilambao.vn/to-daily-mail-cua-anh-bi-wikipedia-dua-vao-danh-sach-quot-khong-dang-tinquot-n4768.html|https://nguoilambao.vn/images/news/2017/02/10/small/to-daily-mail-cua-anh-bi-wikipedia-dua-vao-danh-sach-quot-khong-dang-tinquot-1486699326.jpg|"Theo tờ The Guardian, các biên tập viên của bách khoa toàn thư số Wikipedia đã quyết định loại bỏ tờ ""báo lá cải"" hàng đầu nước Anh Daily Mail khỏi danh sách những..."|pháp luật|nguoilambao.vn|10:48 - 10/02/2017
Mỗi năm, cơ quan quản lý sẽ xét cấp thẻ nhà báo vào hai đợt|https://nguoilambao.vn/moi-nam-co-quan-quan-ly-se-xet-cap-the-nha-bao-vao-hai-dot-n4760.html|https://nguoilambao.vn/images/news/2017/02/09/small/moi-nam-co-quan-quan-ly-se-xet-cap-the-nha-bao-vao-hai-dot-1486629496.jpg|Theo quy định mới, hàng năm, Bộ Thông tin và Truyền thông xét cấp thẻ nhà báo vào hai đợt, thời điểm xét cấp thẻ nhà báo là ngày 1/1 và 21/6. Kỳ hạn cấp thẻ nhà báo là 5...|pháp luật|nguoilambao.vn|15:30 - 09/02/2017
Quy định về lưu chiểu điện tử đối với các loại hình báo chí|https://nguoilambao.vn/nghi-dinh-luu-chieu-bao-dien-tu-n4759.html|https://nguoilambao.vn/images/news/2017/02/09/small/quy-dinh-ve-luu-chieu-dien-tu-doi-voi-loai-hinh-bao-noi-bao-hinh-va-bao-dien-tu-doc-lap-voi-co-quan-bao-chi-1486612549.jpg|Nghị định số 08/2017/NĐ-CP của Chính phủ quy định về hoạt động lưu chiểu điện tử đối với loại hình báo nói, báo hình, báo điện tử của cơ quan quản lý nhà nước về báo chí...|pháp luật|nguoilambao.vn|10:51 - 09/02/2017
Google cấm cửa 200 hãng tin sau khi áp dụng chính sách chống tin giả|https://nguoilambao.vn/google-cam-cua-200-hang-tin-sau-khi-ap-dung-chinh-sach-chong-tin-gia-n4689.html|https://nguoilambao.vn/images/news/2017/01/29/small/google-cam-cua-200-hang-tin-sau-khi-ap-dung-chinh-sach-chong-tin-gia-1485660728.jpg|Google đã loại 200 nhà xuất bản khỏi một trong các mạng lưới quảng cáo của mình trong vòng chưa đầy 3 tháng cuối năm như một lời đáp trả cho tình trạng gia tăng các...|pháp luật|nguoilambao.vn|10:21 - 29/01/2017
Tổng thống bị luận tội Park Geun-hye kiện báo Joongang Ilbo|https://nguoilambao.vn/tong-thong-bi-luan-toi-park-geun-hye-kien-bao-joongang-ilbo-n4679.html|https://nguoilambao.vn/images/news/2017/01/25/small/tong-thong-bi-luan-toi-park-geun-hye-kien-bao-joongang-ilbo-1485359590.jpg|Theo hãng thông tấn Yonhap, Tổng thống Hàn Quốc Park Geun-hye ngày 25/1 đã kiện nhật báo Joongang Ilbo của nước này và các phóng viên của báo đồng thời yêu cầu phải bồi...|pháp luật|nguoilambao.vn|22:46 - 25/01/2017
Cấp thị thực điện tử cho người nước ngoài|https://nguoilambao.vn/thu-tuc-cap-thi-thuc-dien-tu-cho-nguoi-nuoc-ngoai-n4678.html|https://nguoilambao.vn/images/news/2017/01/25/small/thu-tuc-cap-thi-thuc-dien-tu-cho-nguoi-nuoc-ngoai-1485351387.jpg|Chính phủ vừa ban hành Nghị định số 07/2017/NĐ-CP quy định trình tự, thủ tục thực hiện thí điểm cấp thị thực điện tử cho người nước ngoài nhập cảnh Việt Nam.|pháp luật|nguoilambao.vn|20:15 - 25/01/2017
Báo chí nhân văn trên nền tảng đạo đức và pháp luật|https://nguoilambao.vn/bao-chi-nhan-van-tren-nen-tang-dao-duc-va-phap-luat-n4641.html|https://nguoilambao.vn/images/news/2017/01/18/small/bao-chi-nhan-van-tren-nen-tang-dao-duc-va-phap-luat-1484737412.jpg|Ngày 18/1/2017, tại Hà Nội, Ban Tuyên giáo Trung ương, Bộ Thông tin và Truyền thông, Hội Nhà báo Việt Nam tổ chức Hội nghị Báo chí toàn quốc, tổng kết công tác năm 2016...|pháp luật|nguoilambao.vn|16:33 - 18/01/2017
Xử phạt Tạp chí Thời báo Đông Nam Á 20 triệu đồng|https://nguoilambao.vn/tap-chi-thoi-bao-dong-nam-a-bi-quot-tuyt-coiquot-n4640.html|https://nguoilambao.vn/images/news/2017/01/18/small/tap-chi-thoi-bao-dong-nam-a-bi-quot-tuyt-coiquot-1484728249.jpg|Bộ Thông tin & Truyền thông đã quyết định xử phạt Tạp chí Thời báo Đông Nam Á 20 triệu đồng do tạp chí này đã cung cấp thông tin có nội dung xuyên tạc, xúc phạm uy tín...|pháp luật|nguoilambao.vn|15:22 - 18/01/2017
Đức có thể phạt Facebook 500.000€ cho mỗi tin giả được đăng tải|https://nguoilambao.vn/duc-co-the-phat-facebook-500000-euro-cho-moi-tin-gia-duoc-dang-tai-n4614.html|https://nguoilambao.vn/images/news/2017/01/16/small/duc-co-the-phat-facebook-500000-euro-cho-moi-tin-gia-duoc-dang-tai-1484539257.jpg|Ngày 15/1, mạng xã hội Facebook cho biết sẽ giới thiệu những công cụ mới nhằm chống lại các tin tức giả mạo (fake news) tại Đức.|pháp luật|nguoilambao.vn|10:56 - 16/01/2017
