Israel phát hiện 3 ca nhiễm biến thể phụ nguy hiểm của chủng Omicron|https://nguoilambao.vn/israel-phat-hien-3-ca-nhiem-bien-the-phu-nguy-hiem-cua-chung-omicron-n55257.html|https://nguoilambao.vn/images/news/2022/04/26/small/israel-phat-hien-3-ca-nhiem-bien-the-phu-nguy-hiem-cua-chung-omicron-1650932244.jpg|Theo phóng viên TTXVN tại Tel Aviv, Bộ Y tế Israel ngày 25/4 cho biết, qua xét nghiệm kháng nguyên (PCR) tại sân bay quốc tế Ben Gurion, cơ quan chức năng nước này đã...|thế giới|nguoilambao.vn|07:13 - 26/04/2022
Tổng thống Pháp Emmanuel Macron tái đắc cử|https://nguoilambao.vn/tong-thong-phap-emmanuel-macron-tai-dac-cu-n55238.html|https://nguoilambao.vn/images/news/2022/04/25/small/tong-thong-phap-emmanuel-macron-tai-dac-cu-1650839408.jpg|Theo kết quả sơ bộ của vòng 2 bầu cử Tổng thống Pháp, ông Emmanuel Macron đã tái đắc cử với tỷ lệ phiếu bầu khoảng 58%, tiếp tục lãnh đạo nước Pháp trong 5 năm tới. Bà...|thế giới|nguoilambao.vn|05:27 - 25/04/2022
WHO khuyến nghị về thuốc điều trị COVID-19|https://nguoilambao.vn/who-khuyen-nghi-ve-thuoc-dieu-tri-covid-19-n55218.html|https://nguoilambao.vn/images/news/2022/04/22/small/who-khuyen-nghi-ve-thuoc-dieu-tri-covid-19-1650612113.jpg|Tổ chức Y tế Thế giới (WHO) cho biết liệu pháp điều trị COVID-19 thành công cao phải được cung cấp cho nhiều người hơn, đồng thời kêu gọi phân phối rộng rãi hơn và minh...|thế giới|nguoilambao.vn|14:19 - 22/04/2022
WHO cảnh báo nguy cơ viêm gan cấp tính nặng ở trẻ liên quan COVID-19|https://nguoilambao.vn/who-canh-bao-nguy-co-viem-gan-cap-tinh-nang-o-tre-lien-quan-covid-19-n55135.html|https://nguoilambao.vn/images/news/2022/04/16/small/who-canh-bao-nguy-co-viem-gan-cap-tinh-nang-o-tre-lien-quan-covid-19-1650068997.jpg|"Ngày 15/4, Văn phòng của Tổ chức Y tế thế giới (WHO) tại châu Âu cho biết nước Anh đang chứng kiến ""sự gia tăng đáng kể và đột ngột"" của các trường hợp viêm gan cấp tính..."|thế giới|nguoilambao.vn|07:27 - 16/04/2022
Nhật Bản phát hiện ca nhiễm biến thể mới XE đầu tiên|https://nguoilambao.vn/nhat-ban-phat-hien-ca-nhiem-bien-the-moi-xe-dau-tien-n55072.html|https://nguoilambao.vn/images/news/2022/04/12/small/nhat-ban-phat-hien-ca-nhiem-bien-the-moi-xe-dau-tien-1649717209.jpg|Ngày 11/4, Bộ Y tế Nhật Bản thông báo ca nhiễm biến thể mới mang tên XE đầu tiên ở nước này là một phụ nữ đến từ Mỹ và xuống sân bay Narita vào ngày 26/3.|thế giới|nguoilambao.vn|05:42 - 12/04/2022
WHO thêm hai biến thể phụ mới của Omicron vào danh sách cần theo dõi|https://nguoilambao.vn/who-them-hai-bien-the-phu-moi-cua-omicron-vao-danh-sach-can-theo-doi-n55071.html|https://nguoilambao.vn/images/news/2022/04/12/small/who-them-hai-bien-the-phu-moi-cua-omicron-vao-danh-sach-can-theo-doi-1649716773.jpg|"WHO cho biết đã bắt đầu theo dõi các biến thể phụ này bởi ""những đột biến mới này cần được nghiên cứu sâu hơn để hiểu về tác động của chúng đối với khả năng trốn hệ miễn..."|thế giới|nguoilambao.vn|05:35 - 12/04/2022
WHO: Biến thể mới XE có khả năng lây lan nhanh hơn Omicron|https://nguoilambao.vn/who-bien-the-moi-xe-co-kha-nang-lay-lan-nhanh-hon-omicron-n54980.html|https://nguoilambao.vn/images/news/2022/04/04/small/who-bien-the-moi-xe-co-kha-nang-lay-lan-nhanh-hon-omicron-1649061274.jpg|Mới đây, Tổ chức Y tế Thế giới (WHO) đã công bố một biến thể mới của SARS-CoV-2 có tên là XE được phát hiện lần đầu ở Anh. Biến thể mới này được đánh giá có khả năng lây...|thế giới|nguoilambao.vn|15:29 - 04/04/2022
WHO cảnh báo nguy cơ bùng phát dịch cúm tại Australia sau COVID-19|https://nguoilambao.vn/who-canh-bao-nguy-co-bung-phat-dich-cum-tai-australia-sau-covid-19-n54842.html|https://nguoilambao.vn/images/news/2022/03/28/small/who-canh-bao-nguy-co-bung-phat-dich-cum-tai-australia-sau-covid-19-1648435302.jpg|Chuyên gia của WHO Ian Barr cho rằng dịch cúm sẽ trở lại trong năm 2022 và vấn đề duy nhất là mức độ nghiêm trọng của mùa dịch này mà theo ông là khó nhận định ở thời...|thế giới|nguoilambao.vn|09:36 - 28/03/2022
Chuyên gia Ấn Độ: Chưa thể coi dịch COVID-19 là bệnh đặc hữu|https://nguoilambao.vn/chuyen-gia-an-do-chua-the-coi-dich-covid-19-la-benh-dac-huu-n54810.html|https://nguoilambao.vn/images/news/2022/03/25/small/chuyen-gia-an-do-chua-the-coi-dich-covid-19-la-benh-dac-huu-1648167481.jpg|Chuyên gia Ấn Độ Srinath Reddy cho rằng virus SARS-CoV-2 vẫn đang biến đổi và lây lan, tuy nhiên tỷ lệ mắc bệnh nặng không cao và có thể đưa vào danh sách virus cảm cúm...|thế giới|nguoilambao.vn|07:15 - 25/03/2022
Khai mạc Đại hội đồng Liên minh Nghị viện Thế giới lần thứ 144|https://nguoilambao.vn/khai-mac-dai-hoi-dong-lien-minh-nghi-vien-the-gioi-lan-thu-144-n54732.html|https://nguoilambao.vn/images/news/2022/03/21/small/khai-mac-dai-hoi-dong-lien-minh-nghi-vien-the-gioi-lan-thu-144-1647836158.png|Tối 20/3, Đại hội đồng Liên minh Nghị viện Thế giới (IPU) lần thứ 144 và các cuộc họp liên quan đã chính thức khai mạc tại Trung tâm Hội nghị Quốc tế Nusa Dua trên đảo...|thế giới|nguoilambao.vn|11:07 - 21/03/2022
WHO báo động về số ca mắc COVID-19 toàn cầu gia tăng đột biến|https://nguoilambao.vn/who-canh-bao-ca-covid-19-tang-manh-toan-cau-n54682.html|https://nguoilambao.vn/images/news/2022/03/17/small/who-canh-bao-ca-covid-19-tang-manh-toan-cau-1647491823.jpg|Ngày 17/3, Tổ chức Y tế Thế giới (WHO) đã báo động về sự gia tăng đột biến số ca mắc mới COVID-19 trên toàn cầu, mặc dù tỷ lệ xét nghiệm giảm và số ca mắc mới ghi nhận...|thế giới|nguoilambao.vn|11:31 - 17/03/2022
12 xu hướng về thực phẩm thịnh hành nhất toàn cầu cho năm 2022|https://nguoilambao.vn/12-xu-huong-ve-thuc-pham-thinh-hanh-nhat-toan-cau-cho-nam-2022-n54658.html|https://nguoilambao.vn/images/news/2022/03/16/small/12-xu-huong-ve-thuc-pham-thinh-hanh-nhat-toan-cau-cho-nam-2022-1647405519.jpg|Trong khi xu hướng thực phẩm của năm ngoái bị ảnh hưởng bởi việc đóng cửa nhà hàng liên quan đến đại dịch Covid-19 cùng với sự thay đổi trong hành vi của người tiêu dùng...|thế giới|nguoilambao.vn|11:31 - 16/03/2022
Trung Quốc có kế hoạch giảm gánh nặng học tập cho học sinh tiểu học và THCS|https://nguoilambao.vn/trung-quoc-co-ke-hoach-giam-ganh-nang-hoc-tap-cho-hoc-sinh-tieu-hoc-va-trung-hoc-co-so-n54639.html|https://nguoilambao.vn/images/news/2022/03/16/small/trung-quoc-co-ke-hoach-giam-ganh-nang-hoc-tap-cho-hoc-sinh-tieu-hoc-va-trung-hoc-co-so-1647392345.jpg|Trong Báo cáo Công tác hàng năm của Chính phủ, Trung Quốc đã đưa việc giảm gánh nặng học tập cho học sinh tiểu học và trung học cơ sở đồng thời đổi mới cam kết thúc đẩy...|thế giới|nguoilambao.vn|07:50 - 16/03/2022
WHO khuyến cáo Ukraine tiêu hủy mầm bệnh nguy hiểm tại các phòng thí nghiệm|https://nguoilambao.vn/who-khuyen-cao-ukraine-tieu-huy-mam-benh-nguy-hiem-tai-cac-phong-thi-nghiem-n54564.html|https://nguoilambao.vn/images/news/2022/03/11/small/who-khuyen-cao-ukraine-tieu-huy-mam-benh-nguy-hiem-tai-cac-phong-thi-nghiem-1646970036.jpeg|Tổ chức Y tế Thế giới (WHO) ngày 10/3 khuyến cáo Ukraine tiêu hủy các mầm bệnh có nguy cơ cao tại các phòng thí nghiệm y tế công cộng của nước này để ngăn chặn “các sự...|thế giới|nguoilambao.vn|10:42 - 11/03/2022
WHO cảnh báo virus gây bệnh COVID-19 tiếp tục biến đổi|https://nguoilambao.vn/who-canh-bao-virus-gay-benh-covid-19-tiep-tuc-bien-doi-n54544.html|https://nguoilambao.vn/images/news/2022/03/10/small/who-canh-bao-virus-gay-benh-covid-19-tiep-tuc-bien-doi-1646899658.jpg|Theo Tổng Giám đốc WHO, khi virus gây bệnh COVID-19 tiếp tục biến đổi, các nước trên thế giới tiếp tục gặp nhiều khó khăn trong việc phân bổ vaccine, tiến hành xét...|thế giới|nguoilambao.vn|15:05 - 10/03/2022
Áo đình chỉ luật bắt buộc tiêm vaccine phòng COVID-19|https://nguoilambao.vn/ao-dinh-chi-luat-bat-buoc-tiem-vaccine-phong-covid-19-n54535.html|https://nguoilambao.vn/images/news/2022/03/10/small/ao-dinh-chi-luat-bat-buoc-tiem-vaccine-phong-covid-19-1646870287.jpg|Ngày 9/3, Chính phủ Áo cho biết nước này đang đình chỉ luật bắt buộc tất cả người trưởng thành phải tiêm vaccine ngừa COVID-19, chỉ một tháng sau khi trở thành quốc gia...|thế giới|nguoilambao.vn|06:54 - 10/03/2022
Khó thở là triệu chứng đáng lo ngại nhất của COVID-19|https://nguoilambao.vn/kho-tho-la-trieu-chung-dang-lo-ngai-nhat-cua-covid-19-n54500.html|https://nguoilambao.vn/images/news/2022/03/08/small/kho-tho-la-trieu-chung-dang-lo-ngai-nhat-cua-covid-19-1646702509.jpg|Trong bối cảnh dịch COVID-19 đang tiếp tục hoành hành tại nhiều nước trên thế giới, nhiều người vẫn đang phải chống chọi với những triệu chứng rõ ràng của căn bệnh này....|thế giới|nguoilambao.vn|08:03 - 08/03/2022
Việt Nam tham dự Triển lãm hàng không Singapore Airshow 2022|https://nguoilambao.vn/viet-nam-tham-du-trien-lam-hang-khong-singapore-airshow-2022-n54189.html|https://nguoilambao.vn/images/news/2022/02/16/small/viet-nam-tham-du-trien-lam-hang-khong-singapore-airshow-2022-1644970071.jpg|Tham dự lễ cắt băng khai mạc về phía Việt Nam có đoàn đại biểu Bộ Quốc phòng Việt Nam, do Trung tướng Phùng Sĩ Tấn, Phó Tổng Tham mưu trưởng, dẫn đầu và Đại sứ Việt Nam...|thế giới|nguoilambao.vn|07:05 - 16/02/2022
Moscow được mệnh danh là một trong những thành phố lãng mạn nhất thế giới|https://nguoilambao.vn/moscow-duoc-menh-danh-la-mot-trong-nhung-thanh-pho-lang-man-nhat-the-gioi-n54177.html|https://nguoilambao.vn/images/news/2022/02/15/small/moscow-duoc-menh-danh-la-mot-trong-nhung-thanh-pho-lang-man-nhat-the-gioi-1644898572.jpg|Thủ đô của Nga đã được xếp hạng thứ tám và London, Paris, Barcelona, Tokyo và New York đã lọt vào top năm những thành phố lãng mạn nhất Thế giới.|thế giới|nguoilambao.vn|11:06 - 15/02/2022
Cam kết vững chắc về một khu vực Ấn Độ Dương, Thái Bình Dương tự do, rộng mở|https://nguoilambao.vn/cam-ket-vung-chac-ve-mot-khu-vuc-an-do-duong-thai-binh-duong-tu-do-rong-mo-n54152.html|https://nguoilambao.vn/images/news/2022/02/13/small/cam-ket-vung-chac-ve-mot-khu-vuc-an-do-duong-thai-binh-duong-tu-do-rong-mo-1644719077.jpeg|Biến đổi khí hậu, đại dịch Covid-19 và an ninh khu vực Ấn Độ Dương-Thái Bình Dương là những chủ đề chính được thảo luận tại Hội nghị Bộ trưởng Ngoại giao lần thứ tư của...|thế giới|nguoilambao.vn|09:20 - 13/02/2022
WHO: Các nước nghèo sẽ được tiếp cận vaccine để phục hồi kinh tế|https://nguoilambao.vn/who-cac-nuoc-ngheo-se-duoc-tiep-can-vaccine-de-phuc-hoi-kinh-te-n54084.html|https://nguoilambao.vn/images/news/2022/02/08/small/who-cac-nuoc-ngheo-se-duoc-tiep-can-vaccine-de-phuc-hoi-kinh-te-1644293959.jpg|Tổ chức Y tế Thế giới (WHO) và Khối các quốc gia thịnh vượng chung ngày 7/2 đưa ra cam kết đảm bảo các quốc gia nhỏ dễ bị tổn thương được tiếp cận vaccine ngừa COVID-19,...|thế giới|nguoilambao.vn|11:11 - 08/02/2022
Bức tranh đa sắc truyền thông thế giới năm 2021|https://nguoilambao.vn/buc-tranh-da-sac-truyen-thong-the-gioi-nam-2021-n54029.html|https://nguoilambao.vn/images/news/2022/01/31/small/buc-tranh-da-sac-truyen-thong-the-gioi-nam-2021-1643645393.jpg|Tiếp tục chịu ảnh hưởng nặng nề do dịch Covid-19, 2021 vẫn là một năm chưa có nhiều khởi sắc với những gam màu trầm bao phủ các trang báo như các sự kiện chính biến,...|thế giới|nguoilambao.vn|22:59 - 31/01/2022
WHO cảnh báo nguy cơ xuất hiện biến thể mới lây lan cao hơn Omicron|https://nguoilambao.vn/who-canh-bao-nguy-co-xuat-hien-bien-the-moi-lay-lan-cao-hon-omicron-n53967.html|https://nguoilambao.vn/images/news/2022/01/26/small/who-canh-bao-nguy-co-xuat-hien-bien-the-moi-lay-lan-cao-hon-omicron-1643182244.jpg|Trưởng nhóm kỹ thuật thuộc Chương trình Y tế khẩn cấp của WHO dự báo biến thể tiếp theo của virus SARS-CoV-2 sẽ có khả năng lây lan cao hơn nữa vì chúng phải “vượt mặt”...|thế giới|nguoilambao.vn|14:26 - 26/01/2022
"WHO dự đoán Omicron là sự kết thúc ""hợp lý"" cho đại dịch ở châu Âu"|https://nguoilambao.vn/who-du-doan-omicron-la-su-ket-thuc-quot-hop-lyquot-cho-dai-dich-o-chau-au-n53923.html|https://nguoilambao.vn/images/news/2022/01/24/small/who-du-doan-omicron-la-su-ket-thuc-quot-hop-lyquot-cho-dai-dich-o-chau-au-1642994701.jpg|Ngày 23/1, Giám đốc Tổ chức Y tế Thế giới (WHO) khu vực châu Âu Hans Kluge dự đoán biến thể Omicron có thể lây nhiễm cho 60% người dân châu Âu từ nay tới tháng 3. Như...|thế giới|nguoilambao.vn|10:18 - 24/01/2022
WHO cho biết số ca mắc COVID-2019 trên toàn cầu vượt quá 325 triệu ca|https://nguoilambao.vn/who-cho-biet-so-ca-mac-covid-19-tren-toan-cau-vuot-qua-325-trieu-ca-n53848.html|https://nguoilambao.vn/images/news/2022/01/18/small/who-cho-biet-so-ca-mac-covid-2019-tren-toan-cau-vuot-qua-325-trieu-ca-1642474870.jpg|Số lượng các ca mắc COVID-19 lớn nhất được báo cáo từ Hoa Kỳ, Ấn Độ, Brazil, Vương quốc Anh và Pháp.|thế giới|nguoilambao.vn|09:52 - 18/01/2022
Roscosmos của Nga và NASA đàm phán về việc mở rộng hoạt động của ISS đến năm 2030|https://nguoilambao.vn/roscosmos-cua-nga-va-nasa-dam-phan-ve-viec-mo-rong-hoat-dong-cua-iss-den-nam-2030-n53839.html|https://nguoilambao.vn/images/news/2022/01/17/small/roscosmos-cua-nga-va-nasa-dam-phan-ve-viec-mo-rong-hoat-dong-cua-iss-den-nam-2030-1642418877.jpg|NASA và Roscosmos của Nga đang tiến hành cuộc đàm phán về việc kéo dài hoạt động của ISS đến năm 2030.|thế giới|nguoilambao.vn|17:56 - 17/01/2022
Nga sẽ cấp giấy chứng nhận COVID-19 cho người có kháng thể|https://nguoilambao.vn/nga-se-cap-giay-chung-nhan-covid-19-cho-nguoi-co-khang-the-n53821.html|https://nguoilambao.vn/images/news/2022/01/15/small/nga-se-cap-giay-chung-nhan-covid-19-cho-nguoi-co-khang-the-1642204388.jpg|Phó Thủ tướng Nga Tatyana Golikova ngày 14/1 cho biết giới chức nước này sẽ cấp giấy chứng nhận COVID-19 cho người dân, kể cả người nước ngoài, dựa trên kết quả xét...|thế giới|nguoilambao.vn|06:49 - 15/01/2022
WHO cảnh báo nguy cơ bùng phát dịch COVID-19 vào mùa Xuân|https://nguoilambao.vn/who-canh-bao-nguy-co-bung-phat-dich-covid-19-vao-mua-xuan-n53791.html|https://nguoilambao.vn/images/news/2022/01/13/small/who-canh-bao-nguy-co-bung-phat-dich-covid-19-vao-mua-xuan-1642045317.jpg|Tổ chức Y tế Thế giới (WHO) ngày 12/1 đã lên tiếng cảnh báo đồng thời kêu gọi sẵn sàng ứng phó với sự bùng phát của dịch COVID-19 và các bệnh về đường hô hấp khác trong...|thế giới|nguoilambao.vn|10:36 - 13/01/2022
WB hạ dự báo tăng trưởng kinh tế toàn cầu|https://nguoilambao.vn/wb-ha-du-bao-tang-truong-kinh-te-toan-cau-n53772.html|https://nguoilambao.vn/images/news/2022/01/12/small/wb-ha-du-bao-tang-truong-kinh-te-toan-cau-1641946660.jpeg|Ngày 11/1, trong báo cáo Triển vọng kinh tế toàn cầu, Ngân hàng Thế giới (WB) dự báo mức tăng trưởng kinh tế toàn cầu sẽ giảm xuống còn 4,1% trong năm 2022, thấp hơn so...|thế giới|nguoilambao.vn|07:15 - 12/01/2022
Anh phát hiện ca đầu tiên nhiễm cúm gia cầm ở người|https://nguoilambao.vn/anh-phat-hien-ca-dau-tien-nhiem-cum-gia-cam-o-nguoi-n53721.html|https://nguoilambao.vn/images/news/2022/01/07/small/anh-phat-hien-ca-dau-tien-nhiem-cum-gia-cam-o-nguoi-1641511969.jpg|Ngày 6/1, Anh đã xác nhận ca đầu tiên mắc cúm gia cầm tại người ở miền Tây Nam nước này.|thế giới|nguoilambao.vn|06:29 - 07/01/2022
Indonesia tạm thời cấm nhập cảnh đối với công dân từ 14 quốc gia|https://nguoilambao.vn/indonesia-tam-thoi-cam-nhap-canh-doi-voi-cong-dan-tu-14-quoc-gia-n53713.html|https://nguoilambao.vn/images/news/2022/01/06/small/indonesia-tam-thoi-cam-nhap-canh-doi-voi-cong-dan-tu-14-quoc-gia-1641459254.jpg|Chính phủ Indonesia đã tạm thời cấm nhập cảnh đối với công dân nước ngoài từ 14 quốc gia nhằm ngăn chặn sự lây lan của biến thể Omicron.|thế giới|nguoilambao.vn|15:43 - 06/01/2022
Hội đồng bảo an Liên hợp quốc ra tuyên bố chung về hạt nhân|https://nguoilambao.vn/hoi-dong-bao-an-lien-hop-quoc-ra-tuyen-bo-chung-ve-hat-nhan-n53670.html|https://nguoilambao.vn/images/news/2022/01/04/small/hoi-dong-bao-an-lien-hop-quoc-ra-tuyen-bo-chung-ve-hat-nhan-1641251717.jpg|Ngày 3/1, Trung Quốc, Nga, Anh, Mỹ và Pháp đã nhất trí ngăn chặn phổ biến vũ khí hạt nhân và nguy cơ xảy ra một cuộc chiến tranh hạt nhân.|thế giới|nguoilambao.vn|06:09 - 04/01/2022
WHO khuyến nghị các nước cẩn trọng việc giảm thời gian cách ly|https://nguoilambao.vn/who-khuyen-nghi-cac-nuoc-can-trong-viec-giam-thoi-gian-cach-ly-n53609.html|https://nguoilambao.vn/images/news/2021/12/30/small/who-khuyen-nghi-cac-nuoc-can-trong-viec-giam-thoi-gian-cach-ly-1640850511.jpg|Chuyên gia của WHO cho rằng các nước cần cẩn trọng trong việc giảm các biện pháp hạn chế phòng dịch, mặc dù các nghiên cứu sơ bộ cho thấy biến thể Omicron có thể ít...|thế giới|nguoilambao.vn|14:42 - 30/12/2021
Omicron tiếp tục lây lan mạnh, WHO cảnh báo nguy cơ|https://nguoilambao.vn/omicron-tiep-tuc-lay-lan-manh-who-canh-bao-nguy-co-n53585.html|https://nguoilambao.vn/images/news/2021/12/29/small/omicron-tiep-tuc-lay-lan-manh-who-canh-bao-nguy-co-1640768160.jpg|Những ngày gần đây, số ca nhiễm COVID-19 mới tại nhiều nước ghi nhận những kỷ lục mới do sự lây lan mạnh của biến thể Omicron. Tính lây lan mạnh của biến thể Omicron...|thế giới|nguoilambao.vn|15:52 - 29/12/2021
WHO: Các quốc gia cần thực hiện biện pháp hợp lý và tương xứng trước biến thể Omicron|https://nguoilambao.vn/who-cac-quoc-gia-can-thuc-hien-bien-phap-hop-ly-va-tuong-xung-truoc-bien-the-omicron-n53057.html|https://nguoilambao.vn/images/news/2021/12/01/small/who-cac-quoc-gia-can-thuc-hien-bien-phap-hop-ly-va-tuong-xung-truoc-bien-the-omicron-1638327690.jpg|Người đứng đầu Tổ chức Y tế thế giới Tedros Adhanom Ghebreyesus bày tỏ lo ngại về một số biện pháp mà các quốc gia đưa ra nhằm ngăn chặn biến thể mới Omicron.|thế giới|nguoilambao.vn|09:57 - 01/12/2021
Nhật Bản ghi nhận trường hợp đầu tiên nhiễm biến thể Omicron|https://nguoilambao.vn/nhat-ban-ghi-nhan-truong-hop-dau-tien-nhiem-bien-the-omicron-n53038.html|https://nguoilambao.vn/images/news/2021/11/30/small/nhat-ban-ghi-nhan-truong-hop-dau-tien-nhiem-bien-the-omicron-1638260743.jpeg|Nhật Bản ghi nhận trường hợp đầu tiên nhiễm biến thể Omicron, là một nhà ngoại giao từ châu Phi tới Nhật Bản ngày 28/11.|thế giới|nguoilambao.vn|15:18 - 30/11/2021
Australia ban hành luật mới ngăn chặn nội dung phỉ báng trực tuyến|https://nguoilambao.vn/australia-ban-hanh-luat-moi-ngan-chan-noi-dung-phi-bang-truc-tuyen-n53026.html|https://nguoilambao.vn/images/news/2021/11/29/small/australia-ban-hanh-luat-moi-ngan-chan-noi-dung-phi-bang-truc-tuyen-1638175386.jpg|Theo các quy định mới sẽ được ban hành tại Australia trong tuần tới, các nền tảng mạng xã hội sẽ buộc phải tiết lộ danh tính của những cá nhân đăng nội dung phỉ báng...|thế giới|nguoilambao.vn|15:35 - 29/11/2021
Người nhập cảnh vào Anh sẽ phải thực hiện xét nghiệm PCR|https://nguoilambao.vn/nguoi-nhap-canh-vao-anh-se-phai-thuc-hien-xet-nghiem-pcr-n53015.html|https://nguoilambao.vn/images/news/2021/11/29/small/nguoi-nhap-canh-vao-anh-se-phai-thuc-hien-xet-nghiem-pcr-1638147973.jpg|Ngày 28/11, Bộ trưởng Y tế Anh Sajid Javid cho biết quy định đeo khẩu trang tại các cửa hàng và trên các phương tiện giao thông công cộng sẽ được áp dụng trở lại tại...|thế giới|nguoilambao.vn|07:57 - 29/11/2021
Ủy ban châu Âu đề xuất thời hạn hiệu lực đối với chứng nhận tiêm chủng|https://nguoilambao.vn/uy-ban-chau-au-de-xuat-thoi-han-hieu-luc-doi-voi-chung-nhan-tiem-chung-n52984.html|https://nguoilambao.vn/images/news/2021/11/26/small/uy-ban-chau-au-de-xuat-thoi-han-hieu-luc-doi-voi-chung-nhan-tiem-chung-1637911997.jpg|Ngày 25/11, Ủy ban châu Âu đã đưa ra đề xuất chứng nhận tiêm vaccine ngừa COVID-19 có hiệu lực trong vòng 9 tháng sau mũi tiêm thứ 2.|thế giới|nguoilambao.vn|14:16 - 26/11/2021
"WHO họp khẩn để đánh giá, bàn cách đối phó với biến thể mới ""siêu đột biến"""|https://nguoilambao.vn/who-hop-khan-de-danh-gia-ban-cach-doi-pho-voi-bien-the-moi-quot-sieu-dot-bienquot-n52979.html|https://nguoilambao.vn/images/news/2021/11/26/small/who-hop-khan-de-danh-gia-ban-cach-doi-pho-voi-bien-the-moi-quot-sieu-dot-bienquot-1637897450.jpg|Biến thể SARS-CoV-2 mới được phát hiện với rất nhiều đột biến đã khiến Tổ chức Y tế Thế giới (WHO) quyết định triệu tập phiên họp khẩn cấp để đánh giá tình hình và thảo...|thế giới|nguoilambao.vn|10:26 - 26/11/2021
Nga dự kiến xuất khẩu vaccine ngừa COVID-19 dạng xịt mũi|https://nguoilambao.vn/nga-du-kien-xuat-khau-vaccine-ngua-covid-19-dang-xit-mui-n52951.html|https://nguoilambao.vn/images/news/2021/11/25/small/nga-du-kien-xuat-khau-vaccine-ngua-covid-19-dang-xit-mui-1637801759.jpg|Ngày 24/11, Nga đã thông báo những tiến bộ trong việc bào chế vaccine ngừa COVID-19, trong đó có vaccine Sputnik phiên bản dành cho trẻ em và dạng xịt mũi mà Tổng thống...|thế giới|nguoilambao.vn|07:51 - 25/11/2021
Pháp thắt chặt điều kiện đi lại với những du khách chưa tiêm chủng|https://nguoilambao.vn/phap-that-chat-dieu-kien-di-lai-voi-nhung-du-khach-chua-tiem-chung-n52824.html|https://nguoilambao.vn/images/news/2021/11/17/small/phap-that-chat-dieu-kien-di-lai-voi-nhung-du-khach-chua-tiem-chung-1637133302.jpg|Quy định thắt chặt điều kiện đi lại với những du khách chưa tiêm chủng được đưa ra nhằn hạn chế sự bùng phát của dịch COVID-19 khi Pháp đang phải đối mặt với nguy cơ làn...|thế giới|nguoilambao.vn|13:45 - 17/11/2021
Italy tuyên bố kiểm soát được tình hình dịch bệnh COVID-19|https://nguoilambao.vn/italy-tuyen-bo-kiem-soat-duoc-tinh-hinh-dich-benh-covid-19-n52777.html|https://nguoilambao.vn/images/news/2021/11/16/small/italy-tuyen-bo-kiem-soat-duoc-tinh-hinh-dich-benh-covid-19-1637024027.jpg|Ngày 15/11, Thứ trưởng Bộ Y tế Italy Andrea Costa tuyên bố tình hình dịch COVID-19 ở nước này đang được kiểm soát, giữa lúc có tin tức rằng chính phủ có thể áp đặt các...|thế giới|nguoilambao.vn|07:50 - 16/11/2021
Cuba khẳng định bắt đầu kiểm soát được tình hình dịch bệnh|https://nguoilambao.vn/cuba-khang-dinh-bat-dau-kiem-soat-duoc-tinh-hinh-dich-benh-n52770.html|https://nguoilambao.vn/images/news/2021/11/15/small/cuba-khang-dinh-bat-dau-kiem-soat-duoc-tinh-hinh-dich-benh-1636964485.jpg|Ngày 14/11, Chính phủ Cuba khẳng định đảo quốc Caribe này đã bắt đầu kiểm soát được tình hình đại dịch COVID-19 sau khi trải qua ngày đầu tiên không ghi nhận ca tử vong...|thế giới|nguoilambao.vn|15:09 - 15/11/2021
Áo áp đặt phong tỏa đối với người chưa tiêm vaccine phòng COVID-19|https://nguoilambao.vn/ao-ap-dat-phong-toa-doi-voi-nguoi-chua-tiem-vaccine-phong-covid-19-n52762.html|https://nguoilambao.vn/images/news/2021/11/15/small/ao-ap-dat-phong-toa-doi-voi-nguoi-chua-tiem-vaccine-phong-covid-19-1636933036.jpg|Ngày 14/11, Thủ tướng Áo Alexander Schallenberg thông báo từ ngày 15/11 nước này bắt đầu áp dụng phong tỏa trên toàn quốc đối với những người chưa tiêm vaccine ngừa...|thế giới|nguoilambao.vn|06:29 - 15/11/2021
Bộ trưởng Y tế Đức cảnh báo diễn biến nghiêm trọng của dịch COVID-19|https://nguoilambao.vn/bo-truong-y-te-duc-canh-bao-dien-bien-nghiem-trong-cua-dich-covid-19-n52747.html|https://nguoilambao.vn/images/news/2021/11/13/small/bo-truong-y-te-duc-canh-bao-dien-bien-nghiem-trong-cua-dich-covid-19-1636791440.jpg|Ngày 12/11, Bộ trưởng Y tế Đức Jens Spahn cảnh báo tình hình dịch bệnh tại nước này hiện đang nghiêm trọng và khuyến cáo người dân không nên chủ quan.|thế giới|nguoilambao.vn|09:21 - 13/11/2021
Nhật Bản thông qua kế hoạch tổng thể mới phòng chống dịch COVID-19|https://nguoilambao.vn/nhat-ban-thong-qua-ke-hoach-tong-the-moi-phong-chong-dich-covid-19-n52734.html|https://nguoilambao.vn/images/news/2021/11/12/small/nhat-ban-thong-qua-ke-hoach-tong-the-moi-phong-chong-dich-covid-19-1636701300.jpg|Ngày 12/11, Chính phủ Nhật Bản đã thông qua bản kế hoạch tổng thể về phòng chống COVID-19, với các biện pháp chủ động trong trường hợp làn sóng dịch bệnh lần thứ 6 tại...|thế giới|nguoilambao.vn|14:03 - 12/11/2021
Châu Âu lần đầu tiên phê duyệt phương pháp điều trị kháng thể|https://nguoilambao.vn/chau-au-lan-dau-tien-phe-duyet-phuong-phap-dieu-tri-khang-the-n52727.html|https://nguoilambao.vn/images/news/2021/11/12/small/chau-au-lan-dau-tien-phe-duyet-phuong-phap-dieu-tri-khang-the-1636686446.jpg|Cơ quan dược phẩm châu Âu (EMA) ngày 11/11 cho biết lần đầu tiên phê duyệt việc triển khai tại thị trường Liên minh châu Âu (EU) hai phương pháp điều trị kháng thể đơn...|thế giới|nguoilambao.vn|10:03 - 12/11/2021
Pháp đẩy mạnh tiêm mũi vaccine tăng cường để đối phó làn sóng Covid thứ 5|https://nguoilambao.vn/phap-day-manh-tiem-mui-vaccine-tang-cuong-de-doi-pho-lan-song-covid-thu-5-n52690.html|https://nguoilambao.vn/images/news/2021/11/10/small/phap-day-manh-tiem-mui-vaccine-tang-cuong-de-doi-pho-lan-song-covid-thu-5-1636512863.jpg|Đứng trước nguy cơ về làn sóng dịch Covid-19 thứ 5, ngày 9/11, Tổng thống Pháp Emmanuel Macron đã công bố các biện pháp y tế mới nhằm thúc đẩy chiến dịch tiêm vaccine...|thế giới|nguoilambao.vn|09:47 - 10/11/2021
Singapore nới lỏng quy định cách ly đối với du khách Việt Nam|https://nguoilambao.vn/singapore-noi-long-quy-dinh-cach-ly-doi-voi-du-khach-viet-nam-n52670.html|https://nguoilambao.vn/images/news/2021/11/09/small/singapore-noi-long-quy-dinh-cach-ly-doi-voi-du-khach-viet-nam-1636422130.jpg|Singapore đã nới lỏng các yêu cầu cách ly với người nhập cảnh đến từ 14 quốc gia, trong đó có 4 nước ASEAN gồm Việt Nam, Indonesia, Malaysia và Campuchia bắt đầu từ ngày...|thế giới|nguoilambao.vn|08:37 - 09/11/2021
Indonesia lọt top 5 quốc gia có tỷ lệ tiêm chủng vaccine Covid-19 cao nhất thế giới|https://nguoilambao.vn/indonesia-lot-top-5-quoc-gia-co-ty-le-tiem-chung-vaccine-covid-19-cao-nhat-the-gioi-n52644.html|https://nguoilambao.vn/images/news/2021/11/08/small/indonesia-lot-top-5-quoc-gia-co-ty-le-tiem-chung-vaccine-covid-19-cao-nhat-the-gioi-1636332049.jpg|Với hơn 200 triệu liều vaccine Covid-19 đã được tiêm, Indonesia lọt top 5 quốc gia có tỷ lệ tiêm chủng cao nhất giới, góp phần đạt mục tiêu tiêm chủng cho gần một nửa...|thế giới|nguoilambao.vn|07:37 - 08/11/2021
Khủng hoảng năng lượng đe dọa kinh tế thế giới|https://nguoilambao.vn/khung-hoang-nang-luong-de-doa-kinh-te-the-gioi-n52165.html|https://nguoilambao.vn/images/news/2021/10/08/small/khung-hoang-nang-luong-de-doa-kinh-te-the-gioi-1633654804.jpg|Giá năng lượng tăng vọt trên thế giới trong thời gian gần đây có thể dẫn tới nhiều hệ lụy khó lường đối với kinh tế toàn cầu.|thế giới|nguoilambao.vn|07:57 - 08/10/2021
EU kêu gọi hỗ trợ người tiêu dùng trong cuộc khủng hoảng năng lượng|https://nguoilambao.vn/eu-keu-goi-ho-tro-nguoi-tieu-dung-trong-cuoc-khung-hoang-nang-luong-n52138.html|https://nguoilambao.vn/images/news/2021/10/07/small/eu-keu-goi-ho-tro-nguoi-tieu-dung-trong-cuoc-khung-hoang-nang-luong-1633573486.jpg|Ngày 6/10, Ủy ban châu Âu (EC) đã hối thúc các quốc gia thành viên Liên minh châu Âu (EU) giải ngân các quỹ hỗ trợ dành cho những người tiêu dùng chịu ảnh hưởng do việc...|thế giới|nguoilambao.vn|09:22 - 07/10/2021
Biến thể COVID-19 đang dễ lan truyền trong không khí hơn?|https://nguoilambao.vn/bien-the-covid-19-dang-de-lan-truyen-trong-khong-khi-hon-n52109.html|https://nguoilambao.vn/images/news/2021/10/06/small/bien-the-covid-19-dang-de-lan-truyen-trong-khong-khi-hon-1633481784.jpg|Hai nghiên cứu mới đưa ra lời giải thích khả thi cho việc biến thể COVID-19 dễ lây lan hơn: Virus biến đổi để lây lan hiệu quả hơn qua không khí.|thế giới|nguoilambao.vn|07:50 - 06/10/2021
WHO cảnh báo cuộc chiến chống dịch COVID-19 chưa kết thúc|https://nguoilambao.vn/who-canh-bao-cuoc-chien-chong-dich-covid-19-chua-ket-thuc-n52107.html|https://nguoilambao.vn/images/news/2021/10/06/small/who-canh-bao-cuoc-chien-chong-dich-covid-19-chua-ket-thuc-1633480697.jpg|Ngày 5/10, Tổ chức Y tế thế giới (WHO) cảnh báo rằng cuộc chiến chống đại dịch COVID-19 vẫn chưa kết thúc, dù có nhiều quan điểm cho rằng cuộc chiến này sắp đi tới hồi...|thế giới|nguoilambao.vn|07:34 - 06/10/2021
Các nước EU có chính sách khác nhau trong việc tiêm vaccine tăng cường|https://nguoilambao.vn/cac-nuoc-eu-co-chinh-sach-khac-nhau-trong-viec-tiem-vaccine-tang-cuong-n52089.html|https://nguoilambao.vn/images/news/2021/10/05/small/cac-nuoc-eu-co-chinh-sach-khac-nhau-trong-viec-tiem-vaccine-tang-cuong-1633399965.jpg|Tại châu Âu, một số nước đã triển khai tiêm mũi tăng cường vaccine ngừa COVID-19, trong khi số khác vẫn chờ đợi khuyến nghị của EMA dự kiến đưa ra trong tuần này.|thế giới|nguoilambao.vn|09:03 - 05/10/2021
"WHO xóa ""rào cản"" với Sputnik V, Cuba đạt tỷ lệ tiêm chủng cao"|https://nguoilambao.vn/who-xoa-quot-rao-canquot-voi-sputnik-v-cuba-dat-ty-le-tiem-chung-cao-n52071.html|https://nguoilambao.vn/images/news/2021/10/04/small/who-xoa-quot-rao-canquot-voi-sputnik-v-cuba-dat-ty-le-tiem-chung-cao-1633317047.jpg|Bộ trưởng Y tế Nga cho biết, mọi rào cản đối với việc công nhận vắc xin ngừa Covid-19 Sputnik V trong Tổ chức Y tế Thế giới (WHO) đã được dỡ bỏ.|thế giới|nguoilambao.vn|09:57 - 04/10/2021
WHO cảnh báo tình trạng “bất bình đẳng vaccine” toàn cầu ngày càng nghiêm trọng|https://nguoilambao.vn/who-canh-bao-tinh-trang-bat-binh-dang-vaccine-toan-cau-ngay-cang-nghiem-trong-n52026.html|https://nguoilambao.vn/images/news/2021/09/30/small/who-canh-bao-tinh-trang-bat-binh-dang-vaccine-toan-cau-ngay-cang-nghiem-trong-1632990597.jpg|Tổng Giám đốc Tổ chức Y tế Thế giới (WHO) Tedros Adhanom Ghebreyesus hôm qua tiếp tục lên tiếng cảnh báo tình trạng “bất bình đẳng kinh hoàng” giữa các quốc gia về khả...|thế giới|nguoilambao.vn|15:26 - 30/09/2021
Algeria bắt đầu sản xuất vaccine ngừa COVID-19 của Sinovac|https://nguoilambao.vn/algeria-bat-dau-san-xuat-vaccine-ngua-covid-19-cua-sinovac-n52018.html|https://nguoilambao.vn/images/news/2021/09/30/small/algeria-bat-dau-san-xuat-vaccine-ngua-covid-19-cua-sinovac-1632963428.jpg|Hiện tại, công ty Saidal của Algeria là đơn vị duy nhất ở châu Phi được cấp phép sản xuất vaccine của Sinovac, với sản lượng dự kiến tối đa 8 triệu liều/tháng.|thế giới|nguoilambao.vn|07:53 - 30/09/2021
WHO nối lại cuộc điều tra về nguồn gốc virus SARS-CoV-2|https://nguoilambao.vn/who-noi-lai-cuoc-dieu-tra-ve-nguon-goc-virus-sars-cov-2-n51956.html|https://nguoilambao.vn/images/news/2021/09/27/small/who-noi-lai-cuoc-dieu-tra-ve-nguon-goc-virus-sars-cov-2-1632729791.jpg|Theo Sputnik, báo The Wall Street Journal đưa tin Tổ chức Y tế Thế giới (WHO) có kế hoạch mở lại cuộc điều tra về nguồn gốc của COVID-19 sau khi tập hợp được một nhóm...|thế giới|nguoilambao.vn|14:46 - 27/09/2021
Mỹ chuẩn bị kịch bản đóng cửa chính phủ|https://nguoilambao.vn/my-chuan-bi-kich-ban-dong-cua-chinh-phu-n51920.html|https://nguoilambao.vn/images/news/2021/09/24/small/my-chuan-bi-kich-ban-dong-cua-chinh-phu-1632467252.jpg|Thư ký báo chí Nhà Trắng Jen Psaki hôm 23/9 thông báo, chính quyền Tổng thống Mỹ Joe Biden đang chuẩn bị cho khả năng đóng cửa chính phủ trong bối cảnh ngân sách hiện...|thế giới|nguoilambao.vn|14:00 - 24/09/2021
Nước Úc bắt Facebook trả tiền cho báo chí, bài học cho Việt Nam|https://nguoilambao.vn/nuoc-uc-bat-facebook-tra-tien-cho-bao-chi-bai-hoc-cho-viet-nam-n51916.html|https://nguoilambao.vn/images/news/2021/09/24/small/nuoc-uc-bat-facebook-tra-tien-cho-bao-chi-bai-hoc-cho-viet-nam-1632454934.jpg|Úc đã đi đầu trong cuộc chiến gian nan chống lại những gã khổng lồ công nghệ xấu tính, dù mọi chuyện vẫn còn ở điểm khởi đầu.|thế giới|nguoilambao.vn|10:39 - 24/09/2021
Châu Âu thông báo thời điểm tiêm mũi tăng cường của Pfizer|https://nguoilambao.vn/chau-au-thong-bao-thoi-diem-tiem-mui-tang-cuong-cua-pfizer-n51912.html|https://nguoilambao.vn/images/news/2021/09/24/small/chau-au-thong-bao-thoi-diem-tiem-mui-tang-cuong-cua-pfizer-1632445672.jpg|Đầu tháng 10 tới, Cơ quan Quản lý dược phẩm châu Âu sẽ đưa ra quyết định về việc có phê chuẩn tiêm mũi tăng cường vaccine của hãng Pfizer/BioNTech cho người trên 16 tuổi...|thế giới|nguoilambao.vn|07:57 - 24/09/2021
WHO: Delta hoàn toàn lấn át những biến thể còn lại trong nhóm gây quan ngại|https://nguoilambao.vn/who-delta-hoan-toan-lan-at-nhung-bien-the-con-lai-trong-nhom-gay-quan-ngai-n51858.html|https://nguoilambao.vn/images/news/2021/09/22/small/who-delta-hoan-toan-lan-at-nhung-bien-the-con-lai-trong-nhom-gay-quan-ngai-1632285927.jpg|"Ngày 21/9, Tổ chức Y tế thế giới (WHO) nhận định biến thể Delta của virus SARS-CoV-2 đã ""đánh bật"" tất cả các biến thể khác trong nhóm biến thể gây quan ngại (VOC) trở..."|thế giới|nguoilambao.vn|11:33 - 22/09/2021
Những trở ngại trong tiếp cận vaccine ngừa COVID-19 của châu Phi|https://nguoilambao.vn/nhung-tro-ngai-trong-tiep-can-vaccine-ngua-covid-19-cua-chau-phi-n51853.html|https://nguoilambao.vn/images/news/2021/09/22/small/nhung-tro-ngai-trong-tiep-can-vaccine-ngua-covid-19-cua-chau-phi-1632271962.jpg|Vaccine ở châu Phi vẫn khan hiếm do việc tiếp cận vaccine ở châu lục này gặp trở ngại bởi tình trạng tích trữ vaccine ở các nước giàu, lệnh cấm xuất khẩu và những cam...|thế giới|nguoilambao.vn|07:47 - 22/09/2021
Niềm tin vào báo chí tăng trong thời Covid-19|https://nguoilambao.vn/niem-tin-vao-bao-chi-tang-trong-thoi-covid-19-n51833.html|https://nguoilambao.vn/images/news/2021/09/21/small/niem-tin-vao-bao-chi-tang-trong-thoi-covid-19-1632193799.jpg|Nghiên cứu kéo dài gần một thập kỷ của các chuyên gia Anh đã hé lộ những xu hướng mới của truyền thông thế giới cũng như sự biến đổi trong thái độ của độc giả.|thế giới|nguoilambao.vn|09:41 - 21/09/2021
Ông chủ Amazon và ba bài học cho báo chí|https://nguoilambao.vn/ong-chu-amazon-va-ba-bai-hoc-cho-bao-chi-n45347.html|https://nguoilambao.vn/images/news/2021/09/17/small/ong-chu-amazon-va-ba-bai-hoc-cho-bao-chi-1631883838.jpg|Với kinh nghiệm chinh chiến hàng chục năm trong ngành công nghệ, ông chủ Amazon Jeff Bezos đã áp dụng thành công cho tờ The Washington Post của mình.|thế giới|nguoilambao.vn|20:01 - 17/09/2021
Báo động bùng phát các ca mắc COVID-19 ở trẻ em tại Mỹ|https://nguoilambao.vn/bao-dong-bung-phat-cac-ca-mac-covid-19-o-tre-em-tai-my-n45324.html|https://nguoilambao.vn/images/news/2021/09/16/small/bao-dong-bung-phat-cac-ca-mac-covid-19-o-tre-em-tai-my-1631758847.jpg|Hơn 5 triệu trẻ em tại Mỹ đã có kết quả xét nghiệm dương tính với virus SARS-CoV-2 kể từ khi đại dịch bùng phát, chiếm 15,1% tổng số trường hợp mắc bệnh ở Mỹ.|thế giới|nguoilambao.vn|09:04 - 16/09/2021
Biến chủng Delta hoành hành tại Hàn Quốc|https://nguoilambao.vn/bien-chung-delta-hoanh-hanh-tai-han-quoc-n16139.html|https://nguoilambao.vn/images/news/2021/08/29/small/bien-chung-delta-hoanh-hanh-tai-han-quoc-1630241624.jpeg|Hàn Quốc là một trong số các quốc gia tại Châu Á đang hứng chịu tác động tiêu cực của biến chủng Delta, khi số ca nhiễm, các trường hợp biến chứng nặng và số ca tử vong...|thế giới|nguoilambao.vn|19:45 - 29/08/2021
Biến thể Delta lây lan mạnh gấp 1.000 lần bản gốc SARS-CoV-2|https://nguoilambao.vn/bien-the-delta-lay-lan-manh-gap-1000-lan-ban-goc-sars-cov-2-n16113.html|https://nguoilambao.vn/images/news/2021/08/27/small/bien-the-delta-lay-lan-manh-gap-1000-lan-ban-goc-sars-cov-2-1630050936.jpg|Virus SARS-CoV-2 nguy hiểm ở chỗ nó có nhiều biến thể và các biến thể thường có mức lây nhiễm mạnh hơn nhiều, tiêu biểu là Delta. Để đối phó hiệu quả với đại dịch này...|thế giới|nguoilambao.vn|14:42 - 27/08/2021
Châu Á là khu vực có số ca mắc COVID-19 cao nhất thế giới|https://nguoilambao.vn/chau-a-la-khu-vuc-co-so-ca-mac-covid-19-cao-nhat-the-gioi-n16001.html|https://nguoilambao.vn/images/news/2021/08/23/small/chau-a-la-khu-vuc-co-so-ca-mac-covid-19-cao-nhat-the-gioi-1629690212.jpg|Toàn thế giới ghi nhận hơn 212,55 triệu ca nhiễm virus SARS-CoV-2, trong đó có hơn 4,44 triệu bệnh nhân đã tử vong, số bệnh nhân phục hồi là hơn 190,15 triệu người.|thế giới|nguoilambao.vn|10:41 - 23/08/2021
Việt Nam đóng góp rất quan trọng cho quá trình đổi mới AIPA|https://nguoilambao.vn/viet-nam-dong-gop-rat-quan-trong-cho-qua-trinh-doi-moi-aipa-n15998.html|https://nguoilambao.vn/images/news/2021/08/23/small/viet-nam-dong-gop-rat-quan-trong-cho-qua-trinh-doi-moi-aipa-1629688761.jpg|Quốc hội Việt Nam đã đóng vai trò như “người mở đường,” sáng tạo và linh hoạt để thích ứng với hoàn cảnh mới, tạo nên một cách thức tổ chức hội nghị mới lần đầu tiên...|thế giới|nguoilambao.vn|10:12 - 23/08/2021
"Biến chủng Delta: Đe dọa phá vỡ ""phòng tuyến"" chống dịch toàn cầu"|https://nguoilambao.vn/bien-chung-delta-de-doa-pha-vo-phong-tuyen-chong-dich-toan-cau-n15852.html|https://nguoilambao.vn/images/news/2021/08/16/small/bien-chung-delta-de-doa-pha-vo-phong-tuyen-chong-dich-toan-cau-1629070577.jpg|Sau 8 tháng được phát hiện lần đầu tiên tại Ấn Độ, biến chủng Delta của vi rút SARS-CoV-2 đã lây lan tới hơn 140 quốc gia, vùng lãnh thổ trên thế giới và chiếm hầu hết...|thế giới|nguoilambao.vn|06:25 - 16/08/2021
Biến chủng mới của vi rút SARS-CoV-2: Lambda - báo động làn sóng dịch kép|https://nguoilambao.vn/bien-chung-moi-cua-vi-rut-sars-cov-2-lambda-bao-dong-lan-song-dich-kep-n15767.html|https://nguoilambao.vn/images/news/2021/08/12/small/bien-chung-moi-cua-vi-rut-sars-cov-2-lambda-bao-dong-lan-song-dich-kep-1628730692.jpg|Trong bối cảnh biến chủng Delta vẫn là nguyên nhân chính khiến tốc độ lây lan Covid-19 tại nhiều nước tăng nhanh, mối đe dọa đến từ biến chủng mới Lambda của vi rút...|thế giới|nguoilambao.vn|08:07 - 12/08/2021
Những lời cảm ơn từ Tổ chức Y tế thế giới (WHO)|https://nguoilambao.vn/nhung-loi-cam-on-tu-to-chuc-y-te-the-gioi-who-n15730.html|https://nguoilambao.vn/images/news/2021/08/10/small/nhung-loi-cam-on-tu-to-chuc-y-te-the-gioi-who-1628608966.jpg|Xin cảm ơn những người làm việc ở tuyến đầu trong cuộc chiến chống Covid-19.|thế giới|nguoilambao.vn|22:19 - 10/08/2021
ARF kêu gọi duy trì an ninh và tự do hàng hải tại Biển Đông|https://nguoilambao.vn/arf-keu-goi-duy-tri-an-ninh-va-tu-do-hang-hai-tai-bien-dong-n15672.html|https://nguoilambao.vn/images/news/2021/08/09/small/arf-keu-goi-duy-tri-an-ninh-va-tu-do-hang-hai-tai-bien-dong-1628476390.jpg|Tuyên bố Chủ tịch của Diễn đàn Khu vực ASEAN lần thứ 28 kêu gọi duy trì an ninh và tự do hàng hải tại Biển Đông, thúc đẩy đàm phán nhằm sớm ký kết Bộ Quy tắc ứng xử ở...|thế giới|nguoilambao.vn|09:29 - 09/08/2021
Châu Phi đã vượt ngưỡng 7 triệu ca nhiễm mới COVID-19|https://nguoilambao.vn/chau-phi-da-vuot-nguong-7-trieu-ca-nhiem-moi-covid-19-n15667.html|https://nguoilambao.vn/images/news/2021/08/09/small/chau-phi-da-vuot-nguong-7-trieu-ca-nhiem-moi-covid-19-1628472766.jpg|Trung tâm Kiểm soát và Phòng ngừa dịch bệnh châu Phi (CDC châu Phi) ngày 8/8 cho biết số ca mắc COVID-19 ở châu lục này đã vượt ngưỡng 7 triệu ca sau khi số ca mắc mới...|thế giới|nguoilambao.vn|08:27 - 09/08/2021
Trung Quốc cam kết cung cấp hơn 2 tỷ liều vaccine phòng COVID-19 cho thế giới|https://nguoilambao.vn/trung-quoc-cam-ket-cung-cap-hon-2-ty-lieu-vaccine-phong-covid-19-cho-the-gioi-n15604.html|https://nguoilambao.vn/images/news/2021/08/06/small/trung-quoc-cam-ket-cung-cap-hon-2-ty-lieu-vaccine-phong-covid-19-cho-the-gioi-1628238890.jpeg|Trung Quốc sẽ nỗ lực cung cấp 2 tỷ liều vaccine COVID-19 cho các quốc gia khác trên thế giới và tặng 100 triệu USD cho cơ chế phân phối vaccine toàn cầu COVAX.|thế giới|nguoilambao.vn|15:32 - 06/08/2021
Dịch bệnh tiếp tục diễn biến phức tạp ở nhiều nước châu Á|https://nguoilambao.vn/dich-benh-tiep-tuc-dien-bien-phuc-tap-o-nhieu-nuoc-chau-a-n15560.html|https://nguoilambao.vn/images/news/2021/08/05/small/dich-benh-tiep-tuc-dien-bien-phuc-tap-o-nhieu-nuoc-chau-a-1628151434.jpg|Thái Lan tiếp tục ghi nhận số ca mắc COVID-19 ở mức cao mới khi có 20.920 ca ghi nhận ngày 5/8, nâng tổng số lên 693.305 ca kể từ khi dịch bệnh bùng phát hồi năm ngoái.|thế giới|nguoilambao.vn|15:12 - 05/08/2021
Thế giới vượt mốc 200 triệu người mắc Covid-19|https://nguoilambao.vn/the-gioi-vuot-moc-200-trieu-nguoi-mac-covid-19-n15551.html|https://nguoilambao.vn/images/news/2021/08/05/small/the-gioi-vuot-moc-200-trieu-nguoi-mac-covid-19-1628133531.jpg|Biến thể Delta lây lan nhanh đã đẩy số ca mắc Covid-19 trên thế giới vượt mốc 200 triệu người trong ngày 4/8. Tổ chức Y tế thế giới (WHO) và nhiều nước đặc biệt lo ngại,...|thế giới|nguoilambao.vn|10:16 - 05/08/2021
Đẩy mạnh hợp tác, ứng phó hiệu quả với Covid-19|https://nguoilambao.vn/day-manh-hop-tac-ung-pho-hieu-qua-voi-covid-19-n15528.html|https://nguoilambao.vn/images/news/2021/08/05/small/day-manh-hop-tac-khu-vuc-va-quoc-te-ung-pho-hieu-qua-voi-covid-19-1628125574.jpg|Tối 4/8, Bộ trưởng Bộ Ngoại giao Bùi Thanh Sơn đã tham dự Hội nghị trực tuyến Bộ trưởng Ngoại giao các nước tham gia Hội nghị Bộ trưởng Ngoại giao Cấp cao Đông Á (EAS)...|thế giới|nguoilambao.vn|07:55 - 05/08/2021
Moskva xem xét mở rộng biện pháp hỗ trợ doanh nghiệp|https://nguoilambao.vn/moskva-xem-xet-mo-rong-bien-phap-ho-tro-doanh-nghiep-n15474.html|https://nguoilambao.vn/images/news/2021/08/03/small/moskva-xem-xet-mo-rong-bien-phap-ho-tro-doanh-nghiep-1627956662.jpg|Thị trưởng Moskva Sergei Sobyanin khẳng định, các biện pháp hỗ trợ doanh nghiệp và người dân TP Moskva (Liên bang Nga) có thể được mở rộng hoặc gia hạn nếu cần thiết.|thế giới|nguoilambao.vn|09:08 - 03/08/2021
Nguy cơ xuất hiện biến thể mới của SARS-CoV-2 kháng vaccine|https://nguoilambao.vn/khai-mac-hoi-nghi-bo-truong-ngoai-giao-asean-lan-thu-54-n15457.html|https://nguoilambao.vn/images/news/2021/08/02/small/khai-mac-hoi-nghi-bo-truong-ngoai-giao-asean-lan-thu-54-1627890847.jpg|"Một nghiên cứu của các nhà khoa học Anh, được đội ngũ cố vấn khoa học chính thức của chính phủ Anh công bố cho biết, ""gần như chắc chắn"", biến thể mới của virus..."|thế giới|nguoilambao.vn|14:37 - 02/08/2021
Trung Quốc: Hơn 300 ca nhiễm Covid-19 được phát hiện trong 10 ngày|https://nguoilambao.vn/trung-quoc-hon-300-ca-nhiem-covid-19-duoc-phat-hien-trong-10-ngay-n15448.html|https://nguoilambao.vn/images/news/2021/08/02/small/trung-quoc-hon-300-ca-nhiem-covid-19-duoc-phat-hien-trong-10-ngay-1627876111.jpg|Ít nhất 27 thành phố ở 18 tỉnh/thành phố cấp tỉnh đã báo cáo hơn 300 ca nhiễm được xác nhận trong những ngày gần đây, bao gồm cả thủ đô Bắc Kinh, tỉnh Giang Tô và tỉnh...|thế giới|nguoilambao.vn|10:43 - 02/08/2021
Anh khuyến cáo phụ nữ có thai tiêm vaccine Covid-19|https://nguoilambao.vn/anh-khuyen-cao-phu-nu-co-thai-tiem-vaccine-covid-19-n15427.html|https://nguoilambao.vn/images/news/2021/08/01/small/anh-khuyen-cao-phu-nu-co-thai-tiem-vaccine-covid-19-1627786599.jpg|Khuyến cáo của giới chức y tế Anh, đưa ra ngày 31/7, các thai phụ cần nhanh chóng tiêm vaccine phòng COVID-19 do biến thể Delta có thể khiến họ có nguy cơ cao hơn xuất...|thế giới|nguoilambao.vn|09:50 - 01/08/2021
Ngoại trưởng Nga, Mỹ hội đàm về vấn đề Syria và Ukraine tại Washington|https://nguoilambao.vn/ngoai-truong-nga-my-se-hoi-dam-ve-van-de-syria-va-ukraine-tai-washington-n5486.html|https://nguoilambao.vn/images/news/2017/05/09/small/ngoai-truong-nga-my-se-hoi-dam-ve-van-de-syria-va-ukraine-tai-washington-1494312165.jpg|Ngoại trưởng Nga Sergey Lavrov thăm chính thức Hoa Kỳ từ ngày 9 đến 11/ 5, trong đó có cuộc hội đàm quan trọng với Ngoại trưởng Mỹ Rex Tillerson vào ngày 10/ 5.|thế giới|nguoilambao.vn|23:29 - 22/04/2020
Vòng 2 bầu cử Tổng thống Pháp chính thức bắt đầu|https://nguoilambao.vn/bau-cu-tong-thong-phap-vong-2-chinh-thuc-bat-dau-n5468.html|https://nguoilambao.vn/images/news/2017/05/07/small/bau-cu-tong-thong-phap-vong-2-chinh-thuc-bat-dau-1494155945.jpg|Cử tri Pháp chính thức bước vào cuộc bỏ phiếu vòng 2 trưa ngày 7/5 (theo giờ Hà Nội), đây là vòng quyết định để chọn ra Tổng thống nước Pháp trong 5 năm tới. |thế giới|nguoilambao.vn|23:29 - 22/04/2020
Doanh thu quảng cáo trên máy tính, di động lần đầu vượt truyền hình|https://nguoilambao.vn/doanh-thu-quang-cao-tren-may-tinh-di-dong-lan-dau-vuot-truyen-hinh-n5452.html|https://nguoilambao.vn/images/news/2017/05/05/small/doanh-thu-quang-cao-tren-may-tinh-di-dong-lan-dau-vuot-truyen-hinh-1493976423.jpg|Theo tổ chức quảng cáo Interactive Advertising Bureau (IAB) và PricewaterhouseCoopers (PwC), quảng cáo kỹ thuật số đã thu được 72,5 tỷ USD doanh thu trong năm 2016, tăng...|thế giới|nguoilambao.vn|23:29 - 22/04/2020
"Mỹ xác định chuyến thăm Việt Nam của Tổng thống Donald Trump ""rất quan trọng"""|https://nguoilambao.vn/my-xac-dinh-chuyen-tham-viet-nam-cua-tong-thong-donald-trump-rat-quan-trong-n5444.html|https://nguoilambao.vn/images/news/2017/05/04/small/my-xac-dinh-chuyen-tham-viet-nam-cua-tong-thong-donald-trump-rat-quan-trong-1493908860.jpg|Ngoại trưởng Mỹ Rex Tillerson khẳng định chuyến công du sắp tới của Tổng thống Donald Trump tới Việt Nam và Philippines có ý nghĩa rất quan trọng.|thế giới|nguoilambao.vn|23:29 - 22/04/2020
Người Việt uống cà phê Starbucks đắt thứ 3 thế giới|https://nguoilambao.vn/nguoi-viet-uong-ca-phe-starbucks-dat-thu-3-the-gioi-n5428.html|https://nguoilambao.vn/images/news/2017/05/03/small/nguoi-viet-uong-ca-phe-starbucks-dat-thu-3-the-gioi-1493807252.jpg|Dựa trên tương quan giữa thu nhập và giá mua cà phê, người Việt đang chi khoảng 8,18 USD cho một cốc Starbucks cỡ lớn, gấp hơn 2 lần Mỹ.|thế giới|nguoilambao.vn|23:29 - 22/04/2020
Trung Quốc chế tạo được máy tính lượng tử đầu tiên trên thế giới|https://nguoilambao.vn/trung-quoc-che-tao-duoc-may-tinh-luong-tu-dau-tien-tren-the-gioi-n5427.html|https://nguoilambao.vn/images/news/2017/05/03/small/trung-quoc-che-tao-duoc-may-tinh-luong-tu-dau-tien-tren-the-gioi-1493806440.jpg|Các nhà khoa học Trung Quốc đã chế tạo được máy tính lượng tử đầu tiên trên thế giới có sức mạnh vượt qua mọi máy tính truyền thống hiện nay. Điều này mở đường cho việc...|thế giới|nguoilambao.vn|23:29 - 22/04/2020
Cuba bắt đầu bầu cử Quốc hội|https://nguoilambao.vn/cuba-bat-dau-bau-cu-quoc-hoi-n8765.html|https://nguoilambao.vn/images/news/2018/03/12/small/cuba-bat-dau-bau-cu-quoc-hoi-1520821806.jpg|Cuba ngày 11/3 đã tiến hành cuộc tổng tuyển cử, để lựa chọn ra các đại biểu Quốc hội và đại biểu của các hội đồng nhân dân cấp tỉnh.|thế giới|nguoilambao.vn|23:29 - 22/04/2020
Vẫn còn gần 150 người mất tích trong vụ động đất ở Đài Loan|https://nguoilambao.vn/van-con-gan-150-nguoi-mat-tich-trong-vu-dong-dat-o-dai-loan-n8533.html|https://nguoilambao.vn/images/news/2018/02/07/small/van-con-gan-150-nguoi-mat-tich-trong-vu-dong-dat-o-dai-loan-1517999812.jpg|Theo thông tin mới cập nhật, tính đến chiều 7/2, vẫn còn 145 người vẫn mất tích sau trận động đất mạnh 6,5 độ Richter sáng cùng ngày ở thành phố Hoa Liên, Đài Loan...|thế giới|nguoilambao.vn|23:29 - 22/04/2020
Dấu mốc lịch sử 25 năm quan hệ ASEAN-Ấn Độ|https://nguoilambao.vn/dau-moc-lich-su-25-nam-quan-he-asean-an-do-n8374.html|https://nguoilambao.vn/images/news/2018/01/24/small/thu-tuong-nguyen-xuan-phuc-tra-loi-phong-van-bao-chi-an-do-1516785058.jpg|Theo Thủ tướng Nguyễn Xuân Phúc Hội nghị Cấp cao kỷ niệm 25 năm thiết lập quan hệ ASEAN-Ấn Độ tổ chức tại New Delhi là dấu mốc lịch sử, minh chứng tiêu biểu cho quan hệ...|thế giới|nguoilambao.vn|23:29 - 22/04/2020
Tăng cường quản lý chặt chẽ và xử lý triệt để vũ khí, vật liệu nổ|https://nguoilambao.vn/tang-cuong-quan-ly-chat-che-va-xu-ly-triet-de-vu-khi-vat-lieu-no-n8348.html|https://nguoilambao.vn/images/news/2018/01/22/small/tang-cuong-quan-ly-chat-che-va-xu-ly-triet-de-vu-khi-vat-lieu-no-1516618154.jpg|Bộ Công an chỉ đạo Công an các địa phương phối hợp với chính quyền cấp cơ sở và cơ quan quân sự đẩy mạnh kiểm tra, xử lý vi phạm liên quan đến việc các cơ sở, điểm thu...|thế giới|nguoilambao.vn|23:29 - 22/04/2020
Hai nhà báo CQTW HNB Việt Nam tham dự Đại hội XIX Đảng Cộng sản Trung Quốc|https://nguoilambao.vn/hai-nha-bao-cqtw-hnb-viet-nam-tham-du-dai-hoi-xix-dang-cong-san-trung-quoc-n7350.html|https://nguoilambao.vn/images/news/2017/10/18/small/khai-mac-dai-hoi-xix-dang-cong-san-trung-quoc-1508302222.jpg|9 giờ sáng 18/10 giờ địa phương (8 giờ giờ Việt Nam), tại Bắc Kinh, Đại hội Đảng Cộng sản Trung Quốc lần thứ XIX (Đại hội XIX) đã chính thức khai mạc. Cơ quan Trung ương...|thế giới|nguoilambao.vn|23:29 - 22/04/2020
Mạng xã hội trong chiến lược phát triển công chúng của báo chí Lào|https://nguoilambao.vn/mang-xa-hoi-trong-chien-luoc-phat-trien-cong-chung-cua-bao-chi-lao-n7323.html|https://nguoilambao.vn/images/news/2017/10/16/small/mang-xa-hoi-trong-chien-luoc-phat-trien-cong-chung-cua-bao-chi-lao-1508151320.jpg|Tháng 6/2017, Laopost - cơ quan báo chí sử dụng nhiều mạng xã hội nhất tại Lào đã chính thức cắt bỏ 3/6 trang mạng xã hội. Chiến lược nào đặt ra đối với tờ báo được...|thế giới|nguoilambao.vn|23:29 - 22/04/2020
Tăng cường trao đổi và hợp tác báo chí các quốc gia|https://nguoilambao.vn/tang-cuong-trao-doi-va-hop-tac-bao-chi-cac-quoc-gia-n7315.html|https://nguoilambao.vn/images/news/2017/10/16/small/tang-cuong-trao-doi-va-hop-tac-bao-chi-cac-quoc-gia-1508125609.jpg|"Sáng 16/10, tại Trung tâm Báo chí Đại hội 19 Đảng Cộng sản Trung Quốc, Hội Nhà báo toàn Trung Quốc tổ chức Diễn đàn Nhà báo các nước trong Sáng kiến ""Vành đai và Con..."|thế giới|nguoilambao.vn|23:29 - 22/04/2020
Tàu chiến Mỹ di chuyển gần quần đảo Hoàng Sa|https://nguoilambao.vn/tau-chien-my-di-chuyen-gan-quan-dao-hoang-sa-n7231.html|https://nguoilambao.vn/images/news/2017/10/11/small/tau-chien-my-di-chuyen-gan-quan-dao-hoang-sa-1507690668.jpg|Động thái này được xem là thông điệp mới nhất của Mỹ về việc duy trì tự do hàng hải trên vùng biển chiến lược ở phía tây của Thái Bình Dương.|thế giới|nguoilambao.vn|23:29 - 22/04/2020
Tổng thống Mỹ Donald Trump sẽ đến Việt Nam vào tháng 11|https://nguoilambao.vn/nha-trang-xac-nhan-tong-thong-trump-se-den-viet-nam-vao-thang-11-n7098.html|https://nguoilambao.vn/images/news/2017/09/30/small/nha-trang-xac-nhan-tong-thong-trump-se-den-viet-nam-vao-thang-11-1506733091.jpg|Tối 29/9 (giờ Việt Nam), trong thông báo được phát đi từ Washington, Nhà Trắng xác nhận Tổng thống Mỹ Donald Trump sẽ có chuyến công du châu Á từ ngày 3 -14/11, trong đó...|thế giới|nguoilambao.vn|23:29 - 22/04/2020
Siêu bão Maria điên cuồng tàn phá vùng Caribe|https://nguoilambao.vn/sieu-bao-quai-thu-maria-dien-cuong-tan-pha-vung-caribe-n6947.html|https://nguoilambao.vn/images/news/2017/09/20/small/sieu-bao-quai-thu-maria-dien-cuong-tan-pha-vung-caribe-1505880833.jpg|Với tốc độ gió lên đến 250km/h, siêu bão “quái thú” Maria đã và đang tàn phá các đảo trong vùng Caribe khiến khu vực này trở nên hoang tàn.|thế giới|nguoilambao.vn|23:29 - 22/04/2020
Ít nhất 119 người thiệt mạng trong trận động đất lớn ở Mexico|https://nguoilambao.vn/it-nhat-119-nguoi-thiet-mang-trong-tran-dong-dat-lon-o-mexico-n6941.html|https://nguoilambao.vn/images/news/2017/09/20/small/it-nhat-119-nguoi-thiet-mang-trong-tran-dong-dat-lon-o-mexico-1505876619.jpg|Thủ đô Mexico City và nhiều khu vực miền trung Mexico bị rung chuyển bởi trận động đất mạnh 7,1 độ Richter ngày 19/9 (tức rạng sáng 20/9 theo giờ Việt Nam), khiến ít...|thế giới|nguoilambao.vn|23:29 - 22/04/2020
"Sự khởi đầu của thế hệ ""phóng viên quần jeans"" thạo smartphone"|https://nguoilambao.vn/su-khoi-dau-cua-the-he-phong-vien-quan-jeans-thao-smartphone-n6172.html|https://nguoilambao.vn/images/news/2017/07/10/small/su-khoi-dau-cua-the-he-phong-vien-quan-jeans-thao-smartphone-1499674337.jpg|Hầu hết các cuộc thảo luận về báo chí ngày nay đều bao gồm cuộc tranh luận về những lợi ích và bất lợi của truyền thông xã hội. Tương tự, một cuộc thảo luận về mạng xã...|thế giới|nguoilambao.vn|23:29 - 22/04/2020
Lại cháy lớn tại khu mua sắm Camden ở thủ đô London (Anh)|https://nguoilambao.vn/lai-chay-lon-tai-khu-mua-sam-camden-o-thu-do-london-anh-n6169.html|https://nguoilambao.vn/images/news/2017/07/10/small/lai-chay-lon-tai-khu-mua-sam-camden-o-thu-do-london-anh-1499661512.jpg|Một vụ hỏa hoạn nghiêm trọng đã xảy ra tại khu mua sắm Camden Lock Market ở thủ đô London, Anh vào đêm 9/7 2017.|thế giới|nguoilambao.vn|23:29 - 22/04/2020
Tiếp tục bạo loạn tại Hamburg - gần 200 cảnh sát bị thương|https://nguoilambao.vn/tiep-tuc-bao-loan-tai-hamburg-gan-200-canh-sat-bi-thuong-n6150.html|https://nguoilambao.vn/images/news/2017/07/08/small/tiep-tuc-bao-loan-tai-hamburg-gan-200-canh-sat-bi-thuong-1499491797.jpg|Hãng Reuters đưa tin, đám đông tiêp tục biểu tình mạnh mẽ tại thành phố Hamburg, Đức - nơi đang diễn ra Hội nghị thượng đỉnh G20, khiến cảnh sát Hamburg phải xin chi...|thế giới|nguoilambao.vn|23:29 - 22/04/2020
"Hiệp ước cấm vũ khí hạt nhân được thông qua lại thiếu vắng các ""ông lớn"""|https://nguoilambao.vn/hiep-uoc-cam-vu-khi-hat-nhan-duoc-thong-qua-thieu-vang-cac-quot-ong-lonquot-hat-nhan-tham-gia-n6149.html|https://nguoilambao.vn/images/news/2017/07/08/small/hiep-uoc-cam-vu-khi-hat-nhan-duoc-thong-qua-thieu-vang-cac-quot-ong-lonquot-hat-nhan-tham-gia-1499487375.jpg|Trong phiên họp ngày 7/7/2017 tại Trụ sở Liên hợp quốc, New York, 122 nước thành viên Liên hợp quốc đã thông qua Hiệp ước cấm vũ khí hạt nhân trên toàn cầu, trừ Hà Lan...|thế giới|nguoilambao.vn|23:29 - 22/04/2020
Nga - Mỹ đạt đồng thuận ngừng bắn tại Tây Nam Syria|https://nguoilambao.vn/nga-my-dat-dong-thuan-ngung-ban-tai-tay-nam-syria-n6148.html|https://nguoilambao.vn/images/news/2017/07/08/small/nga-my-dat-dong-thuan-ngung-ban-tai-tay-nam-syria-1499484636.jpg|Hãng Reuters đưa tin, ngày 7/7, phát biểu ngay sau cuộc họp quan trọng giữa Tổng thống Nga Vladimir Putin và người đồng cấp Mỹ, Ngoại trưởng Nga Segey Lavrov cho biết...|thế giới|nguoilambao.vn|23:29 - 22/04/2020
Tăng cường hợp tác ứng phó biến đổi khí hậu|https://nguoilambao.vn/tang-cuong-hop-tac-ung-pho-bien-doi-khi-hau-n6145.html|https://nguoilambao.vn/images/news/2017/07/08/small/tang-cuong-hop-tac-ung-pho-bien-doi-khi-hau-1499479386.jpg|Phát biểu tại Hội nghị Thượng đỉnh G20 tại Hamburg, CHLB Đức, Thủ tướng Nguyễn Xuân Phúc đã đưa ra thông điệp mạnh mẽ về tầm quan trọng của tăng cường hợp tác ứng phó...|thế giới|nguoilambao.vn|23:29 - 22/04/2020
Donald Trump gọi cuộc gặp đầu tiên với Vladimir Putin là một vinh dự lớn|https://nguoilambao.vn/tong-thong-donald-trump-goi-cuoc-gap-dau-tien-voi-tong-thong-putin-la-mot-vinh-du-lon-n6143.html|https://nguoilambao.vn/images/news/2017/07/07/small/tong-thong-donald-trump-goi-cuoc-gap-dau-tien-voi-tong-thong-putin-la-mot-vinh-du-lon-1499446543.jpg|Cuộc gặp mặt trực tiếp giữa Tổng thống Donald Trump và Tổng thống Vladimir Putin tại Hội nghị thượng đỉnh G20 tại Đức là một trong những cuộc gặp gỡ được mong đợi nhất...|thế giới|nguoilambao.vn|23:29 - 22/04/2020
Putin và Trump lần đầu bắt tay kể từ khi nhậm chức|https://nguoilambao.vn/putin-va-trump-lan-dau-bat-tay-ke-tu-khi-nham-chuc-n6142.html|https://nguoilambao.vn/images/news/2017/07/07/small/putin-va-trump-lan-dau-bat-tay-ke-tu-khi-nham-chuc-1499443301.jpg|Tổng thống Nga Vladimir Putin và người đồng cấp Mỹ Donald Trump đã lần đầu tiên bắt tay nhau tại hội nghị thượng đỉnh G20 trước khi có một cuộc gặp riêng đã được lên...|thế giới|nguoilambao.vn|23:29 - 22/04/2020
Động đất 6,9 độ Richter tại miền Trung Philippines|https://nguoilambao.vn/mien-trung-philippines-chiu-anh-huong-dong-dat-69-do-richter-n6110.html|https://nguoilambao.vn/images/news/2017/07/06/small/mien-trung-philippines-chiu-anh-huong-dong-dat-69-do-richter-1499350741.jpg|Trận động đất mạnh gần 7 độ Richter xảy ra ở độ sâu 41 km, tâm chấn nằm ở phía tây nam thành phố Tacloban, đảo Leyte, trung tâm Philippines, cách thủ đô Manila 580 km về...|thế giới|nguoilambao.vn|23:29 - 22/04/2020
Inđônêxia: Rơi trực thăng cứu hộ gần núi lửa đang hoạt động, 8 người thiệt mạng|https://nguoilambao.vn/indonexia-roi-truc-thang-cuu-ho-gan-nui-lua-dang-hoat-dong-8-nguoi-chet-n6054.html|https://nguoilambao.vn/images/news/2017/07/03/small/indonexia-roi-truc-thang-cuu-ho-gan-nui-lua-dang-hoat-dong-8-nguoi-chet-1499070121.jpg|Một chiếc trực thăng cứu hộ đã rơi trong khi đang di chuyển để sơ tán người dân gần một ngọn núi lửa đang hoạt động trên đảo chính của Inđônêxia, toàn bộ tám người trên...|thế giới|nguoilambao.vn|23:29 - 22/04/2020
Facebook và cuộc chiến với tin rác, độc hại, vô bổ|https://nguoilambao.vn/facebook-va-cuoc-chien-voi-tin-rac-doc-hai-vo-bo-n6039.html|https://nguoilambao.vn/images/news/2017/07/01/small/facebook-va-cuoc-chien-voi-tin-rac-doc-hai-vo-bo-1498923588.jpg|"Facebook thông báo vừa ra đời phiên bản cập nhật mới của Facebook ra đời nhằm hạn chế ""các đường dẫn (link) kém chất lượng"" trên News Feed."|thế giới|nguoilambao.vn|23:29 - 22/04/2020
Công dân 6 nước Hồi giáo bị hạn chế nhập cảnh vào Mỹ|https://nguoilambao.vn/cong-dan-6-nuoc-hoi-giao-bi-han-che-nhap-canh-vao-my-n6021.html|https://nguoilambao.vn/images/news/2017/06/30/small/cong-dan-6-nuoc-hoi-giao-bi-han-che-nhap-canh-vao-my-1498794414.jpg|Công dân 6 nước Hồi giáo nằm trong danh sách sắc lệnh hạn chế nhập cảnh của Tổng thống Donald Trump sẽ phải chứng minh quan hệ huyết thống với công dân Mỹ mới được nhập...|thế giới|nguoilambao.vn|23:29 - 22/04/2020
Chìm tàu Du lịch chở 150 người tại Colombia|https://nguoilambao.vn/chim-tau-du-lich-cho-150-nguoi-tai-colombia-9-nguoi-chet-va-28-nguoi-mat-tich-n5953.html|https://nguoilambao.vn/images/news/2017/06/26/small/chim-tau-du-lich-cho-150-nguoi-tai-colombia-9-nguoi-chet-va-28-nguoi-mat-tich-1498452946.jpeg|Giới chức Colombia xác nhận một tàu du lịch chở 150 người đã chìm tại hồ El Penol thuộc thị trấn Guatape, tây bắc Colombia ngày 25/6. Theo thông kê hiện tại, đã có 9...|thế giới|nguoilambao.vn|23:29 - 22/04/2020
Lở đất tại Trung Quốc: Đã tìm kiếm được 15 thi thể nạn nhân|https://nguoilambao.vn/lo-dat-tai-trung-quoc-da-tim-kiem-duoc-15-thi-the-nan-nhan-n5945.html|https://nguoilambao.vn/images/news/2017/06/25/small/lo-dat-tai-trung-quoc-da-tim-kiem-duoc-15-thi-the-nan-nhan-1498400184.jpg|Lực lượng cứu hộ đã tìm thấy 15 thi thể trong vụ sạt lở núi khủng khiếp, chôn vùi một ngôi làng ở tỉnh Tứ Xuyên, Trung Quốc.|thế giới|nguoilambao.vn|23:29 - 22/04/2020
Anh tìm kiếm cơ chế giao dịch tài chính mới với EU sau Brexit|https://nguoilambao.vn/anh-tim-kiem-co-che-giao-dich-tai-chinh-moi-voi-eu-sau-brexit-n5903.html|https://nguoilambao.vn/images/news/2017/06/21/small/anh-tim-kiem-co-che-giao-dich-tai-chinh-moi-voi-eu-sau-brexit-1498035781.jpg|Ngày 20/6, Bộ trưởng Tài chính Anh Philip Hammond cho rằng các ngân hàng Anh và Liên minh châu Âu (EU) cần một hệ thống giao dịch mới sau khi Anh rời khỏi EU (còn gọi là...|thế giới|nguoilambao.vn|23:29 - 22/04/2020
Tấn công khu nghỉ mát Le Campement ít nhất hai người thiệt mạng|https://nguoilambao.vn/mali-tan-cong-khu-nghi-mat-le-campement-it-nhat-hai-nguoi-thiet-mang-n5880.html|https://nguoilambao.vn/images/news/2017/06/19/small/mali-tan-cong-khu-nghi-mat-le-campement-it-nhat-hai-nguoi-thiet-mang-1497863932.jpg|Khu nghỉ mát Le Campement Kangaba ở Dougourakoro nằm ở ngoại ô phía đông thủ đô Bamako vừa bị những tay súng Hồi giáo tấn công. Lực lượng an ninh chiến đấu giải cứu được...|thế giới|nguoilambao.vn|23:29 - 22/04/2020
Lo ngại còn hàng trăm người mất tích sau vụ cháy Grenfell|https://nguoilambao.vn/lo-ngai-quot-con-hang-tram-nguoi-mat-tichquot-trong-vu-chay-o-grenfell-sau-khi-canh-sat-xac-nhan-co-it-nhat-12-nguoi-chet-n5861.html|https://nguoilambao.vn/images/news/2017/06/17/small/lo-ngai-quot-con-hang-tram-nguoi-mat-tichquot-trong-vu-chay-o-grenfell-sau-khi-canh-sat-xac-nhan-co-it-nhat-12-nguoi-chet-1497712513.jpg|Như chúng tôi đã đưa tin về vụ cháy tòa tháp Grenfell, Anh. Đến nay công tác khắc phục hậu quả đám cháy đã bắt đầu. Thống kê mới nhất cho biết vụ cháy đã lấy đi ít nhất...|thế giới|nguoilambao.vn|23:29 - 22/04/2020
Liên hợp quốc dành một phút mặc niệm Chủ tịch nước Trần Đại Quang|https://nguoilambao.vn/lien-hop-quoc-danh-mot-phut-mac-niem-chu-tich-nuoc-tran-dai-quang-n10825.html|https://nguoilambao.vn/images/news/2018/09/22/small/lien-hop-quoc-danh-mot-phut-mac-niem-chu-tich-nuoc-tran-dai-quang-1537595132.jpg|Theo phóng viên TTXVN tại Liên hợp quốc, chiều 21/9 (giờ New York), Đại hội đồng Liên hợp quốc đã dành một phút mặc niệm Chủ tịch nước Việt Nam Trần Đại Quang.|thế giới|nguoilambao.vn|23:29 - 22/04/2020
Tăng cường hợp tác báo chí Việt Nam - Campuchia|https://nguoilambao.vn/tang-cuong-hop-tac-bao-chi-viet-nam-campuchia-n10717.html|https://nguoilambao.vn/images/news/2018/09/12/small/tang-cuong-hop-tac-bao-chi-viet-nam-campuchia-1536747498.jpg|Trong khuôn khổ chuyến thăm và làm việc tại Lào và Campuchia, đoàn nhà báo Việt Nam đã đến chào xã giao Ngài Khieu Kanharith, Bộ trưởng Bộ Thông tin Campuchia, trao đổi...|thế giới|nguoilambao.vn|23:29 - 22/04/2020
Fake News và câu chuyện truyền thông chính trị ở Mỹ|https://nguoilambao.vn/fake-news-va-cau-chuyen-truyen-thong-chinh-tri-o-my-n10274.html|https://nguoilambao.vn/images/news/2018/07/26/small/fake-news-va-cau-chuyen-truyen-thong-chinh-tri-o-my-1532575720.jpeg|Mỹ là một trong những quốc gia trên thế giới được công nhận có các phương tiện truyền thông rất phát triển. Giống như ở các nước Phương Tây khác, truyền thông ở Mỹ được...|thế giới|nguoilambao.vn|23:29 - 22/04/2020
Con trai nhân vật quyền lực nhất giới truyền thông Mỹ bị sát hại|https://nguoilambao.vn/an-mang-con-trai-nhan-vat-quyen-luc-nhat-gioi-truyen-thong-my-n9752.html|https://nguoilambao.vn/images/news/2018/05/30/small/vu-an-mang-chan-dong-truyen-thong-my-1527642939.jpg|Jonathan Levin, giáo viên tiếng Anh, 31 tuổi, được nhiều người yêu quý đã bị chém và bắn chết tại căn hộ ở khu Upper West Side, New York.|thế giới|nguoilambao.vn|23:29 - 22/04/2020
10 quốc gia có người dùng bị lộ thông tin nhất trên Facebook|https://nguoilambao.vn/10-quoc-gia-co-nguoi-dung-bi-lo-thong-tin-nhat-tren-facebook-n9105.html|https://nguoilambao.vn/images/news/2018/04/05/small/10-quoc-gia-co-nguoi-dung-bi-lo-thong-tin-nhat-tren-facebook-1522924798.jpeg|Theo thông tin được Giám đốc Công nghệ của Facebook Mike Schroepfer chia sẻ, Việt Nam nằm trong top 10 quốc gia bị lộ lọt thông tin trên mạng xã hội này nhiều nhất,...|thế giới|nguoilambao.vn|23:29 - 22/04/2020
40 kẻ khủng bố bị tiêu diệt|https://nguoilambao.vn/danh-bom-xe-cho-du-khach-viet-nam-o-ai-cap-40-ke-khung-bo-bi-tieu-diet-n11868.html|https://nguoilambao.vn/images/news/2018/12/29/small/danh-bom-xe-cho-du-khach-viet-nam-o-ai-cap-40-ke-khung-bo-bi-tieu-diet-1546094005.jpg|"Lực lượng an ninh Ai Cập đã tiêu diệt 40 phần tử được coi là ""khủng bố"" trong các cuộc truy quét tại Giza và Sinai, một ngày sau vụ đánh bom xe chở đoàn du khách Việt..."|thế giới|nguoilambao.vn|23:29 - 22/04/2020
Cháy lớn ở Nhà thờ Đức Bà Paris|https://nguoilambao.vn/cha-y-lo-n-o-nha-tho-du-c-ba-paris-n13059.html|https://nguoilambao.vn/images/news/2019/04/16/small/cha-y-lo-n-o-nha-tho-du-c-ba-tai-paris-1555379696.jpg|Ngọn lửa bùng phát vào tối ngày 15/4 và nhanh chóng lan khắp phần mái Nhà thờ Đức Bà Paris - công trình kiến trúc hàng trăm năm tuổi được xem là một trong những biểu...|thế giới|nguoilambao.vn|23:29 - 22/04/2020
Báo chí Lào đánh giá cao chuyến thăm của Tổng Bí thư, Chủ tịch nước|https://nguoilambao.vn/bao-chi-lao-danh-gia-cao-chuyen-tham-cua-tong-bi-thu-chu-tich-nuoc-n12434.html|https://nguoilambao.vn/images/news/2019/02/23/small/bao-chi-lao-danh-gia-cao-chuyen-tham-cua-tong-bi-thu-chu-tich-nuoc-1550924557.jpg|Đánh giá về chuyến thăm Lào từ 24-25/2 của Tổng Bí thư, Chủ tịch nước Việt Nam Nguyễn Phú Trọng, các báo lớn của Lào đều nhiệt liệt hoan nghênh và ca ngợi thành quả hợp...|thế giới|nguoilambao.vn|23:29 - 22/04/2020
Nữ Tổng thống đầu tiên của Slovakia|https://nguoilambao.vn/nu-tong-thong-dau-tien-cua-slovakia-n12809.html|https://nguoilambao.vn/images/news/2019/04/01/small/nu-tong-thong-dau-tien-cua-slovakia-1554087215.jpg|Luật sư Zuzana Čaputová có tư tưởng tự do đã giành thắng lợi áp đảo trước đối thủ là phó chủ tịch Hội đồng châu Âu trong cuộc bầu cử tổng thống vòng 2 diễn ra ngày 30/3...|thế giới|nguoilambao.vn|23:29 - 22/04/2020
Báo chí nước ngoài nói gì về chiến thắng của U23 Việt Nam trước U23 Thái Lan|https://nguoilambao.vn/bao-chi-nuoc-ngoai-noi-gi-ve-chien-thang-cua-u23-viet-nam-truoc-u23-thai-lan-n12749.html|https://nguoilambao.vn/images/news/2019/03/27/small/bao-chi-nuoc-ngoai-noi-gi-ve-chien-thang-cua-u23-viet-nam-truoc-u23-thai-lan-1553665089.jpg|Báo chí Thái Lan bày tỏ sững sờ và thất vọng trước trận thua sốc 0-4 của đội nhà trước U23 Việt Nam tại lượt trận cuối bảng K vòng loại U23 châu Á 2020, tối 26/3 trên...|thế giới|nguoilambao.vn|23:29 - 22/04/2020
Trung Quốc đạt nhiều đồng thuận với Nhật tại Đối thoại kinh tế cấp cao|https://nguoilambao.vn/trung-quoc-dat-nhieu-dong-thuan-voi-nhat-tai-doi-thoai-kinh-te-cap-cao-n13046.html|https://nguoilambao.vn/images/news/2019/04/15/small/trung-quoc-dat-nhieu-dong-thuan-voi-nhat-tai-doi-thoai-kinh-te-cap-cao-1555296173.jpg|Trung Quốc và Nhật Bản đã đạt được 10 nhận thức chung quan trọng tại Đối thoại kinh tế cấp cao lần thứ 5.|thế giới|nguoilambao.vn|23:29 - 22/04/2020
"Khám phá đoàn tàu ""tôm hùm xanh"" của Triều Tiên"|https://nguoilambao.vn/kham-pha-doan-tau-quot-tom-hum-xanhquot-cua-trieu-tien-n8995.html|https://nguoilambao.vn/images/news/2018/03/28/small/kham-pha-doan-tau-quot-tom-hum-xanhquot-cua-trieu-tien-1522227315.jpg|Tàu lửa vốn là phương tiện di chuyển được các nhà lãnh đạo Triều Tiên lựa chọn trong các chuyến công du trước đây. Đoàn tàu chuyên dụng này có gì bên trong?|thế giới|nguoilambao.vn|23:29 - 22/04/2020
Cựu thủ tướng Anh Tony Blair : Chưa phải quá muộn để dừng Brexit lại|https://nguoilambao.vn/cuu-thu-tuong-anh-tony-blair-chua-phai-qua-muon-de-dung-brexit-lai-n9036.html|https://nguoilambao.vn/images/news/2018/03/30/small/cuu-thu-tuong-anh-tony-blair-chua-phai-qua-muon-de-dung-brexit-lai-1522403010.jpg|Cựu Thủ tướng Anh Tony Blair cho biết sẽ chưa phải là quá muộn để ngăn chặn Brexit ngay sau khi nước Anh tròn một năm ngày rời Liên Minh Châu Âu EU|thế giới|nguoilambao.vn|23:29 - 22/04/2020
Máu cá voi lại nhuộm đỏ nước biển quần đảo Faroe|https://nguoilambao.vn/mau-ca-voi-lai-nhuom-do-nuoc-bien-quan-dao-faroe-n14055.html|https://nguoilambao.vn/images/news/2019/06/09/small/mau-ca-voi-lai-nhuom-do-nuoc-bien-quan-dao-faroe-1560085041.jpg|Săn bắt cá voi là một tập tục lâu đời được biết đến tại Quần đảo Faroe, Đan Mạch và Nhật Bản. Dù các nhà hoạt động môi trường, chính phủ và các tổ chức quốc tế đã nhiều...|thế giới|nguoilambao.vn|23:29 - 22/04/2020
Báo chí Hàn Quốc chuyển đổi trong kỷ nguyên số|https://nguoilambao.vn/bao-chi-han-quoc-chuyen-doi-trong-ky-nguyen-so-n11163.html|https://nguoilambao.vn/images/news/2022/02/21/small/bao-chi-han-quoc-chuyen-doi-trong-ky-nguyen-so-1645435433.jpg|Tiếp tục chuyến thăm và nghiên cứu thực tế tại Hàn Quốc, đoàn cán bộ Việt Nam đã đến khảo sát tại Ủy ban Thẩm định Truyền thông Hàn Quốc, Hãng thông tấn Yonhap và trao...|thế giới|nguoilambao.vn|23:29 - 18/10/2018
Trao đổi nghiệp vụ truyền thông chính sách tại Đại học Hàn Quốc|https://nguoilambao.vn/trao-doi-nghiep-vu-truyen-thong-chinh-sach-tai-dai-hoc-han-quoc-n11137.html|https://nguoilambao.vn/images/news/2022/02/21/small/trao-doi-nghiep-vu-truyen-thong-chinh-sach-tai-dai-hoc-han-quoc-1645434728.jpg|Trong khuôn khổ chuyến thăm và làm việc tại Hàn Quốc, sáng 16/10 đoàn cán bộ Việt Nam đã đến trao đổi nghiệp vụ tại Đại học Hàn Quốc.|thế giới|nguoilambao.vn|23:29 - 16/10/2018
Chuyện làm báo ở “xứ sở cờ hoa”|https://nguoilambao.vn/chuyen-lam-bao-o-xu-so-co-hoa-n6537.html|https://nguoilambao.vn/images/news/2022/02/25/small/chuyen-lam-bao-o-xu-so-co-hoa-1645774530.jpg|Chuyện làm báo ở “xứ sở cờ hoa” - Những tên tuổi lớn như The New York Times, The Wall Street Journal, The Washington Post, Newsweek… đã đứng sừng sững nhiều thập kỷ...|thế giới|nguoilambao.vn|23:29 - 18/08/2017
Bé gái 4 tuổi đi bộ băng rừng lạnh giá tìm người cứu bà|https://nguoilambao.vn/co-be-4-tuoi-di-bo-bang-rung-lanh-gia-tim-nguoi-cuu-ba-n5072.html|https://nguoilambao.vn/images/news/2017/03/14/small/co-be-4-tuoi-di-bo-bang-rung-lanh-gia-tim-nguoi-cuu-ba-1489477464.jpg|Đối với một em bé 4 tuổi, để làm được những việc cá nhân cho mình đã là khó, nhưng câu chuyện sau đây về một bé gái 04 tuổi sống tại khu làng hẻo lánh thuộc Cộng hòa...|thế giới|nguoilambao.vn|13:41 - 14/03/2017
Bà Park Geun-hye chính thức bị phế truất|https://nguoilambao.vn/ba-park-geun-hye-chinh-thuc-bi-phe-truat-n5037.html|https://nguoilambao.vn/images/news/2017/03/10/small/ba-park-geun-hye-chinh-thuc-bi-phe-truat-1489128992.jpg|Hãng thông tấn Yonhap đưa tin, Tòa án Hiến pháp của Hàn Quốc ngày 10/3 đã ra phán quyết giữ nguyên quyết định của Quốc hội luận tội Tổng thống Park Geun-hye, phế truất...|thế giới|nguoilambao.vn|13:37 - 10/03/2017
Quân đội Thổ Nhĩ Kỳ nã đại bác khiến 8 binh sỹ Syria thiệt mạng|https://nguoilambao.vn/quan-doi-tho-nhi-ky-na-dai-bac-khien-8-binh-sy-syria-thiet-mang-n5035.html|https://nguoilambao.vn/images/news/2017/03/10/small/quan-doi-tho-nhi-ky-na-dai-bac-khien-8-binh-sy-syria-thiet-mang-1489112852.jpg|Quân đội Thổ Nhĩ Kỳ với sự hỗ trợ của lực lượng nổi dậy Quân đội Syria Tự do (FSA) đã nã đại bác vào lực lượng biên phòng thuộc quân đội chính phủ Syria tại khu vực phía...|thế giới|nguoilambao.vn|09:20 - 10/03/2017
Khai trương trung tâm bảo vệ nữ nhà báo|https://nguoilambao.vn/khai-truong-trung-tam-bao-ve-nu-nha-bao-n5028.html|https://nguoilambao.vn/images/news/2017/03/09/small/khai-truong-trung-tam-bao-ve-nu-nha-bao-1489029905.jpg|Tổ chức Nhà báo không biên giới (RSF) vừa khai trương một trung tâm bảo vệ nhà báo nữ tại Afghanistan, địa bàn nguy hiểm thứ 2 đối với những người làm nghề báo sau Syria.|thế giới|nguoilambao.vn|10:23 - 09/03/2017
Wikileaks: 6 bí mật gián điệp công nghệ lớn nhất của CIA|https://nguoilambao.vn/wikileaks-6-bi-mat-gian-diep-cong-nghe-lon-nhat-cua-cia-n5027.html|https://nguoilambao.vn/images/news/2017/03/09/small/wikileaks-6-bi-mat-gian-diep-cong-nghe-lon-nhat-cua-cia-1489023659.jpg|"WikiLeaks đã phát hành một tập hợp rất lớn các tài liệu mà họ gọi là ""Year Zero"" và cho công chúng tiếp xúc lớn nhất từ trước tới nay với những bí mật gián điệp của CIA."|thế giới|nguoilambao.vn|08:33 - 09/03/2017
Các nữ lãnh đạo trên thế giới từng học ngành gì?|https://nguoilambao.vn/cac-nu-lanh-dao-tren-the-gioi-tung-hoc-nganh-gi-n5021.html|https://nguoilambao.vn/images/news/2017/03/08/small/cac-nu-lanh-dao-tren-the-gioi-tung-hoc-nganh-gi-1488954412.jpg|Phụ nữ trên toàn thế giới đang ngày càng khẳng định mình trong vai trò lãnh đạo.|thế giới|nguoilambao.vn|13:20 - 08/03/2017
Lộ bức ảnh bà Hillary Clinton đang đọc tin Phó Tổng thống Pence sử dụng email cá nhân|https://nguoilambao.vn/lo-buc-anh-ba-hillary-clinton-dang-doc-tin-lien-quan-den-viec-su-dung-email-cua-ong-pence-n5007.html|https://nguoilambao.vn/images/news/2017/03/06/small/lo-buc-anh-ba-hillary-clinton-dang-doc-tin-lien-quan-den-viec-su-dung-email-cua-ong-pence-1488767958.jpg|Hình ảnh cho thấy Cựu ứng cử viên tổng thống Hillary đang xem một bài viết liên quan đến Phó Tổng thống Mike Pence sử dụng email cá nhân để thảo luận về các vấn đề nhạy...|thế giới|nguoilambao.vn|09:21 - 06/03/2017
Cựu nhà báo bất ngờ thành người phụ nữ giàu nhất Hồng Kông|https://nguoilambao.vn/cuu-nha-bao-bat-ngo-thanh-nguoi-phu-nu-giau-nhat-hong-kong-n4984.html|https://nguoilambao.vn/images/news/2017/03/03/small/cuu-nha-bao-bat-ngo-thanh-nguoi-phu-nu-giau-nhat-hong-kong-1488509097.jpg|Cựu nhà báo nổi tiếng Chan Hoi-wan vừa trở thành người phụ nữ giàu nhất Hồng Kông (Trung Quốc) sau khi được người chồng, tỷ phú bất động sản Joseph Lau Luen-hung chuyển...|thế giới|nguoilambao.vn|09:07 - 03/03/2017
Lực lượng an ninh Tunisia đập tan âm mưu ám sát các chính khách|https://nguoilambao.vn/luc-luong-an-ninh-tunisia-dap-tan-am-muu-am-sat-cac-chinh-khach-n4983.html|https://nguoilambao.vn/images/news/2017/03/03/small/luc-luong-an-ninh-tunisia-dap-tan-am-muu-am-sat-cac-chinh-khach-1488506586.jpg|Bộ Nội vụ Tunisia cho biết lực lượng an ninh nước này ngày 2/3 đã triệt phá một mạng lưới thánh chiến đang hoạt động tại tỉnh Bizerte, cách thủ đô Tunis 65 km về phía...|thế giới|nguoilambao.vn|08:57 - 03/03/2017
Toàn cảnh thị trường truyền thông quốc tế qua 8 biểu đồ quan trọng|https://nguoilambao.vn/toan-canh-thi-truong-truyen-thong-quoc-te-qua-8-bieu-do-quan-trong-n4931.html|https://nguoilambao.vn/images/news/2017/02/27/small/toan-canh-thi-truong-truyen-thong-quoc-te-qua-8-bieu-do-quan-trong-1488188779.jpg|Nghiên cứu mới đây nhất - được xuất bản với không nhiều sự tự tin - bao gồm 18 quốc gia khác nhau, khám phá việc tiếp nhận, sử dụng và động lực đằng sau các công nghệ...|thế giới|nguoilambao.vn|14:58 - 01/03/2017
Mỹ là nước có ngân sách quốc phòng cao nhất thế giới|https://nguoilambao.vn/my-la-nuoc-co-ngan-sach-quoc-phong-cao-nhat-the-gioi-n4957.html|https://nguoilambao.vn/images/news/2017/03/01/small/my-la-nuoc-co-ngan-sach-quoc-phong-cao-nhat-the-gioi-1488339906.jpg|Mỹ là quốc gia có ngân sách quốc phòng cao nhất thế giới với 596 tỷ USD. Đứng sau đó là Trung Quốc dành ra 215 tỷ USD cho quốc phòng.|thế giới|nguoilambao.vn|10:30 - 01/03/2017
Ông Donald Trump lần đầu tiên phát biểu trước Quốc hội Mỹ|https://nguoilambao.vn/ong-donald-trump-lan-dau-tien-phat-bieu-truoc-quoc-hoi-my-n4956.html|https://nguoilambao.vn/images/news/2017/03/01/small/ong-donald-trump-lan-dau-tien-phat-bieu-truoc-quoc-hoi-my-1488339128.jpg|Kể từ khi nhậm chức chính thức hồi cuối tháng 1 vừa qua, tối 28/2 (theo giờ địa phương), Tổng thống thứ 45 của nước Mỹ Donald Trump đã có bài phát biểu chính thức đầu...|thế giới|nguoilambao.vn|10:19 - 01/03/2017
Làm gì khi tiếp xúc với quá nhiều tin trên Facebook và Twitter?|https://nguoilambao.vn/lam-gi-khi-tiep-xuc-voi-qua-nhieu-tin-tren-facebook-va-twitter-n4933.html|https://nguoilambao.vn/images/news/2017/02/27/small/lam-gi-khi-tiep-xuc-voi-qua-nhieu-tin-tren-facebook-va-twitter-1488186148.jpg|Tiến sỹ Mary E. McNaughton-Cassill, một giáo sư môn tâm lý học lâm sàng của Đại học Texas tại San Antonio (UTSA) vừa có bài viết trên trang Recode, chia sẻ về cách...|thế giới|nguoilambao.vn|15:56 - 27/02/2017
"Mỹ: Tuần hành ủng hộ báo giới trong ""cuộc chiến"" với ông Trump"|https://nguoilambao.vn/my-tuan-hanh-ung-ho-bao-gioi-trong-quot-cuoc-chienquot-voi-ong-trump-n4932.html|https://nguoilambao.vn/images/news/2017/02/27/small/my-tuan-hanh-ung-ho-bao-gioi-trong-quot-cuoc-chienquot-voi-ong-trump-1488185761.jpg|"Ngày 26/2, khoảng 250 người ở thành phố New York, Mỹ, đã xuống đường tuần hành, bày tỏ sự ủng hộ đối với báo giới trong bối cảnh ""cuộc chiến"" giữa Tổng thống Donald..."|thế giới|nguoilambao.vn|15:51 - 27/02/2017
Giải mã chất độc giết ông Kim Jong Nam|https://nguoilambao.vn/da-nhan-dien-duoc-chat-doc-giet-kim-jong-nam-n4930.html|https://nguoilambao.vn/images/news/2017/02/27/small/da-nhan-dien-duoc-chat-doc-giet-kim-jong-nam-1488183244.jpg|Sau khi các cơ quan chức năng vào cuộc vụ sát hại Kim Jong Nam và bắt được hầu hết các nghi phạm. Cảnh sát Malaysia tuyên bố, loại hóa chất dùng trong vụ sát hại là chất...|thế giới|nguoilambao.vn|14:37 - 27/02/2017
Một loạt báo lớn bị cấm dự họp báo Nhà Trắng|https://nguoilambao.vn/mot-loat-bao-lon-bi-cam-du-hop-bao-nha-trang-n4914.html|https://nguoilambao.vn/images/news/2017/02/25/small/mot-loat-bao-lon-bi-cam-du-hop-bao-nha-trang-1487992384.jpg|Nhà Trắng hôm 24/2 đã không cho một số hãng truyền thông lớn của Mỹ tham dự cuộc họp báo hàng ngày.|thế giới|nguoilambao.vn|10:07 - 25/02/2017
Anh bắt giữ tin tặc tấn công hãng Deutsche Telekom của Đức|https://nguoilambao.vn/deutsche-telekom-tan-cong-mang-internet-anh-duc-n4897.html|https://nguoilambao.vn/images/news/2017/02/24/small/anh-bat-giu-tin-tac-tan-cong-hang-deutsche-telekom-cua-duc-1487895400.jpg|Một công dân Anh đã bị bắt giữ tại sân bay Luton ở thủ đô London vì bị cáo buộc đã tiến hành vụ tấn công mạng nghiêm trọng nhằm vào hãng Deutsche Telekom của Đức hồi năm...|thế giới|nguoilambao.vn|07:10 - 24/02/2017
Lãnh đạo Việt Nam mời Tổng thống Mỹ dự Hội nghị APEC|https://nguoilambao.vn/lanh-dao-viet-nam-moi-tong-thong-my-du-hoi-nghi-apec-n4788.html|https://nguoilambao.vn/images/news/2017/02/13/small/lanh-dao-viet-nam-moi-tong-thong-my-du-hoi-nghi-apec-1486971418.jpg|Đại sứ Việt Nam tại Mỹ Phạm Quang Vinh cho biết, Việt Nam đã mời Tổng thống Mỹ Donald Trump dự Hội nghị Cấp cao APEC vào tháng 11/2017 và thăm Việt Nam trong dịp này.|thế giới|nguoilambao.vn|14:11 - 13/02/2017
Liên Hợp Quốc họp khẩn về vụ phóng tên lửa Triều Tiên|https://nguoilambao.vn/lien-hop-quoc-hop-khan-ve-vu-phong-ten-lua-trieu-tien-n4787.html|https://nguoilambao.vn/images/news/2017/02/13/small/lien-hop-quoc-hop-khan-ve-vu-phong-ten-lua-trieu-tien-1486969805.jpg|Cuộc họp khẩn có thể diễn ra trong ngày 13/2/2017 theo yêu cầu của Mỹ, Hàn Quốc và Nhật Bản, một quan chức thuộc phái bộ Mỹ tại Liên Hợp Quốc khẳng định.|thế giới|nguoilambao.vn|13:55 - 13/02/2017
Cơ hội khôi phục niềm tin vào truyền thông|https://nguoilambao.vn/bau-cu-tong-thong-o-phap-co-hoi-khoi-phuc-niem-tin-vao-truyen-thong-n4785.html|https://nguoilambao.vn/images/news/2017/02/13/small/bau-cu-tong-thong-o-phap-co-hoi-khoi-phuc-niem-tin-vao-truyen-thong-1486957129.jpg|Theo một nghiên cứu được công bố tuần trước trên báo La Croix và Kantan Public, gần 80% người dân Pháp cho rằng truyền thông sẽ đóng một vai trò quan trọng trong cuộc...|thế giới|nguoilambao.vn|10:17 - 13/02/2017
"Hơn 50 người bị thương sau khi tiếp xúc với ""chất lạ"" ở sân bay Hamburg"|https://nguoilambao.vn/truyen-thong-hamburg-duc-chat-la-so-tan-nha-ga-n4782.html|https://nguoilambao.vn/images/news/2017/02/12/small/hon-50-nguoi-bi-thuong-sau-khi-tiep-xuc-voi-quot-chat-laquot-o-san-bay-hamburg-1486908633.jpg|Theo truyền thông địa phương, tại sân bay Hamburg, Đức sáng sớm ngày 12/2 (chiều tối theo giờ Việt Nam) các hành khách đã được sơ tán, nhà ga đã đóng cửa một thời gian...|thế giới|nguoilambao.vn|21:00 - 12/02/2017
Đăng nhầm ảnh ông Trump với diễn viên Hollywood|https://nguoilambao.vn/tong-thong-my-thu-tuong-israelcong-hoa-dominica-donald-trump-benjamin-netanyahu-el-nacionaldien-vien-alec-baldwin-n4780.html|https://nguoilambao.vn/images/news/2017/02/12/small/mot-to-bao-dang-nham-anh-ong-trump-voi-dien-vien-hollywood-1486879808.jpg|Tờ báo của Cộng hòa Dominica El Nacional đã đăng nhầm ảnh của tân tổng thống Mỹ Donald Trump với ảnh của nam diễn viên Hollywood nổi tiếng Alec Baldwin, hôm 10/2.|thế giới|nguoilambao.vn|12:52 - 12/02/2017
Tiết lộ hàng loạt bí mật ngỡ ngàng về Nhà Trắng|https://nguoilambao.vn/tiet-lo-hang-loat-bi-mat-ngo-ngang-ve-nha-trang-n3813.html|https://nguoilambao.vn/images/news/2016/10/21/small/tiet-lo-hang-loat-bi-mat-ngo-ngang-ve-nha-trang-1477022226.jpg|Hàng loạt bí mật về Nhà Trắng của nước Mỹ đang dần được hé lộ.|thế giới|nguoilambao.vn|10:51 - 09/02/2017
Canada: Xả súng tại Trung tâm Hồi giáo làm ít nhất 5 người chết|https://nguoilambao.vn/canada-xa-sung-tai-trung-tam-hoi-giao-lam-it-nhat-5-nguoi-chet-n4692.html|https://nguoilambao.vn/images/news/2017/01/30/small/canada-xa-sung-tai-trung-tam-hoi-giao-lam-it-nhat-5-nguoi-chet-1485754246.jpg|Theo Reuters, truyền thông sở tại Canada đưa tin khoảng 20 giờ ngày 29/1 đã xảy ra một vụ xả súng tại lễ cầu nguyện buổi tối tại một Trung tâm Hồi giáo ở thành phố...|thế giới|nguoilambao.vn|12:25 - 30/01/2017
Ít nhất 13 người chết trong vụ tấn công khách sạn ở Mogadishu|https://nguoilambao.vn/da-co-it-nhat-13-nguoi-chet-trong-vu-tan-cong-khach-san-o-mogadishu-n4680.html|https://nguoilambao.vn/images/news/2017/01/25/small/da-co-it-nhat-13-nguoi-chet-trong-vu-tan-cong-khach-san-o-mogadishu-1485362118.jpg|Cảnh sát Somalia cho biết, ít nhất 13 người thiệt mạng và hơn chục người bị thương trong hai vụ đánh xe bom ở bên ngoài một khách sạn nổi tiếng ở thủ đô Mogadishu ngày...|thế giới|nguoilambao.vn|22:58 - 25/01/2017
Tổng thống bị luận tội Park Geun-hye kiện báo Joongang Ilbo|https://nguoilambao.vn/tong-thong-bi-luan-toi-park-geun-hye-kien-bao-joongang-ilbo-n4679.html|https://nguoilambao.vn/images/news/2017/01/25/small/tong-thong-bi-luan-toi-park-geun-hye-kien-bao-joongang-ilbo-1485359590.jpg|Theo hãng thông tấn Yonhap, Tổng thống Hàn Quốc Park Geun-hye ngày 25/1 đã kiện nhật báo Joongang Ilbo của nước này và các phóng viên của báo đồng thời yêu cầu phải bồi...|thế giới|nguoilambao.vn|22:46 - 25/01/2017
Giải mã bí ẩn Putin - Người quyền lực nhất thế giới 2016|https://nguoilambao.vn/bi-an-putin-au-la-cach-cua-nguoi-quyen-luc-n4617.html|https://nguoilambao.vn/images/news/2017/01/16/small/bi-an-putin-au-la-cach-cua-nguoi-quyen-luc-1484562521.jpg|Thêm một lần, năm 2016 Tổng thống Nga Putin lại được bầu là nhân vật quyền lực nhất thế giới. Ðây là lần thứ tư, ông vào top 10 do tạp chí Forbes của Mỹ bình chọn.|thế giới|nguoilambao.vn|14:36 - 25/01/2017
Australia thắt chặt an ninh mạng ngăn ngừa hoạt động gián điệp|https://nguoilambao.vn/australia-that-chat-an-ninh-mang-ngan-ngua-hoat-dong-gian-diep-n4669.html|https://nguoilambao.vn/images/news/2017/01/24/small/australia-that-chat-an-ninh-mang-ngan-ngua-hoat-dong-gian-diep-1485245649.jpg|Theo phóng viên tại Sydney, ngày 24/1 Thủ tướng Australia Malcolm Turnbull tuyên bố an ninh mạng là “mặt trận mới của chiến tranh và hoạt động gián điệp,” đồng thời công...|thế giới|nguoilambao.vn|14:53 - 24/01/2017
Gam trầm trong bức tranh đa sắc|https://nguoilambao.vn/gam-tram-trong-buc-tranh-da-sac-n4660.html|https://nguoilambao.vn/images/news/2017/01/23/small/gam-tram-trong-buc-tranh-da-sac-1485141993.jpg|Một bức tranh đa sắc về thế giới năm 2016 đã được vẽ nên từ hàng loạt sự kiện, điểm nóng và các vấn đề nhức nhối toàn cầu.|thế giới|nguoilambao.vn|09:43 - 23/01/2017
Bài phát biểu nhậm chức của Tổng thống thứ 45 Hoa Kỳ Donald Trump|https://nguoilambao.vn/bai-phat-bieu-nham-chuc-cua-tong-thong-thu-45-hoa-ky-donald-trump-n4655.html|https://nguoilambao.vn/images/news/2017/01/21/small/bai-phat-bieu-nham-chuc-cua-tong-thong-thu-45-hoa-ky-donald-trump-1485003611.jpg|Sau khi tuyên thệ nhậm chức Tổng thống Mỹ vào giữa trưa ngày 20/1, tân Tổng thống Donald Trump đã có bài phát biểu dài gần 20 phút trước đám đông 80.000 người ở National...|thế giới|nguoilambao.vn|19:50 - 21/01/2017
Nhà báo nữ đầu tiên đưa tin Thế chiến II qua đời|https://nguoilambao.vn/nha-bao-nu-dau-tien-dua-tin-the-chien-ii-qua-doi-n4582.html|https://nguoilambao.vn/images/news/2017/01/12/small/nha-bao-nu-dau-tien-dua-tin-the-chien-ii-qua-doi-1484221885.jpg|Nữ phóng viên chiến trường kỳ cựu Clare Hollingworth - người đầu tiên đưa tin Chiến tranh Thế giới II bùng nổ, vừa qua đời tại Hong Kong. Bà 105 tuổi.|thế giới|nguoilambao.vn|18:49 - 12/01/2017
Ông Trump đề cập 6 vấn đề nóng tại cuộc họp báo đầu tiên|https://nguoilambao.vn/ong-trump-de-cap-6-van-de-nong-tai-cuoc-hop-bao-dau-tien-n4567.html|https://nguoilambao.vn/images/news/2017/01/12/small/ong-trump-de-cap-6-van-de-nong-tai-cuoc-hop-bao-dau-tien-1484188227.jpg|Đã có nhiều chủ đề nóng được đề cập tới trong cuộc họp báo đầu tiên kể từ khi giành chiến thắng trong cuộc bầu cử tổng thống ngày 8/11/2016 của ông Donald Trump.|thế giới|nguoilambao.vn|09:06 - 12/01/2017
Toàn văn phát biểu chia tay Nhà Trắng của ông Obama|https://nguoilambao.vn/toan-van-phat-bieu-chia-tay-cua-obama-n4561.html|https://nguoilambao.vn/images/news/2017/01/11/small/toan-van-phat-bieu-chia-tay-cua-obama-1484125737.jpg|Tổng thống Obama nhấn mạnh sự tin tưởng vào thế hệ mới và sự cần thiết phải đón nhận những thay đổi để đưa nước Mỹ tiến lên trong diễn văn tạm biệt.|thế giới|nguoilambao.vn|14:50 - 11/01/2017
Donald Trump bị Giám đốc Cục Tình báo Trung ương Mỹ cảnh báo|https://nguoilambao.vn/donald-trump-bi-giam-doc-cuc-tinh-bao-trung-uong-my-canh-bao-n4545.html|https://nguoilambao.vn/images/news/2017/01/10/small/donald-trump-bi-giam-doc-cuc-tinh-bao-trung-uong-my-canh-bao-1484020598.jpg|"Giám đốc Cục Tình báo Trung ương Mỹ (CIA) vừa đưa ra cảnh báo đối với Tổng thống đắc cử Donald Trump rằng nước Mỹ có thể đặt vào thế ""nguy hiểm và rủi ro lớn"" nếu ông..."|thế giới|nguoilambao.vn|10:33 - 10/01/2017
