Tiến sĩ Việt phân lập gien kháng bệnh gỉ sắt ở ngũ cốc|https://thanhnien.vn/tien-si-viet-phan-lap-gien-khang-benh-gi-sat-o-ngu-coc-post1467644.html|data:image/gif;base64,R0lGODlhAQABAAAAACH5BAEKAAEALAAAAAABAAEAAAICTAEAOw==|Tiến sĩ Hoan Dinh, nhà khoa học Việt Nam đang làm việc tại Nhật Bản, vừa công bố một phát hiện về gien giúp lúa mì và lúa mạch chống lại bệnh gỉ sắt do nấm, căn bệnh khiến sản lượng lương thực toàn cầu sụt giảm ít nhất 10%.|thể thao|thanhnien.vn|14:57 12/06/2022
Biểu tình khắp nước Mỹ kêu gọi siết luật súng đạn|https://thanhnien.vn/bieu-tinh-khap-nuoc-my-keu-goi-siet-luat-sung-dan-post1467817.html|data:image/gif;base64,R0lGODlhAQABAAAAACH5BAEKAAEALAAAAAABAAEAAAICTAEAOw==|Hàng ngàn người đã biểu tình tại thủ đô Washington D.C và nhiều thành phố trên khắp nước Mỹ trong ngày 11.6 để kêu gọi kiểm soát súng đạn sau những vụ xả súng liên tiếp gần đây.|thể thao|thanhnien.vn|08:57 12/06/2022
Nga, Ukraine đấu pháo ác liệt ở miền đông|https://thanhnien.vn/nga-ukraine-dau-phao-ac-liet-o-mien-dong-post1467647.html|data:image/gif;base64,R0lGODlhAQABAAAAACH5BAEKAAEALAAAAAABAAEAAAICTAEAOw==|Tình hình chiến sự tiếp tục diễn ra khốc liệt ở miền đông Ukraine với việc cả hai bên đều đang dùng sức mạnh của pháo binh để giành ưu thế.|thể thao|thanhnien.vn|06:30 12/06/2022
Triều Tiên có nữ ngoại trưởng đầu tiên|https://thanhnien.vn/trieu-tien-co-nu-ngoai-truong-dau-tien-post1467649.html|data:image/gif;base64,R0lGODlhAQABAAAAACH5BAEKAAEALAAAAAABAAEAAAICTAEAOw==|Bà Choe Son-hui là nhà ngoại giao kỳ cựu và từng đóng vai trò quan trọng trong các cuộc đàm phán hạt nhân Triều Tiên - Mỹ .|thể thao|thanhnien.vn|06:00 12/06/2022
Thành phố miền nam Ukraine cấp hộ chiếu Nga cho người dân|https://thanhnien.vn/thanh-pho-mien-nam-ukraine-cap-ho-chieu-nga-cho-nguoi-dan-post1467765.html|data:image/gif;base64,R0lGODlhAQABAAAAACH5BAEKAAEALAAAAAABAAEAAAICTAEAOw==|Các nhà chức trách ở thành phố Kherson do Nga kiểm soát ở miền nam Ukraine đã lần đầu tiên cấp hộ chiếu Nga cho người dân địa phương vào ngày 11.6.|thể thao|thanhnien.vn|21:04 11/06/2022
Mạng xã hội Trung Quốc 'dậy sóng' vì nhóm đàn ông hành hung phụ nữ|https://thanhnien.vn/mang-xa-hoi-trung-quoc-day-song-vi-nhom-dan-ong-hanh-hung-phu-nu-post1467764.html|data:image/gif;base64,R0lGODlhAQABAAAAACH5BAEKAAEALAAAAAABAAEAAAICTAEAOw==|Đoạn phim từ camera an ninh ghi lại cảnh một nhóm đàn ông hành hung nhiều phụ nữ tại một nhà hàng ở thành phố Đường Sơn, đông bắc Trung Quốc ngày 10.6 đã gây ra làn sóng phẫn nộ trên mạng xã hội Trung Quốc.|thể thao|thanhnien.vn|20:26 11/06/2022
Bảo hiểm phải bồi thường 5,2 triệu USD vì chủ xe lây HPV cho người khác|https://thanhnien.vn/bao-hiem-phai-boi-thuong-5-2-trieu-usd-vi-chu-xe-lay-hpv-cho-nguoi-khac-post1467730.html|data:image/gif;base64,R0lGODlhAQABAAAAACH5BAEKAAEALAAAAAABAAEAAAICTAEAOw==|Tòa phúc thẩm bang Missouri ở Mỹ đã tuyên một hãng bảo hiểm phải bồi thường cho một phụ nữ 5,2 triệu USD trong vụ kiện mà bà nói bản thân đã mắc bệnh lây truyền qua đường tình dục trên một chiếc xe hơi.|thể thao|thanhnien.vn|20:00 11/06/2022
Chiến sự chiều 11.6: Nga bắn hạ chiến đấu cơ, Ukraine từng không muốn nghe cảnh báo?|https://thanhnien.vn/chien-su-chieu-11-6-nga-ban-ha-chien-dau-co-ukraine-tung-khong-muon-nghe-canh-bao-post1467751.html|data:image/gif;base64,R0lGODlhAQABAAAAACH5BAEKAAEALAAAAAABAAEAAAICTAEAOw==|Bộ Quốc phòng Nga công bố tổn thất mới của Ukraine, trong khi Tổng thống Joe Biden nói rằng Tổng thống Volodymyr Zelensky đã “không muốn nghe” những cảnh báo từ Mỹ trước khi Nga phát động chiến dịch quân sự ở Ukraine.|thể thao|thanhnien.vn|19:09 11/06/2022
Thỏa thuận Phòng thủ 5 cường quốc có thể kiểm soát căng thẳng khu vực?|https://thanhnien.vn/thoa-thuan-phong-thu-5-cuong-quoc-co-the-kiem-soat-cang-thang-khu-vuc-post1467723.html|data:image/gif;base64,R0lGODlhAQABAAAAACH5BAEKAAEALAAAAAABAAEAAAICTAEAOw==|Quan chức các nước thành viên Thỏa thuận Phòng thủ 5 cường quốc (FPDA) nhóm họp bên lề Diễn đàn Shangri-La và tin tưởng có thể kiểm soát an ninh khu vực.|thể thao|thanhnien.vn|16:17 11/06/2022
Gần 1,64 triệu người Mỹ tự nhận mình là người chuyển giới|https://thanhnien.vn/gan-1-64-trieu-nguoi-my-tu-nhan-minh-la-nguoi-chuyen-gioi-post1467616.html|data:image/gif;base64,R0lGODlhAQABAAAAACH5BAEKAAEALAAAAAABAAEAAAICTAEAOw==|Nghiên cứu cho rằng những người chuyển giới sống khắp nơi và nhu cầu, quan ngại của họ cần được lắng nghe và tiếp nhận trong lĩnh vực chính sách công.|thể thao|thanhnien.vn|14:40 11/06/2022
Quân đội Ukraine ‘đẩy lùi cuộc tấn công của Nga ở Zaporizhzhia', Moscow điều thêm tàu ngầm|https://thanhnien.vn/quan-doi-ukraine-day-lui-cuoc-tan-cong-cua-nga-o-zaporizhzhia-moscow-dieu-them-tau-ngam-post1467617.html|data:image/gif;base64,R0lGODlhAQABAAAAACH5BAEKAAEALAAAAAABAAEAAAICTAEAOw==|Một quan chức Ukraine mới đây khẳng định quân đội Ukraine đã đẩy lùi lực lượng Nga ở tỉnh Zaporizhzhia thêm 5-7 km, trong khi lực lượng Nga được cho là hiện có 40 tên lửa hành trình sẵn sàng nhắm vào các mục tiêu ở Ukraine.|thể thao|thanhnien.vn|14:36 11/06/2022
Lối thoát nào cho chính sách zero-Covid của Trung Quốc?|https://thanhnien.vn/loi-thoat-nao-cho-chinh-sach-zero-covid-cua-trung-quoc-post1467391.html|data:image/gif;base64,R0lGODlhAQABAAAAACH5BAEKAAEALAAAAAABAAEAAAICTAEAOw==|Trung Quốc đã thực hiện một số thay đổi trong chính sách zero-Covid để tránh phải phong tỏa trên diện rộng, nhưng các chuyên gia cho rằng việc dựa vào xét nghiệm PCR để kiểm soát Covid-19 là phương án không bền vững.|thể thao|thanhnien.vn|13:30 11/06/2022
Chiến sự đến trưa 11.6: Kyiv nói Ukraine mất 10.000 quân, Nga mất gấp 3 lần|https://thanhnien.vn/chien-su-den-trua-11-6-kyiv-noi-ukraine-mat-10-000-quan-nga-mat-gap-3-lan-post1467626.html|data:image/gif;base64,R0lGODlhAQABAAAAACH5BAEKAAEALAAAAAABAAEAAAICTAEAOw==|Ukraine ước tính khoảng 10.000 binh sĩ nước này thiệt mạng và 31.900 binh sĩ Nga thiệt mạng, trong khi tiếp tục kêu gọi phương Tây hỗ trợ vũ khí để phòng thủ ở miền đông.|thể thao|thanhnien.vn|12:49 11/06/2022
Úc chi 555 triệu euro hủy hợp đồng mua 12 tàu ngầm Pháp|https://thanhnien.vn/uc-chi-555-trieu-euro-huy-hop-dong-mua-12-tau-ngam-phap-post1467592.html|data:image/gif;base64,R0lGODlhAQABAAAAACH5BAEKAAEALAAAAAABAAEAAAICTAEAOw==|Thủ tướng Úc Anthony Albanese cho hay Úc và Pháp tái thiết lập quan hệ ngoại giao sau khi dàn xếp về việc hủy hợp đồng mua tàu ngầm.|thể thao|thanhnien.vn|11:03 11/06/2022
Israel không kích ‘làm tê liệt' sân bay thủ đô Syria, Nga lên án|https://thanhnien.vn/israel-khong-kich-lam-te-liet-san-bay-thu-do-syria-nga-len-an-post1467599.html|data:image/gif;base64,R0lGODlhAQABAAAAACH5BAEKAAEALAAAAAABAAEAAAICTAEAOw==|Bộ Ngoại giao Nga đã bất ngờ lên tiếng sau khi Israel bị tố tấn công vào sân bay quốc tế Damascus ở Syria hôm 10.6.|thể thao|thanhnien.vn|10:35 11/06/2022
Bay đến Mỹ sẽ không cần giấy xét nghiệm Covid-19|https://thanhnien.vn/bay-den-my-se-khong-can-giay-xet-nghiem-covid-19-post1467609.html|data:image/gif;base64,R0lGODlhAQABAAAAACH5BAEKAAEALAAAAAABAAEAAAICTAEAOw==|Mỹ bỏ yêu cầu kết quả xét nghiệm Covid-19 đối với khách đến bằng đường hàng không vào thời điểm khởi động mùa du lịch hè.|thể thao|thanhnien.vn|10:32 11/06/2022
AFC: U.23 Việt Nam có 40 phút hoàn hảo trước khi gục ngã|https://thanhnien.vn/afc-u-23-viet-nam-co-40-phut-hoan-hao-truoc-khi-guc-nga-post1468067.html|https://image.thanhnien.vn/150x100/Uploaded/2022/oqivotiw/2022_06_13/u-23-vn-5903.jpg|Trong bài tường thuật trận tứ kết U.23 châu Á giữa U.23 Việt Nam thua U.23 Ả Rập Xê Út 0-2 khuya 12.6, trang the-AFC.com của LĐBĐ châu Á đánh giá đội quân của HLV Gong Oh-kyun có 40 phút đầu ấn tượng.|thể thao|thanhnien.vn|1 giờ trước
4 đội Đông Nam Á vào VCK Asian Cup?|https://thanhnien.vn/4-doi-dong-nam-a-vao-vck-asian-cup-post1468030.html|https://image.thanhnien.vn/150x100/Uploaded/2022/pwivoviu/2022_06_13/4-9546.jpeg|Sau lượt trận thứ 2 vòng loại thứ 3 Asian Cup 2023, trong 7 đội khu vực Đông Nam Á hiện còn 4 đội có khả năng tranh vé vào vòng chung kết (VCK), còn tuyển Singapore, Myanmar và Campuchia đã sớm bị loại.|thể thao|thanhnien.vn|1 giờ trước
Mannschaft bỗng trở thành… chuyên gia hòa!|https://thanhnien.vn/mannschaft-bong-tro-thanh-chuyen-gia-hoa-post1468032.html|https://image.thanhnien.vn/150x100/Uploaded/2022/pwivoviu/2022_06_13/6-5509.jpg|Toàn bộ 3 trận đã đấu của tuyển Đức tại Nations League mùa này đều hòa (1-1 với Ý, Anh, Hungary).|thể thao|thanhnien.vn|1 giờ trước
U.23 Việt Nam chia 2 nhóm rời Uzbekistan, quá cảnh Thổ Nhĩ Kỳ trước khi về nước|https://thanhnien.vn/u-23-viet-nam-chia-2-nhom-roi-uzbekistan-qua-canh-tho-nhi-ky-truoc-khi-ve-nuoc-post1468059.html|https://image.thanhnien.vn/150x100/Uploaded/2022/ujwyqdxwp/2022_06_12/le-minh-binh-tu-ket-u-23-chau-a-a-rap-xe-ut-3672.jpg|Không thể vào bán kết U.23 châu Á như mong ước của chính mình, đội U.23 Việt Nam sẽ rời Uzbekistan với 2 nhóm khác nhau. HLV Gong Oh-kyun cùng các học trò vẫn đáng được ngợi khen với hành trình đáng nhớ.|thể thao|thanhnien.vn|2 giờ trước
HLV Saad Al-Shehri: ‘Chúng tôi đã gặp khó trước U.23 Việt Nam’|https://thanhnien.vn/hlv-saad-al-shehri-chung-toi-da-gap-kho-truoc-u-23-viet-nam-post1468039.html|https://image.thanhnien.vn/150x100/Uploaded/2022/cjhwpdhnw/2022_06_13/z3487785518988-855069abb9e2c5be288b3c5f621c8f59-5137.jpg|HLV Saad Al-Shehri cho rằng, U.23 Ả Rập Xê Út đã có một trận khá khó khăn trước U.23 Việt Nam mặc dù đội của ông giành chiến thắng 2-0 ở tứ kết VCK U.23 châu Á 2022 kết thúc rạng sáng nay (13.6).|thể thao|thanhnien.vn|2 giờ trước
Cận cảnh 'thủ môn' Nhâm Mạnh Dũng thay thế đồng đội, U.23 Việt Nam dừng phiêu lưu|https://thanhnien.vn/can-canh-thu-mon-nham-manh-dung-thay-the-dong-doi-u-23-viet-nam-dung-phieu-luu-post1468054.html|https://image.thanhnien.vn/150x100/Uploaded/2022/ujwyqdxwp/2022_06_13/nham-manh-dung-1-thu-mon-bat-dac-di-gong-tu-ket-u-23-2022-chau-a-thua-a-rap-8193.jpg|Rất nỗ lực nhưng do đẳng cấp của U.23 Ả Rập Xê Út quá vượt trội nên U.23 Việt Nam đã không thể tạo nên bất ngờ và phải chia tay U.23 châu Á 2022 tại tứ kết. Nhâm Mạnh Dũng có được trải nghiệm thật khó quên.|thể thao|thanhnien.vn|6 giờ trước
HLV Gong Oh-kyun: ‘Các tuyển thủ U.23 Việt Nam sẽ trưởng thành hơn trong tương lai’|https://thanhnien.vn/hlv-gong-oh-kyun-cac-tuyen-thu-u-23-viet-nam-se-truong-thanh-hon-trong-tuong-lai-post1468040.html|https://image.thanhnien.vn/150x100/Uploaded/2022/cjhwpdhnw/2022_06_13/z3487785524676-1cd53e9374fb36b2703bbbfa289ca2d4-9613.jpg|HLV Gong Oh-kyun thay vì thất vọng đã dành lời khen ngợi cho các tuyển thủ U.23 Việt Nam sau thất bại 0-2 trước U.23 Ả Rập Xê Út ở trận tứ kết VCK U.23 châu Á 2022 kết thúc rạng sáng nay (13.6).|thể thao|thanhnien.vn|6 giờ trước
U.23 Việt Nam dừng bước, Nhâm Mạnh Dũng vô tình đi vào lịch sử|https://thanhnien.vn/u-23-viet-nam-dung-buoc-nham-manh-dung-vo-tinh-di-vao-lich-su-post1468052.html|https://image.thanhnien.vn/150x100/Uploaded/2022/ycwkdqmb/2022_06_13/nham-manh-dung-afc-u23-asian-cup-2022-match-7-2343.jpg|U.23 Việt Nam dừng bước với 10 người trước U.23 Ả Rập Xê Út hay và quái, Nhâm Mạnh Dũng đi vào lịch sử khi xỏ găng vào bắt thay cho Quan Văn Chuẩn bị thẻ đỏ ở phút 78.|thể thao|thanhnien.vn|7 giờ trước
U.23 Việt Nam chia tay giải U23 châu Á trong thế ngẩng cao đầu|https://thanhnien.vn/u-23-viet-nam-chia-tay-giai-u23-chau-a-trong-the-ngang-cao-dau-post1468020.html|https://image.thanhnien.vn/150x100/Uploaded/2022/ujwyqdxwp/2022_06_13/u23-vietnam-3-7704.jpg|U.23 Việt Nam thua 0-2 trước U.23 Ả Rập Xê Út, trong trận đấu mà thầy trò HLV Gong Oh-kyun đã thi đấu rất nỗ lực. |thể thao|thanhnien.vn|7 giờ trước
Trực tiếp bóng đá Tây Ban Nha vs CH Czech, UEFA Nations League, 01:45 13/06/2022|https://thanhnien.vn/truc-tiep-bong-da-tay-ban-nha-vs-ch-czech-uefa-nations-league-01-45-13-06-2022-post1465865.html|https://image.thanhnien.vn/150x100/Uploaded/2022/qzzemlwwlat/20220606/uefa-nations-league-tay-ban-nha-ch-czech-632946.png|Trực tiếp bóng đá trận Tây Ban Nha gặp CH Czech hôm nay. Cập nhật nhanh kết quả, hình ảnh, video UEFA Nations League|thể thao|thanhnien.vn|7 giờ trước
Trực tiếp bóng đá Thụy Sĩ vs Bồ Đào Nha, UEFA Nations League, 01:45 13/06/2022|https://thanhnien.vn/truc-tiep-bong-da-thuy-si-vs-bo-dao-nha-uefa-nations-league-01-45-13-06-2022-post1465864.html|https://image.thanhnien.vn/150x100/Uploaded/2022/qzzemlwwlat/20220606/uefa-nations-league-thuy-si-bo-dao-nha-632947.png|Trực tiếp bóng đá trận Thụy Sĩ gặp Bồ Đào Nha hôm nay. Cập nhật nhanh kết quả, hình ảnh, video UEFA Nations League|thể thao|thanhnien.vn|7 giờ trước
Trực tiếp bóng đá Slovenia vs Serbia, UEFA Nations League, 01:45 13/06/2022|https://thanhnien.vn/truc-tiep-bong-da-slovenia-vs-serbia-uefa-nations-league-01-45-13-06-2022-post1465863.html|https://image.thanhnien.vn/150x100/Uploaded/2022/qzzemlwwlat/20220606/uefa-nations-league-slovenia-serbia-632948.png|Trực tiếp bóng đá trận Slovenia gặp Serbia hôm nay. Cập nhật nhanh kết quả, hình ảnh, video UEFA Nations League|thể thao|thanhnien.vn|7 giờ trước
Trực tiếp bóng đá Hy Lạp vs Kosovo, UEFA Nations League, 01:45 13/06/2022|https://thanhnien.vn/truc-tiep-bong-da-hy-lap-vs-kosovo-uefa-nations-league-01-45-13-06-2022-post1465862.html|https://image.thanhnien.vn/150x100/Uploaded/2022/qzzemlwwlat/20220606/uefa-nations-league-hy-lap-kosovo-632949.png|Trực tiếp bóng đá trận Hy Lạp gặp Kosovo hôm nay. Cập nhật nhanh kết quả, hình ảnh, video UEFA Nations League|thể thao|thanhnien.vn|7 giờ trước
Trực tiếp bóng đá Malta vs San Marino, UEFA Nations League, 01:45 13/06/2022|https://thanhnien.vn/truc-tiep-bong-da-malta-vs-san-marino-uefa-nations-league-01-45-13-06-2022-post1465861.html|https://image.thanhnien.vn/150x100/Uploaded/2022/qzzemlwwlat/20220606/uefa-nations-league-malta-san-marino-632950.png|Trực tiếp bóng đá trận Malta gặp San Marino hôm nay. Cập nhật nhanh kết quả, hình ảnh, video UEFA Nations League|thể thao|thanhnien.vn|7 giờ trước
U.23 Ả Rập Xê Út vắng 4 trụ cột, cơ hội vàng cho U.23 Việt Nam|https://thanhnien.vn/u-23-a-rap-xe-ut-vang-4-tru-cot-co-hoi-vang-cho-u-23-viet-nam-post1468005.html|https://image.thanhnien.vn/150x100/Uploaded/2022/ycwkdqmb/2022_06_12/ds-u23-a-rap-xe-ut-u23-vn-afc-2604.jpeg|U.23 Ả Rập Xê Út rất mạnh, mạnh toàn diện và được xem là ứng viên hàng đầu cho chức vô địch, do vậy việc họ mất một loạt trụ cột sẽ giảm rất nhiều sức ép cho U.23 Việt Nam.|thể thao|thanhnien.vn|22:23 12/06/2022
Trực tiếp bóng đá Norway vs Thụy Điển, UEFA Nations League, 23:00 12/06/2022|https://thanhnien.vn/truc-tiep-bong-da-norway-vs-thuy-dien-uefa-nations-league-23-00-12-06-2022-post1465611.html|https://image.thanhnien.vn/150x100/Uploaded/2022/qzzemlwwlat/20220605/uefa-nations-league-norway-thuy-dien-632943.png|Trực tiếp bóng đá trận Norway gặp Thụy Điển hôm nay. Cập nhật nhanh kết quả, hình ảnh, video UEFA Nations League|thể thao|thanhnien.vn|22:00 12/06/2022
Trực tiếp bóng đá Georgia vs Bulgaria, UEFA Nations League, 23:00 12/06/2022|https://thanhnien.vn/truc-tiep-bong-da-georgia-vs-bulgaria-uefa-nations-league-23-00-12-06-2022-post1465610.html|https://image.thanhnien.vn/150x100/Uploaded/2022/qzzemlwwlat/20220605/uefa-nations-league-georgia-bulgaria-632944.png|Trực tiếp bóng đá trận Georgia gặp Bulgaria hôm nay. Cập nhật nhanh kết quả, hình ảnh, video UEFA Nations League|thể thao|thanhnien.vn|22:00 12/06/2022
Trực tiếp bóng đá Bắc Macedonia vs Gibraltar, UEFA Nations League, 23:00 12/06/2022|https://thanhnien.vn/truc-tiep-bong-da-bac-macedonia-vs-gibraltar-uefa-nations-league-23-00-12-06-2022-post1465609.html|https://image.thanhnien.vn/150x100/Uploaded/2022/qzzemlwwlat/20220605/uefa-nations-league-bac-macedonia-gibraltar-632945.png|Trực tiếp bóng đá trận Bắc Macedonia gặp Gibraltar hôm nay. Cập nhật nhanh kết quả, hình ảnh, video UEFA Nations League|thể thao|thanhnien.vn|22:00 12/06/2022
U.23 Việt Nam tung ra đội hình gây sốc trước U.23 Ả Rập Xê Út|https://thanhnien.vn/u-23-viet-nam-tung-ra-doi-hinh-gay-soc-truoc-u-23-a-rap-xe-ut-post1468001.html|https://image.thanhnien.vn/150x100/Uploaded/2022/ycwkdqmb/2022_06_08/manh-dung-viet-anh-nguyen-thanh-nhan-u23vn-u23malaysia-phuc-thang-5462.jpg|HLV Gong Oh-kyun lại một lần nữa gây sốc khi tung ra một đội hình U.23 Việt Nam nhiều xáo trộn, với sự trở lại của một loạt cái tên bất ngờ.|thể thao|thanhnien.vn|21:58 12/06/2022
Kết quả U.23 Việt Nam 0-2 U.23 Ả Rập Xê Út, VCK châu Á: Bài học bổ ích cho cầu thủ trẻ|https://thanhnien.vn/u-23-viet-nam-san-sang-tao-dia-chan-post1467631.html|https://image.thanhnien.vn/150x100/Uploaded/2022/gftuv/2022_06_12/d1eff149c9ea09b450fb-3250.jpg|Dù rất nỗ lực nhưng các cầu thủ U.23 Việt Nam đành nhận thất bại với tỷ số 0-2 trước Ả Rập Xê Út ở trận tứ kết vào 23 giờ đêm nay. Dù bị loại khỏi giải nhưng các cầu thủ U.23 Việt Nam thu được nhiều bài học bổ ích cho tương lai.|thể thao|thanhnien.vn|21:40 12/06/2022
PSG và HLV Pochettino chính thức đạt được thoả thuận ‘đường ai nấy đi’|https://thanhnien.vn/psg-va-hlv-pochettino-chinh-thuc-dat-duoc-thoa-thuan-duong-ai-nay-di-post1467996.html|https://image.thanhnien.vn/150x100/Uploaded/2022/cjhwpdhnw/2022_06_12/pochttino-afp-2922.jpeg|Tương lai của Mauricio Pochettino ở PSG đã chấm dứt sau khi 2 bên đạt được thoả thuận chấm dứt hợp đồng.|thể thao|thanhnien.vn|21:33 12/06/2022
Kết thúc Giải Quần vợt Hội Nhà báo TP.HCM 2022: Ngày càng quy mô và chuyên nghiệp|https://thanhnien.vn/ket-thuc-giai-quan-vot-hoi-nha-bao-tp-hcm-2022-ngay-cang-quy-mo-va-chuyen-nghiep-post1467983.html|https://image.thanhnien.vn/150x100/Uploaded/2022/aekxqdeiox/2022_06_12/img-2268-5422.jpg|Tổng thư ký Liên đoàn Quần vợt Việt Nam Đoàn Thanh Tùng trong ngày bế mạc giải quần vợt Hội Nhà báo TP.HCM 2022 khẳng định dù chỉ là giải phong trào nhưng đây thực sự là sân chơi ý nghĩa và bổ ích, được tổ chức rất chuyên nghiệp.|thể thao|thanhnien.vn|19:50 12/06/2022
Đứt mục tiêu, tân HLV tuyển Malaysia ‘trở lại mặt đất’ tại vòng loại Asian Cup 2023|https://thanhnien.vn/dut-muc-tieu-tan-hlv-tuyen-malaysia-tro-lai-mat-dat-tai-vong-loai-asian-cup-2023-post1467944.html|https://image.thanhnien.vn/150x100/Uploaded/2022/cjhwpdhnw/2022_06_12/malaysia-bahrai1-9447.jpeg|HLV Kim Pan-gon cho biết ông không quá thất vọng về trận thua trước Bahrain để tập trung hoàn toàn vào trận gặp Bangladesh trong lượt cuối bảng E vòng loại Asian Cup 2023.|thể thao|thanhnien.vn|19:28 12/06/2022
110 cơ thủ tranh tài giải Billiards báo chí khu vực ĐBSCL|https://thanhnien.vn/110-co-thu-tranh-tai-giai-billiards-bao-chi-khu-vuc-dbscl-post1467971.html|https://image.thanhnien.vn/150x100/Uploaded/2022/ayhunaa/2022_06_12/anh-1-7523.jpg|Giải Billiards báo chí khu vực ĐBSCL quy tụ 110 phóng viên, nhà báo đến từ 46 đơn vị thuộc cơ quan báo chí T.Ư, TP.HCM và các địa phương.|thể thao|thanhnien.vn|19:06 12/06/2022
Kết quả U.23 Nhật Bản 3-0 U.23 Hàn Quốc, VCK châu Á: Tiễn ĐKVĐ về nước|https://thanhnien.vn/ket-qua-u-23-nhat-ban-vs-u-23-han-quoc-vck-chau-a-tran-dau-kho-voi-dkvd-post1467831.html|https://image.thanhnien.vn/150x100/Uploaded/2022/zvuabun/2022_06_12/z3487364282178-64cd7dca6ec38888244cf0b650bd4331-3564.jpg|U.23 Nhật Bản đã đánh bại Hàn Quốc 3-0 ở trận tứ kết Giải U.23 châu Á vừa kết thúc tối nay (12.6 - giờ VN).|thể thao|thanhnien.vn|19:01 12/06/2022
Trực tiếp bóng đá Bắc Ireland vs Síp, UEFA Nations League, 20:00 12/06/2022|https://thanhnien.vn/truc-tiep-bong-da-bac-ireland-vs-sip-uefa-nations-league-20-00-12-06-2022-post1465612.html|https://image.thanhnien.vn/150x100/Uploaded/2022/qzzemlwwlat/20220605/uefa-nations-league-bac-ireland-sip-632942.png|Trực tiếp bóng đá trận Bắc Ireland gặp Síp hôm nay. Cập nhật nhanh kết quả, hình ảnh, video UEFA Nations League|thể thao|thanhnien.vn|19:00 12/06/2022
Vụ CĐV bạo loạn ở VCK U.23 châu Á 2022: 2 phóng viên bị thương|https://thanhnien.vn/vu-cdv-bao-loan-o-vck-u-23-chau-a-2022-2-phong-vien-bi-thuong-post1467965.html|https://image.thanhnien.vn/150x100/Uploaded/2022/cjhwpdhnw/2022_06_12/anh-chup-man-hinh-2022-06-12-luc-17-55-57-9080.png|Theo báo giới địa phương, 2 nhà báo được xác nhận bị thương trong vụ bạo loạn của CĐV Uzbekistan trên sân Pakhtakor ở trận tứ kết VCK U.23 châu Á 2022 mà đội chủ nhà đánh bại U.23 Iraq 3-2 trên chấm 11 m.|thể thao|thanhnien.vn|18:59 12/06/2022
HLV Gong Oh-kyun trao nhiệm vụ cho những tay 'bắn tỉa' của U.23 Việt Nam|https://thanhnien.vn/hlv-gong-oh-kyun-trao-nhiem-vu-cho-nhung-tay-ban-tia-cua-u-23-viet-nam-post1467958.html|https://image.thanhnien.vn/150x100/Uploaded/2022/ycwkdqmb/2022_06_03/van-tung-viet-anh-hai-long-tien-long-manh-dung-u23-vn-2-2-u23-tl-phuc-thang-022-2673.jpg|"Khi trận tứ kết giải U.23 châu Á đang đến gần, lối chơi của U.23 Việt Nam và U.23 Ả Rập Xê Út đang được mổ xẻ, thì HLV Gong Oh-kyun đang hướng đến thứ ""vũ khí"" đặc biệt."|thể thao|thanhnien.vn|18:43 12/06/2022
Dân mạng Indonesia nổi đóa với chủ tịch LĐBĐ sau khi tuyển quốc gia thua Jordan|https://thanhnien.vn/dan-mang-indonesia-noi-doa-voi-chu-tich-ldbd-sau-khi-tuyen-quoc-gia-thua-jordan-post1467932.html|https://image.thanhnien.vn/150x100/Uploaded/2022/cjhwpdhnw/2022_06_12/pssi1-2195.jpeg|Dân mạng Indonesia đã đổ lỗi cho Chủ tịch Liên đoàn Bóng đá Indonesia (PSSI) Mochamad Iriawan vì muốn thay HLV Shin Tae-yong dẫn đến tuyển quốc gia thua Jordan ở vòng loại Asian Cup 2023.|thể thao|thanhnien.vn|18:15 12/06/2022
U.23 Ả Rập Xê Út đã chuẩn bị ‘vũ khí’ gì cho trận gặp Việt Nam?|https://thanhnien.vn/u-23-a-rap-xe-ut-da-chuan-bi-vu-khi-gi-cho-tran-gap-viet-nam-post1467921.html|https://image.thanhnien.vn/150x100/Uploaded/2022/cjhwpdhnw/2022_06_12/284878394-389904396511440-1176707038384567310-n-553.jpeg|Báo giới Ả Rập Xê Út tự tin tuyển U.23 nước này sẽ phát huy tối đa sức mạnh ở trận tứ kết gặp U.23 Việt  Nam diễn ra lúc 23 giờ đêm nay (12.6) để tiến gần hơn đến chức vô địch giải U.23 châu Á 2022.|thể thao|thanhnien.vn|16:23 12/06/2022
HLV Mano Polking 'dọa' tấn công tuyển Uzbekistan để đến Asian Cup 2023 bằng ngôi đầu|https://thanhnien.vn/hlv-mano-polking-doa-tan-cong-tuyen-uzbekistan-de-den-asian-cup-2023-bang-ngoi-dau-post1467910.html|https://image.thanhnien.vn/150x100/Uploaded/2022/oqivotiw/2022_06_12/hlv-mano-polking-7653.jpeg|Trả lời báo chí Thái Lan, HLV Mano Polking hài lòng khi “Voi chiến” hoàn thành mục tiêu đề ra ở vòng loại thứ 3 Asian Cup 2023, đó là thắng 2 trận đầu ở bảng C, tiếp theo sẽ hạ luôn chủ nhà Uzbekistan.|thể thao|thanhnien.vn|15:53 12/06/2022
Lý Hoàng Nam đăng quang kịch tính, trở lại tốp 400 ATP|https://thanhnien.vn/ly-hoang-nam-dang-quang-kich-tinh-tro-lai-top-400-atp-post1467919.html|https://image.thanhnien.vn/150x100/Uploaded/2022/rykxqaeixr/2022_06_12/ly-hoang-nam-1206-1-4489.jpg|Tay vợt số 1 Việt Nam Lý Hoàng Nam xuất sắc đoạt danh hiệu vô địch đơn nam giải quần vợt nhà nghề M15 Tây Ninh (tuần 2) sau chiến thắng kịch tính trước tay vợt người CH Séc Domink Palan ở chung kết diễn ra hôm nay.|thể thao|thanhnien.vn|15:21 12/06/2022
3 khả năng ghi bàn của U.23 Việt Nam trước Ả Rập Xê Út|https://thanhnien.vn/3-kha-nang-ghi-ban-cua-u-23-viet-nam-truoc-a-rap-xe-ut-post1467869.html|https://image.thanhnien.vn/150x100/Uploaded/2022/tpuoahu/2022_06_11/z3477578849254-908f6b9b034ca3d907c1b69516605467-5932.jpg|Có thể chưa thống kê thật đầy đủ nhưng phải thừa nhận, U.23 Việt Nam dưới thời HLV Gong Oh-kyun, cầu thủ U.23 Việt Nam đã dứt điểm tự tin và đa dạng.|thể thao|thanhnien.vn|14:22 12/06/2022
Cái bẫy nguy hiểm của U.23 Ả Rập Xê Út mà U.23 Việt Nam cần tránh|https://thanhnien.vn/cai-bay-nguy-hiem-cua-u-23-a-rap-xe-ut-ma-u-23-viet-nam-can-tranh-post1467887.html|https://image.thanhnien.vn/150x100/Uploaded/2022/ujwyqdxwp/2022_06_12/afc-u23-asian-cup-2022-match-1-2571.jpg|U.23 Ả Rập Xê Út sở hữu lối chơi kỹ thuật lắt léo, nên U.23 Việt Nam phải rất cẩn trọng nếu không muốn nhận thẻ phạt.|thể thao|thanhnien.vn|13:30 12/06/2022
Tiền đạo và thủ môn của U.23 Việt Nam được AFC vinh danh trước tứ kết|https://thanhnien.vn/tien-dao-va-thu-mon-cua-u-23-viet-nam-duoc-afc-vinh-danh-truoc-tu-ket-post1467845.html|https://image.thanhnien.vn/150x100/Uploaded/2022/zngujt/2022_06_12/afc-u23-asian-cup-2022-match-4560-3966.jpg|Tiền đạo Nguyễn Văn Tùng và thủ môn Quan Văn Chuẩn của U.23 Việt Nam đã được vinh danh trên trang chủ của Liên đoàn bóng đá châu Á (AFC).|thể thao|thanhnien.vn|12:50 12/06/2022
Thú vị tổ trọng tài Nhật Bản - Hàn Quốc điều hành trận tứ kết của U.23 Việt Nam|https://thanhnien.vn/thu-vi-to-trong-tai-nhat-ban-han-quoc-dieu-hanh-tran-tu-ket-cua-u-23-viet-nam-post1467881.html|https://image.thanhnien.vn/150x100/Uploaded/2022/rykxqaeixr/2022_06_12/trong-tai-u-23-vn-5538.jpg|Người hâm mộ bóng đá Việt Nam tin vào điềm lành cho thầy trò HLV Gong Oh-kuyn khi tổ trọng tài người Nhật Bản - Hàn Quốc sẽ tham gia điều hành trận tứ kết giữa U.23 Việt Nam với U.23 Ả Rập Xê Út diễn ra lúc 23 giờ hôm nay (12.6).|thể thao|thanhnien.vn|12:06 12/06/2022
Báo chí Ả Rập Xê Út tin vào yếu tố lịch sử để vượt qua U.23 Việt Nam|https://thanhnien.vn/bao-chi-a-rap-xe-ut-tin-vao-yeu-to-lich-su-de-vuot-qua-u-23-viet-nam-post1467630.html|https://image.thanhnien.vn/150x100/Uploaded/2022/wsxrxqeiod/2022_06_12/a-rap-xe-ut-1689.jpg|Trong lịch sử dự vòng chung kết U.23 châu Á, U.23 Ả Rập Xê Út với 2 lần vượt qua vòng bảng thì sau đó đều thắng ở các trận tứ kết và bán kết để vào chung kết các năm 2013 và 2020.|thể thao|thanhnien.vn|11:51 12/06/2022
Báo giới Ả Rập Xê Út cảnh báo về sức mạnh của tuyển U.23 Việt Nam|https://thanhnien.vn/bao-gioi-a-rap-xe-ut-canh-bao-ve-suc-manh-cua-tuyen-u-23-viet-nam-post1467861.html|https://image.thanhnien.vn/150x100/Uploaded/2022/cjhwpdhnw/2022_06_08/z3477578834655-d62cb3aa9959472265f6a3c09101ef3c-1942.jpg|Báo giới Ả Rập Xê Út đã đưa ra cảnh báo đối với tuyển U.23 quốc gia trước tứ kết VCK U.23 châu Á 2022 diễn ra lúc 23 giờ tối nay (12.6) khi đối đầu với một U.23 Việt Nam đang có nhiều tiến bộ vượt bậc.|thể thao|thanhnien.vn|11:40 12/06/2022
Chuyển nhượng mùa hè: Bất ngờ 2 bản hợp đồng ‘bom tấn’ 100 triệu euro hoàn tất|https://thanhnien.vn/chuyen-nhuong-mua-he-bat-ngo-2-ban-hop-dong-bom-tan-100-trieu-euro-hoan-tat-post1467859.html|https://image.thanhnien.vn/150x100/Uploaded/2022/oqivotiw/2022_06_12/darwin-nunez-2026.jpeg|Hai đội bóng vào chung kết Champions League mùa trước Real Madrid (vô địch) và Liverpool (á quân) là những đội đang gây bão trên thị trường chuyển nhượng với liên tiếp 2 bản hợp đồng ‘bom tấn’ trị giá 100 triệu euro.|thể thao|thanhnien.vn|11:26 12/06/2022
Đã phát hiện ra người ‘nghịch’ nhất U.23 Việt Nam, chính là nhân vật rất mới này|https://thanhnien.vn/da-phat-hien-ra-nguoi-nghich-nhat-u-23-viet-nam-chinh-la-nhan-vat-rat-moi-nay-post1467853.html|https://image.thanhnien.vn/150x100/Uploaded/2022/ujwyqdxwp/2022_06_12/gong-treu-nghich-938.jpg|Ngoài việc tập trung tối đa về chuyên môn, trước trận tứ kết U.23 châu Á 2022, HLV Gong Oh-kyun đã tạo ra sự thoải mái nhất có thể về tinh thần cho học trò. Thậm chí, ông còn là ‘đầu tàu’ của những trò nghịch ngợm.|thể thao|thanhnien.vn|11:01 12/06/2022
UEFA Nations League: Tuyển Bulgaria gặp tai nạn kinh hoàng, 1 cầu thủ chấn thương sọ não|https://thanhnien.vn/uefa-nations-league-tuyen-bulgaria-gap-tai-nan-kinh-hoang-1-cau-thu-chan-thuong-so-nao-post1467847.html|https://image.thanhnien.vn/150x100/Uploaded/2022/cjhwpdhnw/2022_06_12/39071c4d9b-2568.jpeg|Liên đoàn Bóng đá Bulgaria (BFU) đã thông báo về việc đội tuyển nước này đã gặp tai nạn giao thông kinh hoàng trước trận gặp chủ nhà Georgia ở bảng 4 League C thuộc UEFA Nations League.|thể thao|thanhnien.vn|10:24 12/06/2022
Mỹ đưa ra phán quyết cuối cùng đối với vụ hiếp dâm của Ronaldo|https://thanhnien.vn/my-dua-ra-phan-quyet-cuoi-cung-doi-voi-vu-hiep-dam-cua-ronaldo-post1467836.html|https://image.thanhnien.vn/150x100/Uploaded/2022/cjhwpdhnw/2022_06_12/cristiano-ronaldo-kathryn-mayorga-4420.jpeg|Một thẩm phán quận ở Mỹ đã bác bỏ vụ kiện hiếp dâm đối với siêu sao bóng đá Cristiano Ronaldo, đồng thời điều tra đội ngũ pháp lý đứng sau đơn kiện.|thể thao|thanhnien.vn|09:46 12/06/2022
Tuyển Malaysia và Indonesia vẫn còn hy vọng dự Asian Cup 2023?|https://thanhnien.vn/tuyen-malaysia-va-indonesia-van-con-hy-vong-du-asian-cup-2023-post1467843.html|https://image.thanhnien.vn/150x100/Uploaded/2022/oqivotiw/2022_06_12/tuyen-malaysia-7031.png|Sau lượt trận thứ 2 vòng loại thứ 3 Asian Cup 2023 diễn ra tối 11.6 và rạng sáng 12.6, ở khu vực Đông Nam Á chỉ có tuyển Thái Lan và Philippines giành chiến thắng còn lại đều thất bại.|thể thao|thanhnien.vn|09:32 12/06/2022
U.23 Ả Rập Xê Út nhận cú sốc nặng vào phút chót trước trận gặp Việt Nam|https://thanhnien.vn/u-23-a-rap-xe-ut-nhan-cu-soc-nang-vao-phut-chot-truoc-tran-gap-viet-nam-post1467833.html|https://image.thanhnien.vn/150x100/Uploaded/2022/cjhwpdhnw/2022_06_12/a-rap-6813.jpeg|Tuyển U.23 Ả Rập Xê Út đã nhận tin sốc hôm 11.6 khi sẽ mất thêm trụ cột cho trận đụng độ U.23 Việt Nam tại tứ kết VCK U.23 châu Á 2022 diễn ra lúc 23 giờ tối nay (12.6) trên sân CLB Lokomotiv ở thủ đô Tashkent (Uzbekistan).|thể thao|thanhnien.vn|09:19 12/06/2022
U.23 Việt Nam vs U.23 Ả Rập Xê Út: Những điểm nóng trên sân|https://thanhnien.vn/u-23-viet-nam-vs-u-23-a-rap-xe-ut-nhung-diem-nong-tren-san-post1467629.html|https://image.thanhnien.vn/150x100/Uploaded/2022/wsxrxqeiod/2022_06_12/tien-long-375.jpg|Thầy trò HLV Gong Oh-kyun sẽ gặp sức ép lớn đến từ hàng công rất mạnh của đội bóng Tây Á. Việc cả hai đội đều tập trung 5 tiền vệ ở giữa sân sẽ khiến khu trung tuyến trở nên cực kỳ nóng bỏng.|thể thao|thanhnien.vn|08:57 12/06/2022
Lịch thi đấu, trực tiếp giải U.23 châu Á hôm nay (12.6): Tâm điểm U.23 Việt Nam|https://thanhnien.vn/lich-thi-dau-truc-tiep-giai-u-23-chau-a-hom-nay-12-6-tam-diem-u-23-viet-nam-post1467807.html|https://image.thanhnien.vn/150x100/Uploaded/2022/rykxqaeixr/2022_06_09/u-23-vn-0906-phuc-thang-6972.jpg|Lịch thi đấu, lịch trực tiếp giải U.23 châu Á hôm nay (ngày 12.6) với 2 trận tứ kết hứa hẹn rất đáng xem, tâm điểm là cuộc đối đầu giữa U.23 Việt Nam với U.23 Ả Rập Xê Út.|thể thao|thanhnien.vn|07:29 12/06/2022
CĐV đội chủ nhà U.23 Uzbekistan gây bạo loạn sau chiếc thẻ đỏ của thủ môn Nematov|https://thanhnien.vn/cdv-doi-chu-nha-u-23-uzbekistan-gay-bao-loan-sau-chiec-the-do-cua-thu-mon-nematov-post1467791.html|https://image.thanhnien.vn/150x100/Uploaded/2022/oqivotiw/2022_06_12/tm-uzb-the-do-8921.jpeg|Ở trận tứ kết giải U.23 châu Á giữa đội chủ nhà U.23 Uzbekistan gặp U.23 Iraq diễn ra khuya 11.6, CĐV trên sân Pakhtakor ở Tashkent đã gây bạo loạn làm gián đoạn trận đấu hơn 10 phút ở đầu trận.|thể thao|thanhnien.vn|03:03 12/06/2022
Trực tiếp bóng đá Anh vs Ý, UEFA Nations League, 01:45 12/06/2022|https://thanhnien.vn/truc-tiep-bong-da-anh-vs-y-uefa-nations-league-01-45-12-06-2022-post1465617.html|https://image.thanhnien.vn/150x100/Uploaded/2022/qzzemlwwlat/20220605/uefa-nations-league-anh-y-632937.png|Trực tiếp bóng đá trận Anh gặp Ý hôm nay. Cập nhật nhanh kết quả, hình ảnh, video UEFA Nations League|thể thao|thanhnien.vn|00:45 12/06/2022
Trực tiếp bóng đá Hungary vs Đức, UEFA Nations League, 01:45 12/06/2022|https://thanhnien.vn/truc-tiep-bong-da-hungary-vs-duc-uefa-nations-league-01-45-12-06-2022-post1465616.html|https://image.thanhnien.vn/150x100/Uploaded/2022/qzzemlwwlat/20220605/uefa-nations-league-hungary-duc-632938.png|Trực tiếp bóng đá trận Hungary gặp Đức hôm nay. Cập nhật nhanh kết quả, hình ảnh, video UEFA Nations League|thể thao|thanhnien.vn|00:45 12/06/2022
Trực tiếp bóng đá Romania vs Phần Lan, UEFA Nations League, 01:45 12/06/2022|https://thanhnien.vn/truc-tiep-bong-da-romania-vs-phan-lan-uefa-nations-league-01-45-12-06-2022-post1465615.html|https://image.thanhnien.vn/150x100/Uploaded/2022/qzzemlwwlat/20220605/uefa-nations-league-romania-phan-lan-632939.png|Trực tiếp bóng đá trận Romania gặp Phần Lan hôm nay. Cập nhật nhanh kết quả, hình ảnh, video UEFA Nations League|thể thao|thanhnien.vn|00:45 12/06/2022
Sức hấp dẫn của đất nền ven biển Quy Nhơn|https://thanhnien.vn/suc-hap-dan-cua-dat-nen-ven-bien-quy-nhon-post1467627.html|https://image.thanhnien.vn/150x100/Uploaded/2022/qxwpth-zl/2022_06_11/new-city-1-7730.jpeg|Đất nền ven biển tại Quy Nhơn đang thu hút nhà đầu tư bởi tiềm năng tăng giá cao nhờ sức hấp dẫn của du lịch cùng với sự đầu tư đồng bộ từ hạ tầng giao thông và đặc tính khan hiếm của sản phẩm.|thể thao|thanhnien.vn|Vừa xong
Omni BIDV iBank - Trải nghiệm ngân hàng số vượt trội cho khách hàng tổ chức|https://thanhnien.vn/omni-bidv-ibank-trai-nghiem-ngan-hang-so-vuot-troi-cho-khach-hang-to-chuc-post1467950.html|https://image.thanhnien.vn/150x100/Uploaded/2022/puqgfdmzs-co/2022_06_12/1-omni-bidv-ibank-trai-nghiem-vuot-troi-tren-nen-tang-ngan-hang-so-3483.png|Ngày 11.6, trong khuôn khổ Ngày hội công nghệ của Ngân hàng TMCP Đầu tư và Phát triển Việt Nam (BIDV), BIDV ra mắt phiên bản hợp kênh của ứng dụng ngân hàng số BIDV iBank (Omni BIDV iBank), mang đến cho khách hàng tổ chức trải nghiệm liền mạch cùng với các tính năng vượt trội.|thể thao|thanhnien.vn|1 phút trước
Hấp dẫn Làng văn hóa du lịch Đất Mũi|https://thanhnien.vn/hap-dan-lang-van-hoa-du-lich-dat-mui-post1467896.html|https://image.thanhnien.vn/150x100/Uploaded/2022/puqgfdmzs-co/2022_06_12/3-2861.jpg|Làng văn hóa du lịch Đất Mũi được kỳ vọng tạo ra sự đột phá trong phát triển du lịch của H.Ngọc Hiển, góp phần đưa ngành du lịch tỉnh Cà Mau tạo ra điểm khác biệt.|thể thao|thanhnien.vn|1 phút trước
‘Thank you, Việt Nam by VinaPhone’ - thỏa mãn cơn khát âm nhạc sôi động của giới trẻ|https://thanhnien.vn/thank-you-viet-nam-by-vinaphone-thoa-man-con-khat-am-nhac-soi-dong-cua-gioi-tre-post1467979.html|https://image.thanhnien.vn/150x100/Uploaded/2022/puqgfdmzs-co/2022_06_12/3-vinaphone-3628.png|Lập kỷ lục với gần 30.000 khán giả, hàng trăm nghìn lượt xem trực tiếp trên các nền tảng mạng xã hội, cùng những màn trình diễn bùng nổ đến từ các nghệ sĩ hàng đầu, kết hợp với công nghệ, âm thanh và ánh sáng hiện đại mãn nhãn, đại nhạc hội Thank you, Vietnam by VinaPhone.|thể thao|thanhnien.vn|20:00 12/06/2022
Chính thức công bố Phố thương mại Selashine - Khu phức hợp Selavia Phú Quốc|https://thanhnien.vn/chinh-thuc-cong-bo-pho-thuong-mai-selashine-khu-phuc-hop-selavia-phu-quoc-post1467947.html|https://image.thanhnien.vn/150x100/Uploaded/2022/puqgfdmzs-co/2022_06_12/2-le-ky-ket-selashine-327.jpg|Ngày 12.6, tại TP.HCM, Tập đoàn TTC tổ chức thành công sự kiện Công bố Phố thương mại Selashine thuộc Khu phức hợp Selavia Phú Quốc với nhiều chương trình hấp dẫn và chính sách hỗ trợ lãi suất đặc biệt cho khách hàng. Dự án do Công ty Cổ phần Toàn Hải Vân (TTC Phú Quốc) làm chủ đầu tư và Công ty CP Địa ốc Sài Gòn Thương Tín (TTC Land) là đơn vị phát triển.|thể thao|thanhnien.vn|17:37 12/06/2022
PVFCCo lọt vào ‘Top 50 công ty niêm yết tốt nhất’ năm 2022|https://thanhnien.vn/pvfcco-lot-vao-top-50-cong-ty-niem-yet-tot-nhat-nam-2022-post1467857.html|https://image.thanhnien.vn/150x100/Uploaded/2022/puqgfdmzs-co/2022_06_12/bo-san-pham-phan-bon-phu-my-chat-luong-cao-cho-vu-mua-boi-thu-ba-con-nong-dan-tin-tuong-su-dung-6083.jpg|Ngày 9.6, Tổng Công ty Phân bón và Hóa chất Dầu khí (PVFCCo - Mã chứng khoán DPM) được 2 tổ chức uy tín là Tạp chí Forbes Việt Nam và Công ty cổ phần Báo cáo đánh giá Việt Nam (Vietnam Report) đưa vào danh sách “Top 50 công ty niêm yết tốt nhất” và “Top 50 Công ty Đại chúng Uy tín và Hiệu quả (VIX50)” năm 2022.|thể thao|thanhnien.vn|13:59 12/06/2022
Với Tâm thép vững vàng, Tập đoàn VAS đã chinh phục thị trường mới Trung Mỹ|https://thanhnien.vn/voi-tam-thep-vung-vang-tap-doan-vas-da-chinh-phuc-thi-truong-moi-trung-my-post1467726.html|https://image.thanhnien.vn/150x100/Uploaded/2022/bfznsfyr-bn/2022_06_11/vas-1-5356.jpg|Tháng 6.2022, Tập đoàn VAS ký kết thành công hợp đồng xuất khẩu lô phôi thép và thép thành phẩm đầu tiên sang Guatemala - Trung Mỹ, đánh dấu bước tiến mới trong hành trình chinh phục thị trường thế giới.|thể thao|thanhnien.vn|16:32 11/06/2022
TP.HCM: Trao giải cuộc thi ‘Sinh viên chung tay tiết kiệm điện’|https://thanhnien.vn/tp-hcm-trao-giai-cuoc-thi-sinh-vien-chung-tay-tiet-kiem-dien-post1467608.html|https://image.thanhnien.vn/150x100/Uploaded/2022/qxwpth-zl/2022_06_11/1110dd955805985bc114-8524.jpg|Ngày 10.6, Trường Đại học Tôn Đức Thắng phối hợp Tổng Công ty Điện lực TP.HCM tổ chức trao giải Cuộc thi “Sinh viên chung tay tiết kiệm điện” năm 2022 do 2 đơn vị phối hợp tổ chức.|thể thao|thanhnien.vn|13:30 11/06/2022
Giá heo hơi hôm nay 11.6.2022: Heo hơi Việt gần bằng heo hơi Trung Quốc|https://thanhnien.vn/gia-heo-hoi-hom-nay-11-6-2022-heo-hoi-viet-gan-bang-heo-hoi-trung-quoc-post1467589.html|https://image.thanhnien.vn/150x100/Uploaded/2022/ohununh/2022_05_26/919ca3e84e958ecbd784-6077.jpg|Giá heo hơi trong nước trên thị trường sáng nay ghi nhận giảm nhẹ tại vài nơi, mức giá dao động từ 54.000 - 58.000 đồng/kg.|thể thao|thanhnien.vn|09:36 11/06/2022
Giá USD hôm nay 11.6.2022: Tăng mạnh trước mức lạm phát leo cao nhất trong 41 năm|https://thanhnien.vn/gia-usd-hom-nay-11-6-2022-tang-manh-truoc-muc-lam-phat-leo-cao-nhat-trong-41-nam-post1467572.html|https://image.thanhnien.vn/150x100/Uploaded/2022/cqjwqgdjw/2021_06_11/img_0662_yvuv.jpg|Giá USD quốc tế ngày 11.6 tăng mạnh sau khi Mỹ công bố chỉ số CPI tăng cao nhất trong vòng 41 năm qua. Lạm phát gia tăng đến từ chi phí năng lượng và thực phẩm lên cao.|thể thao|thanhnien.vn|08:51 11/06/2022
Giá vàng hôm nay 11.6.2022: Nhà đầu tư rót tiền mua vì lạm phát Mỹ tăng cao|https://thanhnien.vn/gia-vang-hom-nay-11-6-2022-nha-dau-tu-rot-tien-mua-vi-lam-phat-my-tang-cao-post1467570.html|https://image.thanhnien.vn/150x100/Uploaded/2022/vjryqdxwp/2022_06_11/gia-vang-cua-ngoc-thang-2218.jpg|Giá vàng cuối tuần trên thế giới nhảy vọt sau khi Mỹ công bố lạm phát tháng 5 tiếp tục tăng cao so với dự báo và mong đợi của nhà đầu tư. |thể thao|thanhnien.vn|08:51 11/06/2022
Doanh nghiệp Việt nhận mail lừa đảo cao nhất Đông Nam Á|https://thanhnien.vn/doanh-nghiep-viet-nhan-mail-lua-dao-cao-nhat-dong-nam-a-post1467512.html|https://image.thanhnien.vn/150x100/Uploaded/2022/pwivoviu/2022_06_10/a3-4852.jpg|Xu hướng chuyển đổi số và thương mại điện tử phát triển mạnh mẽ khiến doanh nghiệp Việt càng bị tấn công mạng nhiều hơn.|thể thao|thanhnien.vn|06:47 11/06/2022
Vì sao nhiều nông sản xuất khẩu giảm giá?|https://thanhnien.vn/vi-sao-nhieu-nong-san-xuat-khau-giam-gia-post1467513.html|https://image.thanhnien.vn/150x100/Uploaded/2022/pwivoviu/2022_06_10/c6fca2ded54915174c58-7021.jpg|Nhiều nước ngưng xuất khẩu lương thực - thực phẩm những tưởng mở ra cơ hội cho nông sản Việt, thế nhưng thực tế, một số mặt hàng xuất khẩu chủ đạo như gạo, cà phê, tiêu... của chúng ta lại đang giảm giá.|thể thao|thanhnien.vn|06:44 11/06/2022
Mở hết cỡ sao du lịch Việt chưa thể bứt phá?|https://thanhnien.vn/mo-het-co-sao-du-lich-viet-chua-the-but-pha-post1467511.html|https://image.thanhnien.vn/150x100/Uploaded/2022/pwivoviu/2022_06_10/915ba119798eb9d0e09f-5510.jpg|Là quốc gia có độ mở lớn nhất, sở hữu lượng tìm kiếm thông tin thuộc top đầu thế giới nhưng du lịch Việt Nam vẫn chưa có được những bước đột phá sau đại dịch.|thể thao|thanhnien.vn|06:43 11/06/2022
Trình Chính phủ đề xuất tăng lương tối thiểu từ 1.7|https://thanhnien.vn/trinh-chinh-phu-de-xuat-tang-luong-toi-thieu-tu-1-7-post1467544.html|https://image.thanhnien.vn/150x100/Uploaded/2022/pwivoviu/2022_06_11/ld-3905.jpg|Ngày 10.6, Bộ LĐ-TB-XH cho biết vừa trình Chính phủ dự thảo Nghị định quy định mức lương tối thiểu (LTT) đối với người lao động làm việc theo hợp đồng lao động.|thể thao|thanhnien.vn|06:41 11/06/2022
Phải có dự báo giá trước khi ký hợp đồng|https://thanhnien.vn/phai-co-du-bao-gia-truoc-khi-ky-hop-dong-post1467546.html|https://image.thanhnien.vn/150x100/Uploaded/2022/pwivoviu/2022_06_11/3a3-2948.jpeg|Không chỉ xi măng, sắt thép mà hàng loạt nguyên vật liệu như xăng dầu, phân bón, hóa chất, chất dẻo, thực phẩm… đều tăng giá cao từ đầu năm đến nay trên thị trường thế giới.|thể thao|thanhnien.vn|06:40 11/06/2022
Sức hấp dẫn của đất nền ven biển Quy Nhơn|https://thanhnien.vn/suc-hap-dan-cua-dat-nen-ven-bien-quy-nhon-post1467627.html|https://image.thanhnien.vn/150x100/Uploaded/2022/qxwpth-zl/2022_06_11/new-city-1-7730.jpeg|Đất nền ven biển tại Quy Nhơn đang thu hút nhà đầu tư bởi tiềm năng tăng giá cao nhờ sức hấp dẫn của du lịch cùng với sự đầu tư đồng bộ từ hạ tầng giao thông và đặc tính khan hiếm của sản phẩm.|thể thao|thanhnien.vn|Vừa xong
Omni BIDV iBank - Trải nghiệm ngân hàng số vượt trội cho khách hàng tổ chức|https://thanhnien.vn/omni-bidv-ibank-trai-nghiem-ngan-hang-so-vuot-troi-cho-khach-hang-to-chuc-post1467950.html|https://image.thanhnien.vn/150x100/Uploaded/2022/puqgfdmzs-co/2022_06_12/1-omni-bidv-ibank-trai-nghiem-vuot-troi-tren-nen-tang-ngan-hang-so-3483.png|Ngày 11.6, trong khuôn khổ Ngày hội công nghệ của Ngân hàng TMCP Đầu tư và Phát triển Việt Nam (BIDV), BIDV ra mắt phiên bản hợp kênh của ứng dụng ngân hàng số BIDV iBank (Omni BIDV iBank), mang đến cho khách hàng tổ chức trải nghiệm liền mạch cùng với các tính năng vượt trội.|thể thao|thanhnien.vn|1 phút trước
Hấp dẫn Làng văn hóa du lịch Đất Mũi|https://thanhnien.vn/hap-dan-lang-van-hoa-du-lich-dat-mui-post1467896.html|https://image.thanhnien.vn/150x100/Uploaded/2022/puqgfdmzs-co/2022_06_12/3-2861.jpg|Làng văn hóa du lịch Đất Mũi được kỳ vọng tạo ra sự đột phá trong phát triển du lịch của H.Ngọc Hiển, góp phần đưa ngành du lịch tỉnh Cà Mau tạo ra điểm khác biệt.|thể thao|thanhnien.vn|1 phút trước
‘Thank you, Việt Nam by VinaPhone’ - thỏa mãn cơn khát âm nhạc sôi động của giới trẻ|https://thanhnien.vn/thank-you-viet-nam-by-vinaphone-thoa-man-con-khat-am-nhac-soi-dong-cua-gioi-tre-post1467979.html|https://image.thanhnien.vn/150x100/Uploaded/2022/puqgfdmzs-co/2022_06_12/3-vinaphone-3628.png|Lập kỷ lục với gần 30.000 khán giả, hàng trăm nghìn lượt xem trực tiếp trên các nền tảng mạng xã hội, cùng những màn trình diễn bùng nổ đến từ các nghệ sĩ hàng đầu, kết hợp với công nghệ, âm thanh và ánh sáng hiện đại mãn nhãn, đại nhạc hội Thank you, Vietnam by VinaPhone.|thể thao|thanhnien.vn|20:00 12/06/2022
Chính thức công bố Phố thương mại Selashine - Khu phức hợp Selavia Phú Quốc|https://thanhnien.vn/chinh-thuc-cong-bo-pho-thuong-mai-selashine-khu-phuc-hop-selavia-phu-quoc-post1467947.html|https://image.thanhnien.vn/150x100/Uploaded/2022/puqgfdmzs-co/2022_06_12/2-le-ky-ket-selashine-327.jpg|Ngày 12.6, tại TP.HCM, Tập đoàn TTC tổ chức thành công sự kiện Công bố Phố thương mại Selashine thuộc Khu phức hợp Selavia Phú Quốc với nhiều chương trình hấp dẫn và chính sách hỗ trợ lãi suất đặc biệt cho khách hàng. Dự án do Công ty Cổ phần Toàn Hải Vân (TTC Phú Quốc) làm chủ đầu tư và Công ty CP Địa ốc Sài Gòn Thương Tín (TTC Land) là đơn vị phát triển.|thể thao|thanhnien.vn|17:37 12/06/2022
PVFCCo lọt vào ‘Top 50 công ty niêm yết tốt nhất’ năm 2022|https://thanhnien.vn/pvfcco-lot-vao-top-50-cong-ty-niem-yet-tot-nhat-nam-2022-post1467857.html|https://image.thanhnien.vn/150x100/Uploaded/2022/puqgfdmzs-co/2022_06_12/bo-san-pham-phan-bon-phu-my-chat-luong-cao-cho-vu-mua-boi-thu-ba-con-nong-dan-tin-tuong-su-dung-6083.jpg|Ngày 9.6, Tổng Công ty Phân bón và Hóa chất Dầu khí (PVFCCo - Mã chứng khoán DPM) được 2 tổ chức uy tín là Tạp chí Forbes Việt Nam và Công ty cổ phần Báo cáo đánh giá Việt Nam (Vietnam Report) đưa vào danh sách “Top 50 công ty niêm yết tốt nhất” và “Top 50 Công ty Đại chúng Uy tín và Hiệu quả (VIX50)” năm 2022.|thể thao|thanhnien.vn|13:59 12/06/2022
Với Tâm thép vững vàng, Tập đoàn VAS đã chinh phục thị trường mới Trung Mỹ|https://thanhnien.vn/voi-tam-thep-vung-vang-tap-doan-vas-da-chinh-phuc-thi-truong-moi-trung-my-post1467726.html|https://image.thanhnien.vn/150x100/Uploaded/2022/bfznsfyr-bn/2022_06_11/vas-1-5356.jpg|Tháng 6.2022, Tập đoàn VAS ký kết thành công hợp đồng xuất khẩu lô phôi thép và thép thành phẩm đầu tiên sang Guatemala - Trung Mỹ, đánh dấu bước tiến mới trong hành trình chinh phục thị trường thế giới.|thể thao|thanhnien.vn|16:32 11/06/2022
TP.HCM: Trao giải cuộc thi ‘Sinh viên chung tay tiết kiệm điện’|https://thanhnien.vn/tp-hcm-trao-giai-cuoc-thi-sinh-vien-chung-tay-tiet-kiem-dien-post1467608.html|https://image.thanhnien.vn/150x100/Uploaded/2022/qxwpth-zl/2022_06_11/1110dd955805985bc114-8524.jpg|Ngày 10.6, Trường Đại học Tôn Đức Thắng phối hợp Tổng Công ty Điện lực TP.HCM tổ chức trao giải Cuộc thi “Sinh viên chung tay tiết kiệm điện” năm 2022 do 2 đơn vị phối hợp tổ chức.|thể thao|thanhnien.vn|13:30 11/06/2022
Giá heo hơi hôm nay 11.6.2022: Heo hơi Việt gần bằng heo hơi Trung Quốc|https://thanhnien.vn/gia-heo-hoi-hom-nay-11-6-2022-heo-hoi-viet-gan-bang-heo-hoi-trung-quoc-post1467589.html|https://image.thanhnien.vn/150x100/Uploaded/2022/ohununh/2022_05_26/919ca3e84e958ecbd784-6077.jpg|Giá heo hơi trong nước trên thị trường sáng nay ghi nhận giảm nhẹ tại vài nơi, mức giá dao động từ 54.000 - 58.000 đồng/kg.|thể thao|thanhnien.vn|09:36 11/06/2022
Giá USD hôm nay 11.6.2022: Tăng mạnh trước mức lạm phát leo cao nhất trong 41 năm|https://thanhnien.vn/gia-usd-hom-nay-11-6-2022-tang-manh-truoc-muc-lam-phat-leo-cao-nhat-trong-41-nam-post1467572.html|https://image.thanhnien.vn/150x100/Uploaded/2022/cqjwqgdjw/2021_06_11/img_0662_yvuv.jpg|Giá USD quốc tế ngày 11.6 tăng mạnh sau khi Mỹ công bố chỉ số CPI tăng cao nhất trong vòng 41 năm qua. Lạm phát gia tăng đến từ chi phí năng lượng và thực phẩm lên cao.|thể thao|thanhnien.vn|08:51 11/06/2022
Giá vàng hôm nay 11.6.2022: Nhà đầu tư rót tiền mua vì lạm phát Mỹ tăng cao|https://thanhnien.vn/gia-vang-hom-nay-11-6-2022-nha-dau-tu-rot-tien-mua-vi-lam-phat-my-tang-cao-post1467570.html|https://image.thanhnien.vn/150x100/Uploaded/2022/vjryqdxwp/2022_06_11/gia-vang-cua-ngoc-thang-2218.jpg|Giá vàng cuối tuần trên thế giới nhảy vọt sau khi Mỹ công bố lạm phát tháng 5 tiếp tục tăng cao so với dự báo và mong đợi của nhà đầu tư. |thể thao|thanhnien.vn|08:51 11/06/2022
Doanh nghiệp Việt nhận mail lừa đảo cao nhất Đông Nam Á|https://thanhnien.vn/doanh-nghiep-viet-nhan-mail-lua-dao-cao-nhat-dong-nam-a-post1467512.html|https://image.thanhnien.vn/150x100/Uploaded/2022/pwivoviu/2022_06_10/a3-4852.jpg|Xu hướng chuyển đổi số và thương mại điện tử phát triển mạnh mẽ khiến doanh nghiệp Việt càng bị tấn công mạng nhiều hơn.|thể thao|thanhnien.vn|06:47 11/06/2022
Vì sao nhiều nông sản xuất khẩu giảm giá?|https://thanhnien.vn/vi-sao-nhieu-nong-san-xuat-khau-giam-gia-post1467513.html|https://image.thanhnien.vn/150x100/Uploaded/2022/pwivoviu/2022_06_10/c6fca2ded54915174c58-7021.jpg|Nhiều nước ngưng xuất khẩu lương thực - thực phẩm những tưởng mở ra cơ hội cho nông sản Việt, thế nhưng thực tế, một số mặt hàng xuất khẩu chủ đạo như gạo, cà phê, tiêu... của chúng ta lại đang giảm giá.|thể thao|thanhnien.vn|06:44 11/06/2022
Mở hết cỡ sao du lịch Việt chưa thể bứt phá?|https://thanhnien.vn/mo-het-co-sao-du-lich-viet-chua-the-but-pha-post1467511.html|https://image.thanhnien.vn/150x100/Uploaded/2022/pwivoviu/2022_06_10/915ba119798eb9d0e09f-5510.jpg|Là quốc gia có độ mở lớn nhất, sở hữu lượng tìm kiếm thông tin thuộc top đầu thế giới nhưng du lịch Việt Nam vẫn chưa có được những bước đột phá sau đại dịch.|thể thao|thanhnien.vn|06:43 11/06/2022
Trình Chính phủ đề xuất tăng lương tối thiểu từ 1.7|https://thanhnien.vn/trinh-chinh-phu-de-xuat-tang-luong-toi-thieu-tu-1-7-post1467544.html|https://image.thanhnien.vn/150x100/Uploaded/2022/pwivoviu/2022_06_11/ld-3905.jpg|Ngày 10.6, Bộ LĐ-TB-XH cho biết vừa trình Chính phủ dự thảo Nghị định quy định mức lương tối thiểu (LTT) đối với người lao động làm việc theo hợp đồng lao động.|thể thao|thanhnien.vn|06:41 11/06/2022
Phải có dự báo giá trước khi ký hợp đồng|https://thanhnien.vn/phai-co-du-bao-gia-truoc-khi-ky-hop-dong-post1467546.html|https://image.thanhnien.vn/150x100/Uploaded/2022/pwivoviu/2022_06_11/3a3-2948.jpeg|Không chỉ xi măng, sắt thép mà hàng loạt nguyên vật liệu như xăng dầu, phân bón, hóa chất, chất dẻo, thực phẩm… đều tăng giá cao từ đầu năm đến nay trên thị trường thế giới.|thể thao|thanhnien.vn|06:40 11/06/2022
Sức hấp dẫn của đất nền ven biển Quy Nhơn|https://thanhnien.vn/suc-hap-dan-cua-dat-nen-ven-bien-quy-nhon-post1467627.html|https://image.thanhnien.vn/150x100/Uploaded/2022/qxwpth-zl/2022_06_11/new-city-1-7730.jpeg|Đất nền ven biển tại Quy Nhơn đang thu hút nhà đầu tư bởi tiềm năng tăng giá cao nhờ sức hấp dẫn của du lịch cùng với sự đầu tư đồng bộ từ hạ tầng giao thông và đặc tính khan hiếm của sản phẩm.|thể thao|thanhnien.vn|Vừa xong
Omni BIDV iBank - Trải nghiệm ngân hàng số vượt trội cho khách hàng tổ chức|https://thanhnien.vn/omni-bidv-ibank-trai-nghiem-ngan-hang-so-vuot-troi-cho-khach-hang-to-chuc-post1467950.html|https://image.thanhnien.vn/150x100/Uploaded/2022/puqgfdmzs-co/2022_06_12/1-omni-bidv-ibank-trai-nghiem-vuot-troi-tren-nen-tang-ngan-hang-so-3483.png|Ngày 11.6, trong khuôn khổ Ngày hội công nghệ của Ngân hàng TMCP Đầu tư và Phát triển Việt Nam (BIDV), BIDV ra mắt phiên bản hợp kênh của ứng dụng ngân hàng số BIDV iBank (Omni BIDV iBank), mang đến cho khách hàng tổ chức trải nghiệm liền mạch cùng với các tính năng vượt trội.|thể thao|thanhnien.vn|1 phút trước
Hấp dẫn Làng văn hóa du lịch Đất Mũi|https://thanhnien.vn/hap-dan-lang-van-hoa-du-lich-dat-mui-post1467896.html|https://image.thanhnien.vn/150x100/Uploaded/2022/puqgfdmzs-co/2022_06_12/3-2861.jpg|Làng văn hóa du lịch Đất Mũi được kỳ vọng tạo ra sự đột phá trong phát triển du lịch của H.Ngọc Hiển, góp phần đưa ngành du lịch tỉnh Cà Mau tạo ra điểm khác biệt.|thể thao|thanhnien.vn|1 phút trước
‘Thank you, Việt Nam by VinaPhone’ - thỏa mãn cơn khát âm nhạc sôi động của giới trẻ|https://thanhnien.vn/thank-you-viet-nam-by-vinaphone-thoa-man-con-khat-am-nhac-soi-dong-cua-gioi-tre-post1467979.html|https://image.thanhnien.vn/150x100/Uploaded/2022/puqgfdmzs-co/2022_06_12/3-vinaphone-3628.png|Lập kỷ lục với gần 30.000 khán giả, hàng trăm nghìn lượt xem trực tiếp trên các nền tảng mạng xã hội, cùng những màn trình diễn bùng nổ đến từ các nghệ sĩ hàng đầu, kết hợp với công nghệ, âm thanh và ánh sáng hiện đại mãn nhãn, đại nhạc hội Thank you, Vietnam by VinaPhone.|thể thao|thanhnien.vn|20:00 12/06/2022
Chính thức công bố Phố thương mại Selashine - Khu phức hợp Selavia Phú Quốc|https://thanhnien.vn/chinh-thuc-cong-bo-pho-thuong-mai-selashine-khu-phuc-hop-selavia-phu-quoc-post1467947.html|https://image.thanhnien.vn/150x100/Uploaded/2022/puqgfdmzs-co/2022_06_12/2-le-ky-ket-selashine-327.jpg|Ngày 12.6, tại TP.HCM, Tập đoàn TTC tổ chức thành công sự kiện Công bố Phố thương mại Selashine thuộc Khu phức hợp Selavia Phú Quốc với nhiều chương trình hấp dẫn và chính sách hỗ trợ lãi suất đặc biệt cho khách hàng. Dự án do Công ty Cổ phần Toàn Hải Vân (TTC Phú Quốc) làm chủ đầu tư và Công ty CP Địa ốc Sài Gòn Thương Tín (TTC Land) là đơn vị phát triển.|thể thao|thanhnien.vn|17:37 12/06/2022
PVFCCo lọt vào ‘Top 50 công ty niêm yết tốt nhất’ năm 2022|https://thanhnien.vn/pvfcco-lot-vao-top-50-cong-ty-niem-yet-tot-nhat-nam-2022-post1467857.html|https://image.thanhnien.vn/150x100/Uploaded/2022/puqgfdmzs-co/2022_06_12/bo-san-pham-phan-bon-phu-my-chat-luong-cao-cho-vu-mua-boi-thu-ba-con-nong-dan-tin-tuong-su-dung-6083.jpg|Ngày 9.6, Tổng Công ty Phân bón và Hóa chất Dầu khí (PVFCCo - Mã chứng khoán DPM) được 2 tổ chức uy tín là Tạp chí Forbes Việt Nam và Công ty cổ phần Báo cáo đánh giá Việt Nam (Vietnam Report) đưa vào danh sách “Top 50 công ty niêm yết tốt nhất” và “Top 50 Công ty Đại chúng Uy tín và Hiệu quả (VIX50)” năm 2022.|thể thao|thanhnien.vn|13:59 12/06/2022
Với Tâm thép vững vàng, Tập đoàn VAS đã chinh phục thị trường mới Trung Mỹ|https://thanhnien.vn/voi-tam-thep-vung-vang-tap-doan-vas-da-chinh-phuc-thi-truong-moi-trung-my-post1467726.html|https://image.thanhnien.vn/150x100/Uploaded/2022/bfznsfyr-bn/2022_06_11/vas-1-5356.jpg|Tháng 6.2022, Tập đoàn VAS ký kết thành công hợp đồng xuất khẩu lô phôi thép và thép thành phẩm đầu tiên sang Guatemala - Trung Mỹ, đánh dấu bước tiến mới trong hành trình chinh phục thị trường thế giới.|thể thao|thanhnien.vn|16:32 11/06/2022
TP.HCM: Trao giải cuộc thi ‘Sinh viên chung tay tiết kiệm điện’|https://thanhnien.vn/tp-hcm-trao-giai-cuoc-thi-sinh-vien-chung-tay-tiet-kiem-dien-post1467608.html|https://image.thanhnien.vn/150x100/Uploaded/2022/qxwpth-zl/2022_06_11/1110dd955805985bc114-8524.jpg|Ngày 10.6, Trường Đại học Tôn Đức Thắng phối hợp Tổng Công ty Điện lực TP.HCM tổ chức trao giải Cuộc thi “Sinh viên chung tay tiết kiệm điện” năm 2022 do 2 đơn vị phối hợp tổ chức.|thể thao|thanhnien.vn|13:30 11/06/2022
Giá heo hơi hôm nay 11.6.2022: Heo hơi Việt gần bằng heo hơi Trung Quốc|https://thanhnien.vn/gia-heo-hoi-hom-nay-11-6-2022-heo-hoi-viet-gan-bang-heo-hoi-trung-quoc-post1467589.html|https://image.thanhnien.vn/150x100/Uploaded/2022/ohununh/2022_05_26/919ca3e84e958ecbd784-6077.jpg|Giá heo hơi trong nước trên thị trường sáng nay ghi nhận giảm nhẹ tại vài nơi, mức giá dao động từ 54.000 - 58.000 đồng/kg.|thể thao|thanhnien.vn|09:36 11/06/2022
Giá USD hôm nay 11.6.2022: Tăng mạnh trước mức lạm phát leo cao nhất trong 41 năm|https://thanhnien.vn/gia-usd-hom-nay-11-6-2022-tang-manh-truoc-muc-lam-phat-leo-cao-nhat-trong-41-nam-post1467572.html|https://image.thanhnien.vn/150x100/Uploaded/2022/cqjwqgdjw/2021_06_11/img_0662_yvuv.jpg|Giá USD quốc tế ngày 11.6 tăng mạnh sau khi Mỹ công bố chỉ số CPI tăng cao nhất trong vòng 41 năm qua. Lạm phát gia tăng đến từ chi phí năng lượng và thực phẩm lên cao.|thể thao|thanhnien.vn|08:51 11/06/2022
Giá vàng hôm nay 11.6.2022: Nhà đầu tư rót tiền mua vì lạm phát Mỹ tăng cao|https://thanhnien.vn/gia-vang-hom-nay-11-6-2022-nha-dau-tu-rot-tien-mua-vi-lam-phat-my-tang-cao-post1467570.html|https://image.thanhnien.vn/150x100/Uploaded/2022/vjryqdxwp/2022_06_11/gia-vang-cua-ngoc-thang-2218.jpg|Giá vàng cuối tuần trên thế giới nhảy vọt sau khi Mỹ công bố lạm phát tháng 5 tiếp tục tăng cao so với dự báo và mong đợi của nhà đầu tư. |thể thao|thanhnien.vn|08:51 11/06/2022
Doanh nghiệp Việt nhận mail lừa đảo cao nhất Đông Nam Á|https://thanhnien.vn/doanh-nghiep-viet-nhan-mail-lua-dao-cao-nhat-dong-nam-a-post1467512.html|https://image.thanhnien.vn/150x100/Uploaded/2022/pwivoviu/2022_06_10/a3-4852.jpg|Xu hướng chuyển đổi số và thương mại điện tử phát triển mạnh mẽ khiến doanh nghiệp Việt càng bị tấn công mạng nhiều hơn.|thể thao|thanhnien.vn|06:47 11/06/2022
Vì sao nhiều nông sản xuất khẩu giảm giá?|https://thanhnien.vn/vi-sao-nhieu-nong-san-xuat-khau-giam-gia-post1467513.html|https://image.thanhnien.vn/150x100/Uploaded/2022/pwivoviu/2022_06_10/c6fca2ded54915174c58-7021.jpg|Nhiều nước ngưng xuất khẩu lương thực - thực phẩm những tưởng mở ra cơ hội cho nông sản Việt, thế nhưng thực tế, một số mặt hàng xuất khẩu chủ đạo như gạo, cà phê, tiêu... của chúng ta lại đang giảm giá.|thể thao|thanhnien.vn|06:44 11/06/2022
Mở hết cỡ sao du lịch Việt chưa thể bứt phá?|https://thanhnien.vn/mo-het-co-sao-du-lich-viet-chua-the-but-pha-post1467511.html|https://image.thanhnien.vn/150x100/Uploaded/2022/pwivoviu/2022_06_10/915ba119798eb9d0e09f-5510.jpg|Là quốc gia có độ mở lớn nhất, sở hữu lượng tìm kiếm thông tin thuộc top đầu thế giới nhưng du lịch Việt Nam vẫn chưa có được những bước đột phá sau đại dịch.|thể thao|thanhnien.vn|06:43 11/06/2022
Trình Chính phủ đề xuất tăng lương tối thiểu từ 1.7|https://thanhnien.vn/trinh-chinh-phu-de-xuat-tang-luong-toi-thieu-tu-1-7-post1467544.html|https://image.thanhnien.vn/150x100/Uploaded/2022/pwivoviu/2022_06_11/ld-3905.jpg|Ngày 10.6, Bộ LĐ-TB-XH cho biết vừa trình Chính phủ dự thảo Nghị định quy định mức lương tối thiểu (LTT) đối với người lao động làm việc theo hợp đồng lao động.|thể thao|thanhnien.vn|06:41 11/06/2022
Phải có dự báo giá trước khi ký hợp đồng|https://thanhnien.vn/phai-co-du-bao-gia-truoc-khi-ky-hop-dong-post1467546.html|https://image.thanhnien.vn/150x100/Uploaded/2022/pwivoviu/2022_06_11/3a3-2948.jpeg|Không chỉ xi măng, sắt thép mà hàng loạt nguyên vật liệu như xăng dầu, phân bón, hóa chất, chất dẻo, thực phẩm… đều tăng giá cao từ đầu năm đến nay trên thị trường thế giới.|thể thao|thanhnien.vn|06:40 11/06/2022
Sức hấp dẫn của đất nền ven biển Quy Nhơn|https://thanhnien.vn/suc-hap-dan-cua-dat-nen-ven-bien-quy-nhon-post1467627.html|https://image.thanhnien.vn/150x100/Uploaded/2022/qxwpth-zl/2022_06_11/new-city-1-7730.jpeg|Đất nền ven biển tại Quy Nhơn đang thu hút nhà đầu tư bởi tiềm năng tăng giá cao nhờ sức hấp dẫn của du lịch cùng với sự đầu tư đồng bộ từ hạ tầng giao thông và đặc tính khan hiếm của sản phẩm.|thể thao|thanhnien.vn|Vừa xong
Omni BIDV iBank - Trải nghiệm ngân hàng số vượt trội cho khách hàng tổ chức|https://thanhnien.vn/omni-bidv-ibank-trai-nghiem-ngan-hang-so-vuot-troi-cho-khach-hang-to-chuc-post1467950.html|https://image.thanhnien.vn/150x100/Uploaded/2022/puqgfdmzs-co/2022_06_12/1-omni-bidv-ibank-trai-nghiem-vuot-troi-tren-nen-tang-ngan-hang-so-3483.png|Ngày 11.6, trong khuôn khổ Ngày hội công nghệ của Ngân hàng TMCP Đầu tư và Phát triển Việt Nam (BIDV), BIDV ra mắt phiên bản hợp kênh của ứng dụng ngân hàng số BIDV iBank (Omni BIDV iBank), mang đến cho khách hàng tổ chức trải nghiệm liền mạch cùng với các tính năng vượt trội.|thể thao|thanhnien.vn|1 phút trước
Hấp dẫn Làng văn hóa du lịch Đất Mũi|https://thanhnien.vn/hap-dan-lang-van-hoa-du-lich-dat-mui-post1467896.html|https://image.thanhnien.vn/150x100/Uploaded/2022/puqgfdmzs-co/2022_06_12/3-2861.jpg|Làng văn hóa du lịch Đất Mũi được kỳ vọng tạo ra sự đột phá trong phát triển du lịch của H.Ngọc Hiển, góp phần đưa ngành du lịch tỉnh Cà Mau tạo ra điểm khác biệt.|thể thao|thanhnien.vn|1 phút trước
‘Thank you, Việt Nam by VinaPhone’ - thỏa mãn cơn khát âm nhạc sôi động của giới trẻ|https://thanhnien.vn/thank-you-viet-nam-by-vinaphone-thoa-man-con-khat-am-nhac-soi-dong-cua-gioi-tre-post1467979.html|https://image.thanhnien.vn/150x100/Uploaded/2022/puqgfdmzs-co/2022_06_12/3-vinaphone-3628.png|Lập kỷ lục với gần 30.000 khán giả, hàng trăm nghìn lượt xem trực tiếp trên các nền tảng mạng xã hội, cùng những màn trình diễn bùng nổ đến từ các nghệ sĩ hàng đầu, kết hợp với công nghệ, âm thanh và ánh sáng hiện đại mãn nhãn, đại nhạc hội Thank you, Vietnam by VinaPhone.|thể thao|thanhnien.vn|20:00 12/06/2022
Chính thức công bố Phố thương mại Selashine - Khu phức hợp Selavia Phú Quốc|https://thanhnien.vn/chinh-thuc-cong-bo-pho-thuong-mai-selashine-khu-phuc-hop-selavia-phu-quoc-post1467947.html|https://image.thanhnien.vn/150x100/Uploaded/2022/puqgfdmzs-co/2022_06_12/2-le-ky-ket-selashine-327.jpg|Ngày 12.6, tại TP.HCM, Tập đoàn TTC tổ chức thành công sự kiện Công bố Phố thương mại Selashine thuộc Khu phức hợp Selavia Phú Quốc với nhiều chương trình hấp dẫn và chính sách hỗ trợ lãi suất đặc biệt cho khách hàng. Dự án do Công ty Cổ phần Toàn Hải Vân (TTC Phú Quốc) làm chủ đầu tư và Công ty CP Địa ốc Sài Gòn Thương Tín (TTC Land) là đơn vị phát triển.|thể thao|thanhnien.vn|17:37 12/06/2022
PVFCCo lọt vào ‘Top 50 công ty niêm yết tốt nhất’ năm 2022|https://thanhnien.vn/pvfcco-lot-vao-top-50-cong-ty-niem-yet-tot-nhat-nam-2022-post1467857.html|https://image.thanhnien.vn/150x100/Uploaded/2022/puqgfdmzs-co/2022_06_12/bo-san-pham-phan-bon-phu-my-chat-luong-cao-cho-vu-mua-boi-thu-ba-con-nong-dan-tin-tuong-su-dung-6083.jpg|Ngày 9.6, Tổng Công ty Phân bón và Hóa chất Dầu khí (PVFCCo - Mã chứng khoán DPM) được 2 tổ chức uy tín là Tạp chí Forbes Việt Nam và Công ty cổ phần Báo cáo đánh giá Việt Nam (Vietnam Report) đưa vào danh sách “Top 50 công ty niêm yết tốt nhất” và “Top 50 Công ty Đại chúng Uy tín và Hiệu quả (VIX50)” năm 2022.|thể thao|thanhnien.vn|13:59 12/06/2022
Với Tâm thép vững vàng, Tập đoàn VAS đã chinh phục thị trường mới Trung Mỹ|https://thanhnien.vn/voi-tam-thep-vung-vang-tap-doan-vas-da-chinh-phuc-thi-truong-moi-trung-my-post1467726.html|https://image.thanhnien.vn/150x100/Uploaded/2022/bfznsfyr-bn/2022_06_11/vas-1-5356.jpg|Tháng 6.2022, Tập đoàn VAS ký kết thành công hợp đồng xuất khẩu lô phôi thép và thép thành phẩm đầu tiên sang Guatemala - Trung Mỹ, đánh dấu bước tiến mới trong hành trình chinh phục thị trường thế giới.|thể thao|thanhnien.vn|16:32 11/06/2022
TP.HCM: Trao giải cuộc thi ‘Sinh viên chung tay tiết kiệm điện’|https://thanhnien.vn/tp-hcm-trao-giai-cuoc-thi-sinh-vien-chung-tay-tiet-kiem-dien-post1467608.html|https://image.thanhnien.vn/150x100/Uploaded/2022/qxwpth-zl/2022_06_11/1110dd955805985bc114-8524.jpg|Ngày 10.6, Trường Đại học Tôn Đức Thắng phối hợp Tổng Công ty Điện lực TP.HCM tổ chức trao giải Cuộc thi “Sinh viên chung tay tiết kiệm điện” năm 2022 do 2 đơn vị phối hợp tổ chức.|thể thao|thanhnien.vn|13:30 11/06/2022
Giá heo hơi hôm nay 11.6.2022: Heo hơi Việt gần bằng heo hơi Trung Quốc|https://thanhnien.vn/gia-heo-hoi-hom-nay-11-6-2022-heo-hoi-viet-gan-bang-heo-hoi-trung-quoc-post1467589.html|https://image.thanhnien.vn/150x100/Uploaded/2022/ohununh/2022_05_26/919ca3e84e958ecbd784-6077.jpg|Giá heo hơi trong nước trên thị trường sáng nay ghi nhận giảm nhẹ tại vài nơi, mức giá dao động từ 54.000 - 58.000 đồng/kg.|thể thao|thanhnien.vn|09:36 11/06/2022
Giá USD hôm nay 11.6.2022: Tăng mạnh trước mức lạm phát leo cao nhất trong 41 năm|https://thanhnien.vn/gia-usd-hom-nay-11-6-2022-tang-manh-truoc-muc-lam-phat-leo-cao-nhat-trong-41-nam-post1467572.html|https://image.thanhnien.vn/150x100/Uploaded/2022/cqjwqgdjw/2021_06_11/img_0662_yvuv.jpg|Giá USD quốc tế ngày 11.6 tăng mạnh sau khi Mỹ công bố chỉ số CPI tăng cao nhất trong vòng 41 năm qua. Lạm phát gia tăng đến từ chi phí năng lượng và thực phẩm lên cao.|thể thao|thanhnien.vn|08:51 11/06/2022
Giá vàng hôm nay 11.6.2022: Nhà đầu tư rót tiền mua vì lạm phát Mỹ tăng cao|https://thanhnien.vn/gia-vang-hom-nay-11-6-2022-nha-dau-tu-rot-tien-mua-vi-lam-phat-my-tang-cao-post1467570.html|https://image.thanhnien.vn/150x100/Uploaded/2022/vjryqdxwp/2022_06_11/gia-vang-cua-ngoc-thang-2218.jpg|Giá vàng cuối tuần trên thế giới nhảy vọt sau khi Mỹ công bố lạm phát tháng 5 tiếp tục tăng cao so với dự báo và mong đợi của nhà đầu tư. |thể thao|thanhnien.vn|08:51 11/06/2022
Doanh nghiệp Việt nhận mail lừa đảo cao nhất Đông Nam Á|https://thanhnien.vn/doanh-nghiep-viet-nhan-mail-lua-dao-cao-nhat-dong-nam-a-post1467512.html|https://image.thanhnien.vn/150x100/Uploaded/2022/pwivoviu/2022_06_10/a3-4852.jpg|Xu hướng chuyển đổi số và thương mại điện tử phát triển mạnh mẽ khiến doanh nghiệp Việt càng bị tấn công mạng nhiều hơn.|thể thao|thanhnien.vn|06:47 11/06/2022
Vì sao nhiều nông sản xuất khẩu giảm giá?|https://thanhnien.vn/vi-sao-nhieu-nong-san-xuat-khau-giam-gia-post1467513.html|https://image.thanhnien.vn/150x100/Uploaded/2022/pwivoviu/2022_06_10/c6fca2ded54915174c58-7021.jpg|Nhiều nước ngưng xuất khẩu lương thực - thực phẩm những tưởng mở ra cơ hội cho nông sản Việt, thế nhưng thực tế, một số mặt hàng xuất khẩu chủ đạo như gạo, cà phê, tiêu... của chúng ta lại đang giảm giá.|thể thao|thanhnien.vn|06:44 11/06/2022
Mở hết cỡ sao du lịch Việt chưa thể bứt phá?|https://thanhnien.vn/mo-het-co-sao-du-lich-viet-chua-the-but-pha-post1467511.html|https://image.thanhnien.vn/150x100/Uploaded/2022/pwivoviu/2022_06_10/915ba119798eb9d0e09f-5510.jpg|Là quốc gia có độ mở lớn nhất, sở hữu lượng tìm kiếm thông tin thuộc top đầu thế giới nhưng du lịch Việt Nam vẫn chưa có được những bước đột phá sau đại dịch.|thể thao|thanhnien.vn|06:43 11/06/2022
Trình Chính phủ đề xuất tăng lương tối thiểu từ 1.7|https://thanhnien.vn/trinh-chinh-phu-de-xuat-tang-luong-toi-thieu-tu-1-7-post1467544.html|https://image.thanhnien.vn/150x100/Uploaded/2022/pwivoviu/2022_06_11/ld-3905.jpg|Ngày 10.6, Bộ LĐ-TB-XH cho biết vừa trình Chính phủ dự thảo Nghị định quy định mức lương tối thiểu (LTT) đối với người lao động làm việc theo hợp đồng lao động.|thể thao|thanhnien.vn|06:41 11/06/2022
Phải có dự báo giá trước khi ký hợp đồng|https://thanhnien.vn/phai-co-du-bao-gia-truoc-khi-ky-hop-dong-post1467546.html|https://image.thanhnien.vn/150x100/Uploaded/2022/pwivoviu/2022_06_11/3a3-2948.jpeg|Không chỉ xi măng, sắt thép mà hàng loạt nguyên vật liệu như xăng dầu, phân bón, hóa chất, chất dẻo, thực phẩm… đều tăng giá cao từ đầu năm đến nay trên thị trường thế giới.|thể thao|thanhnien.vn|06:40 11/06/2022
