Tiến sĩ Việt phân lập gien kháng bệnh gỉ sắt ở ngũ cốc|https://thanhnien.vn/tien-si-viet-phan-lap-gien-khang-benh-gi-sat-o-ngu-coc-post1467644.html|https://image.thanhnien.vn/150x100/Uploaded/2022/wsxrxqeiod/2022_06_12/tien-si-viet-8189.jpg|Tiến sĩ Hoan Dinh, nhà khoa học Việt Nam đang làm việc tại Nhật Bản, vừa công bố một phát hiện về gien giúp lúa mì và lúa mạch chống lại bệnh gỉ sắt do nấm, căn bệnh khiến sản lượng lương thực toàn cầu sụt giảm ít nhất 10%.|thế giới|thanhnien.vn|14:57 12/06/2022
Biểu tình khắp nước Mỹ kêu gọi siết luật súng đạn|https://thanhnien.vn/bieu-tinh-khap-nuoc-my-keu-goi-siet-luat-sung-dan-post1467817.html|https://image.thanhnien.vn/150x100/Uploaded/2022/ihvcpuo/2022_06_12/2022-06-11t174535z-203987557-rc2tpu92rrv9-rtrmadp-3-usa-guns-protests-7149.jpg|Hàng ngàn người đã biểu tình tại thủ đô Washington D.C và nhiều thành phố trên khắp nước Mỹ trong ngày 11.6 để kêu gọi kiểm soát súng đạn sau những vụ xả súng liên tiếp gần đây.|thế giới|thanhnien.vn|08:57 12/06/2022
Nga, Ukraine đấu pháo ác liệt ở miền đông|https://thanhnien.vn/nga-ukraine-dau-phao-ac-liet-o-mien-dong-post1467647.html|https://image.thanhnien.vn/150x100/Uploaded/2022/wsxrxqeiod/2022_06_11/ukraine-4124.jpg|Tình hình chiến sự tiếp tục diễn ra khốc liệt ở miền đông Ukraine với việc cả hai bên đều đang dùng sức mạnh của pháo binh để giành ưu thế.|thế giới|thanhnien.vn|06:30 12/06/2022
Triều Tiên có nữ ngoại trưởng đầu tiên|https://thanhnien.vn/trieu-tien-co-nu-ngoai-truong-dau-tien-post1467649.html|https://image.thanhnien.vn/150x100/Uploaded/2022/wsxrxqeiod/2022_06_11/trieu-tien-5701.jpg|Bà Choe Son-hui là nhà ngoại giao kỳ cựu và từng đóng vai trò quan trọng trong các cuộc đàm phán hạt nhân Triều Tiên - Mỹ .|thế giới|thanhnien.vn|06:00 12/06/2022
Thành phố miền nam Ukraine cấp hộ chiếu Nga cho người dân|https://thanhnien.vn/thanh-pho-mien-nam-ukraine-cap-ho-chieu-nga-cho-nguoi-dan-post1467765.html|https://image.thanhnien.vn/150x100/Uploaded/2022/tnaztw/2022_06_11/kherson-4805.png|Các nhà chức trách ở thành phố Kherson do Nga kiểm soát ở miền nam Ukraine đã lần đầu tiên cấp hộ chiếu Nga cho người dân địa phương vào ngày 11.6.|thế giới|thanhnien.vn|21:04 11/06/2022
Mạng xã hội Trung Quốc 'dậy sóng' vì nhóm đàn ông hành hung phụ nữ|https://thanhnien.vn/mang-xa-hoi-trung-quoc-day-song-vi-nhom-dan-ong-hanh-hung-phu-nu-post1467764.html|https://image.thanhnien.vn/150x100/Uploaded/2022/tnaztw/2022_06_11/trung-quoc-3317.png|Đoạn phim từ camera an ninh ghi lại cảnh một nhóm đàn ông hành hung nhiều phụ nữ tại một nhà hàng ở thành phố Đường Sơn, đông bắc Trung Quốc ngày 10.6 đã gây ra làn sóng phẫn nộ trên mạng xã hội Trung Quốc.|thế giới|thanhnien.vn|20:26 11/06/2022
Bảo hiểm phải bồi thường 5,2 triệu USD vì chủ xe lây HPV cho người khác|https://thanhnien.vn/bao-hiem-phai-boi-thuong-5-2-trieu-usd-vi-chu-xe-lay-hpv-cho-nguoi-khac-post1467730.html|https://image.thanhnien.vn/150x100/Uploaded/2022/sgtnrb/2022_06_11/car-3209.jpg|Tòa phúc thẩm bang Missouri ở Mỹ đã tuyên một hãng bảo hiểm phải bồi thường cho một phụ nữ 5,2 triệu USD trong vụ kiện mà bà nói bản thân đã mắc bệnh lây truyền qua đường tình dục trên một chiếc xe hơi.|thế giới|thanhnien.vn|20:00 11/06/2022
Chiến sự chiều 11.6: Nga bắn hạ chiến đấu cơ, Ukraine từng không muốn nghe cảnh báo?|https://thanhnien.vn/chien-su-chieu-11-6-nga-ban-ha-chien-dau-co-ukraine-tung-khong-muon-nghe-canh-bao-post1467751.html|https://image.thanhnien.vn/150x100/Uploaded/2022/churovh/2022_06_11/quan-nhan-ukraine-kiem-tra-vu-khi-8502.jpg|Bộ Quốc phòng Nga công bố tổn thất mới của Ukraine, trong khi Tổng thống Joe Biden nói rằng Tổng thống Volodymyr Zelensky đã “không muốn nghe” những cảnh báo từ Mỹ trước khi Nga phát động chiến dịch quân sự ở Ukraine.|thế giới|thanhnien.vn|19:09 11/06/2022
Thỏa thuận Phòng thủ 5 cường quốc có thể kiểm soát căng thẳng khu vực?|https://thanhnien.vn/thoa-thuan-phong-thu-5-cuong-quoc-co-the-kiem-soat-cang-thang-khu-vuc-post1467723.html|https://image.thanhnien.vn/150x100/Uploaded/2022/uqvppcvo/2022_06_11/meet-5315.jpg|Quan chức các nước thành viên Thỏa thuận Phòng thủ 5 cường quốc (FPDA) nhóm họp bên lề Diễn đàn Shangri-La và tin tưởng có thể kiểm soát an ninh khu vực.|thế giới|thanhnien.vn|16:17 11/06/2022
Gần 1,64 triệu người Mỹ tự nhận mình là người chuyển giới|https://thanhnien.vn/gan-1-64-trieu-nguoi-my-tu-nhan-minh-la-nguoi-chuyen-gioi-post1467616.html|https://image.thanhnien.vn/150x100/Uploaded/2022/uqvppcvo/2022_06_11/trans-5755.jpg|Nghiên cứu cho rằng những người chuyển giới sống khắp nơi và nhu cầu, quan ngại của họ cần được lắng nghe và tiếp nhận trong lĩnh vực chính sách công.|thế giới|thanhnien.vn|14:40 11/06/2022
Quân đội Ukraine ‘đẩy lùi cuộc tấn công của Nga ở Zaporizhzhia', Moscow điều thêm tàu ngầm|https://thanhnien.vn/quan-doi-ukraine-day-lui-cuoc-tan-cong-cua-nga-o-zaporizhzhia-moscow-dieu-them-tau-ngam-post1467617.html|https://image.thanhnien.vn/150x100/Uploaded/2022/churovh/2022_06_11/xe-tang-ukraine-3135.jpg|Một quan chức Ukraine mới đây khẳng định quân đội Ukraine đã đẩy lùi lực lượng Nga ở tỉnh Zaporizhzhia thêm 5-7 km, trong khi lực lượng Nga được cho là hiện có 40 tên lửa hành trình sẵn sàng nhắm vào các mục tiêu ở Ukraine.|thế giới|thanhnien.vn|14:36 11/06/2022
Lối thoát nào cho chính sách zero-Covid của Trung Quốc?|https://thanhnien.vn/loi-thoat-nao-cho-chinh-sach-zero-covid-cua-trung-quoc-post1467391.html|https://image.thanhnien.vn/150x100/Uploaded/2022/tnaztw/2022_06_10/bac-kinh-165.jpg|Trung Quốc đã thực hiện một số thay đổi trong chính sách zero-Covid để tránh phải phong tỏa trên diện rộng, nhưng các chuyên gia cho rằng việc dựa vào xét nghiệm PCR để kiểm soát Covid-19 là phương án không bền vững.|thế giới|thanhnien.vn|13:30 11/06/2022
Chiến sự đến trưa 11.6: Kyiv nói Ukraine mất 10.000 quân, Nga mất gấp 3 lần|https://thanhnien.vn/chien-su-den-trua-11-6-kyiv-noi-ukraine-mat-10-000-quan-nga-mat-gap-3-lan-post1467626.html|https://image.thanhnien.vn/150x100/Uploaded/2022/uqvppcvo/2022_06_11/000-32ca4r7-8363.jpg|Ukraine ước tính khoảng 10.000 binh sĩ nước này thiệt mạng và 31.900 binh sĩ Nga thiệt mạng, trong khi tiếp tục kêu gọi phương Tây hỗ trợ vũ khí để phòng thủ ở miền đông.|thế giới|thanhnien.vn|12:49 11/06/2022
Úc chi 555 triệu euro hủy hợp đồng mua 12 tàu ngầm Pháp|https://thanhnien.vn/uc-chi-555-trieu-euro-huy-hop-dong-mua-12-tau-ngam-phap-post1467592.html|https://image.thanhnien.vn/150x100/Uploaded/2022/uqvppcvo/2022_06_11/2022-06-10t032127z-1651301859-rc2oou9hwptn-rtrmadp-3-australia-newzealand-2870.jpg|Thủ tướng Úc Anthony Albanese cho hay Úc và Pháp tái thiết lập quan hệ ngoại giao sau khi dàn xếp về việc hủy hợp đồng mua tàu ngầm.|thế giới|thanhnien.vn|11:03 11/06/2022
Israel không kích ‘làm tê liệt' sân bay thủ đô Syria, Nga lên án|https://thanhnien.vn/israel-khong-kich-lam-te-liet-san-bay-thu-do-syria-nga-len-an-post1467599.html|https://image.thanhnien.vn/150x100/Uploaded/2022/churovh/2022_06_11/san-bay-damascus-2294.jpg|Bộ Ngoại giao Nga đã bất ngờ lên tiếng sau khi Israel bị tố tấn công vào sân bay quốc tế Damascus ở Syria hôm 10.6.|thế giới|thanhnien.vn|10:35 11/06/2022
Bay đến Mỹ sẽ không cần giấy xét nghiệm Covid-19|https://thanhnien.vn/bay-den-my-se-khong-can-giay-xet-nghiem-covid-19-post1467609.html|https://image.thanhnien.vn/150x100/Uploaded/2022/uqvppcvo/2022_06_11/c-9271.jpg|Mỹ bỏ yêu cầu kết quả xét nghiệm Covid-19 đối với khách đến bằng đường hàng không vào thời điểm khởi động mùa du lịch hè.|thế giới|thanhnien.vn|10:32 11/06/2022
Nga, Ukraine đấu pháo ác liệt ở miền đông|https://thanhnien.vn/nga-ukraine-dau-phao-ac-liet-o-mien-dong-post1467647.html|https://image.thanhnien.vn/150x100/Uploaded/2022/wsxrxqeiod/2022_06_11/ukraine-4124.jpg|Tình hình chiến sự tiếp tục diễn ra khốc liệt ở miền đông Ukraine với việc cả hai bên đều đang dùng sức mạnh của pháo binh để giành ưu thế.|thế giới|thanhnien.vn|06:30 12/06/2022
Triều Tiên có nữ ngoại trưởng đầu tiên|https://thanhnien.vn/trieu-tien-co-nu-ngoai-truong-dau-tien-post1467649.html|https://image.thanhnien.vn/150x100/Uploaded/2022/wsxrxqeiod/2022_06_11/trieu-tien-5701.jpg|Bà Choe Son-hui là nhà ngoại giao kỳ cựu và từng đóng vai trò quan trọng trong các cuộc đàm phán hạt nhân Triều Tiên - Mỹ .|thế giới|thanhnien.vn|06:00 12/06/2022
Thành phố miền nam Ukraine cấp hộ chiếu Nga cho người dân|https://thanhnien.vn/thanh-pho-mien-nam-ukraine-cap-ho-chieu-nga-cho-nguoi-dan-post1467765.html|https://image.thanhnien.vn/150x100/Uploaded/2022/tnaztw/2022_06_11/kherson-4805.png|Các nhà chức trách ở thành phố Kherson do Nga kiểm soát ở miền nam Ukraine đã lần đầu tiên cấp hộ chiếu Nga cho người dân địa phương vào ngày 11.6.|thế giới|thanhnien.vn|21:04 11/06/2022
Mạng xã hội Trung Quốc 'dậy sóng' vì nhóm đàn ông hành hung phụ nữ|https://thanhnien.vn/mang-xa-hoi-trung-quoc-day-song-vi-nhom-dan-ong-hanh-hung-phu-nu-post1467764.html|https://image.thanhnien.vn/150x100/Uploaded/2022/tnaztw/2022_06_11/trung-quoc-3317.png|Đoạn phim từ camera an ninh ghi lại cảnh một nhóm đàn ông hành hung nhiều phụ nữ tại một nhà hàng ở thành phố Đường Sơn, đông bắc Trung Quốc ngày 10.6 đã gây ra làn sóng phẫn nộ trên mạng xã hội Trung Quốc.|thế giới|thanhnien.vn|20:26 11/06/2022
Bảo hiểm phải bồi thường 5,2 triệu USD vì chủ xe lây HPV cho người khác|https://thanhnien.vn/bao-hiem-phai-boi-thuong-5-2-trieu-usd-vi-chu-xe-lay-hpv-cho-nguoi-khac-post1467730.html|https://image.thanhnien.vn/150x100/Uploaded/2022/sgtnrb/2022_06_11/car-3209.jpg|Tòa phúc thẩm bang Missouri ở Mỹ đã tuyên một hãng bảo hiểm phải bồi thường cho một phụ nữ 5,2 triệu USD trong vụ kiện mà bà nói bản thân đã mắc bệnh lây truyền qua đường tình dục trên một chiếc xe hơi.|thế giới|thanhnien.vn|20:00 11/06/2022
Chiến sự chiều 11.6: Nga bắn hạ chiến đấu cơ, Ukraine từng không muốn nghe cảnh báo?|https://thanhnien.vn/chien-su-chieu-11-6-nga-ban-ha-chien-dau-co-ukraine-tung-khong-muon-nghe-canh-bao-post1467751.html|https://image.thanhnien.vn/150x100/Uploaded/2022/churovh/2022_06_11/quan-nhan-ukraine-kiem-tra-vu-khi-8502.jpg|Bộ Quốc phòng Nga công bố tổn thất mới của Ukraine, trong khi Tổng thống Joe Biden nói rằng Tổng thống Volodymyr Zelensky đã “không muốn nghe” những cảnh báo từ Mỹ trước khi Nga phát động chiến dịch quân sự ở Ukraine.|thế giới|thanhnien.vn|19:09 11/06/2022
Thỏa thuận Phòng thủ 5 cường quốc có thể kiểm soát căng thẳng khu vực?|https://thanhnien.vn/thoa-thuan-phong-thu-5-cuong-quoc-co-the-kiem-soat-cang-thang-khu-vuc-post1467723.html|https://image.thanhnien.vn/150x100/Uploaded/2022/uqvppcvo/2022_06_11/meet-5315.jpg|Quan chức các nước thành viên Thỏa thuận Phòng thủ 5 cường quốc (FPDA) nhóm họp bên lề Diễn đàn Shangri-La và tin tưởng có thể kiểm soát an ninh khu vực.|thế giới|thanhnien.vn|16:17 11/06/2022
Gần 1,64 triệu người Mỹ tự nhận mình là người chuyển giới|https://thanhnien.vn/gan-1-64-trieu-nguoi-my-tu-nhan-minh-la-nguoi-chuyen-gioi-post1467616.html|https://image.thanhnien.vn/150x100/Uploaded/2022/uqvppcvo/2022_06_11/trans-5755.jpg|Nghiên cứu cho rằng những người chuyển giới sống khắp nơi và nhu cầu, quan ngại của họ cần được lắng nghe và tiếp nhận trong lĩnh vực chính sách công.|thế giới|thanhnien.vn|14:40 11/06/2022
Quân đội Ukraine ‘đẩy lùi cuộc tấn công của Nga ở Zaporizhzhia', Moscow điều thêm tàu ngầm|https://thanhnien.vn/quan-doi-ukraine-day-lui-cuoc-tan-cong-cua-nga-o-zaporizhzhia-moscow-dieu-them-tau-ngam-post1467617.html|https://image.thanhnien.vn/150x100/Uploaded/2022/churovh/2022_06_11/xe-tang-ukraine-3135.jpg|Một quan chức Ukraine mới đây khẳng định quân đội Ukraine đã đẩy lùi lực lượng Nga ở tỉnh Zaporizhzhia thêm 5-7 km, trong khi lực lượng Nga được cho là hiện có 40 tên lửa hành trình sẵn sàng nhắm vào các mục tiêu ở Ukraine.|thế giới|thanhnien.vn|14:36 11/06/2022
Lối thoát nào cho chính sách zero-Covid của Trung Quốc?|https://thanhnien.vn/loi-thoat-nao-cho-chinh-sach-zero-covid-cua-trung-quoc-post1467391.html|https://image.thanhnien.vn/150x100/Uploaded/2022/tnaztw/2022_06_10/bac-kinh-165.jpg|Trung Quốc đã thực hiện một số thay đổi trong chính sách zero-Covid để tránh phải phong tỏa trên diện rộng, nhưng các chuyên gia cho rằng việc dựa vào xét nghiệm PCR để kiểm soát Covid-19 là phương án không bền vững.|thế giới|thanhnien.vn|13:30 11/06/2022
Chiến sự đến trưa 11.6: Kyiv nói Ukraine mất 10.000 quân, Nga mất gấp 3 lần|https://thanhnien.vn/chien-su-den-trua-11-6-kyiv-noi-ukraine-mat-10-000-quan-nga-mat-gap-3-lan-post1467626.html|https://image.thanhnien.vn/150x100/Uploaded/2022/uqvppcvo/2022_06_11/000-32ca4r7-8363.jpg|Ukraine ước tính khoảng 10.000 binh sĩ nước này thiệt mạng và 31.900 binh sĩ Nga thiệt mạng, trong khi tiếp tục kêu gọi phương Tây hỗ trợ vũ khí để phòng thủ ở miền đông.|thế giới|thanhnien.vn|12:49 11/06/2022
Úc chi 555 triệu euro hủy hợp đồng mua 12 tàu ngầm Pháp|https://thanhnien.vn/uc-chi-555-trieu-euro-huy-hop-dong-mua-12-tau-ngam-phap-post1467592.html|https://image.thanhnien.vn/150x100/Uploaded/2022/uqvppcvo/2022_06_11/2022-06-10t032127z-1651301859-rc2oou9hwptn-rtrmadp-3-australia-newzealand-2870.jpg|Thủ tướng Úc Anthony Albanese cho hay Úc và Pháp tái thiết lập quan hệ ngoại giao sau khi dàn xếp về việc hủy hợp đồng mua tàu ngầm.|thế giới|thanhnien.vn|11:03 11/06/2022
Israel không kích ‘làm tê liệt' sân bay thủ đô Syria, Nga lên án|https://thanhnien.vn/israel-khong-kich-lam-te-liet-san-bay-thu-do-syria-nga-len-an-post1467599.html|https://image.thanhnien.vn/150x100/Uploaded/2022/churovh/2022_06_11/san-bay-damascus-2294.jpg|Bộ Ngoại giao Nga đã bất ngờ lên tiếng sau khi Israel bị tố tấn công vào sân bay quốc tế Damascus ở Syria hôm 10.6.|thế giới|thanhnien.vn|10:35 11/06/2022
Bay đến Mỹ sẽ không cần giấy xét nghiệm Covid-19|https://thanhnien.vn/bay-den-my-se-khong-can-giay-xet-nghiem-covid-19-post1467609.html|https://image.thanhnien.vn/150x100/Uploaded/2022/uqvppcvo/2022_06_11/c-9271.jpg|Mỹ bỏ yêu cầu kết quả xét nghiệm Covid-19 đối với khách đến bằng đường hàng không vào thời điểm khởi động mùa du lịch hè.|thế giới|thanhnien.vn|10:32 11/06/2022
Một người Mỹ tấn công Đại sứ quán Trung Quốc ở Washington D.C.|https://thanhnien.vn/mot-nguoi-my-tan-cong-dai-su-quan-trung-quoc-o-washington-d-c-post1467585.html|https://image.thanhnien.vn/150x100/Uploaded/2022/churovh/2022_06_11/dai-su-quan-trung-quoc-tai-washington-d-1491.jpg|"Một người đàn ông ở thành phố Chicago (Mỹ) đã cố ném một quả bom cháy vào Đại sứ quán Trung Quốc tại Washington D.C. sau khi đã ném một viên ""đá nhỏ""."|thế giới|thanhnien.vn|09:28 11/06/2022
Bộ trưởng Quốc phòng Mỹ công bố bước tiếp theo trong chiến lược Indo-Pacific|https://thanhnien.vn/bo-truong-quoc-phong-my-cong-bo-buoc-tiep-theo-trong-chien-luoc-indo-pacific-post1467567.html|https://image.thanhnien.vn/150x100/Uploaded/2022/uqvppcvo/2022_06_11/l-4580.jpg|Phát biểu tại Đối thoại Singapore ở Shangri-La, Bộ trưởng Quốc phòng Mỹ công bố những bước tiếp theo trong chiến lược của Mỹ tại khu vực Ấn Độ Dương - Thái Bình Dương (Indo-Pacific).|thế giới|thanhnien.vn|08:46 11/06/2022
Một người Mỹ tấn công Đại sứ quán Trung Quốc ở Washington D.C.|https://thanhnien.vn/mot-nguoi-my-tan-cong-dai-su-quan-trung-quoc-o-washington-d-c-post1467585.html|https://image.thanhnien.vn/150x100/Uploaded/2022/churovh/2022_06_11/dai-su-quan-trung-quoc-tai-washington-d-1491.jpg|"Một người đàn ông ở thành phố Chicago (Mỹ) đã cố ném một quả bom cháy vào Đại sứ quán Trung Quốc tại Washington D.C. sau khi đã ném một viên ""đá nhỏ""."|thế giới|thanhnien.vn|09:28 11/06/2022
Bộ trưởng Quốc phòng Mỹ công bố bước tiếp theo trong chiến lược Indo-Pacific|https://thanhnien.vn/bo-truong-quoc-phong-my-cong-bo-buoc-tiep-theo-trong-chien-luoc-indo-pacific-post1467567.html|https://image.thanhnien.vn/150x100/Uploaded/2022/uqvppcvo/2022_06_11/l-4580.jpg|Phát biểu tại Đối thoại Singapore ở Shangri-La, Bộ trưởng Quốc phòng Mỹ công bố những bước tiếp theo trong chiến lược của Mỹ tại khu vực Ấn Độ Dương - Thái Bình Dương (Indo-Pacific).|thế giới|thanhnien.vn|08:46 11/06/2022
Ông Kim Jong-un đặt mục tiêu về quân sự, Triều Tiên có nữ ngoại trưởng đầu tiên|https://thanhnien.vn/ong-kim-jong-un-dat-muc-tieu-ve-quan-su-trieu-tien-co-nu-ngoai-truong-dau-tien-post1467568.html|https://image.thanhnien.vn/150x100/Uploaded/2022/churovh/2022_06_11/kim-jong-un-3008.jpg|Nhà lãnh đạo CHDCND Triều Tiên Kim Jong-un đã đưa ra những mục tiêu tăng cường sức mạnh quân sự và nghiên cứu quốc phòng để bảo vệ quyền chủ quyền của nước này.|thế giới|thanhnien.vn|08:07 11/06/2022
Trung Quốc tăng cường robot hóa tác chiến ở Biển Đông|https://thanhnien.vn/trung-quoc-tang-cuong-robot-hoa-tac-chien-o-bien-dong-post1467530.html|https://image.thanhnien.vn/150x100/Uploaded/2022/pwivoviu/2022_06_11/24a-1536.jpeg|Trung Quốc đang tăng cường huấn luyện để quân đội sử dụng thiết bị không người lái và thông minh khi tác chiến đổ bộ với mục tiêu được cho là có thể áp dụng ở Biển Đông.|thế giới|thanhnien.vn|08:00 11/06/2022
Đối thoại Shangri-La 2022: Thủ tướng Nhật lo ngại kịch bản Ukraine ở Đông Á|https://thanhnien.vn/doi-thoai-shangri-la-2022-thu-tuong-nhat-lo-ngai-kich-ban-ukraine-o-dong-a-post1467529.html|https://image.thanhnien.vn/150x100/Uploaded/2022/pwivoviu/2022_06_11/24b-5066.jpg|Tối qua (10.6), Đối thoại Shangri-La (SLD), diễn đàn an ninh hàng đầu châu Á, đã khai mạc ở Singapore sau 2 năm tạm dừng vì đại dịch Covid-19.|thế giới|thanhnien.vn|07:15 11/06/2022
Ủy ban điều tra công bố bằng chứng chống ông Trump|https://thanhnien.vn/uy-ban-dieu-tra-cong-bo-bang-chung-chong-ong-trump-post1467527.html|https://image.thanhnien.vn/150x100/Uploaded/2022/aolcpuo/2022_06_11/trump1-2894.jpg|Hôm qua (giờ VN), Ủy ban đặc biệt của hạ viện Mỹ, chuyên trách điều tra vụ tấn công Điện Capitol ngày 6.1.2021, đã mở màn cuộc điều trần công khai với những bằng chứng nhằm vào cựu Tổng thống Donald Trump.|thế giới|thanhnien.vn|06:45 11/06/2022
Ukraine chờ “hàng nóng” để xoay chuyển cục diện|https://thanhnien.vn/ukraine-cho-hang-nong-de-xoay-chuyen-cuc-dien-post1467528.html|https://image.thanhnien.vn/150x100/Uploaded/2022/pwivoviu/2022_06_11/24a2-3282.jpg|Quân đội Ukraine đang giữ chặt các thành phố chủ chốt tại miền đông trong lúc chờ vũ khí tầm xa từ phương Tây để phản công.|thế giới|thanhnien.vn|05:40 11/06/2022
Bị cáo Nga trong vụ MH17 tuyên bố vô tội|https://thanhnien.vn/bi-cao-nga-trong-vu-mh17-tuyen-bo-vo-toi-post1467502.html|https://image.thanhnien.vn/150x100/Uploaded/2022/ihvcpuo/2022_06_10/pulatov-7356.jpg|Bị cáo người Nga Oleg Pulatov đã phủ nhận trách nhiệm trong vụ máy bay hãng Malaysia Airlines MH17 bị bắn rơi tại miền đông Ukraine và kêu gọi thẩm phán tuyên bố vô tội.|thế giới|thanhnien.vn|23:17 10/06/2022
Mỹ bỏ quy định xét nghiệm trước khi bay cho khách quốc tế|https://thanhnien.vn/my-bo-quy-dinh-xet-nghiem-truoc-khi-bay-cho-khach-quoc-te-post1467498.html|https://image.thanhnien.vn/150x100/Uploaded/2022/ihvcpuo/2022_06_10/my-632.jpg|Chính quyền Mỹ đang dỡ bỏ quy định bắt buộc khách quốc tế phải xét nghiệm Covid-19 trước khi bay sang Mỹ.|thế giới|thanhnien.vn|22:17 10/06/2022
Lãnh đạo Đài Loan tuyên bố không khuất phục trước sức ép|https://thanhnien.vn/lanh-dao-dai-loan-tuyen-bo-khong-khuat-phuc-truoc-suc-ep-post1467485.html|https://image.thanhnien.vn/150x100/Uploaded/2022/ihvcpuo/2022_06_10/thai-anh-van-7080.jpg|Nhà lãnh đạo Thái Anh Văn tuyên bố Đài Loan quyết tâm tự vệ như Ukraine và sẽ không chịu khuất phục trước những sức ép.|thế giới|thanhnien.vn|21:28 10/06/2022
Thủ tướng Kishida: Nhật sẽ chuyển sang tăng cường khả năng răn đe|https://thanhnien.vn/thu-tuong-kishida-nhat-se-chuyen-sang-tang-cuong-kha-nang-ran-de-post1467471.html|https://image.thanhnien.vn/150x100/Uploaded/2022/sgtnrb/2022_06_10/sv-talk-100622-0-1180.jpg|"Thủ tướng Fumio Kishida đã trình bày những gì mà ông gọi là ""kỷ nguyên mới"" về đối ngoại, trong đó Nhật Bản sẽ chuyển sang ""ngoại giao hiện thực"" để đương đầu với những mối đe dọa."|thế giới|thanhnien.vn|20:59 10/06/2022
Bộ trưởng quốc phòng Mỹ, Trung Quốc lần đầu gặp mặt|https://thanhnien.vn/bo-truong-quoc-phong-my-trung-quoc-lan-dau-gap-mat-post1467442.html|https://image.thanhnien.vn/150x100/Uploaded/2022/uqvppcvo/2022_06_10/meet-7764.jpg|Bộ trưởng quốc phòng Mỹ và Trung Quốc gặp nhau lần đầu trong nhiệm kỳ Tổng thống Mỹ Joe Biden.|thế giới|thanhnien.vn|20:07 10/06/2022
Chiến sự đến chiều 10.6: Ukraine nói Nga ráo riết tìm điểm yếu phòng thủ|https://thanhnien.vn/chien-su-den-chieu-10-6-ukraine-noi-nga-rao-riet-tim-diem-yeu-phong-thu-post1467424.html|https://image.thanhnien.vn/150x100/Uploaded/2022/uqvppcvo/2022_06_10/000-32c77r4-2922.jpg|Phát ngôn viên Bộ Quốc phòng Ukraine cho biết các binh sĩ Nga tiếp tục tìm cách xuyên thủng hàng phòng thủ của Ukraine tại 2 thành phố ở tỉnh Luhansk.|thế giới|thanhnien.vn|18:00 10/06/2022
Khó có thể vẹn toàn|https://thanhnien.vn/kho-co-the-ven-toan-post1467098.html|https://image.thanhnien.vn/150x100/Uploaded/2022/ywnsr/2022_06_10/biden-1287.jpg|.Sau 28 năm, Mỹ mới lại đăng cai tổ chức Diễn đàn “Hội nghị cấp cao các nước châu Mỹ” vốn được thành lập và diễn ra lần đầu tiên vào năm 1994 ở Mỹ.|thế giới|thanhnien.vn|16:06 10/06/2022
Campuchia bắt đầu tiêm mũi vắc xin Covid-19 thứ 5|https://thanhnien.vn/campuchia-bat-dau-tiem-mui-vac-xin-covid-19-thu-5-post1467390.html|https://image.thanhnien.vn/150x100/Uploaded/2022/uqvppcvo/2022_06_10/vaccine-4140.jpg|Những nhóm ưu tiên tại Campuchia bắt đầu được tiêm mũi vắc xin Covid-19 thứ 5 trong đợt tiêm triển khai từ ngày 9.6.|thế giới|thanhnien.vn|15:43 10/06/2022
Chiến sự Ukraine đến trưa 10.6: chiến thuật mới của Ukraine ở Severodonetsk|https://thanhnien.vn/chien-su-ukraine-den-trua-10-6-chien-thuat-moi-cua-ukraine-o-severodonetsk-post1467299.html|https://image.thanhnien.vn/150x100/Uploaded/2022/bpcguqmv/2022_06_10/hinh-1-1038.jpg|Quân Ukraine đang kiên trì bám giữ vị trí trong cuộc giao tranh ác liệt với Nga trên đường phố Severodonetsk, trong bối cảnh Kyiv hiện phụ thuộc vào nguồn viện trợ vũ khí của phương Tây vì kho vũ khí từ thời Liên Xô cạn kiệt.|thế giới|thanhnien.vn|13:33 10/06/2022
Người tiêu dùng Mỹ xôn xao lo thiếu tương ớt của doanh nhân gốc Việt|https://thanhnien.vn/nguoi-tieu-dung-my-xon-xao-lo-thieu-tuong-ot-cua-doanh-nhan-goc-viet-post1467316.html|https://image.thanhnien.vn/150x100/Uploaded/2022/uqvppcvo/2022_06_10/sriracha-4632.jpg|Công ty Huy Fong Foods của doanh nhân gốc Việt David Tran cảnh báo việc thiếu hụt ớt ảnh hưởng nghiêm trọng đến việc sản xuất tương ớt Sriracha.|thế giới|thanhnien.vn|11:26 10/06/2022
2 ngày, 2 máy bay quân sự Mỹ rơi xuống cùng khu vực|https://thanhnien.vn/2-ngay-2-may-bay-quan-su-my-roi-xuong-cung-khu-vuc-post1467315.html|https://image.thanhnien.vn/150x100/Uploaded/2022/sgtnrb/2022_06_10/1200px-sh-60b-seahawk2-4776.jpg|Một trực thăng quân sự của hải quân Mỹ đã rơi tại khu vực gần ranh giới hai bang California và Arizona vào chiều 9.6, một ngày sau khi 5 lính thủy đánh bộ thiệt mạng trong vụ rơi máy bay MV-22 Osprey ở cùng khu vực.|thế giới|thanhnien.vn|11:04 10/06/2022
Giải cứu hai người bị rơi vào bể chứa sôcôla ở nhà máy kẹo Mỹ|https://thanhnien.vn/giai-cuu-hai-nguoi-bi-roi-vao-be-chua-socola-o-nha-may-keo-my-post1467278.html|https://image.thanhnien.vn/150x100/Uploaded/2022/bpcguqmv/2022_06_10/nha-may-keo-8613.png|Truyền thông Mỹ đưa tin hai người đã được giải cứu sau khi rơi vào bể chứa sôcôla ở nhà máy kẹo Mars Wrigley ở bang Pennsylvania, theo Hãng tin Reuters và AFP hôm 10.6.|thế giới|thanhnien.vn|10:30 10/06/2022
WHO cảnh báo ‘nguy cơ thật sự’ về đậu mùa khỉ tại nhiều nước|https://thanhnien.vn/who-canh-bao-nguy-co-that-su-ve-dau-mua-khi-tai-nhieu-nuoc-post1466853.html|https://image.thanhnien.vn/150x100/Uploaded/2022/uqvppcvo/2022_06_08/000-32bt9y3-893.jpg|Tổ chức Y tế thế giới cảnh báo nguy cơ bệnh đậu mùa khỉ lây lan lâu dài tại nhiều nước, đồng thời cho rằng thời điểm này vẫn còn có thể ngăn chặn.|thế giới|thanhnien.vn|10:09 10/06/2022
Trung Quốc lên tiếng về việc chuyển giao vật liệu hạt nhân theo cơ chế AUKUS|https://thanhnien.vn/trung-quoc-len-tieng-ve-viec-chuyen-giao-vat-lieu-hat-nhan-theo-co-che-aukus-post1467269.html|https://image.thanhnien.vn/150x100/Uploaded/2022/bpcguqmv/2022_06_10/tq-792.png|Ông Vương Quần, Đại diện thường trực của Trung Quốc tại Liên Hợp Quốc ở Vienna (Áo) đề cập quan ngại của Bắc Kinh về việc chuyển giao vật liệu vũ khí hạt nhân trong nội bộ liên minh AUKUS (Mỹ-Úc-Anh), theo Tân Hoa xã hôm 10.6.|thế giới|thanhnien.vn|10:00 10/06/2022
NASA chính thức lập nhóm nghiên cứu về UFO|https://thanhnien.vn/nasa-chinh-thuc-lap-nhom-nghien-cuu-ve-ufo-post1467276.html|https://image.thanhnien.vn/150x100/Uploaded/2022/uqvppcvo/2022_06_10/ufp-7274.jpg|Nghiên cứu về UFO do Cơ quan Hàng không và Vũ trụ Mỹ tổ chức thực hiện sẽ có kết quả công khai trong vòng 9 tháng.|thế giới|thanhnien.vn|09:31 10/06/2022
Đối thoại Shangri-La chính thức trở lại|https://thanhnien.vn/doi-thoai-shangri-la-chinh-thuc-tro-lai-post1467099.html|https://image.thanhnien.vn/150x100/Uploaded/2022/wsxrxqeiod/2022_06_09/kishida-7337.jpg|Hôm nay 10.6, Đối thoại Shangri-La (SLD), diễn đàn an ninh hàng đầu châu Á, sẽ khai mạc ở Singapore sau 2 năm tạm dừng vì Covid-19.|thế giới|thanhnien.vn|08:00 10/06/2022
Đậu mùa khỉ tiếp tục lây lan, WHO cảnh báo nguy cơ|https://thanhnien.vn/dau-mua-khi-tiep-tuc-lay-lan-who-canh-bao-nguy-co-post1467097.html|https://image.thanhnien.vn/150x100/Uploaded/2022/wsxrxqeiod/2022_06_09/dau-mua-khi-1934.jpg|Bệnh đậu mùa khỉ tiếp tục lây lan ở nhiều nước, diễn biến đáng lo ngại, khiến Tổ chức Y tế thế giới (WHO) lại lên tiếng cảnh báo.|thế giới|thanhnien.vn|07:30 10/06/2022
Xả súng tại Mỹ, ít nhất 3 người thiệt mạng|https://thanhnien.vn/xa-sung-tai-my-it-nhat-3-nguoi-thiet-mang-post1467259.html|https://image.thanhnien.vn/150x100/Uploaded/2022/uqvppcvo/2022_06_10/s-6286.jpg|Một người đàn ông xả súng tại nhà máy của Công ty Columbia Machine (bang Maryland, Mỹ) khiến ít nhất 3 người thiệt mạng.|thế giới|thanhnien.vn|07:28 10/06/2022
Lầu Năm Góc muốn tránh phụ thuộc Trung Quốc về chuỗi cung ứng|https://thanhnien.vn/lau-nam-goc-muon-tranh-phu-thuoc-trung-quoc-ve-chuoi-cung-ung-post1467255.html|https://image.thanhnien.vn/150x100/Uploaded/2022/uqvppcvo/2022_06_10/d-7228.jpg|Bộ Quốc phòng Mỹ cảnh báo tình trạng thiếu hụt lao động trong nước và phụ thuộc vào Trung Quốc về chuỗi cung ứng trong lĩnh vực quốc phòng.|thế giới|thanhnien.vn|07:07 10/06/2022
Thượng Hải bất ngờ xét nghiệm Covid-19 cho số đông|https://thanhnien.vn/thuong-hai-bat-ngo-xet-nghiem-covid-19-cho-so-dong-post1467253.html|https://image.thanhnien.vn/150x100/Uploaded/2022/bpcguqmv/2022_06_10/thuong-hai-8435.jpg|10 ngày sau khi lệnh phong tỏa phòng dịch Covid-19 được dỡ bỏ, nhiều người dân Thượng Hải tỏ ra ngạc nhiên trước đợt xét nghiệm Covid-19 vừa được chính quyền thành phố thông báo.|thế giới|thanhnien.vn|07:00 10/06/2022
Chiến sự Ukraine ngày thứ 106: Trận chiến 'rất ác liệt’, hai bên nêu tổn thất|https://thanhnien.vn/chien-su-ukraine-ngay-thu-106-tran-chien-rat-ac-liet-hai-ben-neu-ton-that-post1467225.html|https://image.thanhnien.vn/150x100/Uploaded/2022/churovh/2022_06_09/quan-nhan-ukraine-3127.jpg|Bộ trưởng Quốc phòng Ukraine Oleksiy Reznikov ngày 9.6 cho hay tình hình tại các tiền tuyến “khó khăn”, trong khi Bộ Quốc phòng Nga nêu tổn thất mới của lực lượng Ukraine.|thế giới|thanhnien.vn|06:30 10/06/2022
Trận chiến quyết định số phận miền đông Ukraine|https://thanhnien.vn/tran-chien-quyet-dinh-so-phan-mien-dong-ukraine-post1467100.html|https://image.thanhnien.vn/150x100/Uploaded/2022/wsxrxqeiod/2022_06_09/ukraine-3786.jpg|Tổng thống Ukraine Volodymyr Zelensky tuyên bố số phận của vùng Donbass đang được quyết định trong trận chiến ở Severodonetsk, giữa lúc lực lượng Nga dồn hỏa lực vào thành phố này.|thế giới|thanhnien.vn|06:12 10/06/2022
Gần 700 triệu USD ‘biến mất’ khỏi một số ngân hàng nhà nước ở Iraq|https://thanhnien.vn/gan-700-trieu-usd-bien-mat-khoi-mot-so-ngan-hang-nha-nuoc-o-iraq-post1467213.html|https://image.thanhnien.vn/150x100/Uploaded/2022/churovh/2022_06_09/ngan-hang-o-iraq-1446.jpg|Gần 700 triệu USD trong các quỹ công đã bị chiếm đoạt khỏi một số ngân hàng nhà nước ở Iraq trong một vụ bê bối có liên quan 41 người.|thế giới|thanhnien.vn|22:49 09/06/2022
Đài Loan lên kế hoạch lắp đặt phi pháp radar ở đảo Ba Bình|https://thanhnien.vn/dai-loan-len-ke-hoach-lap-dat-phi-phap-radar-o-dao-ba-binh-post1467194.html|https://image.thanhnien.vn/150x100/Uploaded/2022/churovh/2022_06_09/radar-bee-eye-9956.jpg|Cơ quan Phòng vệ Đài Loan vừa đưa ra kế hoạch lắp đặt radar Bee Eye ở đảo Ba Bình, trong quần đảo Trường Sa thuộc chủ quyền Việt Nam nhưng bị Đài Bắc chiếm đóng phi pháp.|thế giới|thanhnien.vn|21:05 09/06/2022
Ukraine nói Nga đã phóng 2.600 tên lửa|https://thanhnien.vn/ukraine-noi-nga-da-phong-2-600-ten-lua-post1467190.html|https://image.thanhnien.vn/150x100/Uploaded/2022/churovh/2022_06_09/m777-7880.jpg|Tổng thống Ukraine Volodymyr Zelensky mới đây khẳng định Nga đã phóng hơn 2.600 tên lửa chống lại lực lượng Ukraine kể từ ngày 24.2, trong khi quân đội Ukraine nêu tổn thất mới của phía Nga.|thế giới|thanhnien.vn|19:54 09/06/2022
Tổng thư ký NATO bị giời leo|https://thanhnien.vn/tong-thu-ky-nato-bi-gioi-leo-post1467153.html|https://image.thanhnien.vn/150x100/Uploaded/2022/tnaztw/2022_06_09/nato-5046.png|Tổng thư ký NATO Jens Stoltenberg đã được chẩn đoán mắc bệnh zona (giời leo) và phải làm việc tại nhà.|thế giới|thanhnien.vn|19:40 09/06/2022
Chiến sự đến tối 9.6: Ukraine có thể đẩy lùi Nga ở Severodonetsk với một điều kiện|https://thanhnien.vn/chien-su-den-toi-9-6-ukraine-co-the-day-lui-nga-o-severodonetsk-voi-mot-dieu-kien-post1467163.html|https://image.thanhnien.vn/150x100/Uploaded/2022/sgtnrb/2022_06_09/5409-9510.jpg|Thống đốc tỉnh Luhansk của Ukraine nói cục diện ở thành phố Severodonetsk sẽ có thể thay đổi trong 2-3 ngày với sự giúp đỡ của phương Tây.|thế giới|thanhnien.vn|18:43 09/06/2022
Thượng Hải, Bắc Kinh lại có báo động, phong tỏa vì Covid-19|https://thanhnien.vn/thuong-hai-bac-kinh-lai-co-bao-dong-phong-toa-vi-covid-19-post1467132.html|https://image.thanhnien.vn/150x100/Uploaded/2022/tnaztw/2022_06_09/trung-quoc-7741.jpg|Các thành phố Thượng Hải và Bắc Kinh ngày 9.6 đã quay trở lại tình trạng báo động vì Covid-19 với việc áp đặt các biện pháp phong tỏa mới và đóng cửa các địa điểm giải trí.|thế giới|thanhnien.vn|16:44 09/06/2022
Nga tung đội hình 4 tiêm kích đa nhiệm tàng hình Su-57 ở Ukraine?|https://thanhnien.vn/nga-tung-doi-hinh-4-tiem-kich-da-nhiem-tang-hinh-su-57-o-ukraine-post1467129.html|https://image.thanhnien.vn/150x100/Uploaded/2022/bpcguqmv/2022_06_09/su-57-4056.png|RIA Novosti hôm 9.6 dẫn nguồn thạo tin nói về sứ mệnh có sự góp mặt của 4 chiếc Su-57 vừa được Nga triển khai tại Ukraine, theo đó các máy bay liên kết và phối hợp tiêu diệt các hệ thống phòng không của đối phương.|thế giới|thanhnien.vn|16:42 09/06/2022
Mỹ thông qua thương vụ 120 triệu USD giúp Đài Loan bảo trì tàu chiến|https://thanhnien.vn/my-thong-qua-thuong-vu-120-trieu-usd-giup-dai-loan-bao-tri-tau-chien-post1467115.html|https://image.thanhnien.vn/150x100/Uploaded/2022/tnaztw/2022_06_09/dai-loan-5050.jpg|Mỹ đã thông qua một thương vụ trị giá 120 triệu USD để giúp Đài Loan bảo trì tàu chiến và đảm bảo sự sẵn sàng chiến đấu.|thế giới|thanhnien.vn|16:01 09/06/2022
Chiến đấu cơ Trung Quốc rơi làm cháy nhà, một người chết|https://thanhnien.vn/chien-dau-co-trung-quoc-roi-lam-chay-nha-mot-nguoi-chet-post1467068.html|https://image.thanhnien.vn/150x100/Uploaded/2022/sgtnrb/2022_06_09/maybaytq-6370.jpg|Máy bay quân sự đã lao xuống khu vực gần một sân bay ở tỉnh Hồ Bắc sáng 9.6, khiến ít nhất một người chết, 2 người bị thương cũng như làm cháy vài ngôi nhà.|thế giới|thanhnien.vn|14:53 09/06/2022
Forbes: Chính phủ Mỹ ra lệnh hai công ty dữ liệu du lịch theo dõi tin tặc Nga|https://thanhnien.vn/forbes-chinh-phu-my-ra-lenh-hai-cong-ty-du-lieu-du-lich-theo-doi-tin-tac-nga-post1466998.html|https://image.thanhnien.vn/150x100/Uploaded/2022/churovh/2022_06_09/aleksei-burkov-5392.jpg|Tạp chí Forbes ngày 8.6 đăng một bài phóng sự điều tra cho thấy chính phủ Mỹ từng ra lệnh hai công ty dữ liệu theo dõi tin tặc Nga khét tiếng Aleksei Burkov trong hai năm.|thế giới|thanhnien.vn|14:12 09/06/2022
Phát hiện tín hiệu vô tuyến bí ẩn cách trái đất 3 tỉ năm ánh sáng|https://thanhnien.vn/phat-hien-tin-hieu-vo-tuyen-bi-an-cach-trai-dat-3-ti-nam-anh-sang-post1467001.html|https://image.thanhnien.vn/150x100/Uploaded/2022/bpcguqmv/2022_06_09/vu-tru-6553.png|Các nhà khoa học vừa phát hiện một đợt bùng phát sóng vô tuyến nhanh (FRB) bí ẩn, xuất phát từ một địa điểm lạ lùng và không ngờ đến của vũ trụ.|thế giới|thanhnien.vn|13:38 09/06/2022
Chiến sự Ukraine đến trưa 9.6: Cục diện ở Severodonetsk sẽ quyết định số phận Donbass|https://thanhnien.vn/chien-su-ukraine-den-trua-9-6-cuc-dien-o-severodonetsk-se-quyet-dinh-so-phan-donbass-post1467021.html|https://image.thanhnien.vn/150x100/Uploaded/2022/tnaztw/2022_06_09/ukraine-5532.jpg|Tổng thống Ukraine Volodymyr Zelensky cho biết cuộc chiến giành quyền kiểm soát thành phố Severodonetsk ở tỉnh Luhansk là cuộc đối đầu khó khăn nhất và cục diện ở đây sẽ quyết định số phận của Donbass.|thế giới|thanhnien.vn|12:44 09/06/2022
FBI cáo buộc tướng Mỹ bí mật vận động hành lang cho Qatar|https://thanhnien.vn/fbi-cao-buoc-tuong-my-bi-mat-van-dong-hanh-lang-cho-qatar-post1466987.html|https://image.thanhnien.vn/150x100/Uploaded/2022/bpcguqmv/2022_06_09/tuong-my-9686.png|Tướng 4 sao Mỹ đã về hưu John Allen, hiện giữ chức Chủ tịch Viện Brookings nghiên cứu chính sách đầy quyền lực ở Washington D.C, đang bị FBI điều tra với cáo buộc làm gián điệp cho nước ngoài.|thế giới|thanhnien.vn|11:37 09/06/2022
Mỹ tiết lộ cách đơn giản tin tặc Trung Quốc dùng để xâm nhập các công ty viễn thông lớn|https://thanhnien.vn/my-noi-tin-tac-trung-quoc-xam-nhap-cac-cong-ty-vien-thong-lon-post1467003.html|https://image.thanhnien.vn/150x100/Uploaded/2022/sgtnrb/2022_06_09/220228105352-hackers-exlarge-169-3793.jpg|"Các tin tặc Trung Quốc đã xâm nhập ""các công ty viễn thông lớn"" bên cạnh một loạt mục tiêu khác trên toàn thế giới, theo cáo buộc từ giới chức an ninh Mỹ."|thế giới|thanhnien.vn|11:32 09/06/2022
Lũ lụt khiến 10 người thiệt mạng ở miền trung Trung Quốc|https://thanhnien.vn/lu-lut-khien-10-nguoi-thiet-mang-o-mien-trung-trung-quoc-post1467005.html|https://image.thanhnien.vn/150x100/Uploaded/2022/tnaztw/2022_06_09/trung-quoc-4851.png|10 người đã thiệt mạng và hàng trăm ngàn người phải sơ tán do mưa lớn ở tỉnh Hồ Nam, miền trung Trung Quốc.|thế giới|thanhnien.vn|11:23 09/06/2022
Cưới vợ 16 năm, cả 3 con đều không phải con ruột, chồng đâm đơn ly hôn|https://thanhnien.vn/cuoi-vo-16-nam-ca-3-con-deu-khong-phai-con-ruot-chong-dam-don-ly-hon-post1466958.html|https://image.thanhnien.vn/150x100/Uploaded/2022/bpcguqmv/2022_06_09/man-8825.png|Người chồng họ Trần, 45 tuổi ở tỉnh Giang Tây (Trung Quốc), nộp đơn ly hôn sau khi phát hiện người vợ họ Dư liên tục “cắm sừng” mình trong 16 năm hôn nhân, và cả 3 con gái đều là con người khác.|thế giới|thanhnien.vn|10:20 09/06/2022
Máy bay thủy quân lục chiến Mỹ rơi ở California, 4 người chết|https://thanhnien.vn/may-bay-thuy-quan-luc-chien-my-roi-o-california-4-nguoi-chet-post1466938.html|https://image.thanhnien.vn/150x100/Uploaded/2022/sgtnrb/2022_06_09/osprey-5231.jpg|Một chiếc MV-22B Osprey của lực lượng thủy quân lục chiến Mỹ đã rơi tại khu vực thuộc hạt Imperial của bang California ngày 8.6, khiến ít nhất 4 người thiệt mạng.|thế giới|thanhnien.vn|08:35 09/06/2022
IAEA: Iran lắp thêm máy ly tâm tiên tiến tại nhà máy làm giàu uranium|https://thanhnien.vn/iaea-iran-lap-them-may-ly-tam-tien-tien-tai-nha-may-lam-giau-uranium-post1466941.html|https://image.thanhnien.vn/150x100/Uploaded/2022/tnaztw/2022_06_09/iran-4803.jpg|Cơ quan Năng lượng Nguyên tử Quốc tế (IAEA) cho biết Iran đã bắt đầu lắp đặt các máy ly tâm IR-6 tiên tiến tại một nhà máy làm giàu uranium dưới lòng đất theo kế hoạch Tehran đề ra từ lâu.|thế giới|thanhnien.vn|08:34 09/06/2022
Tổng thống Zelensky: Số phận Donbass sẽ được quyết định ở Severodonetsk|https://thanhnien.vn/tong-thong-zelensky-so-phan-donbass-se-duoc-quyet-dinh-o-severodonetsk-post1466931.html|https://image.thanhnien.vn/150x100/Uploaded/2022/sgtnrb/2022_06_09/donetsk-4-2408.jpg|Ông Zelensky nói Severodonetsk là tâm điểm đối đầu ở vùng Donbass miền đông Ukraine, sau khi Nga tuyên bố đã kiểm soát toàn bộ khu vực dân cư của thành phố.|thế giới|thanhnien.vn|07:24 09/06/2022
Ukraine quyết bảo vệ miền đông|https://thanhnien.vn/ukraine-quyet-bao-ve-mien-dong-post1466883.html|https://image.thanhnien.vn/150x100/Uploaded/2022/pwivoviu/2022_06_08/24a1-4740.jpg|Tổng thống Ukraine Volodymyr Zelensky tuyên bố kiên quyết bảo vệ miền đông trong bối cảnh chiến sự ngày càng khốc liệt.|thế giới|thanhnien.vn|06:34 09/06/2022
Chiến sự ngày 105: Nga, Ukraine trao đổi thi thể các binh sĩ|https://thanhnien.vn/chien-su-ngay-105-nga-ukraine-trao-doi-thi-the-cac-binh-si-post1466870.html|https://image.thanhnien.vn/150x100/Uploaded/2022/uqvppcvo/2022_06_08/uk-5809.jpg|Nga và Ukraine tiếp tục trao đổi thi thể của tổng cộng 100 binh sĩ 2 bên, trong khi chiến sự vẫn tiếp diễn ác liệt ở miền đông.|thế giới|thanhnien.vn|06:01 09/06/2022
Vắc xin nâng cấp của Moderna hiệu quả cao đối với biến thể Omicron|https://thanhnien.vn/vac-xin-nang-cap-cua-moderna-hieu-qua-cao-doi-voi-bien-the-omicron-post1466829.html|https://image.thanhnien.vn/150x100/Uploaded/2022/uqvppcvo/2022_06_08/2022-05-24t114743z-246138268-rc2mdu95r3gd-rtrmadp-3-health-monkeypox-moderna-2623.jpg|Hãng Moderna công bố kết quả nghiên cứu sơ bộ cho thấy phiên bản mới của vắc xin Covid-19 giúp tăng đáng kể mức kháng thể đối với biến thể Omicron.|thế giới|thanhnien.vn|19:59 08/06/2022
Chiến sự Ukraine đến tối 8.6: Severodonetsk trên bờ vực nguy hiểm|https://thanhnien.vn/chien-su-ukraine-den-toi-8-6-severodonetsk-tren-bo-vuc-nguy-hiem-post1466792.html|https://image.thanhnien.vn/150x100/Uploaded/2022/bpcguqmv/2022_06_08/hinh-1-3074.jpg|Thống đốc Serhiy Hayday của Luhansk cho biết lực lượng Ukraine có thể buộc phải rút lui về những cứ điểm được bảo vệ chắc chắn hơn ở Severodonetsk, trong khi nhấn mạnh Kyiv sẽ không từ bỏ thành phố quan trọng này.|thế giới|thanhnien.vn|19:05 08/06/2022
Xe lao vào đám đông tại Berlin, 1 người thiệt mạng và nhiều người bị thương|https://thanhnien.vn/xe-lao-vao-dam-dong-tai-berlin-1-nguoi-thiet-mang-va-nhieu-nguoi-bi-thuong-post1466791.html|https://image.thanhnien.vn/150x100/Uploaded/2022/ihvcpuo/2022_06_08/2022-06-08t095451z-649931417-rc2lnu9ezyba-rtrmadp-3-germany-crash-7515.jpg|Ít nhất 1 người thiệt mạng và nhiều người bị thương do một chiếc xe hơi lao vào tại quận Charlottenburg ở phía tây Berlin (Đức) ngày 8.6.|thế giới|thanhnien.vn|17:29 08/06/2022
Bộ trưởng quốc phòng Mỹ, Trung sẽ bàn về Đài Loan tại Đối thoại Shangri-La?|https://thanhnien.vn/bo-truong-quoc-phong-my-trung-se-ban-ve-dai-loan-tai-doi-thoai-shangri-la-post1466782.html|https://image.thanhnien.vn/150x100/Uploaded/2022/tnaztw/2022_06_08/trung-quoc-7261.jpg|Các nhà lãnh đạo quốc phòng Trung Quốc và Mỹ dự kiến tái khẳng định lập trường an ninh cứng rắn của hai nước tại Đối thoại Shangri-La ở Singapore vào cuối tuần này.|thế giới|thanhnien.vn|17:26 08/06/2022
Thành phố nào đắt đỏ nhất thế giới?|https://thanhnien.vn/thanh-pho-nao-dat-do-nhat-the-gioi-post1466780.html|https://image.thanhnien.vn/150x100/Uploaded/2022/ihvcpuo/2022_06_08/hong-kong-1943.jpg|Hồng Kông tiếp tục là thành phố đắt đỏ nhất thế giới và châu Á có đến 6 thành phố trong tốp 10.|thế giới|thanhnien.vn|17:24 08/06/2022
Dớp dở sau thoát hiểm|https://thanhnien.vn/dop-do-sau-thoat-hiem-post1466589.html|https://image.thanhnien.vn/150x100/Uploaded/2022/znosgo/2022_06_08/johnson-899.jpg|Thủ tướng Anh Boris Johnson đã không bị mất chức chủ tịch đảng Bảo thủ trong cuộc bỏ phiếu bất tín nhiệm của 359 dân biểu thuộc đảng này trong hạ viện.|thế giới|thanhnien.vn|14:00 08/06/2022
Trung Quốc thưởng đến 15.000 USD cho người trình báo về mối đe dọa với an ninh|https://thanhnien.vn/trung-quoc-thuong-den-15-000-usd-cho-nguoi-trinh-bao-ve-moi-de-doa-voi-an-ninh-post1466673.html|https://image.thanhnien.vn/150x100/Uploaded/2022/tnaztw/2022_06_08/tq-1854.jpg|Trung Quốc đang treo thưởng đến 15.000 USD cho những công dân trình báo các hành động được coi là mối đe dọa đối với an ninh quốc gia.|thế giới|thanhnien.vn|13:00 08/06/2022
Chiến sự đến trưa 8.6: Giao tranh không ngừng tại Severodonetsk, Melitopol sắp trưng cầu dân ý|https://thanhnien.vn/chien-su-den-trua-8-6-giao-tranh-khong-ngung-tai-severodonetsk-melitopol-sap-trung-cau-dan-y-post1466678.html|https://image.thanhnien.vn/150x100/Uploaded/2022/ihvcpuo/2022_06_08/roc-ket-3365.jpg|Nga tuyên bố đã lập hành lang trên bộ từ nước này sang miền đông Ukraine và đến bán đảo Crimea, trong khi chiến sự tại thành phố Severodonetsk đang diễn ra không ngừng nghỉ.|thế giới|thanhnien.vn|12:00 08/06/2022
Việt Nam trúng cử Phó Chủ tịch Đại hội đồng LHQ, đại diện châu Á - Thái Bình Dương|https://thanhnien.vn/viet-nam-trung-cu-pho-chu-tich-dai-hoi-dong-lhq-dai-dien-chau-a-thai-binh-duong-post1466663.html|https://image.thanhnien.vn/150x100/Uploaded/2022/bpcguqmv/2022_06_08/lhq-4143.jpg|Ngày 7.6 (giờ New York, Mỹ), tại trụ sở Liên Hiệp Quốc (LHQ), Đại hội đồng Liên Hiệp Quốc (ĐHĐ LHQ) đồng thuận bầu Việt Nam làm Phó Chủ tịch ĐHĐ LHQ Khóa 77 đại diện châu Á - Thái Bình Dương|thế giới|thanhnien.vn|11:07 08/06/2022
‘Phòng thí nghiệm’ dưới nước Trung Quốc rà soát thềm Biển Đông|https://thanhnien.vn/phong-thi-nghiem-duoi-nuoc-trung-quoc-ra-soat-them-bien-dong-post1466636.html|https://image.thanhnien.vn/150x100/Uploaded/2022/bpcguqmv/2022_06_08/tau-yq-7295.png|Đài CCTV ngày 7.6 đưa tin Trung Quốc vừa hoàn tất cuộc thử nghiệm trạm nghiên cứu robot trên thềm Biển Đông trong một sứ mệnh bắt đầu hồi tháng trước.|thế giới|thanhnien.vn|10:28 08/06/2022
Nga sẽ không có tàu sân bay nào hoạt động đến năm 2024|https://thanhnien.vn/nga-se-khong-co-tau-san-bay-nao-hoat-dong-den-nam-2024-post1466629.html|https://image.thanhnien.vn/150x100/Uploaded/2022/ihvcpuo/2022_05_05/kuznetsov-8782.jpg|Tàu sân bay duy nhất của Nga, chiếc Đô đốc Kuznetsov đã gặp thêm vấn đề trong thời gian sửa chữa và ngày quay lại hoạt động tiếp tục bị đẩy lùi sang năm 2024.|thế giới|thanhnien.vn|09:13 08/06/2022
Canada cảnh báo đi lại liên quan đậu mùa khỉ đối với nhiều nước|https://thanhnien.vn/canada-canh-bao-di-lai-lien-quan-dau-mua-khi-doi-voi-nhieu-nuoc-post1466624.html|https://image.thanhnien.vn/150x100/Uploaded/2022/bpcguqmv/2022_06_08/dau-mua-khi-7535.jpg|Ngày 8.6 (giờ Việt Nam), Canada khuyến cáo công dân nước này thận trọng trong lúc đến hơn 20 nước, bao gồm Úc, Anh và Mỹ, và cảnh báo họ đối mặt nguy cơ bị hoãn nhập cảnh nếu mắc đậu mùa khỉ.|thế giới|thanhnien.vn|09:11 08/06/2022
Campuchia, Trung Quốc bác bỏ thông tin về việc lập căn cứ hải quân bí mật|https://thanhnien.vn/campuchia-trung-quoc-bac-bo-thong-tin-ve-viec-lap-can-cu-hai-quan-bi-mat-post1466617.html|https://image.thanhnien.vn/150x100/Uploaded/2022/ihvcpuo/2022_06_08/campuchia-7321.jpg|Campuchia và Trung Quốc đã bác bỏ thông tin cho rằng đang xây dựng một căn cứ hải quân bí mật cho đội tàu của Bắc Kinh, trong khi thủ tướng Úc kêu gọi các bên minh bạch.|thế giới|thanhnien.vn|08:13 08/06/2022
Thế giới chật vật trong cơn bão giá|https://thanhnien.vn/the-gioi-chat-vat-trong-con-bao-gia-post1466393.html|https://image.thanhnien.vn/150x100/Uploaded/2022/wsxrxqeiod/2022_06_08/indonesia-3594.jpg|Hàng triệu người trên thế giới đối diện với những quyết định khó khăn trong chi tiêu khi giá cả lương thực và năng lượng đang tăng mạnh.|thế giới|thanhnien.vn|08:00 08/06/2022
NATO không đảm bảo với Nga về triển khai vũ khí hạt nhân ở thành viên mới|https://thanhnien.vn/nato-khong-dam-bao-voi-nga-ve-trien-khai-vu-khi-hat-nhan-o-thanh-vien-moi-post1466607.html|https://image.thanhnien.vn/150x100/Uploaded/2022/ihvcpuo/2022_06_08/nato-3820.jpg|Phó tổng thư ký NATO Camille Grand nói rằng việc triển khai vũ khí hạt nhân trên lãnh thổ là quyền của mỗi thành viên nên NATO sẽ không có sự đảm bảo nào cho Nga về việc các thành viên mới sẽ không làm vậy.|thế giới|thanhnien.vn|07:04 08/06/2022
Hàn Quốc, Mỹ điều 20 chiến đấu cơ bay sát Triều Tiên|https://thanhnien.vn/han-quoc-my-dieu-20-chien-dau-co-bay-sat-trieu-tien-post1466588.html|https://image.thanhnien.vn/150x100/Uploaded/2022/znosgo/2022_06_08/3970fb07-ad4f-4793-8471-933ea20e5a8c-2444.jpeg|Hội đồng tham mưu trưởng liên quân Hàn Quốc (JCS) hôm qua thông báo 16 chiến đấu cơ Hàn Quốc lập thành phi đội trên biển Hoàng Hải nhằm “đối phó mối đe dọa từ kẻ thù”, theo AFP.|thế giới|thanhnien.vn|06:53 08/06/2022
Cảnh sát Mỹ bắt kẻ đẩy phụ nữ xuống đường ray tàu điện ngầm New York|https://thanhnien.vn/canh-sat-my-bat-ke-day-phu-nu-xuong-duong-ray-tau-dien-ngam-new-york-post1466603.html|https://image.thanhnien.vn/150x100/Uploaded/2022/bpcguqmv/2022_06_08/bronx-7452.png|Ngày 7.6, Cảnh sát thành phố New York (NYPD) của bang New York (Mỹ) đã bắt giữ một người đàn ông bị tình nghi đẩy một phụ nữ xuống đường ray tàu điện ngầm tại khu Bronx cuối tuần qua.|thế giới|thanhnien.vn|06:47 08/06/2022
Tình thế khó đoán ở miền đông Ukraine|https://thanhnien.vn/tinh-the-kho-doan-o-mien-dong-ukraine-post1466586.html|https://image.thanhnien.vn/150x100/Uploaded/2022/wsxrxqeiod/2022_06_08/ukraine-3410.jpg|Quyền kiểm soát ở Severodonetsk có thể liên tục thay đổi, trong khi nỗ lực viện trợ vũ khí của phương Tây cho Ukraine lại phát sinh vấn đề mới.|thế giới|thanhnien.vn|06:00 08/06/2022
Chiến sự ngày 104: Nga nói kiểm soát 97% tỉnh Luhansk, thông hành lang bộ tới Crimea|https://thanhnien.vn/chien-su-ukraine-ngay-104-nga-tuyen-bo-kiem-soat-97-tinh-luhansk-post1466564.html|https://image.thanhnien.vn/150x100/Uploaded/2022/sgtnrb/2022_06_07/severro-1056.jpg|"Tình hình ở Severodonetsk vẫn rất khó khăn cho Kyiv giữa lúc Nga tuyên bố đã kiểm soát hoàn toàn khu vực dân cư của thành phố, đồng thời ""giải phóng"" 97% tỉnh Luhansk của Ukraine."|thế giới|thanhnien.vn|05:00 08/06/2022
Ukraine cần bao nhiêu bệ phóng rốc két?|https://thanhnien.vn/ukraine-can-bao-nhieu-be-phong-roc-ket-post1466497.html|https://image.thanhnien.vn/150x100/Uploaded/2022/churovh/2022_06_07/himars-7156.jpg|Cố vấn tổng thống Ukraine Oleksiy Arestovych mới đây cho rằng nước này cần 60 bệ phóng rốc két đa nòng để có cơ hội đánh bại lực lượng Nga, sau khi Mỹ và Anh hứa cung cấp loại vũ khí tương tự cho Kyiv.|thế giới|thanhnien.vn|20:40 07/06/2022
Các hãng vận tải châu Âu 'nhạo báng' lệnh trừng phạt Nga|https://thanhnien.vn/cac-hang-van-tai-chau-au-nhao-bang-lenh-trung-phat-nga-post1466534.html|https://image.thanhnien.vn/150x100/Uploaded/2022/sgtnrb/2022_06_07/1x-1-1-7310.jpg|Các công ty châu Âu đã tăng gần gấp đôi lượng dầu vận tải từ Nga kể từ khi chiến sự Ukraine bùng nổ, bất chấp nỗ lực của các nhà lãnh đạo EU nhằm trừng phạt Moscow.|thế giới|thanhnien.vn|20:02 07/06/2022
Lãnh đạo Ukraine, Hungary đấu khẩu gay gắt|https://thanhnien.vn/lanh-dao-ukraine-hungary-dau-khau-gay-gat-post1466480.html|https://image.thanhnien.vn/150x100/Uploaded/2022/tnaztw/2022_06_07/laszlo-kover-6853.jpg|Budapest và Kyiv đã đấu khẩu gay gắt trong vài ngày qua, dấu hiệu mới nhất cho thấy quan hệ hai nước Ukraine và Hungary đang xấu đi nhanh chóng về lập trường của Hungary đối với Nga.|thế giới|thanhnien.vn|19:42 07/06/2022
Chiến sự Ukraine đến chiều 7.6: Nga tuyên bố đã 'giải phóng' Severodonetsk|https://thanhnien.vn/chien-su-ukraine-den-chieu-7-6-nga-tuyen-bo-da-giai-phong-severodonetsk-post1466487.html|https://image.thanhnien.vn/150x100/Uploaded/2022/tnaztw/2022_06_07/ukraine-6360.jpg|"Phía Ukraine nói binh sĩ nước này đang tiếp tục giao tranh ác liệt trên đường phố với lực lượng Nga ở Severodonetsk trong khi Nga tuyên bố đã ""giải phóng"" thành phố này."|thế giới|thanhnien.vn|18:15 07/06/2022
Bắt được tôm hùm khổng lồ trăm tuổi|https://thanhnien.vn/bat-duoc-tom-hum-khong-lo-tram-tuoi-post1466467.html|https://image.thanhnien.vn/150x100/Uploaded/2022/tnaztw/2022_06_07/tom-3798.jpg|Một ngư dân ở bang Maine (Mỹ) đã bắt được một con tôm hùm khổng lồ ước tính khoảng 100 tuổi.|thế giới|thanhnien.vn|16:37 07/06/2022
Mối nguy từ tàu dân binh Trung Quốc ở Biển Đông|https://thanhnien.vn/moi-nguy-tu-tau-dan-binh-trung-quoc-o-bien-dong-post1466147.html|https://image.thanhnien.vn/150x100/Uploaded/2022/churovh/2022_06_06/23a2-6449.jpg|Một số báo cáo cảnh báo rằng tàu dân binh Trung Quốc được huấn luyện, nhận nguồn trợ cấp lớn để phục vụ ý đồ của Bắc Kinh kiểm soát Biển Đông.|thế giới|thanhnien.vn|16:20 07/06/2022
Báo Mỹ: Giới chức phương Tây nghi ngờ Trung Quốc lập căn cứ hải quân ở Campuchia|https://thanhnien.vn/bao-my-gioi-chuc-phuong-tay-nghi-ngo-trung-quoc-lap-can-cu-hai-quan-o-campuchia-post1466384.html|https://image.thanhnien.vn/150x100/Uploaded/2022/sgtnrb/2022_06_07/cpc-2-405.jpg|The Washington Post dẫn lời các quan chức phương Tây cáo buộc Trung Quốc đang bí mật xây dựng căn cứ hải quân dành riêng cho Quân Giải phóng Nhân dân (PLA) ở Campuchia, nhưng cả Bắc Kinh và Phnom Penh đều bác bỏ thông tin này.|thế giới|thanhnien.vn|14:05 07/06/2022
Chiến sự Ukraine trưa 7.6: Giao tranh ác liệt tại Severodonetsk, thêm tướng Nga tử trận?|https://thanhnien.vn/chien-su-ukraine-trua-7-6-giao-tranh-ac-liet-tai-severodonetsk-them-tuong-nga-tu-tran-post1466355.html|https://image.thanhnien.vn/150x100/Uploaded/2022/churovh/2022_06_07/luu-phao-m777-3525.jpg|Tổng thống Ukraine Volodymyr Zelensky cho hay binh sĩ đang có cuộc giao tranh trên phố ác liệt với binh sĩ Nga tại thành phố Severodonetsk, chiến trường quan trọng trong mục tiêu của Điện Kremlin giành quyền kiểm soát vùng Donbass thuộc miền đông Ukraine.|thế giới|thanhnien.vn|12:49 07/06/2022
Mỹ, Hàn Quốc sẽ phản ứng mạnh nếu Triều Tiên thử hạt nhân|https://thanhnien.vn/my-han-quoc-se-phan-ung-manh-neu-trieu-tien-thu-hat-nhan-post1466349.html|https://image.thanhnien.vn/150x100/Uploaded/2022/tnaztw/2022_06_07/sharman-6565.jpg|Thứ trưởng Bộ Ngoại giao Mỹ Wendy Sherman ngày 7.6 tuyên bố Mỹ, Hàn Quốc và thế giới sẽ phản ứng mạnh nếu CHDCND Triều Tiên tiến hành một vụ thử hạt nhân.|thế giới|thanhnien.vn|12:04 07/06/2022
Quân đội Ukraine khẳng định một tướng Nga tử trận ở miền đông Ukraine|https://thanhnien.vn/quan-doi-ukraine-khang-dinh-mot-tuong-nga-tu-tran-o-mien-dong-ukraine-post1466332.html|https://image.thanhnien.vn/150x100/Uploaded/2022/churovh/2022_06_07/tuong-nga-3561.jpg|Trung tâm Liên lạc chiến lược (StratCom) thuộc Văn phòng Tổng tham mưu trưởng quân đội Ukraine ngày 6.6 khẳng định thiếu tướng Nga Roman Kutuzov đã tử trận trong một cuộc giao tranh gần thành phố Popasna (tỉnh Luhansk, miền đông Ukraine).|thế giới|thanhnien.vn|11:26 07/06/2022
Vụ du học sinh Việt bị sát hại ở Nhật Bản: Thủ phạm nhận 12 năm tù|https://thanhnien.vn/vu-du-hoc-sinh-viet-bi-sat-hai-o-nhat-ban-thu-pham-nhan-12-nam-tu-post1466325.html|https://image.thanhnien.vn/150x100/Uploaded/2022/tnaztw/2022_06_07/nhat-6468.jpg|Tòa án Osaka đã tuyên phạt 12 năm tù giam với ông Cruz Cabrera Brian Alberto, người đã sát hại một công dân Việt Nam vào ngày 2.8.2021 ở Osaka (Nhật Bản).|thế giới|thanhnien.vn|10:59 07/06/2022
Bé 2 tuổi bắn chết cha đang chơi game ở Mỹ|https://thanhnien.vn/be-2-tuoi-ban-chet-cha-dang-choi-game-o-my-post1466323.html|https://image.thanhnien.vn/150x100/Uploaded/2022/sgtnrb/2022_06_07/fulpshox0aav9hb-7945.jpg|Giới chức bang Florida của Mỹ ngày 6.6 cho biết đứa bé 2 tuổi đã tìm thấy một khẩu súng và bắn chết cha mình, và người mẹ giờ đây có thể sẽ bị truy tố.|thế giới|thanhnien.vn|10:55 07/06/2022
Vũ khí phương Tây viện trợ quá nhanh, lính Ukraine không kịp học cách dùng|https://thanhnien.vn/vu-khi-phuong-tay-vien-tro-qua-nhanh-linh-ukraine-khong-kip-hoc-cach-dung-post1466307.html|https://image.thanhnien.vn/150x100/Uploaded/2022/ihvcpuo/2022_06_07/ukraine-209.jpg|Các nước NATO đã cung cấp cho Ukraine nhiều vũ khí, thiết bị hiện đại nhưng binh sĩ Ukraine đang gặp trở ngại lớn khi chưa được hướng dẫn rõ cách sử dụng.|thế giới|thanhnien.vn|10:27 07/06/2022
Thủ tướng Anh vượt qua cuộc bỏ phiếu bất tín nhiệm, nhưng vị thế suy yếu?|https://thanhnien.vn/thu-tuong-anh-vuot-qua-cuoc-bo-phieu-bat-tin-nhiem-nhung-vi-the-suy-yeu-post1466306.html|https://image.thanhnien.vn/150x100/Uploaded/2022/churovh/2022_06_07/thu-tuong-anh-5812.jpg|Thủ tướng Anh Boris Johnson ngày 6.6 vượt qua cuộc bỏ phiếu bất tín nhiệm từ các nghị sĩ thuộc đảng Bảo thủ của mình, nhưng vị thế của ông suy yếu sau khi có nhiều nghị sĩ không ủng hộ, theo AFP.|thế giới|thanhnien.vn|10:20 07/06/2022
Bộ trưởng Môi trường Cộng hòa Dominica bị ám sát tại văn phòng|https://thanhnien.vn/bo-truong-moi-truong-cong-hoa-dominica-bi-am-sat-tai-van-phong-post1466255.html|https://image.thanhnien.vn/150x100/Uploaded/2022/tnaztw/2022_06_07/mera-1986.png|Các nhà chức trách cho biết Bộ trưởng Môi trường Cộng hòa Dominica, ông Orlando Jorge Mera (55 tuổi), đã bị bắn chết trong văn phòng của mình vào ngày 6.6.|thế giới|thanhnien.vn|08:41 07/06/2022
Vụ đâm kim tiêm hàng loạt: Pháp bắt một nghi phạm|https://thanhnien.vn/bat-giu-nguoi-dan-ong-lien-quan-den-mot-loat-vu-tan-cong-kim-tiem-o-phap-post1466261.html|https://image.thanhnien.vn/150x100/Uploaded/2022/tnaztw/2022_06_07/kim-tiem-2651.jpg|Các công tố viên Pháp đã buộc tội một người đàn ông 20 tuổi ở miền nam nước này vì có liên quan đến một loạt vụ tấn công bằng kim tiêm.|thế giới|thanhnien.vn|08:36 07/06/2022
Đại sứ Nga giận dữ bỏ cuộc họp Hội đồng Bảo an vì cáo buộc từ EU|https://thanhnien.vn/dai-su-nga-gian-du-bo-cuoc-hop-hoi-dong-bao-an-vi-cao-buoc-tu-eu-post1466268.html|https://image.thanhnien.vn/150x100/Uploaded/2022/churovh/2022_06_07/dai-su-nga-9495.jpg|Đại sứ Nga tại Liên Hiệp Quốc Vassily Nebenzia nổi giận rời cuộc họp Hội đồng Bảo an khi Chủ tịch Hội đồng châu Âu Charles Michel cáo buộc Moscow châm ngòi cho cuộc khủng hoảng lương thực toàn cầu với chiến dịch quân sự ở Ukraine.|thế giới|thanhnien.vn|08:34 07/06/2022
Cuối tuần đẫm máu tại Mỹ vì bạo lực súng đạn|https://thanhnien.vn/cuoi-tuan-dam-mau-tai-my-vi-bao-luc-sung-dan-post1466210.html|https://image.thanhnien.vn/150x100/Uploaded/2022/pwivoviu/2022_06_06/24b-7083.jpg|Ít nhất 10 người thiệt mạng và hàng chục người khác bị thương trong liên tiếp các vụ bạo lực súng đạn vào cuối tuần qua tại Mỹ.|thế giới|thanhnien.vn|08:00 07/06/2022
Vì sao chiến đấu cơ Trung Quốc đe dọa máy bay săn ngầm Úc ở Biển Đông?|https://thanhnien.vn/vi-sao-chien-dau-co-trung-quoc-de-doa-may-bay-san-ngam-uc-o-bien-dong-post1466204.html|https://image.thanhnien.vn/150x100/Uploaded/2022/pwivoviu/2022_06_06/23a2-8842.jpg|Vụ Trung Quốc bị tố dùng chiến đấu cơ J-16 đe dọa, gây nguy hiểm cho máy bay săn ngầm Úc P-8 Poseidon ở Biển Đông ẩn chứa căng thẳng trong bối cảnh Bắc Kinh tăng cường sức mạnh tàu ngầm ở vùng biển này.|thế giới|thanhnien.vn|07:30 07/06/2022
Tình hình ở Severodonetsk ‘thay đổi mỗi giờ’, Tổng thống Ukraine cảnh báo|https://thanhnien.vn/tinh-hinh-o-severodonetsk-thay-doi-moi-gio-tong-thong-ukraine-canh-bao-post1466254.html|https://image.thanhnien.vn/150x100/Uploaded/2022/churovh/2022_06_07/phao-tu-hanh-than-nga-o-ukraine-3502.jpg|Một quan chức quân sự Ukraine cho hay giao tranh ác liệt tiếp diễn ở thành phố Severodonetsk, với tình hình “đang thay đổi mỗi giờ” và Tổng thống Volodymyr Zelensky đã đưa ra cảnh báo về khả năng lực lượng Nga kiểm soát thành phố này.|thế giới|thanhnien.vn|07:10 07/06/2022
Nguy cơ chiến sự Ukraine leo thang|https://thanhnien.vn/nguy-co-chien-su-ukraine-leo-thang-post1466207.html|https://image.thanhnien.vn/150x100/Uploaded/2022/pwivoviu/2022_06_06/24a1-482.jpg|Tổng thống Nga Vladimir Putin cảnh báo sẽ có biện pháp đáp trả nếu phương Tây tăng tầm tên lửa viện trợ cho Ukraine, trong khi miền đông, đặc biệt là Severodonetsk, chìm trong giao tranh ác liệt.|thế giới|thanhnien.vn|07:00 07/06/2022
CPP chiến thắng trong cuộc bầu cử xã ở Campuchia|https://thanhnien.vn/cpp-chien-thang-trong-cuoc-bau-cu-xa-o-campuchia-post1466206.html|https://image.thanhnien.vn/150x100/Uploaded/2022/aolcpuo/2022_06_07/hun-sen-1019.jpg|Reuters ngày 6.6 đưa tin đảng Nhân dân Campuchia (CPP) cầm quyền giành chiến thắng áp đảo trong cuộc bầu cử hội đồng xã, phường lần thứ 5 ở nước này hôm 5.6.|thế giới|thanhnien.vn|06:48 07/06/2022
Chiến sự Ukraine ngày 103: Nga tiến công khắp các mặt trận|https://thanhnien.vn/chien-su-ukraine-ngay-103-nga-tien-cong-khap-cac-mat-tran-post1466167.html|https://image.thanhnien.vn/150x100/Uploaded/2022/bpcguqmv/2022_06_06/hinh-1-5847.png|Bộ Quốc phòng Ukraine cho biết lực lượng Nga đồng loạt triển khai các đợt không kích và phóng tên lửa vào những mục tiêu trên khắp nước này.|thế giới|thanhnien.vn|06:45 07/06/2022
Lần đầu tiên tìm được chất hữu cơ trên tiểu hành tinh đang lao xuyên không gian|https://thanhnien.vn/lan-dau-tien-tim-duoc-chat-huu-co-tren-tieu-hanh-tinh-dang-lao-xuyen-khong-gian-post1466148.html|https://image.thanhnien.vn/150x100/Uploaded/2022/bpcguqmv/2022_06_06/hayabusa2-probe-8919.jpeg|Hơn 20 loại axít amin khác nhau đã được tìm thấy bên trong các mẫu vật được tàu du hành Hayabusa2 của Nhật Bản thu thập từ tiểu hành tinh Ryugu và quay về trái đất vào cuối năm 2020, theo Hãng Kyodo News hôm 6.6.|thế giới|thanhnien.vn|22:15 06/06/2022
Mỹ miễn thuế 24 tháng cho pin năng lượng mặt trời của Việt Nam|https://thanhnien.vn/my-mien-thue-24-thang-cho-pin-nang-luong-mat-troi-cua-viet-nam-post1466157.html|https://image.thanhnien.vn/150x100/Uploaded/2022/bpcguqmv/2022_06_06/solar-1479.jpeg|Hôm 6.6, Tổng thống Mỹ Joe Biden thông báo sẽ miễn thuế 2 năm cho pin điện mặt trời của Campuchia, Malaysia, Thái Lan và Việt Nam, trong khi Trung Quốc không được ưu đãi thuế về mặt hàng này, theo Nhà Trắng.|thế giới|thanhnien.vn|21:54 06/06/2022
Bước lùi của Nga ở Ukraine thúc đẩy Trung Quốc phát triển drone|https://thanhnien.vn/buoc-lui-cua-nga-o-ukraine-thuc-day-trung-quoc-phat-trien-drone-post1465520.html|https://image.thanhnien.vn/150x100/Uploaded/2022/tnaztw/2022_06_04/tb2-5021.png|Các nhà nghiên cứu của quân đội Trung Quốc nhận định những bước lùi bất ngờ của quân đội Nga trong xung đột Ukraine sẽ thúc đẩy Trung Quốc phát triển và sử dụng các máy bay không người lái thông minh hơn, mạnh mẽ hơn.|thế giới|thanhnien.vn|20:00 06/06/2022
Chiến sự đến chiều 6.6: Tình hình xấu đi cho Ukraine|https://thanhnien.vn/chien-su-den-chieu-6-6-tinh-hinh-xau-di-cho-ukraine-post1466104.html|https://image.thanhnien.vn/150x100/Uploaded/2022/ihvcpuo/2022_06_06/marinka-7352.jpg|Vị thế của Ukraine tại thành phố miền đông Severodonetsk đang dần xấu đi nhưng lực lượng Ukraine vẫn đang tiếp tục bảo vệ vị trí trong lúc giao tranh ác liệt.|thế giới|thanhnien.vn|19:08 06/06/2022
Ứng viên kế nhiệm Thủ tướng Singapore Lý Hiển Long trở thành phó thủ tướng|https://thanhnien.vn/ung-vien-ke-nhiem-thu-tuong-singapore-ly-hien-long-tro-thanh-pho-thu-tuong-post1466065.html|https://image.thanhnien.vn/150x100/Uploaded/2022/uqvppcvo/2022_06_06/wong-3129.jpg|Bộ trưởng Tài chính Hoàng Tuần Tài (Lawrence Wong) sẽ là Phó thủ tướng Singapore từ tuần tới.|thế giới|thanhnien.vn|18:07 06/06/2022
Thủ tướng Úc và Tổng thống Indonesia cùng đạp xe củng cố mối quan hệ|https://thanhnien.vn/thu-tuong-uc-va-tong-thong-indonesia-cung-dap-xe-cung-co-moi-quan-he-post1466044.html|https://image.thanhnien.vn/150x100/Uploaded/2022/uqvppcvo/2022_06_06/2022-06-06t065209z-1755198276-rc26mu94ofpe-rtrmadp-3-indonesia-australia-3213.jpg|Thủ tướng Úc Anthony Albanese và Tổng thống Indonesia Joko Widodo cùng đạp xe trước khi bắt đầu hội đàm song phương tại Bogor (Indonesia).|thế giới|thanhnien.vn|16:00 06/06/2022
Nước Anh và vị đắng ở nơi xa|https://thanhnien.vn/nuoc-anh-va-vi-dang-o-noi-xa-post1465858.html|https://image.thanhnien.vn/150x100/Uploaded/2022/ywnsr/2022_06_06/cxmgexp6sfnmfkbp2xlzfr5aoa-6683.jpg|Những ngày qua, ở nước Anh diễn ra các nghi lễ và hoạt động tưng bừng kỷ niệm 70 năm ngày Nữ hoàng Elizabeth đệ nhị lên ngôi.|thế giới|thanhnien.vn|15:30 06/06/2022
Trung Quốc tố máy bay Canada gia tăng giám sát, khiêu khích|https://thanhnien.vn/trung-quoc-to-may-bay-canada-gia-tang-giam-sat-khieu-khich-post1466030.html|https://image.thanhnien.vn/150x100/Uploaded/2022/ihvcpuo/2022_06_06/canada-2960.jpg|Trung Quốc đã bác bỏ cáo buộc của Canada về việc điều chiến đấu cơ “quấy nhiễu” máy bay tuần tra của Canada, đồng thời tố cáo Ottawa mới là bên khiêu khích.|thế giới|thanhnien.vn|14:42 06/06/2022
Chiến đấu cơ vờn nhau, chuyên gia ‘thân Trung Quốc’ lại ngụy biện về Biển Đông|https://thanhnien.vn/chien-dau-co-von-nhau-chuyen-gia-than-trung-quoc-lai-nguy-bien-ve-bien-dong-post1465993.html|https://image.thanhnien.vn/150x100/Uploaded/2022/ywnsr/2022_06_06/logo-bien-dong-tuan-qua-700.jpg|Đó là 2 trong số nhiều diễn biến nổi bật liên quan tình hình Biển Đông trong tuần qua, khi Trung Quốc liên tục có các động thái gây quan ngại trong tuần vừa qua.|thế giới|thanhnien.vn|14:30 06/06/2022
Chiến sự Ukraine đến trưa 6.6: Tổng thống Zelensky ra tiền tuyến|https://thanhnien.vn/chien-su-ukraine-den-trua-6-6-tong-thong-zelensky-ra-tien-tuyen-post1465959.html|https://image.thanhnien.vn/150x100/Uploaded/2022/uqvppcvo/2022_06_06/2022-06-05t220048z-1598238252-rc2llu9l44av-rtrmadp-3-ukraine-crisis-zelenskiy-zaporizhzhia-5967.jpg|Tổng thống Ukraine Volodymyr Zelensky cho hay ông vừa đến thăm một số nơi tại Donetsk và Luhansk trong ngày 5.6.|thế giới|thanhnien.vn|12:06 06/06/2022
Thái Lan cảnh giác nguy cơ gián điệp Iran xuất hiện ở Đông Nam Á|https://thanhnien.vn/thai-lan-canh-giac-nguy-co-gian-diep-iran-xuat-hien-o-dong-nam-a-post1465946.html|https://image.thanhnien.vn/150x100/Uploaded/2022/uqvppcvo/2022_06_06/g-5419.jpeg|Cảnh sát Thái Lan trên cả nước được chỉ đạo cảnh giác trước khả năng gián điệp Iran thâm nhập, sau khi Indonesia bắt giữ một công dân Iran nghi hoạt động gián điệp.|thế giới|thanhnien.vn|10:20 06/06/2022
Anh cung cấp rốc két tầm xa cho Ukraine|https://thanhnien.vn/anh-cung-cap-roc-ket-tam-xa-cho-ukraine-post1465904.html|https://image.thanhnien.vn/150x100/Uploaded/2022/ihvcpuo/2022_06_06/anh-8090.jpg|Sau Mỹ, chính quyền Anh vừa thông báo sẽ cung cấp hệ thống rốc két phóng loạt tầm xa cho Ukraine.|thế giới|thanhnien.vn|08:59 06/06/2022
Ngoại trưởng Nga hủy thăm Serbia vì máy bay bị đóng không phận|https://thanhnien.vn/ngoai-truong-nga-huy-tham-serbia-vi-may-bay-bi-dong-khong-phan-post1465899.html|https://image.thanhnien.vn/150x100/Uploaded/2022/ihvcpuo/2022_06_06/lavrov-9872.jpg|Chuyến thăm của Ngoại trưởng Nga Sergei Lavrov sang Serbia đã bị hủy do các nước xung quanh đều đóng không phận với máy bay của vị quan chức Nga.|thế giới|thanhnien.vn|08:17 06/06/2022
Tổng thống Ukraine lại đến thăm các binh sĩ ở tiền tuyến|https://thanhnien.vn/tong-thong-ukraine-lai-den-tham-cac-binh-si-o-tien-tuyen-post1465895.html|https://image.thanhnien.vn/150x100/Uploaded/2022/uqvppcvo/2022_06_06/000-32by3q4-9443.jpg|Tổng thống Ukraine Volodymyr Zelensky cho hay ông vừa đến thăm các binh sĩ tại Lysychansk , Soledar và Zaporizhzhia ở miền đông.|thế giới|thanhnien.vn|07:47 06/06/2022
Tiếp tục xả súng tại Chattanooga Mỹ, 3 người thiệt mạng và 14 người bị thương|https://thanhnien.vn/tiep-tuc-xa-sung-tai-chattanooga-my-3-nguoi-thiet-mang-va-14-nguoi-bi-thuong-post1465894.html|https://image.thanhnien.vn/150x100/Uploaded/2022/ihvcpuo/2022_06_06/chattanooga-5883.jpg|Lại thêm một vụ nổ súng vừa xảy ra tại Mỹ khiến 3 người thiệt mạng và 14 người bị thương tại thành phố Chattanooga, bang Tennessee.|thế giới|thanhnien.vn|07:46 06/06/2022
Làn sóng 'chủ nghĩa dân tộc về lương thực' ở châu Á|https://thanhnien.vn/lan-song-chu-nghia-dan-toc-ve-luong-thuc-o-chau-a-post1465741.html|https://image.thanhnien.vn/150x100/Uploaded/2022/wsxrxqeiod/2022_06_05/lang-song-2938.jpg|Châu Á đã chứng kiến làn sóng bảo hộ thương mại dâng cao trong vài tháng qua khi một số nước quyết định dừng xuất khẩu các mặt hàng chủ lực, từ dầu cọ đến bột mì, đường và thịt gà.|thế giới|thanhnien.vn|07:30 06/06/2022
Mỹ, Hàn Quốc phóng 8 tên lửa đạn đạo nhằm đáp trả Triều Tiên|https://thanhnien.vn/my-han-quoc-phong-8-ten-lua-dan-dao-nham-dap-tra-trieu-tien-post1465892.html|https://image.thanhnien.vn/150x100/Uploaded/2022/uqvppcvo/2022_06_06/n-4438.jpg|Mỹ, Hàn Quốc phóng 8 tên lửa đạn đạo ra vùng biển phía đông bán đảo Triều Tiên, một ngày sau khi Triều Tiên phóng 8 tên lửa đạn đạo ra vùng biển này.|thế giới|thanhnien.vn|07:10 06/06/2022
Chiến sự Ukraine ngày thứ 102: Miền đông tiếp tục nóng, Kyiv lại vào tầm ngắm|https://thanhnien.vn/chien-su-ukraine-ngay-thu-102-mien-dong-tiep-tuc-nong-kyiv-lai-vao-tam-ngam-post1465854.html|https://image.thanhnien.vn/150x100/Uploaded/2022/tnaztw/2022_06_05/kyiv-2422.jpg|Giao tranh vẫn diễn ra dữ dội ở miền đông Ukraine, đặc biệt là xung quanh thành phố  Severodonetsk, trong lúc Kyiv hứng tên lửa sau nhiều tuần yên bình. |thế giới|thanhnien.vn|05:45 06/06/2022
Nga, Ukraine chia đôi quyền kiểm soát Severodonetsk|https://thanhnien.vn/nga-ukraine-chia-doi-quyen-kiem-soat-severodonetsk-post1465739.html|https://image.thanhnien.vn/150x100/Uploaded/2022/wsxrxqeiod/2022_06_05/ukraine-4254.jpg|Lực lượng hai bên tiếp tục giằng co tại TP.Severodonetsk thuộc tỉnh Luhansk tại vùng Donbass ở miền đông Ukraine, trong khi thủ đô Kyiv rung chuyển vì các tiếng nổ sau nhiều tuần im ắng.|thế giới|thanhnien.vn|04:30 06/06/2022
Lại xả súng đẫm máu ở Mỹ, 3 người chết và 11 người bị thương|https://thanhnien.vn/lai-xa-sung-dam-mau-o-my-3-nguoi-chet-va-11-nguoi-bi-thuong-post1465835.html|https://image.thanhnien.vn/150x100/Uploaded/2022/tnaztw/2022_06_05/xa-sung-7217.png|Một vụ xả súng đã khiến 3 người chết và ít nhất 11 người bị thương ở thành phố Philadelphia, bang Pennsylvania (Mỹ) vào đêm 4.6.|thế giới|thanhnien.vn|21:04 05/06/2022
Từ chiến sự Ukraine, Mỹ tìm cách tăng cường đánh chặn cho xe bọc thép|https://thanhnien.vn/tu-chien-su-ukraine-my-tim-cach-tang-cuong-danh-chan-cho-xe-boc-thep-post1465682.html|https://image.thanhnien.vn/150x100/Uploaded/2022/bpcguqmv/2022_06_05/hinh-3-6127.jpg|Dựa trên những gì quan sát được trong cuộc xung đột ở Ukraine, Lục quân Mỹ tại châu Âu cảm thấy cần phải khôi phục lại dự án tăng cường hệ thống đánh chặn, bảo vệ xe bọc thép Stryker chở quân của lực lượng này.|thế giới|thanhnien.vn|20:00 05/06/2022
Từ chỗ kém tiếng Anh, nữ sinh 'bứt tốc' tốt nghiệp trước hạn|https://thanhnien.vn/tu-cho-kem-tieng-anh-nu-sinh-but-toc-tot-nghiep-truoc-han-post1465634.html|https://image.thanhnien.vn/150x100/Uploaded/2022/pwivoviu/2022_06_05/22c-9335.jpg|Báo Hood County News mới đây đưa tin nữ sinh Truc Tu đã tốt nghiệp từ Trường trung học phổ thông tăng tốc STARS ở TP.Granbury thuộc bang Texas (Mỹ) vào ngày 26.5 ở tuổi 16.|thế giới|thanhnien.vn|20:00 05/06/2022
780 ca bệnh đậu mùa khỉ được ghi nhận ở 27 nước|https://thanhnien.vn/780-ca-benh-dau-mua-khi-duoc-ghi-nhan-o-27-nuoc-post1465824.html|https://image.thanhnien.vn/150x100/Uploaded/2022/tnaztw/2022_06_05/dau-mua-khi-7843.jpg|Tổ chức Y tế Thế giới (WHO) ngày 5.6 cho biết 780 ca bệnh đậu mùa khỉ ở 27 quốc gia không có dịch bệnh đã được báo cáo lên tổ chức này.|thế giới|thanhnien.vn|19:51 05/06/2022
Chiến sự Ukraine chiều 5.6: Nga phóng tên lửa vào Kyiv, 'tấn công ồ ạt' ở Severodonetsk|https://thanhnien.vn/chien-su-ukraine-chieu-5-6-nga-phong-ten-lua-vao-kyiv-tan-cong-o-at-o-severodonetsk-post1465812.html|https://image.thanhnien.vn/150x100/Uploaded/2022/churovh/2022_06_05/kyiv-8033.jpg|Bộ Quốc phòng Nga tuyên bố đã phóng tên lửa vào thủ đô Kyiv, trong khi quan chức Ukraine nói rằng một vị tướng Nga được giao nhiệm vụ giành quyền kiểm soát thành phố Severodonetsk hoặc một đường sắt trước ngày 10.6.|thế giới|thanhnien.vn|18:09 05/06/2022
Nữ hoàng Anh tham gia tiểu phẩm với gấu Paddington, tiết lộ 'bí mật' trong túi xách|https://thanhnien.vn/nu-hoang-anh-tham-gia-tieu-pham-voi-gau-paddington-tiet-lo-bi-mat-trong-tui-xach-post1465804.html|https://image.thanhnien.vn/150x100/Uploaded/2022/bpcguqmv/2022_06_05/paddington-bear-8519.jpg|Nữ hoàng Elizabeth II đã mở màn bữa tiệc Đại lễ Bạch Kim ở cung điện hoàng gia Anh ngày 4.6 với việc xuất hiện trong tiểu phẩm với sự tham gia của một trong những biểu tượng của nước Anh: gấu Paddington.|thế giới|thanhnien.vn|17:36 05/06/2022
Nghiên cứu mới về liên hệ giữa chiều cao và nguy cơ mắc bệnh|https://thanhnien.vn/nghien-cuu-moi-ve-lien-he-giua-chieu-cao-va-nguy-co-mac-benh-post1465779.html|https://image.thanhnien.vn/150x100/Uploaded/2022/bpcguqmv/2022_06_05/men-tall-3083.png|Trong báo cáo mới, các nhà khoa học Mỹ phát hiện tuy không phải tất cả nhưng người cao đối mặt nguy cơ gia tăng mắc hơn 100 căn bệnh khác nhau nếu so với người có tầm vóc trung bình.|thế giới|thanhnien.vn|16:49 05/06/2022
Đi tù vì quấy rối tình dục người bị tự kỷ|https://thanhnien.vn/di-tu-vi-quay-roi-tinh-duc-nguoi-bi-tu-ky-post1465642.html|https://image.thanhnien.vn/150x100/Uploaded/2022/pwivoviu/2022_06_05/sin-4126.jpg|Ngày 3.6, tòa Singapore tuyên án 1 năm rưỡi tù giam đối với bị cáo Yeo Choon Chua (ảnh), 72 tuổi, vì tội quấy rối tình dục một phụ nữ mắc chứng tự kỷ và bị thiểu năng trí tuệ.|thế giới|thanhnien.vn|16:05 05/06/2022
Ông Putin ra cảnh báo mới với phương Tây việc cung cấp vũ khí cho Ukraine|https://thanhnien.vn/ong-putin-ra-canh-bao-moi-voi-phuong-tay-viec-cung-cap-vu-khi-cho-ukraine-post1465787.html|https://image.thanhnien.vn/150x100/Uploaded/2022/churovh/2022_06_05/himars-8131.jpg|Tổng thống Nga Vladimir Putin vừa cảnh báo với phương Tây rằng Nga sẽ tấn công những mục tiêu mới nếu Mỹ bắt đầu cung cấp tên lửa tầm xa cho Ukraine, theo hãng tin TASS.|thế giới|thanhnien.vn|16:03 05/06/2022
Cựu sinh viên lập quỹ học bổng vinh danh cha mẹ|https://thanhnien.vn/cuu-sinh-vien-lap-quy-hoc-bong-vinh-danh-cha-me-post1465632.html|https://image.thanhnien.vn/150x100/Uploaded/2022/pwivoviu/2022_06_05/22a-6950.jpg|Như một nghĩa cử nhằm đền đáp công ơn của cha mẹ, bà Linh Pham, cựu sinh viên Trường Kinh doanh Shidler thuộc Đại học Hawaii tại Manoa (bang Hawaii, Mỹ), cùng chồng Dao Pham đã đóng góp 100.000 USD cho trường để lập quỹ học bổng Cindy Doan và Hy So Duong.|thế giới|thanhnien.vn|15:00 05/06/2022
Tàu chiến Mỹ đến Thụy Điển và lời cảnh báo dành cho Nga|https://thanhnien.vn/tau-chien-my-den-thuy-dien-va-loi-canh-bao-danh-cho-nga-post1465677.html|https://image.thanhnien.vn/150x100/Uploaded/2022/sgtnrb/2022_06_05/thuydien-1-2502.jpg|Sự xuất hiện của tàu USS Kearsarge ở thủ đô Thụy Điển thể hiện cam kết an ninh của Mỹ và NATO, đồng thời răn đe các cuộc phiêu lưu quân sự của Nga trong tương lai.|thế giới|thanhnien.vn|14:00 05/06/2022
Chiến sự trưa 5.6: Nổ ở Kyiv, Ukraine 'lạc quan' về thời điểm xung đột kết thúc|https://thanhnien.vn/chien-su-trua-5-6-no-o-kyiv-ukraine-lac-quan-ve-thoi-diem-xung-dot-ket-thuc-post1465716.html|https://image.thanhnien.vn/150x100/Uploaded/2022/sgtnrb/2022_06_05/35124db0-6174-4126-9219-2c7e47107b26-2728.jpeg|"Bộ trưởng quốc phòng Ukraine đưa ra dự báo ""lạc quan"" về thời điểm chiến sự kết thúc, giữa lúc Kyiv chứng kiến các vụ nổ mới sau nhiều tuần yên bình."|thế giới|thanhnien.vn|12:08 05/06/2022
Trung Quốc đưa 3 phi hành gia lên trạm không gian thực hiện sứ mệnh 6 tháng|https://thanhnien.vn/trung-quoc-dua-3-phi-hanh-gia-len-tram-khong-gian-thuc-hien-su-menh-6-thang-post1465711.html|https://image.thanhnien.vn/150x100/Uploaded/2022/churovh/2022_06_05/than-chau-14-8411.jpg|Tàu vũ trụ Thần Châu 14 của Trung Quốc đã rời khỏi trái đất vào sáng nay 5.6, đưa 3 phi hành gia lên trạm không gian Thiên Cung để thực hiện sứ mệnh giám sát giai đoạn cuối cùng của dự án xây dựng trạm này.|thế giới|thanhnien.vn|11:37 05/06/2022
Cháy lớn ở kho container Bangladesh, 16 người thiệt mạng và 170 người bị thương|https://thanhnien.vn/chay-lon-o-kho-container-bangladesh-16-nguoi-thiet-mang-va-170-nguoi-bi-thuong-post1465693.html|https://image.thanhnien.vn/150x100/Uploaded/2022/tnaztw/2022_06_05/bangladesh-492.jpg|Ít nhất 16 người thiệt mạng và 170 người khác bị thương sau khi một đám cháy lớn quét qua kho chứa container ở miền nam Bangladesh vào nửa đêm, rạng sáng 5.6.|thế giới|thanhnien.vn|10:35 05/06/2022
Nhà hàng Việt quyên sữa bột cho trẻ|https://thanhnien.vn/nha-hang-viet-quyen-sua-bot-cho-tre-post1465633.html|https://image.thanhnien.vn/150x100/Uploaded/2022/pwivoviu/2022_06_05/22b-2754.jpg|Giữa lúc nước Mỹ đang chìm trong cuộc khủng hoảng thiếu sữa bột trầm trọng, một nhà hàng Việt tại TP.Grand Rapids (bang Michigan) đã chung tay giúp đỡ những gia đình thiếu thốn.|thế giới|thanhnien.vn|10:02 05/06/2022
Chiến đấu cơ Trung Quốc 'ngăn chặn một cách nguy hiểm' máy bay Úc ở Biển Đông?|https://thanhnien.vn/chien-dau-co-trung-quoc-ngan-chan-mot-cach-nguy-hiem-may-bay-uc-o-bien-dong-post1465667.html|https://image.thanhnien.vn/150x100/Uploaded/2022/churovh/2022_06_05/j-16-3981.jpg|Bộ Quốc phòng Úc hôm nay 5.6 cho biết một máy bay tuần sát, săn ngầm P-8 thuộc không quân nước này đã bị một chiến đấu cơ J-16 của Trung Quốc ngăn chặn một cách nguy hiểm ở Biển Đông trong tháng 5.|thế giới|thanhnien.vn|09:09 05/06/2022
Nhật xử lý nghiệp đoàn liên quan vụ bạo hành người Việt|https://thanhnien.vn/nhat-xu-ly-nghiep-doan-lien-quan-vu-bao-hanh-nguoi-viet-post1465635.html|https://image.thanhnien.vn/150x100/Uploaded/2022/pwivoviu/2022_06_05/japan-4639.jpg|Nhật Bản vừa rút giấy phép của một tổ chức giới thiệu thực tập sinh nước ngoài cho những công ty trong nước, sau khi tổ chức này để xảy ra vụ một thực tập sinh người Việt bị bạo hành.|thế giới|thanhnien.vn|08:35 05/06/2022
Trung Quốc thúc đẩy năng lực đổ bộ tấn công, Biển Đông thêm rủi ro|https://thanhnien.vn/trung-quoc-thuc-day-nang-luc-do-bo-tan-cong-bien-dong-them-rui-ro-post1465621.html|https://image.thanhnien.vn/150x100/Uploaded/2022/pwivoviu/2022_06_05/23a1-7697.jpg|Việc Trung Quốc vừa bay thử nghiệm thành công dòng thủy phi cơ lớn nhất thế giới là bước tiến tiếp theo trong tham vọng tăng cường năng lực đổ bộ tấn công, vốn tiềm ẩn rủi ro lớn đối với Biển Đông.|thế giới|thanhnien.vn|08:05 05/06/2022
Triều Tiên vừa phóng tên lửa đạn đạo?|https://thanhnien.vn/trieu-tien-vua-phong-ten-lua-dan-dao-post1465653.html|https://image.thanhnien.vn/150x100/Uploaded/2022/churovh/2022_06_05/ten-lua-tt-2070.jpg|Quân đội Hàn Quốc hôm nay 5.6 thông báo CHDCND Triều Tiên vừa phóng một tên lửa đạn đạo chưa được xác định về phía vùng biển nằm ở phía đông bán đảo Triều Tiên, Yonhap.|thế giới|thanhnien.vn|07:56 05/06/2022
Cựu cố vấn của ông Trump bị truy tố|https://thanhnien.vn/cuu-co-van-cua-ong-trump-bi-truy-to-post1465620.html|https://image.thanhnien.vn/150x100/Uploaded/2022/znosgo/2022_06_05/42156657-49c8-419b-8b6e-eab9de4a3d56-1357.jpeg|Ngày 4.6 (giờ VN), ông Peter Navarro, từng là cố vấn thương mại trong chính quyền của Tổng thống Mỹ Donald Trump, đã bị truy tố tội coi khinh quốc hội Mỹ vì từ chối hợp tác với ủy ban đặc biệt điều tra vụ bạo loạn Điện Capitol hôm 6.1.2021.|thế giới|thanhnien.vn|07:35 05/06/2022
Mỹ, Hàn tập trận với tàu sân bay giữa đồn đoán Triều Tiên sắp thử hạt nhân|https://thanhnien.vn/my-han-tap-tran-voi-tau-san-bay-giua-don-doan-trieu-tien-sap-thu-hat-nhan-post1465649.html|https://image.thanhnien.vn/150x100/Uploaded/2022/sgtnrb/2022_06_05/south-china-sea-018-1351.jpg|Mỹ và Hàn Quốc đã tổ chức cuộc tập trận chung đầu tiên trong hơn 4 năm có sự tham gia của một tàu sân bay Mỹ, giữa lúc CHDCND Triều Tiên được cho là sắp sửa tiến hành vụ thử hạt nhân thứ 7.|thế giới|thanhnien.vn|07:34 05/06/2022
Tổng thống Putin nói gì về lực lượng phòng không Nga trong chiến sự ở Ukraine?|https://thanhnien.vn/tong-thong-putin-noi-gi-ve-luc-luong-phong-khong-nga-trong-chien-su-o-ukraine-post1465648.html|https://image.thanhnien.vn/150x100/Uploaded/2022/churovh/2022_06_05/tong-thong-putin-8487.jpg|Tổng thống Vladimir Putin tuyên bố lực lượng phòng không Nga gần đây đã bắn hạ hàng chục vũ khí Ukraine, khi chiến sự hôm nay 5.6 bước sang ngày thứ 102.|thế giới|thanhnien.vn|07:03 05/06/2022
Tổng thống Biden sơ tán vì máy bay xâm nhập không phận gần nơi nghỉ dưỡng|https://thanhnien.vn/tong-thong-biden-so-tan-vi-may-bay-xam-nhap-khong-phan-gan-noi-nghi-duong-post1465647.html|https://image.thanhnien.vn/150x100/Uploaded/2022/sgtnrb/2022_06_05/biden-8011.jpg|"Cơ quan Mật vụ Mỹ cho biết chiếc máy bay tư nhân cỡ nhỏ đã ""đi nhầm vào khu vực an ninh"" được thiết lập ở vùng trời bên trên ngôi nhà nơi vợ chồng ông Biden đang lưu trú."|thế giới|thanhnien.vn|07:02 05/06/2022
Làn sóng Covid-19 mới âm thầm ở Mỹ|https://thanhnien.vn/lan-song-covid-19-moi-am-tham-o-my-post1465590.html|https://image.thanhnien.vn/150x100/Uploaded/2022/pwivoviu/2022_06_04/24a-9347.jpg|Số ca mắc Covid-19 thực tế tại Mỹ được cho là gấp vài chục lần con số chính thức trong bối cảnh nước này đang trải qua làn sóng lây nhiễm mới và đối mặt với mối nguy từ các dòng phụ của biến thể Omicron.|thế giới|thanhnien.vn|07:00 05/06/2022
Nga - Ukraine cầm cự trong cuộc chiến tiêu hao|https://thanhnien.vn/nga-ukraine-cam-cu-trong-cuoc-chien-tieu-hao-post1465588.html|https://image.thanhnien.vn/150x100/Uploaded/2022/pwivoviu/2022_06_04/24b-8649.jpg|Sau hơn 100 ngày chiến đấu, quân đội Ukraine đang tìm cách cầm chân lực lượng Nga tại mặt trận miền đông trong thời gian chờ đợi những loại vũ khí do phương Tây cung cấp được chuyển đến để giành lại ưu thế.|thế giới|thanhnien.vn|06:30 05/06/2022
4 thiếu niên kiện bang Hawaii|https://thanhnien.vn/4-thieu-nien-kien-bang-hawaii-post1465643.html|https://image.thanhnien.vn/150x100/Uploaded/2022/pwivoviu/2022_06_05/hawaii-2976.jpg|Ngày 1.6 vừa qua, 14 thiếu niên tuổi từ 9 - 18 đệ đơn kiện chính quyền bang Hawaii của Mỹ, cáo buộc chính quyền vi phạm hiến pháp tiểu bang khi vận hành một hệ thống giao thông gây tổn hại đến môi trường.|thế giới|thanhnien.vn|06:15 05/06/2022
Chiến sự ngày 101: Giành giật tại Severodonetsk, Ukraine chưa muốn đàm phán|https://thanhnien.vn/chien-su-ngay-101-gianh-giat-tai-severodonetsk-ukraine-chua-muon-dam-phan-post1465594.html|https://image.thanhnien.vn/150x100/Uploaded/2022/ihvcpuo/2022_06_04/severodonetsk-8434.jpg|Giới chức Ukraine tuyên bố chỉ chấp nhận đàm phán khi đạt được vị thế tốt hơn trên chiến trường bất chấp 20% lãnh thổ đang bị Nga kiểm soát.|thế giới|thanhnien.vn|05:06 05/06/2022
Nghi phạm chính vụ hạ độc điệp viên Litvinenko qua đời vì Covid-19|https://thanhnien.vn/nghi-pham-chinh-vu-ha-doc-diep-vien-litvinenko-qua-doi-vi-covid-19-post1465564.html|https://image.thanhnien.vn/150x100/Uploaded/2022/ihvcpuo/2022_06_04/kovtun-7586.jpg|Ông Dmitry Kovtun, một trong 2 nghi phạm chính trong vụ hạ độc cựu điệp viên Nga Alexander Litvinenko, đã qua đời vì mắc Covid-19 tại Nga.|thế giới|thanhnien.vn|21:04 04/06/2022
Mỹ viết lại chiến lược an ninh quốc gia vì cuộc chiến Ukraine?|https://thanhnien.vn/my-viet-lai-chien-luoc-an-ninh-quoc-gia-vi-cuoc-chien-ukraine-post1465542.html|https://image.thanhnien.vn/150x100/Uploaded/2022/ihvcpuo/2022_06_04/ukraine-9142.jpg|Cuộc chiến tại Ukraine được cho là đã thúc đẩy chính quyền Mỹ sửa lại nhiều trong bản thảo Chiến lược an ninh quốc gia.|thế giới|thanhnien.vn|20:22 04/06/2022
Chiến sự Ukraine tối 4.6: Ông Zelensky kêu gọi các thành phố Mỹ đoạn tuyệt với Nga|https://thanhnien.vn/chien-su-ukraine-toi-4-6-ong-zelensky-keu-goi-cac-thanh-pho-my-doan-tuyet-voi-nga-post1465555.html|https://image.thanhnien.vn/150x100/Uploaded/2022/sgtnrb/2022_06_04/zelen-9699.jpg|Tổng thống Ukraine kêu gọi các thị trưởng Mỹ cắt đứt quan hệ kết nghĩa với các thành phố Nga, trong khi lãnh đạo Pháp nói không nên làm nhục Moscow.|thế giới|thanhnien.vn|20:09 04/06/2022
Tàu cao tốc Trung Quốc trật bánh, lái tàu thiệt mạng|https://thanhnien.vn/tau-cao-toc-trung-quoc-trat-banh-lai-tau-thiet-mang-post1465491.html|https://image.thanhnien.vn/150x100/Uploaded/2022/tnaztw/2022_06_04/trung-quoc-2036.jpg|Một đoàn tàu cao tốc ở tỉnh Quý Châu, tây nam Trung Quốc đã trật bánh vào sáng 4.6 vì lở đất, khiến lái tàu thiệt mạng và nhiều hành khách bị thương.|thế giới|thanhnien.vn|15:25 04/06/2022
Bí ẩn chết chóc: Tác chiến điện tử định hình xung đột Nga - Ukraine|https://thanhnien.vn/bi-an-chet-choc-tac-chien-dien-tu-dinh-hinh-xung-dot-nga-ukraine-post1465406.html|https://image.thanhnien.vn/150x100/Uploaded/2022/sgtnrb/2022_06_04/623f04d2a2e45b0019508db8-3034.jpg|Tác chiến điện tử đã trở thành yếu tố quan trọng hơn rất nhiều trong các cuộc giao tranh ác liệt ở vùng Donbass, song năng lực của Nga hay Ukraine trong lĩnh vực này vẫn là ẩn số.|thế giới|thanhnien.vn|14:31 04/06/2022
Tỷ phú giàu thứ hai Philippines giành quyền khai thác mỏ khí lớn ở Biển Đông|https://thanhnien.vn/ty-phu-giau-thu-hai-philippines-gianh-quyen-khai-thac-mo-khi-lon-o-bien-dong-post1465460.html|https://image.thanhnien.vn/150x100/Uploaded/2022/sgtnrb/2022_06_04/960x0-2030.jpg|Tỷ phú Enrique Razon sẽ giành quyền kiểm soát mỏ khí Malampaya vốn là nguồn cung cấp năng lượng cho các nhà máy điện chiếm đến 1/5 tổng lượng điện tiêu thụ ở Philippines.|thế giới|thanhnien.vn|13:58 04/06/2022
Chiến sự đến trưa 4.6: Ukraine tạm đoạt lại 20% lãnh thổ ở Severodonetsk|https://thanhnien.vn/chien-su-den-trua-4-6-ukraine-tam-doat-lai-20-lanh-tho-o-severodonetsk-post1465424.html|https://image.thanhnien.vn/150x100/Uploaded/2022/bpcguqmv/2022_06_04/hinh-1-6315.png|Sáng nay (giờ Việt Nam), Thống đốc vùng Luhansk, ông Serhiy Haidai, cho biết lực lượng Ukraine đã tìm cách giành lại 20% Severodonetsk đã rơi vào tay Nga, nhưng phía Nga đang tập kết lực lượng lớn để tiếp tục chiến dịch miền đông.|thế giới|thanhnien.vn|12:13 04/06/2022
Tổng thống Pháp nói lãnh đạo Nga mắc 'lỗi lầm lịch sử'|https://thanhnien.vn/tong-thong-phap-noi-lanh-dao-nga-mac-loi-lam-lich-su-post1465416.html|https://image.thanhnien.vn/150x100/Uploaded/2022/ihvcpuo/2022_06_04/macron-putin-3971.jpg|Tổng thống Pháp Emmanuel Macron cho rằng Tổng thống Nga Vladimir Putin đã mắc lỗi lầm lịch sử tại Ukraine và đang bị cô lập.|thế giới|thanhnien.vn|11:13 04/06/2022
Giận bạn gái, đập phá cổ vật 5 triệu USD trong bảo tàng|https://thanhnien.vn/gian-ban-gai-dap-pha-co-vat-5-trieu-usd-trong-bao-tang-post1465412.html|https://image.thanhnien.vn/150x100/Uploaded/2022/bpcguqmv/2022_06_04/bao-tang-3860.png|Chiều 1.6, sau khi cãi nhau với bạn gái, một thanh niên 21 tuổi đã đột nhập Bảo tàng Mỹ thuật Dallas (bang Texas, Mỹ) và điên cuồng đập phá mọi thứ, gây tổn thất hơn 5 triệu USD cho viện bảo tàng này.|thế giới|thanhnien.vn|11:12 04/06/2022
Ukraine có thể tấn công Crimea bằng rốc két Mỹ|https://thanhnien.vn/ukraine-co-the-tan-cong-crimea-bang-roc-ket-my-post1465400.html|https://image.thanhnien.vn/150x100/Uploaded/2022/ihvcpuo/2022_06_04/himars-3904.jpg|Cố vấn tổng thống Ukraine Alexey Areshtovich cho rằng vẫn có khả năng nước này sẽ sử dụng các hệ thống rốc két tầm xa Mỹ cung cấp để tấn công mục tiêu tại bán đảo Crimea.|thế giới|thanhnien.vn|09:55 04/06/2022
Máy bay 737 bí mật nhất thế giới bất ngờ rời khỏi sa mạc Mỹ|https://thanhnien.vn/may-bay-737-bi-mat-nhat-the-gioi-bat-ngo-roi-khoi-sa-mac-my-post1465365.html|https://image.thanhnien.vn/150x100/Uploaded/2022/bpcguqmv/2022_06_04/may-bay-8601.png|"Máy bay được cải tiến cao NT-43, biệt danh ""RAT55"", của Không quân Mỹ (USAF) gần đây đã xuất hiện bên ngoài phạm vi hoạt động thường thấy của nó, theo trang The War Zone hôm 3.6."|thế giới|thanhnien.vn|09:16 04/06/2022
Mỹ cảnh báo đậu mùa khỉ đã âm thầm lây lan từ lâu|https://thanhnien.vn/my-canh-bao-dau-mua-khi-da-am-tham-lay-lan-tu-lau-post1465350.html|https://image.thanhnien.vn/150x100/Uploaded/2022/bpcguqmv/2022_05_30/dau-mua-khi-1959.jpg|Kết quả phân tích di truyền một số ca đậu mùa khỉ gần đây cho thấy có hai chủng virus khác nhau đang lây lan ở Mỹ, đồng nghĩa khả năng virus đã âm thầm lây lan tại nước này trong một thời gian.|thế giới|thanhnien.vn|08:17 04/06/2022
Thứ trưởng Bộ Ngoại giao Mỹ thăm Việt Nam và 3 nước Đông Á|https://thanhnien.vn/thu-truong-bo-ngoai-giao-my-tham-viet-nam-va-3-nuoc-dong-a-post1465358.html|https://image.thanhnien.vn/150x100/Uploaded/2022/sgtnrb/2022_06_04/9c779fb7-d3d8-4940-ab27-82d09954b77a-6b2dfa69-1606.jpg|Thứ trưởng Wendy Sherman, người đứng thứ hai tại Bộ Ngoại giao Mỹ, sẽ có chuyến công tác 9 ngày tại Đông Á bắt đầu từ ngày 5.6, thăm Hàn Quốc, Philippines, Lào và Việt Nam.|thế giới|thanhnien.vn|08:16 04/06/2022
Washington ủng hộ IAEA khiển trách Tehran|https://thanhnien.vn/washington-ung-ho-iaea-khien-trach-tehran-post1465316.html|https://image.thanhnien.vn/150x100/Uploaded/2022/aolcpuo/2022_06_03/iran-us-3994.jpg|AFP ngày 2.6 dẫn lời người phát ngôn Bộ Ngoại giao Mỹ Ned Price cho biết Washington sẽ cùng châu Âu ủng hộ nghị quyết thúc giục Iran hợp tác với Cơ quan Năng lượng nguyên tử quốc tế (IAEA).|thế giới|thanhnien.vn|08:10 04/06/2022
Tổng thống Mỹ gây áp lực cho quốc hội về kiểm soát súng|https://thanhnien.vn/tong-thong-my-gay-ap-luc-cho-quoc-hoi-ve-kiem-soat-sung-post1465121.html|https://image.thanhnien.vn/150x100/Uploaded/2022/wsxrxqeiod/2022_06_03/xa-sung-244.jpg|Sáng 3.6 (giờ Việt Nam), trong bài phát biểu quan trọng về vấn đề quản lý súng đạn, Tổng thống Mỹ Joe Biden khẩn thiết kêu gọi quốc hội nước này làm mọi cách để thông qua luật hạn chế việc sử dụng súng đạn, theo Hãng AFP.|thế giới|thanhnien.vn|08:05 04/06/2022
Ý đồ của Trung Quốc khi triển khai UAV trên tàu sân bay|https://thanhnien.vn/y-do-cua-trung-quoc-khi-trien-khai-uav-tren-tau-san-bay-post1465118.html|https://image.thanhnien.vn/150x100/Uploaded/2022/wsxrxqeiod/2022_06_03/trung-quoc-3576.jpg|Qua hình ảnh máy bay không người lái (UAV) trên tàu sân bay Sơn Đông của Trung Quốc, liệu hải quân nước này đang có tham vọng gì?|thế giới|thanhnien.vn|07:30 04/06/2022
Ukraine phản công dồn dập giữa lúc Nga tiến quân|https://thanhnien.vn/ukraine-phan-cong-don-dap-giua-luc-nga-tien-quan-post1465122.html|https://image.thanhnien.vn/150x100/Uploaded/2022/wsxrxqeiod/2022_06_03/ukraine-7836.jpg|Quân đội Ukraine đang tiến hành cuộc phản công ở nhiều khu vực, trong lúc lực lượng Nga được cho là cố tiến quân để kiểm soát thêm một số khu vực ở vùng Donbass.|thế giới|thanhnien.vn|06:18 04/06/2022
Chiến sự ngày thứ 100: Nga đánh giá kết quả, Ukraine tuyên bố sẽ chiến thắng|https://thanhnien.vn/chien-su-ngay-thu-100-nga-danh-gia-ket-qua-ukraine-tuyen-bo-se-chien-thang-post1465309.html|https://image.thanhnien.vn/150x100/Uploaded/2022/churovh/2022_06_03/quan-nhan-ukraine-khai-hoa-phao-coi-5635.jpg|Bộ Quốc phòng Anh và Điện Kremlin ngày 3.6 đã đưa ra đánh giá kết quả của 100 ngày Nga tiến hành chiến dịch quân sự ở Ukraine, trong khi giao tranh vẫn tiếp diễn ở vùng Donbass.|thế giới|thanhnien.vn|05:30 04/06/2022
Trung Quốc hoãn hạ thủy tàu sân bay thứ 3?|https://thanhnien.vn/trung-quoc-hoan-ha-thuy-tau-san-bay-thu-3-post1465296.html|https://image.thanhnien.vn/150x100/Uploaded/2022/churovh/2022_06_03/tau-san-bay-thu-3-cua-trung-quoc-2317.jpg|Việc hạ thủy chiếc tàu sân bay thứ 3 của Trung Quốc, Type 003, được dự kiến diễn ra vào ngày 3.6, đã bị hoãn mà không rõ lý do, theo tờ South China Morning Post.|thế giới|thanhnien.vn|22:05 03/06/2022
Sri Lanka bất ngờ bắt giữ máy bay Nga|https://thanhnien.vn/sri-lanka-bat-ngo-bat-giu-may-bay-nga-post1465288.html|https://image.thanhnien.vn/150x100/Uploaded/2022/churovh/2022_06_03/may-bay-nga-3375.jpg|Giới chức ở Sri Lanka mới đây cho dừng bay đối với một máy bay dân sự thuộc hãng hàng không Nga Aeroflot và tạm giữ chiếc máy bay này, theo Đài RT hôm nay 3.6 dẫn lại thông tin từ báo News First.|thế giới|thanhnien.vn|20:41 03/06/2022
‘Chiếc dù hạt nhân’ sắp nâng cấp ở Đông Bắc Á?|https://thanhnien.vn/chiec-du-hat-nhan-sap-nang-cap-o-dong-bac-a-post1464474.html|https://image.thanhnien.vn/150x100/Uploaded/2022/uqvppcvo/2022_06_01/jus-7488.jpg|Giới quan sát cho rằng Mỹ, Nhật Bản và Hàn Quốc có thể sắp tăng cường năng lực răn đe hạt nhân trong khu vực, với hoạt động tập trận có sự tham gia của máy bay ném bom B-52 của Mỹ.|thế giới|thanhnien.vn|20:00 03/06/2022
Chiến sự Ukraine đến tối 3.6: Ukraine nói Nga âm mưu kéo dài xung đột|https://thanhnien.vn/chien-su-ukraine-den-toi-3-6-ukraine-noi-nga-am-muu-keo-dai-xung-dot-post1465235.html|https://image.thanhnien.vn/150x100/Uploaded/2022/bpcguqmv/2022_06_03/hinh-2-4953.png|"Bộ trưởng Quốc phòng Ukraine Oleksiy Reznikov cảnh báo có dấu hiệu cho thấy Nga đang chuyển sang giai đoạn ""kéo dài"" xung đột, trong khi Điện Kremlin tuyên bố sẽ tiếp tục chiến dịch cho đến khi nào hoàn thành mọi mục tiêu đã đề ra."|thế giới|thanhnien.vn|19:19 03/06/2022
