Chung Hân Đồng không còn muốn yêu trai trẻ|https://thanhnien.vn/chung-han-dong-khong-con-muon-yeu-trai-tre-post1467725.html|https://image.thanhnien.vn/150x100/Uploaded/2022/abfluao/2022_06_11/4-2327.jpeg|Sau cuộc hôn nhân đổ vỡ với bác sĩ Lại Hoằng Quốc, Chung Hân Đồng Thừa nhận cô không còn hứng thú với đàn ông kém tuổi. Nữ diễn viên mong tìm được một nửa đích thực trong tương lai.|giải trí|thanhnien.vn|18:03 11/06/2022
Tài tử ‘Crazy Rich Asians’ đóng phim hành động có Charlize Theron, Ngô Thanh Vân|https://thanhnien.vn/tai-tu-crazy-rich-asians-dong-phim-hanh-dong-co-charlize-theron-ngo-thanh-van-post1467706.html|https://image.thanhnien.vn/150x100/Uploaded/2022/abfluao/2022_06_11/h4-2578.jpeg|Theo Variety, Netflix vừa xác nhận ngôi sao gốc Á Henry Golding cùng minh tinh Uma Thurman tham gia The Old Guard 2. Hai gương mặt mới được kỳ vọng sẽ tạo nên những tình tiết hấp dẫn trong bộ phim về những chiến binh bất tử.|giải trí|thanhnien.vn|15:36 11/06/2022
Nhóm nhạc Kpop tuyển thành viên mới ở Việt Nam|https://thanhnien.vn/nhom-nhac-kpop-tuyen-thanh-vien-moi-o-viet-nam-post1467695.html|https://image.thanhnien.vn/150x100/Uploaded/2022/zxaijr/2022_06_11/ncttuyenthanhvienvietnam3-1585.jpg|Công ty giải trí hàng đầu Kpop SM Entertainment thông báo sẽ tổ chức tuyển chọn các thành viên mới cho nhóm nhạc nam NCT. Một trong những địa điểm mà “ông lớn” này nhắm đến là TP.HCM của Việt Nam.|giải trí|thanhnien.vn|15:33 11/06/2022
Đoàn Hồng Trang diện bikini 'bốc lửa' trước thềm chung kết Miss Global 2022|https://thanhnien.vn/doan-hong-trang-dien-bikini-boc-lua-truoc-them-chung-ket-miss-global-2022-post1467711.html|https://image.thanhnien.vn/150x100/Uploaded/2022/mftum/2022_06_11/doan-hong-trang-6-4676.png|Trước thềm chung kết Miss Global 2022, người đẹp Đoàn Hồng Trang hé lộ khoảnh khắc rạng rỡ trong bộ ảnh gợi cảm. Chân dài đại diện Việt Nam hy vọng mang đến thành tích tốt tại cuộc thi.|giải trí|thanhnien.vn|15:30 11/06/2022
Thanh Hà mặc cảm suốt 4 năm vì béo phì, tiết lộ giảm cân nhờ tình yêu|https://thanhnien.vn/thanh-ha-mac-cam-suot-4-nam-vi-beo-phi-tiet-lo-giam-can-nho-tinh-yeu-post1467688.html|https://image.thanhnien.vn/150x100/Uploaded/2022/noktzn/2022_06_11/472a9191-1756.jpg|Tối 10.6, đêm nhạc Có nhau có cả thế giớicủa Phương Uyên và Thanh Hà diễn ra tại TP.HCM. Cả hai đã dẫn dắt khán giả qua nhiều cung bậc cảm xúc và những câu chuyện thú vị được chia sẻ trong suốt chương trình.|giải trí|thanhnien.vn|15:27 11/06/2022
Amber Heard lần đầu lộ diện sau khi thua kiện Johnny Depp|https://thanhnien.vn/amber-heard-lan-dau-lo-dien-sau-khi-thua-kien-johnny-depp-post1467683.html|https://image.thanhnien.vn/150x100/Uploaded/2022/abfluao/2022_06_11/1-4872.jpeg|Hơn 1 tuần sau khi kết thúc vụ kiện với chồng cũ, Amber Heard tham gia các cuộc họp ở New York. Cô di chuyển bằng máy bay tư nhân và được hộ tống bởi em gái cùng vệ sĩ riêng.|giải trí|thanhnien.vn|15:19 11/06/2022
Angelina Jolie tái xuất làm đạo diễn|https://thanhnien.vn/angelina-jolie-tai-xuat-lam-dao-dien-post1467676.html|https://image.thanhnien.vn/150x100/Uploaded/2022/tnabtw/2022_06_11/angie-02-3100.jpg|Minh tinh Angelina Jolie quay trở lại làm đạo diễn sau 5 năm kể từ First they killed my father (2017). Bộ phim mới của nữ diễn viên mang tên Without Blood.|giải trí|thanhnien.vn|15:17 11/06/2022
Cận cảnh đám cưới màu hồng của Britney Spears|https://thanhnien.vn/can-canh-dam-cuoi-mau-hong-cua-britney-spears-post1467604.html|https://image.thanhnien.vn/150x100/Uploaded/2022/tnabtw/2022_06_11/britney-spears-4-9361.jpg|Hôn lễ của Britney Spears và Sam Asghari được tổ chức ấm cúng nhưng không kém phần lãng mạn. Nhiều ngôi sao hạng A như Paris Hilton, Madonna, Selena Gomez… cũng có mặt để chúc phúc cho “công chúa nhạc pop”.|giải trí|thanhnien.vn|11:34 11/06/2022
Hoa hậu Tiểu Vy òa khóc nức nở trước mặt Trường Giang|https://thanhnien.vn/hoa-hau-tieu-vy-oa-khoc-nuc-no-truoc-mat-truong-giang-post1467613.html|https://image.thanhnien.vn/150x100/Uploaded/2022/noktzn/2022_06_11/vtr-4904-5271.jpg|Tham gia chương trình Ơn giời cậu đây rồi, Hoa hậu Tiểu Vy đã khiến khán giả tại trường quay, Trường Giang cũng như MC Đại Nghĩa ngỡ ngàng về cách xử lý tình huống của mình.|giải trí|thanhnien.vn|11:24 11/06/2022
'Hoa khôi công nghệ' Hoa hậu Hoàn vũ Việt Nam đưa sáng kiến minh bạch từ thiện|https://thanhnien.vn/hoa-khoi-cong-nghe-hoa-hau-hoan-vu-viet-nam-dua-sang-kien-minh-bach-tu-thien-post1467605.html|https://image.thanhnien.vn/150x100/Uploaded/2022/drkxrvyxqx/2022_06_11/dsc-0780-7952.jpg|Với dự án đưa ứng dụng Blockchain vào hoạt động thiện nguyện nhằm đảm bảo sự minh bạch, Phạm Hoàng Thu Uyên đặt kỳ vọng giành chiến thắng phần thi Người đẹp bản lĩnh tại Miss Universe Vietnam 2022.|giải trí|thanhnien.vn|11:20 11/06/2022
Phản ứng của hot girl Đô Mỹ Trúc về phiên xử của Ngô Diệc Phàm|https://thanhnien.vn/phan-ung-cua-hot-girl-do-my-truc-ve-phien-xu-cua-ngo-diec-pham-post1467601.html|https://image.thanhnien.vn/150x100/Uploaded/2022/zxaijr/2022_06_11/ngodiecphamxetxukindomytruc1-7999.png|Hôm 10.6, phiên tòa xét xử Ngô Diệc Phàm đã diễn ra kín đáo để bảo vệ quyền riêng tư của các nạn nhân. Hot girl Đô Mỹ Trúc cũng được cho là có động thái phản hồi về phiên tòa lần này.|giải trí|thanhnien.vn|10:46 11/06/2022
Đen Vâu gây tò mò khi giới thiệu ca khúc mới|https://thanhnien.vn/den-vau-gay-to-mo-khi-gioi-thieu-ca-khuc-moi-post1467583.html|https://image.thanhnien.vn/150x100/Uploaded/2022/znetns/2022_06_11/den-vau-3-350.jpg|Sau những ồn ào về ca khúc Đi trong mùa hè, Đen Vâu trở lại với hình ảnh trữ tình và mộc mạc với ca khúc Ai muốn nghe không?.|giải trí|thanhnien.vn|09:49 11/06/2022
Vượt 'đàn chị' Twice, Aespa lập kỷ lục mới|https://thanhnien.vn/vuot-dan-chi-twice-aespa-lap-ky-luc-moi-post1467558.html|https://image.thanhnien.vn/150x100/Uploaded/2022/wpxlcqjwq/2022_06_11/01-5423.jpeg|Album chuẩn bị ra mắt của Aespa đạt số lượng đặt hàng trước cao thứ hai trong lịch sử các nhóm nhạc nữ Kpop, chỉ sau BlackPink.|giải trí|thanhnien.vn|09:45 11/06/2022
Võ Hạ Trâm giải thích vụ 'mất tích' sau đám cưới với chồng Ấn Độ|https://thanhnien.vn/vo-ha-tram-giai-thich-vu-mat-tich-sau-dam-cuoi-voi-chong-an-do-post1467532.html|https://image.thanhnien.vn/150x100/Uploaded/2022/drkxrvyxqx/2022_06_11/vo-ha-tram-talk-3-8598.jpg|'Bản thân tôi chưa bao giờ có khái niệm chồng nuôi. Tôi chỉ cảm thấy an tâm và an toàn nếu như tôi được làm việc và có một khoản tài chính riêng của mình', Võ Hạ Trâm khẳng định.|giải trí|thanhnien.vn|08:25 11/06/2022
Bùi Lan Hương hạnh phúc khi vai diễn trong ‘Em và Trịnh’ được yêu mến|https://thanhnien.vn/bui-lan-huong-hanh-phuc-khi-vai-dien-trong-em-va-trinh-duoc-yeu-men-post1467490.html|https://image.thanhnien.vn/150x100/Uploaded/2022/tnabtw/2022_06_10/kdn00216-9728.jpg|Sau hai buổi công chiếu Em và Trịnh, Bùi Lan Hương nhận được vô số lời khen ngợi khi vào vai danh ca Khánh Ly. Giọng ca Ngày chưa giông bão cho biết cô hạnh phúc khi vai diễn đầu tay được mọi người đón nhận.|giải trí|thanhnien.vn|22:00 10/06/2022
Cô gái cao 1,79m có nét giống Phạm Hương gây chú ý tại Miss Universe Vietnam|https://thanhnien.vn/co-gai-cao-1-79m-co-net-giong-pham-huong-gay-chu-y-tai-miss-universe-vietnam-post1467489.html|https://image.thanhnien.vn/150x100/Uploaded/2022/drkxrvyxqx/2022_06_10/hoang-thi-nhung-4-5309.jpg|Hoàng Thị Nhung được khán giả đánh giá cao tại Hoa hậu Hoàn vũ Việt Nam 2022 (Miss Universe Vietnam) bởi hình thể nóng bỏng, nhan sắc có nét giống với đàn chị Phạm Hương. |giải trí|thanhnien.vn|21:55 10/06/2022
Hoa hậu Tiểu Vy òa khóc nức nở trước mặt Trường Giang|https://thanhnien.vn/hoa-hau-tieu-vy-oa-khoc-nuc-no-truoc-mat-truong-giang-post1467613.html|https://image.thanhnien.vn/150x100/Uploaded/2022/noktzn/2022_06_11/vtr-4904-5271.jpg|Tham gia chương trình Ơn giời cậu đây rồi, Hoa hậu Tiểu Vy đã khiến khán giả tại trường quay, Trường Giang cũng như MC Đại Nghĩa ngỡ ngàng về cách xử lý tình huống của mình.|giải trí|thanhnien.vn|11:24 11/06/2022
'Hoa khôi công nghệ' Hoa hậu Hoàn vũ Việt Nam đưa sáng kiến minh bạch từ thiện|https://thanhnien.vn/hoa-khoi-cong-nghe-hoa-hau-hoan-vu-viet-nam-dua-sang-kien-minh-bach-tu-thien-post1467605.html|https://image.thanhnien.vn/150x100/Uploaded/2022/drkxrvyxqx/2022_06_11/dsc-0780-7952.jpg|Với dự án đưa ứng dụng Blockchain vào hoạt động thiện nguyện nhằm đảm bảo sự minh bạch, Phạm Hoàng Thu Uyên đặt kỳ vọng giành chiến thắng phần thi Người đẹp bản lĩnh tại Miss Universe Vietnam 2022.|giải trí|thanhnien.vn|11:20 11/06/2022
Phản ứng của hot girl Đô Mỹ Trúc về phiên xử của Ngô Diệc Phàm|https://thanhnien.vn/phan-ung-cua-hot-girl-do-my-truc-ve-phien-xu-cua-ngo-diec-pham-post1467601.html|https://image.thanhnien.vn/150x100/Uploaded/2022/zxaijr/2022_06_11/ngodiecphamxetxukindomytruc1-7999.png|Hôm 10.6, phiên tòa xét xử Ngô Diệc Phàm đã diễn ra kín đáo để bảo vệ quyền riêng tư của các nạn nhân. Hot girl Đô Mỹ Trúc cũng được cho là có động thái phản hồi về phiên tòa lần này.|giải trí|thanhnien.vn|10:46 11/06/2022
Đen Vâu gây tò mò khi giới thiệu ca khúc mới|https://thanhnien.vn/den-vau-gay-to-mo-khi-gioi-thieu-ca-khuc-moi-post1467583.html|https://image.thanhnien.vn/150x100/Uploaded/2022/znetns/2022_06_11/den-vau-3-350.jpg|Sau những ồn ào về ca khúc Đi trong mùa hè, Đen Vâu trở lại với hình ảnh trữ tình và mộc mạc với ca khúc Ai muốn nghe không?.|giải trí|thanhnien.vn|09:49 11/06/2022
Vượt 'đàn chị' Twice, Aespa lập kỷ lục mới|https://thanhnien.vn/vuot-dan-chi-twice-aespa-lap-ky-luc-moi-post1467558.html|https://image.thanhnien.vn/150x100/Uploaded/2022/wpxlcqjwq/2022_06_11/01-5423.jpeg|Album chuẩn bị ra mắt của Aespa đạt số lượng đặt hàng trước cao thứ hai trong lịch sử các nhóm nhạc nữ Kpop, chỉ sau BlackPink.|giải trí|thanhnien.vn|09:45 11/06/2022
Võ Hạ Trâm giải thích vụ 'mất tích' sau đám cưới với chồng Ấn Độ|https://thanhnien.vn/vo-ha-tram-giai-thich-vu-mat-tich-sau-dam-cuoi-voi-chong-an-do-post1467532.html|https://image.thanhnien.vn/150x100/Uploaded/2022/drkxrvyxqx/2022_06_11/vo-ha-tram-talk-3-8598.jpg|'Bản thân tôi chưa bao giờ có khái niệm chồng nuôi. Tôi chỉ cảm thấy an tâm và an toàn nếu như tôi được làm việc và có một khoản tài chính riêng của mình', Võ Hạ Trâm khẳng định.|giải trí|thanhnien.vn|08:25 11/06/2022
Bùi Lan Hương hạnh phúc khi vai diễn trong ‘Em và Trịnh’ được yêu mến|https://thanhnien.vn/bui-lan-huong-hanh-phuc-khi-vai-dien-trong-em-va-trinh-duoc-yeu-men-post1467490.html|https://image.thanhnien.vn/150x100/Uploaded/2022/tnabtw/2022_06_10/kdn00216-9728.jpg|Sau hai buổi công chiếu Em và Trịnh, Bùi Lan Hương nhận được vô số lời khen ngợi khi vào vai danh ca Khánh Ly. Giọng ca Ngày chưa giông bão cho biết cô hạnh phúc khi vai diễn đầu tay được mọi người đón nhận.|giải trí|thanhnien.vn|22:00 10/06/2022
Cô gái cao 1,79m có nét giống Phạm Hương gây chú ý tại Miss Universe Vietnam|https://thanhnien.vn/co-gai-cao-1-79m-co-net-giong-pham-huong-gay-chu-y-tai-miss-universe-vietnam-post1467489.html|https://image.thanhnien.vn/150x100/Uploaded/2022/drkxrvyxqx/2022_06_10/hoang-thi-nhung-4-5309.jpg|Hoàng Thị Nhung được khán giả đánh giá cao tại Hoa hậu Hoàn vũ Việt Nam 2022 (Miss Universe Vietnam) bởi hình thể nóng bỏng, nhan sắc có nét giống với đàn chị Phạm Hương. |giải trí|thanhnien.vn|21:55 10/06/2022
Nhạc sĩ Nguyễn Văn Chung: Tôi mất ngủ suốt 6 tháng hậu ly hôn|https://thanhnien.vn/nhac-si-nguyen-van-chung-toi-mat-ngu-suot-6-thang-hau-ly-hon-post1467430.html|https://image.thanhnien.vn/150x100/Uploaded/2022/znetns/2022_06_10/nguyen-van-chung-7562.jpg|Áp lực khi không thể giữ cho con được một gia đình hạnh phúc cùng với việc phải trả một khoản nợ lớn khiến Nguyễn Văn Chung gần như rơi vào bế tắc hậu ly hôn. |giải trí|thanhnien.vn|21:40 10/06/2022
Tranh cãi chuyện Nayeon (Twice) bị so sánh với Jennie (BlackPink)|https://thanhnien.vn/tranh-cai-chuyen-nayeon-twice-bi-so-sanh-voi-jennie-blackpink-post1467458.html|https://image.thanhnien.vn/150x100/Uploaded/2022/lxwpcqjwp/2022_06_10/2-524.jpg|Sau khi Nayeon (Twice) phát hành ảnh teaser cho ca khúc solo đầu tay, nữ thần tượng bất ngờ bị dân mạng so sánh với thành viên Jennie của BlackPink.|giải trí|thanhnien.vn|18:53 10/06/2022
Quang Lê lên tiếng về tin đồn hẹn hò Hà Thành Xuân, từng cưới Mai Thiên Vân|https://thanhnien.vn/quang-le-len-tieng-ve-tin-don-hen-ho-ha-thanh-xuan-tung-cuoi-mai-thien-van-post1467445.html|https://image.thanhnien.vn/150x100/Uploaded/2022/noktzn/2022_06_10/quang-le-5926.jpg|Quang Lê khẳng định mình và Hà Thanh Xuân không hề có chuyện yêu nhau như khán giả lầm tưởng. Anh cũng phủ nhận tin đồn từng làm đám cưới với Mai Thiên Vân trước đây.|giải trí|thanhnien.vn|17:54 10/06/2022
Quyền Linh nhói lòng khi Quốc Thiên hối hận vì không đón Tết cuối cùng với mẹ|https://thanhnien.vn/quyen-linh-nhoi-long-khi-quoc-thien-hoi-han-vi-khong-don-tet-cuoi-cung-voi-me-post1467411.html|https://image.thanhnien.vn/150x100/Uploaded/2022/drkxrvyxqx/2022_06_10/quyen-linh-5-5817.jpg|Trong chương trình Hát cho ngày mai, Quốc Thiên xúc động bày tỏ tình cảm dành cho người mẹ đã khuất khiến Quyền Linh xót xa.|giải trí|thanhnien.vn|16:00 10/06/2022
Miss Universe 2021 làm giám khảo chung kết 'Hoa hậu Hoàn vũ Việt Nam'|https://thanhnien.vn/miss-universe-2021-lam-giam-khao-chung-ket-hoa-hau-hoan-vu-viet-nam-post1467386.html|https://image.thanhnien.vn/150x100/Uploaded/2022/drkxrvyxqx/2022_06_10/harnaaz-2-5909.jpg|Mỹ nhân Ấn Độ - Harnaaz Sandhu sẽ có mặt tại chung kết Hoa hậu Hoàn vũ Việt Nam 2022 để tìm kiếm cô gái xứng đáng cho ngôi vị cao nhất.|giải trí|thanhnien.vn|15:51 10/06/2022
Con gái Ngọc Huyền gây sốt với nhan sắc xinh đẹp ở tuổi 18|https://thanhnien.vn/con-gai-ngoc-huyen-gay-sot-voi-nhan-sac-xinh-dep-o-tuoi-18-post1467352.html|https://image.thanhnien.vn/150x100/Uploaded/2022/mftum/2022_06_10/graduation-celebration-7173.png|Không chỉ sở hữu nhan sắc xinh đẹp, con gái Ngọc Huyền còn yêu nghệ thuật và có thành tích học tập 'khủng'.|giải trí|thanhnien.vn|15:49 10/06/2022
Kiều nữ làng hài Rebel Wilson công khai người yêu đồng giới|https://thanhnien.vn/kieu-nu-lang-hai-rebel-wilson-cong-khai-nguoi-yeu-dong-gioi-post1467369.html|https://image.thanhnien.vn/150x100/Uploaded/2022/tnabtw/2022_06_10/rebel-wilson-3874.png|Diễn viên hài Rebel Wilson gây bất ngờ khi công khai bạn gái mới Ramona Agruma sau một năm chia tay nam doanh nhân Jacob Busch.|giải trí|thanhnien.vn|13:41 10/06/2022
Thanh Hà tự nhận là 'người em sầu muộn' bên cạnh Phương Uyên|https://thanhnien.vn/thanh-ha-tu-nhan-la-nguoi-em-sau-muon-ben-canh-phuong-uyen-post1467310.html|https://image.thanhnien.vn/150x100/Uploaded/2022/drkxrvyxqx/2022_06_10/dat1017-7241.jpg|Trong dự án âm nhạc mới, Thanh Hà được giao trọng trách hát bài buồn. Cô nhận mình là 'người em sầu muộn' bên Phương Uyên.|giải trí|thanhnien.vn|12:47 10/06/2022
Kiều nữ làng hài Rebel Wilson công khai người yêu đồng giới|https://thanhnien.vn/kieu-nu-lang-hai-rebel-wilson-cong-khai-nguoi-yeu-dong-gioi-post1467369.html|https://image.thanhnien.vn/150x100/Uploaded/2022/tnabtw/2022_06_10/rebel-wilson-3874.png|Diễn viên hài Rebel Wilson gây bất ngờ khi công khai bạn gái mới Ramona Agruma sau một năm chia tay nam doanh nhân Jacob Busch.|giải trí|thanhnien.vn|13:41 10/06/2022
Thanh Hà tự nhận là 'người em sầu muộn' bên cạnh Phương Uyên|https://thanhnien.vn/thanh-ha-tu-nhan-la-nguoi-em-sau-muon-ben-canh-phuong-uyen-post1467310.html|https://image.thanhnien.vn/150x100/Uploaded/2022/drkxrvyxqx/2022_06_10/dat1017-7241.jpg|Trong dự án âm nhạc mới, Thanh Hà được giao trọng trách hát bài buồn. Cô nhận mình là 'người em sầu muộn' bên Phương Uyên.|giải trí|thanhnien.vn|12:47 10/06/2022
Britney Spears bị chồng cũ đến phá đám cưới|https://thanhnien.vn/britney-spears-bi-chong-cu-den-pha-dam-cuoi-post1467309.html|https://image.thanhnien.vn/150x100/Uploaded/2022/tnabtw/2022_06_10/britney-8835.png|Jason Alexander - chồng cũ của Britney Spears đã đột nhập trái phép và phá bĩnh đám cưới của ngôi sao ca nhạc khiến cảnh sát địa phương phải can thiệp.|giải trí|thanhnien.vn|12:41 10/06/2022
'Decision to leave' của Thang Duy ấn định lịch chiếu tại Việt Nam|https://thanhnien.vn/decision-to-leave-cua-thang-duy-an-dinh-lich-chieu-tai-viet-nam-post1467333.html|https://image.thanhnien.vn/150x100/Uploaded/2022/tnabtw/2022_06_10/des-02-3556.jpg|Sau khi được giới thiệu rầm rộ tại Liên hoan phim Cannes, bộ phim Decision to leave do 'mỹ nhân cảnh nóng' Thang Duy đóng chính đã ấn định lịch chiếu tại Việt Nam. |giải trí|thanhnien.vn|12:32 10/06/2022
Lý Nhã Kỳ 'chất vấn' doanh nhân 'gọi vốn' 30 triệu khi đang gánh nợ 1,8 tỉ|https://thanhnien.vn/ly-nha-ky-chat-van-doanh-nhan-goi-von-30-trieu-khi-dang-ganh-no-1-8-ti-post1467322.html|https://image.thanhnien.vn/150x100/Uploaded/2022/mftum/2022_06_10/ly-nha-ky-1-5348.jpg|Lý Nhã Kỳ bất ngờ trước hai người phụ nữ nghị lực đến gọi vốn trong tập 2 Giàu cùng mợ chảnh. Đặc biệt, hoàn cảnh nợ nần chồng chất của bà mẹ một con Chí Tâm khiến nữ diễn viên xúc động.|giải trí|thanhnien.vn|12:28 10/06/2022
Hứa Minh Đạt: Tôi không tủi hổ khi Lâm Vỹ Dạ nổi tiếng hơn|https://thanhnien.vn/hua-minh-dat-toi-khong-tui-ho-khi-lam-vy-da-noi-tieng-hon-post1467234.html|https://image.thanhnien.vn/150x100/Uploaded/2022/drkxrvyxqx/2022_06_10/hua-minh-dat-4-9052.jpg|Hứa Minh Đạt thừa nhận không tủi hổ khi vợ nổi tiếng hơn. Anh khẳng định: 'Mục đích hướng đến của chúng tôi là gia đình'.|giải trí|thanhnien.vn|10:20 10/06/2022
‘Lối nhỏ vào đời’ tập 3: Dũng lại bị cô Hà ‘kết tội’?|https://thanhnien.vn/loi-nho-vao-doi-tap-3-dung-lai-bi-co-ha-ket-toi-post1467264.html|https://image.thanhnien.vn/150x100/Uploaded/2022/aobfwaa/2022_06_10/phim-89-5554.png|Lối nhỏ vào đời tập 3: Ông Thành không hài lòng về con trai; Dũng lại căng thẳng với cô giáo dạy thể dục; Bố Dũng dặn con trai đừng làm gì để xấu mặt.|giải trí|thanhnien.vn|10:17 10/06/2022
Người mẫu ngoại cỡ gây chú ý khi dự thi Hoa hậu Costa Rica|https://thanhnien.vn/nguoi-mau-ngoai-co-gay-chu-y-khi-du-thi-hoa-hau-costa-rica-post1467224.html|https://image.thanhnien.vn/150x100/Uploaded/2022/abfluao/2022_06_09/a1-8370.jpeg|Sở hữu thân hình quá khổ được cho là không phù hợp với tiêu chuẩn hoa hậu, Jessica Rodriguez vẫn ghi danh dự thi Miss Costa Rica 2022. Cô hy vọng bản thân sẽ góp phần làm thay đổi tiêu chuẩn về cái đẹp.|giải trí|thanhnien.vn|08:27 10/06/2022
Ngọc Lan ngỡ ngàng trước chuyện đời của nữ CEO tặng chồng siêu xe 24 tỉ|https://thanhnien.vn/ngoc-lan-ngo-ngang-truoc-chuyen-doi-cua-nu-ceo-tang-chong-sieu-xe-24-ti-post1467247.html|https://image.thanhnien.vn/150x100/Uploaded/2022/noktzn/2022_06_10/ngoc-lan-5160.jpg|Nữ khách mời tham gia Tâm sự mẹ bỉm sữa tuần này khiến Ngọc Lan xót xa khi tiết lộ cuộc sống hôn nhân không hạnh phúc với chồng cũ trước khi có được hạnh phúc như hiện tại.|giải trí|thanhnien.vn|06:47 10/06/2022
Bị đồn 'sửa nát mặt', Chu Thúy Quỳnh hứa thưởng tiền tỉ cho người có bằng chứng|https://thanhnien.vn/bi-don-sua-nat-mat-chu-thuy-quynh-hua-thuong-tien-ti-cho-nguoi-co-bang-chung-post1466918.html|https://image.thanhnien.vn/150x100/Uploaded/2022/cqjwqlqjd/2022_06_09/thuy-quynh-05528-1479.jpg|Chu Thúy Quỳnh không ngần ngại lên tiếng về tin đồn 'dao kéo', khẳng định sẽ 'thưởng nóng' cho ai tung bằng chứng mình phẫu thuật thẩm mỹ.|giải trí|thanhnien.vn|19:28 09/06/2022
Trình Mỹ Duyên bật khóc sau hậu trường khiến Tú Vi lo lắng|https://thanhnien.vn/trinh-my-duyen-bat-khoc-sau-hau-truong-khien-tu-vi-lo-lang-post1467102.html|https://image.thanhnien.vn/150x100/Uploaded/2022/znetns/2022_06_09/tu-vi-trinh-my-duyen-6727.jpg|Vì quá nhập tâm vào nhân vật nên Trình Mỹ Duyên đã bật khóc trong hậu trường sau khi phân đoạn kết thúc. Điều này khiến Tú Vi và cả đoàn phim không khỏi lo lắng. |giải trí|thanhnien.vn|19:25 09/06/2022
Ca khúc mới của BTS bị cấm phát sóng|https://thanhnien.vn/ca-khuc-moi-cua-bts-bi-cam-phat-song-post1467155.html|https://image.thanhnien.vn/150x100/Uploaded/2022/zxaijr/2022_06_09/btsbikbscam1-8240.jpg|Đài KBS (Hàn Quốc) thông báo cấm phát sóng hai ca khúc thuộc album mới Proof của BTS. Nguyên nhân là vì những bài hát này không đủ tiêu chuẩn phát sóng.|giải trí|thanhnien.vn|19:17 09/06/2022
Nhan sắc cuốn hút của Hoa hậu Giáng My ở tuổi ngoài 50|https://thanhnien.vn/nhan-sac-cuon-hut-cua-hoa-hau-giang-my-o-tuoi-ngoai-50-post1467135.html|https://image.thanhnien.vn/150x100/Uploaded/2022/noktzn/2022_06_09/hh-giang-my-x-ntk-vo-viet-chung-15-1-4477.jpg|Trong những thiết kế của Võ Việt Chung, Hoa hậu Giáng My gây ấn tượng bởi sắc vóc trẻ trung, quyến rũ. Qua bộ ảnh, người đẹp càng khiến khán giả xuýt xoa trước nhan sắc cuốn hút, giữ vững danh hiệu 'mỹ nhân không tuổi' của showbiz Việt. |giải trí|thanhnien.vn|19:02 09/06/2022
‘Bom sex’ Kelly Brook sắp lên xe hoa với tình trẻ|https://thanhnien.vn/bom-sex-kelly-brook-sap-len-xe-hoa-voi-tinh-tre-post1467173.html|https://image.thanhnien.vn/150x100/Uploaded/2022/abfluao/2022_06_09/h1-3941.png|Sau hơn 7 năm bên nhau, Kelly Brook và bạn trai Jeremy Parisi quyết định tiến tới hôn nhân. Theo Daily Mail hôm 8.6, cặp đôi đang tìm kiếm địa điểm tổ chức đám cưới vào tháng tới.|giải trí|thanhnien.vn|18:57 09/06/2022
Johnny Depp sắp hầu tòa vì cáo buộc đánh nhân viên đoàn phim|https://thanhnien.vn/johnny-depp-sap-hau-toa-vi-cao-buoc-danh-nhan-vien-doan-phim-post1467117.html|https://image.thanhnien.vn/150x100/Uploaded/2022/abfluao/2022_06_09/1-1217.jpeg|Vụ kiện với Amber Heard vừa khép lại chưa lâu, Johnny Depp lại chuẩn bị hầu tòa vì cáo buộc đánh nhân viên trên phim trường City of Lies hồi 2017. Tài tử 59 tuổi có thể bào chữa cho mình tại tòa vào cuối tháng tới.|giải trí|thanhnien.vn|17:57 09/06/2022
Phương Uyên nhắn nhủ đầy tình cảm đến ca sĩ Thanh Hà|https://thanhnien.vn/phuong-uyen-nhan-nhu-day-tinh-cam-den-ca-si-thanh-ha-post1467118.html|https://image.thanhnien.vn/150x100/Uploaded/2022/drkxrvyxqx/2022_06_09/thanh-ha-3-8121.jpg|Trong bài viết vừa được đăng tải trên trang cá nhân, ca sĩ Phương Uyên có những lời nhắn nhủ đầy tình cảm đến Thanh Hà. |giải trí|thanhnien.vn|17:52 09/06/2022
Phương Uyên nhắn nhủ đầy tình cảm đến ca sĩ Thanh Hà|https://thanhnien.vn/phuong-uyen-nhan-nhu-day-tinh-cam-den-ca-si-thanh-ha-post1467118.html|https://image.thanhnien.vn/150x100/Uploaded/2022/drkxrvyxqx/2022_06_09/thanh-ha-3-8121.jpg|Trong bài viết vừa được đăng tải trên trang cá nhân, ca sĩ Phương Uyên có những lời nhắn nhủ đầy tình cảm đến Thanh Hà. |giải trí|thanhnien.vn|17:52 09/06/2022
Chris Pratt thấy may mắn khi kết hôn với con gái của ‘Kẻ hủy diệt’|https://thanhnien.vn/chris-pratt-thay-may-man-khi-ket-hon-voi-con-gai-cua-ke-huy-diet-post1467150.html|https://image.thanhnien.vn/150x100/Uploaded/2022/abfluao/2022_06_09/2-8069.jpg|Hôm 8.6 (giờ Mỹ), Chris Pratt và Katherine Schwarzenegger kỷ niệm 3 năm về chung nhà. Trên trang cá nhân, tài tử 43 tuổi thừa nhận mình là người đàn ông may mắn khi được ở bên bà xã xinh đẹp, tài năng.|giải trí|thanhnien.vn|17:50 09/06/2022
Ngọc Sơn 'thưởng nóng' khi Phan Hiển giành 3 huy chương vàng SEA Games|https://thanhnien.vn/ngoc-son-thuong-nong-khi-phan-hien-gianh-3-huy-chuong-vang-sea-games-post1467133.html|https://image.thanhnien.vn/150x100/Uploaded/2022/drkxrvyxqx/2022_06_09/phan-hien-5-copy-4331.jpg|Ngọc Sơn bày tỏ sự ngưỡng mộ trước tài năng của Phan Hiển. Thậm chí, ông còn chuẩn bị một món quà để 'thưởng nóng' cho nam vũ công khi giành thành tích ấn tượng tại SEA Games 31. |giải trí|thanhnien.vn|17:47 09/06/2022
Quyền Linh chạnh lòng về cuộc sống đi ở trọ của NSND Việt Anh tuổi xế chiều|https://thanhnien.vn/quyen-linh-chanh-long-ve-cuoc-song-di-o-tro-cua-nsnd-viet-anh-tuoi-xe-chieu-post1467049.html|https://image.thanhnien.vn/150x100/Uploaded/2022/noktzn/2022_06_09/viet-anh-4334.jpg|NSND Việt Anh hiếm hoi chia sẻ về cuộc sống không vợ không con, một mình ở tuổi U.70 và nhắc lại một thời vàng son trên hành trình hơn 40 năm làm nghệ thuật.|giải trí|thanhnien.vn|15:29 09/06/2022
'Chồng cũ, vợ cũ, người yêu cũ’ tập 13: Giang bị Lam và Vũ ‘đánh hội đồng’?|https://thanhnien.vn/chong-cu-vo-cu-nguoi-yeu-cu-tap-13-giang-bi-lam-va-vu-danh-hoi-dong-post1467053.html|https://image.thanhnien.vn/150x100/Uploaded/2022/aobfwaa/2022_06_09/445-2319.png|Chồng cũ, vợ cũ, người yêu cũ tập 13: Vợ cũ của Việt là khách hàng lớn của công ty Giang và lợi dụng điều này Vũ để mặc Lam làm khó Giang.|giải trí|thanhnien.vn|15:22 09/06/2022
Khánh Phương: Nhờ một bài hát mà đời 'lên hương'|https://thanhnien.vn/khanh-phuong-nho-mot-bai-hat-ma-doi-len-huong-post1467054.html|https://image.thanhnien.vn/150x100/Uploaded/2022/mftum/2022_06_09/khanh-phuong-1-1697.jpg|Khánh Phương tiết lộ sự nghiệp của anh ‘như diều gặp gió’ sau khi hát Chiếc khăn gió ấm.|giải trí|thanhnien.vn|15:14 09/06/2022
Anh Tài tiết lộ cuộc gọi định mệnh của Phước Sang giúp thay đổi cuộc đời|https://thanhnien.vn/anh-tai-tiet-lo-cuoc-goi-dinh-menh-cua-phuoc-sang-giup-thay-doi-cuoc-doi-post1467064.html|https://image.thanhnien.vn/150x100/Uploaded/2022/drkxrvyxqx/2022_06_09/anh-tai-5-copy-9077.jpg|Anh Tài có dịp trải lòng về chặng đường từ một ca sĩ chuyển hướng sang làm diễn viên, đồng thời tiết lộ cuộc sống hôn nhân trong chương trình Lời tự sự. |giải trí|thanhnien.vn|15:06 09/06/2022
Phi Phụng, Trung Dân 'khẩu chiến' trong ‘Cười cùng bác Ba Phi’|https://thanhnien.vn/phi-phung-trung-dan-khau-chien-trong-cuoi-cung-bac-ba-phi-post1467043.html|https://image.thanhnien.vn/150x100/Uploaded/2022/mftum/2022_06_09/phi-phung-trung-dan-8524.png|Nghệ sĩ Phi Phụng, Trung Dân hé lộ câu chuyện về tình làng nghĩa xóm trong tập 111 Cười cùng bác Ba Phi.|giải trí|thanhnien.vn|13:10 09/06/2022
‘Jurassic World’ và những thương hiệu bom tấn bị Hollywood ‘vắt sữa’ đến nhàm chán|https://thanhnien.vn/jurassic-world-va-nhung-thuong-hieu-bom-tan-bi-hollywood-vat-sua-den-nham-chan-post1467031.html|https://image.thanhnien.vn/150x100/Uploaded/2022/tnabtw/2022_06_09/jurassicworld-7354.jpg|Hollywood đã sản sinh ra nhiều thương hiệu điện ảnh bom tấn được khán giả toàn cầu yêu mến. Tuy nhiên, nhiều phim dần đánh mất bản sắc, đi vào ngõ cụt do bị khai thác theo kiểu “vắt sữa” từ năm này qua năm khác.|giải trí|thanhnien.vn|12:45 09/06/2022
Hai cô gái Tày xinh đẹp 'gây sốt' khi thi Hoa hậu các dân tộc Việt Nam|https://thanhnien.vn/hai-co-gai-tay-xinh-dep-gay-sot-khi-thi-hoa-hau-cac-dan-toc-viet-nam-post1467022.html|https://image.thanhnien.vn/150x100/Uploaded/2022/mftum/2022_06_09/graduation-celebration-4208.png|Không chỉ sở hữu nhan sắc xinh đẹp, hai cô gái dân tộc Tày còn gây ấn tượng bởi sự đa tài và nỗ lực chinh phục vương miện Hoa hậu các dân tộc Việt Nam 2022.|giải trí|thanhnien.vn|12:36 09/06/2022
Trương Minh Quốc Thái thân mật với nữ diễn viên trẻ trong phim mới|https://thanhnien.vn/truong-minh-quoc-thai-than-mat-voi-nu-dien-vien-tre-trong-phim-moi-post1466974.html|https://image.thanhnien.vn/150x100/Uploaded/2022/znetns/2022_06_09/z3460679733823-3ab08dbb9b01eb0be99d964abb843c54-9435.jpg|Trong phim Vợ quan, Trương Minh Quốc Thái sẽ khiến nhiều khán giả khó chịu vì tính cách đào hoa và xem trọng nhân tình hơn cả người vợ tào khang của mình. |giải trí|thanhnien.vn|10:43 09/06/2022
‘Lối nhỏ vào đời’ tập 2: Dũng lại được 'chị đại' giải vây|https://thanhnien.vn/loi-nho-vao-doi-tap-2-dung-lai-duoc-chi-dai-giai-vay-post1466990.html|https://image.thanhnien.vn/150x100/Uploaded/2022/aobfwaa/2022_06_09/45-6212.png|Lối nhỏ vào đời tập 2: Dũng bị chơi đểu ở phòng game thì tiếp tục được Hoài giải vây. Lâm và Khanh tạo bất ngờ cho Dũng.|giải trí|thanhnien.vn|10:40 09/06/2022
Thanh Bạch, Ngọc Ánh khóc nức nở trên sóng truyền hình|https://thanhnien.vn/thanh-bach-ngoc-anh-khoc-nuc-no-tren-song-truyen-hinh-post1466960.html|https://image.thanhnien.vn/150x100/Uploaded/2022/drkxrvyxqx/2022_06_09/gk-thanh-bach-6-9897.jpg|Trong Đấu trường ngôi sao, Thanh Bạch và Ngọc Ánh phải rơi nước mắt khi theo dõi các tiết mục liên quan đến tình cảm gia đình. |giải trí|thanhnien.vn|10:36 09/06/2022
Á khôi Thạch Thảo: Tôi đặt mục tiêu giành vương miện Hoa hậu Hoàn vũ Việt Nam|https://thanhnien.vn/a-khoi-thach-thao-toi-dat-muc-tieu-gianh-vuong-mien-hoa-hau-hoan-vu-viet-nam-post1466943.html|https://image.thanhnien.vn/150x100/Uploaded/2022/drkxrvyxqx/2022_06_09/133a1403-1312.jpg|Á khôi Trần Đình Thạch Thảo cho biết cô đặt mục tiêu trở thành Hoa hậu Hoàn vũ Việt Nam 2022 bởi thấy bản thân hội tụ đủ yếu tố chinh phục vương miện.|giải trí|thanhnien.vn|08:23 09/06/2022
Hot girl Thiên An: Tôi không câu view bất chấp|https://thanhnien.vn/hot-girl-thien-an-toi-khong-cau-view-bat-chap-post1466529.html|https://image.thanhnien.vn/150x100/Uploaded/2022/znetns/2022_06_07/youtuber-thien-an3-4612.jpg|Thiên An thẳng thắn cho biết một số kênh YouTube hiện nay đang khai thác những chủ đề khá tiêu cực khiến khán giả chỉ trích, vì vậy, cô ngày càng phải cẩn trọng hơn khi thực hiện các sê-ri phim.|giải trí|thanhnien.vn|08:21 09/06/2022
Chàng trai bị 'ném đá' dữ dội vì 'làm màu' tại Bạn muốn hẹn hò|https://thanhnien.vn/chang-trai-bi-nem-da-du-doi-vi-lam-mau-tai-ban-muon-hen-ho-post1466940.html|https://image.thanhnien.vn/150x100/Uploaded/2022/noktzn/2022_06_09/quyen-linh-1367.jpg|Sau khi tập 799 của Bạn muốn hẹn hò lên sóng, Trần Long bị dân mạng phản ứng gay gắt khi thể hiện quá đà, khiến cô gái hiểu lầm rồi 'quay xe' từ chối. Ngay cả Quyền Linh cũng không hài lòng, chê trách đàng trai đã làm bạn gái tổn thương. |giải trí|thanhnien.vn|08:19 09/06/2022
Chàng trai bị 'ném đá' dữ dội vì 'làm màu' tại Bạn muốn hẹn hò|https://thanhnien.vn/chang-trai-bi-nem-da-du-doi-vi-lam-mau-tai-ban-muon-hen-ho-post1466940.html|https://image.thanhnien.vn/150x100/Uploaded/2022/noktzn/2022_06_09/quyen-linh-1367.jpg|Sau khi tập 799 của Bạn muốn hẹn hò lên sóng, Trần Long bị dân mạng phản ứng gay gắt khi thể hiện quá đà, khiến cô gái hiểu lầm rồi 'quay xe' từ chối. Ngay cả Quyền Linh cũng không hài lòng, chê trách đàng trai đã làm bạn gái tổn thương. |giải trí|thanhnien.vn|08:19 09/06/2022
Đan Trường xin lỗi sau loạt lùm xùm bị tố sử dụng ca khúc không xin phép|https://thanhnien.vn/dan-truong-xin-loi-sau-loat-lum-xum-bi-to-su-dung-ca-khuc-khong-xin-phep-post1466924.html|https://image.thanhnien.vn/150x100/Uploaded/2022/noktzn/2022_06_09/209035934-339546937542775-1143278832374500174-n-1989.jpeg|Đan Trường chính thức xin lỗi về loạt ồn ào bản quyền khi hát hai ca khúc Ai chung tình được mãi và Từng yêu. Nam ca sĩ bày tỏ anh và ê-kíp hứa rút kinh nghiệm sâu sắc sau sự việc.|giải trí|thanhnien.vn|06:43 09/06/2022
Tiếp tục bị tố hát 'Từng yêu' không xin phép, Đan Trường nói gì?|https://thanhnien.vn/tiep-tuc-bi-to-hat-tung-yeu-khong-xin-phep-dan-truong-noi-gi-post1466812.html|https://image.thanhnien.vn/150x100/Uploaded/2022/noktzn/2022_06_08/dan-truong-505.jpg|Liên quan đến việc bị tố hát Từng yêu không xin phép, phía Đan Trường nhanh chóng lên tiếng phản hồi thông tin này. |giải trí|thanhnien.vn|20:32 08/06/2022
Phim ‘Em và Trịnh’: Bay bổng và chất chứa hoài niệm|https://thanhnien.vn/phim-em-va-trinh-bay-bong-va-chat-chua-hoai-niem-post1466770.html|https://image.thanhnien.vn/150x100/Uploaded/2022/tnabtw/2022_06_08/new-cover-2-6029.jpg|Không đi theo lối kể chuyện cấu trúc ba hồi quen thuộc, Em và Trịnh như một bức tranh được chậm rãi ghép nối lại với nhau từ nhiều mảng kí ức đẹp đẽ. Bộ phim là sự diễn giải vừa vặn cho hai nguồn cảm hứng chủ đạo trong âm nhạc Trịnh Công Sơn: tình yêu và thân phận con người.|giải trí|thanhnien.vn|17:55 08/06/2022
Sài Gòn Tân Thời đưa kịch nói lên sân khấu lô tô|https://thanhnien.vn/sai-gon-tan-thoi-dua-kich-noi-len-san-khau-lo-to-post1466745.html|https://image.thanhnien.vn/150x100/Uploaded/2022/mftum/2022_06_08/20220605-221120-1756.jpg|Bà bầu Lộ Lộ xúc động khi được đông đảo khán giả đón nhận trong lần đầu đoàn lô tô Sài Gòn Tân Thời diễn kịch nói. |giải trí|thanhnien.vn|17:47 08/06/2022
Nhan sắc Trang Pháp sau 15 năm đóng 'Nhật ký vàng anh'|https://thanhnien.vn/nhan-sac-trang-phap-sau-15-nam-dong-nhat-ky-vang-anh-post1466771.html|https://image.thanhnien.vn/150x100/Uploaded/2022/znetns/2022_06_08/trang-phap6-2-2888.jpg|Từng là một trong những nhạc sĩ kiêm ca sĩ được đánh giá cao của làng nhạc Việt, song Trang Pháp lại lựa chọn con đường rời xa ánh đèn sân khấu để tận hưởng cuộc sống cá nhân. |giải trí|thanhnien.vn|17:42 08/06/2022
Hoa hậu Thùy Tiên đọ sắc cùng Miss Grand Thailand 2022|https://thanhnien.vn/hoa-hau-thuy-tien-do-sac-cung-miss-grand-thailand-2022-post1466759.html|https://image.thanhnien.vn/150x100/Uploaded/2022/noktzn/2022_06_08/thuy-tien-thai-lan-1057.jpg|Hoa hậu Thùy Tiên cùng Miss Grand Thailand 2022 Engfa Waraha, Á hậu Phương Nga, Kiều Loan, Ngọc Thảo và các người đẹp thuộc Top 10 Miss Grand Thailand 2022 diện váy của nhà thiết kế Trần Ninh Hưng, trình diễn catwalk tại một sự kiện. |giải trí|thanhnien.vn|17:38 08/06/2022
Cuộc sống hiện tại của Nam Em sau loạt sóng gió|https://thanhnien.vn/cuoc-song-hien-tai-cua-nam-em-sau-loat-song-gio-post1466778.html|https://image.thanhnien.vn/150x100/Uploaded/2022/drkxrvyxqx/2022_06_08/nam-em-3-6346.jpg|Sau những sóng gió, Nam Em trở lại mạnh mẽ với nghệ thuật, góp mặt trong nhiều chương trình ca nhạc. Bên cạnh đó, cô còn thử thách bản thân tại cuộc thi Miss World Vietnam 2022.|giải trí|thanhnien.vn|17:28 08/06/2022
Joaquin Phoenix xác nhận đóng ‘Joker’ phần 2|https://thanhnien.vn/joaquin-phoenix-xac-nhan-dong-joker-phan-2-post1466787.html|https://image.thanhnien.vn/150x100/Uploaded/2022/tnabtw/2022_06_08/joker2-3355.jpeg|Đạo diễn Todd Phillips lên tiếng xác nhận sẽ thực hiện tiếp phần 2 của phim điện ảnh đình đám Joker, với sự trở lại của nam diễn viên gạo cội Joaquin Phoenix.|giải trí|thanhnien.vn|17:24 08/06/2022
Người mẫu Ngọc Quyên: Nghệ sĩ mà sĩ diện thì không sống nổi trên đất Mỹ|https://thanhnien.vn/nguoi-mau-ngoc-quyen-nghe-si-ma-si-dien-thi-khong-song-noi-tren-dat-my-post1466690.html|https://image.thanhnien.vn/150x100/Uploaded/2022/mftum/2022_06_08/ngoc-quyen-5-5287.jpg|Vất vả kiếm sống lúc sang Mỹ, Ngọc Quyên giờ đây đã có cơ ngơi riêng và một cuộc sống vững vàng về tài chính. Dù vậy, chân dài cho biết cô từng chật vật khi học cách bỏ bớt ‘sĩ diện’ để mưu sinh.|giải trí|thanhnien.vn|15:28 08/06/2022
Trang Lou - Tùng Sơn chia sẻ về kinh nghiệm chọn nhà khi có con nhỏ|https://thanhnien.vn/trang-lou-tung-son-chia-se-ve-kinh-nghiem-chon-nha-khi-co-con-nho-post1466700.html|https://image.thanhnien.vn/150x100/Uploaded/2022/puqgfdmzs-co/2022_06_08/1-trang-lou-tung-son-3415.jpg|Được nhiều người yêu mến với những chia sẻ hữu ích và các lựa chọn thông minh dành riêng cho các gia đình trẻ, “hot mom và hot dad” Trang Lou - Tùng Sơn đang tìm kiếm nơi ở lý tưởng cho các con Xoài và Dừa.|giải trí|thanhnien.vn|14:30 08/06/2022
Phạm Anh Khoa hát rock trong show thời trang Hà Linh Thư|https://thanhnien.vn/pham-anh-khoa-hat-rock-trong-show-thoi-trang-ha-linh-thu-post1466710.html|https://image.thanhnien.vn/150x100/Uploaded/2022/noktzn/2022_06_08/chieu-cao-va-tieu-su-cua-pham-anh-khoa-1119339-5221.jpg|Ca sĩ Phạm Anh Khoa sẽ tham gia trình diễn cho show thời trang Welcome to the Jungle của nhà thiết kế Hà Linh Thư sau thời gian dài vắng bóng.|giải trí|thanhnien.vn|14:20 08/06/2022
Quyền Linh phản ứng bất ngờ khi bị gọi là ‘ba' trên sóng truyền hình|https://thanhnien.vn/quyen-linh-phan-ung-bat-ngo-khi-bi-goi-la-ba-tren-song-truyen-hinh-post1466680.html|https://image.thanhnien.vn/150x100/Uploaded/2022/drkxrvyxqx/2022_06_08/522a2123-8319.jpg|"Trong Chọn đâu cho đúng, Xuân Nghị thản nhiên gọi Quyền Linh là ""ba"" và đưa ra lời giải thích khiến nam MC bất ngờ."|giải trí|thanhnien.vn|12:53 08/06/2022
Trung Dân bất ngờ trước cặp đôi thầy trò 'yêu lén' 7 năm|https://thanhnien.vn/trung-dan-bat-ngo-truoc-cap-doi-thay-tro-yeu-len-7-nam-post1466696.html|https://image.thanhnien.vn/150x100/Uploaded/2022/drkxrvyxqx/2022_06_08/trung-dan-4-copy-2196.jpg|Câu chuyện về hành trình yêu đầy sóng gió của hai thầy trò Hiếu Thành - Cẩm Hương được chia sẻ trong chương trình Thuận vợ thuận chồng khiến nghệ sĩ Trung Dân không khỏi bất ngờ. |giải trí|thanhnien.vn|12:49 08/06/2022
Quyền Linh bức xúc muốn ngăn cản cô gái trẻ bấm nút vì chàng trai 'làm màu'|https://thanhnien.vn/quyen-linh-buc-xuc-muon-ngan-can-co-gai-tre-bam-nut-vi-chang-trai-lam-mau-post1466695.html|https://image.thanhnien.vn/150x100/Uploaded/2022/noktzn/2022_06_08/quyen-linh-187.jpg|'Tôi định khuyên bé gái không bấm rồi nhưng thấy sự nhiệt tình của bạn trai quá. Những người đàn ông màu mè hay thể hiện cho người phụ nữ hiểu lầm, rồi cuối cùng mình 'quay xe', tội cho người ta', MC Quyền Linh thẳng thắn bày tỏ tại chương trình. |giải trí|thanhnien.vn|12:43 08/06/2022
'Thương ngày nắng về' phần 2 tập 30: Bà Nhung có ‘đẩy thuyền’ cho Trang và Duy?|https://thanhnien.vn/thuong-ngay-nang-ve-phan-2-tap-30-ba-nhung-co-day-thuyen-cho-trang-va-duy-post1466651.html|https://image.thanhnien.vn/150x100/Uploaded/2022/aobfwaa/2022_06_08/888-308.png|Thương ngày nắng về phần 2 tập 30: Bà Kim Nhung sững người khi bắt gặp Vân Trang và Hoàng Duy tình tứ với nhau; Vân Vân đọc thơ tình khi nhận quà từ thần tượng truyện tranh.|giải trí|thanhnien.vn|11:03 08/06/2022
Trường Giang gây tranh cãi vì 'cưỡng hôn' bạn diễn nữ|https://thanhnien.vn/truong-giang-gay-tranh-cai-vi-cuong-hon-ban-dien-nu-post1466647.html|https://image.thanhnien.vn/150x100/Uploaded/2022/noktzn/2022_06_08/img-3243-5655-6443.jpeg|Hành động thân mật của Trường Giang dành cho Thùy Tiên trong Ơn giời cậu đây rồi khiến cộng đồng mạng tranh cãi.|giải trí|thanhnien.vn|10:54 08/06/2022
‘Bom tấn truyền hình’ Trại Hoa Đỏ do K+ sản xuất sẽ lên sóng ngày 4.7|https://thanhnien.vn/bom-tan-truyen-hinh-trai-hoa-do-do-k-san-xuat-se-len-song-ngay-4-7-post1466622.html|https://image.thanhnien.vn/150x100/Uploaded/2022/bfznsfyr-bn/2022_06_08/final-teaser-poster-96.jpg|Trại Hoa Đỏ - phim truyền hình chất lượng điện ảnh mang thương hiệu K+ORIGINAL do Truyền hình K+ sản xuất, chính thức lên sóng lúc 20 giờ tối thứ hai hằng tuần, từ ngày 4.7 độc quyền trên kênh K+CINE, App K+.|giải trí|thanhnien.vn|10:00 08/06/2022
Phan Mạnh Quỳnh lên tiếng nạn ca sĩ cướp hit 'cover', ‘hát chùa’ kiếm tiền|https://thanhnien.vn/phan-manh-quynh-len-tieng-nan-ca-si-cuop-hit-cover-hat-chua-kiem-tien-post1466329.html|https://image.thanhnien.vn/150x100/Uploaded/2022/mftum/2022_06_07/phan-manh-quynh-5-4064.jpeg|Chia sẻ với Thanh Niên, Phan Mạnh Quỳnh bất bình khi nhiều ca sĩ lợi dụng chuyện cover những bài hit để chạy show kiếm tiền, 'lạm dụng thành quả, chất xám' của người khác.|giải trí|thanhnien.vn|09:50 08/06/2022
Diễn viên Huy Khánh hé lộ cát-sê ‘khủng' trong lần đầu đóng phim|https://thanhnien.vn/dien-vien-huy-khanh-he-lo-cat-se-khung-trong-lan-dau-dong-phim-post1466627.html|https://image.thanhnien.vn/150x100/Uploaded/2022/drkxrvyxqx/2022_06_08/huy-khanh-704.jpg|Nhân vật Thái của phim Dốc tình là cột mốc đáng nhớ trong sự nghiệp diễn xuất của Huy Khánh. Theo chia sẻ, cát-sê anh nhận được cho vai diễn này là 35 triệu đồng.|giải trí|thanhnien.vn|09:30 08/06/2022
Thiều Bảo Trâm: Tôi đã khóc khi vào vai cô dâu|https://thanhnien.vn/thieu-bao-tram-toi-da-khoc-den-sung-mat-khi-vao-vai-co-dau-post1466566.html|https://image.thanhnien.vn/150x100/Uploaded/2022/znetns/2022_06_07/thieu-bao-tram1-1198.jpg|Nối tiếp thành công của ca khúc Sau lưng anh có ai kìa, Thiều Bảo Trâm tiếp tục khiến trái tim người hâm mộ thổn thức với hình ảnh một cô gái phải sống trong những kỷ niệm với người yêu cũ ở MV mới.|giải trí|thanhnien.vn|07:41 08/06/2022
Ngọc Ánh: Tôi chưa bao giờ bỏ một buổi hát để đi ăn cùng đại gia|https://thanhnien.vn/ngoc-anh-toi-chua-bao-gio-bo-mot-buoi-hat-de-di-an-cung-dai-gia-post1466565.html|https://image.thanhnien.vn/150x100/Uploaded/2022/drkxrvyxqx/2022_06_07/img-6559-6333.jpg|Ngọc Ánh khẳng định bản thân chưa bao giờ bỏ một buổi hát để đi ăn cùng đại gia. Bởi lẽ nữ ca sĩ quan niệm 'không gì quan trọng, sung sướng hơn việc đứng trên sân khấu'.|giải trí|thanhnien.vn|07:38 08/06/2022
Thùy Tiên, Tiểu Vy, Đỗ Thị Hà đua nhau hở bạo trên thảm đỏ|https://thanhnien.vn/thuy-tien-tieu-vy-do-thi-ha-dua-nhau-ho-bao-tren-tham-do-post1466482.html|https://image.thanhnien.vn/150x100/Uploaded/2022/yqdxwpcqr/2022_06_08/hoa-hau-thuy-tien-7318.jpg|Hàng loạt hoa hậu, siêu mẫu đình đám diện các thiết kế táo bạo khoe sắc vóc khi đổ bộ về thảm đỏ họp báo công bố Miss Grand Vietnam 2022 như Thùy Tiên, Tiểu Vy, Lương Thùy Linh, Đỗ Thị Hà... |giải trí|thanhnien.vn|07:34 08/06/2022
Hai cuộc thi trùng tên, 'bà trùm hoa hậu' tuyên bố khởi kiện nếu còn tranh chấp|https://thanhnien.vn/hai-cuoc-thi-trung-ten-ba-trum-hoa-hau-tuyen-bo-khoi-kien-neu-con-tranh-chap-post1466520.html|https://image.thanhnien.vn/150x100/Uploaded/2022/noktzn/2022_06_07/ba-trum-hoa-hau-pham-kim-dung-2-4682.jpg|Trong buổi họp báo công bố cuộc thi Miss Grand Vietnam 2022, bà Phạm Kim Dung - đại diện công ty Sen Vàng cho biết đang làm các biện pháp về luật để bảo vệ tên gọi cuộc thi Hoa hậu Hòa bình Việt Nam trước tranh chấp với đơn vị khác. |giải trí|thanhnien.vn|06:34 08/06/2022
Quyền Linh đến tận nhà tặng xe bánh mì cho thầy giáo lớp học tình thương|https://thanhnien.vn/quyen-linh-den-tan-nha-tang-xe-banh-mi-cho-thay-giao-lop-hoc-tinh-thuong-post1466563.html|https://image.thanhnien.vn/150x100/Uploaded/2022/drkxrvyxqx/2022_06_07/522a7769-1058.jpg|Giữ đúng lời hứa trong chương trình Hát cho ngày mai, Quyền Linh mang 2 xe bánh mì cùng 30 phần quà đến tặng cho Quang Khải và các em nhỏ ở lớp học tình thương. |giải trí|thanhnien.vn|06:29 08/06/2022
Amber Heard đứng trước nguy cơ phá sản|https://thanhnien.vn/amber-heard-dung-truoc-nguy-co-pha-san-post1466551.html|https://image.thanhnien.vn/150x100/Uploaded/2022/abfluao/2022_06_07/1-4951.jpeg|Khối tài sản khiêm tốn khiến Amber Heard khó mà thanh toán cho Johnny Depp số tiền bồi thường 10,35 triệu USD. Cùng với đó, việc thua kiện khiến tương lai của người đẹp tại Hollywood trở nên u ám hơn.|giải trí|thanhnien.vn|21:23 07/06/2022
Mỹ nam Kpop mất sự nghiệp vì liên hoàn 'phốt'|https://thanhnien.vn/my-nam-kpop-mat-su-nghiep-vi-lien-hoan-phot-post1466524.html|https://image.thanhnien.vn/150x100/Uploaded/2022/zxaijr/2022_06_07/namcasithantuongkpoptansunghiep3-8386.png|Nam ca sĩ thần tượng Jun Young (nhóm ZE:A) ân hận vì hành vi 2 lần say rượu lái xe và gạ gẫm một nữ streamer trên mạng. Dù đã gửi lời xin lỗi đến công chúng, Jun Young vẫn bị chỉ trích kịch liệt.|giải trí|thanhnien.vn|20:16 07/06/2022
Chàng người mẫu điển trai 2 lần bị từ chối trong 'Người ấy là ai'|https://thanhnien.vn/chang-nguoi-mau-dien-trai-2-lan-bi-tu-choi-trong-nguoi-ay-la-ai-post1466508.html|https://image.thanhnien.vn/150x100/Uploaded/2022/drkxrvyxqx/2022_06_07/bao-son-2-30.jpg|Nguyễn Bảo Sơn - chàng người mẫu điển trai đang được cộng đồng mạng quan tâm khi hai lần bị nữ chính từ chối trong show hẹn hò Người ấy là ai.|giải trí|thanhnien.vn|20:11 07/06/2022
Lisa (BlackPink) đọ sắc cùng 'nữ thần' Anne Hathaway|https://thanhnien.vn/lisa-blackpink-do-sac-cung-nu-than-anne-hathaway-post1466525.html|https://image.thanhnien.vn/150x100/Uploaded/2022/yqdxwpcqr/2022_06_07/lisa-8236.jpg|Nữ thần tượng Kpop khiến người hâm mộ không khỏi trầm trồ với vẻ đẹp lộng lẫy, rạng ngời tại Paris, Pháp.|giải trí|thanhnien.vn|20:06 07/06/2022
‘Bom sex’ Katie Price lâm cảnh nợ nần chồng chất|https://thanhnien.vn/bom-sex-katie-price-lam-canh-no-nan-chong-chat-post1466478.html|https://image.thanhnien.vn/150x100/Uploaded/2022/abfluao/2022_06_07/katie1-1347.png|Từng có cuộc sống xa hoa và khối tài sản đáng mơ ước nhưng giờ đây Katie Price phải hầu tòa vì những khoản nợ chưa có khả năng trả. Cô tuyên bố phá sản từ năm 2019.|giải trí|thanhnien.vn|17:06 07/06/2022
Phạm Băng Băng bất ngờ tái xuất trong phim Hàn|https://thanhnien.vn/pham-bang-bang-bat-ngo-tai-xuat-trong-phim-han-post1466439.html|https://image.thanhnien.vn/150x100/Uploaded/2022/yqdxwpcqr/2022_06_07/neu-nhu-con-duong-quay-lai-nghe-thuat-kho-khan-thi-pham-bang-bang-van-dang-tich-cuc-phat-trien-thuon-1627792379-1912.jpeg|Bộ phim Insider: Kẻ nội gián với sự tham gia của Kang Ha Neul, Lee Yoo Young và khách mời Phạm Băng Băng… sẽ được phát sóng song song trên VieON từ ngày 8.6.|giải trí|thanhnien.vn|16:58 07/06/2022
Quyền Linh 'choáng' trước nữ sinh báo chí táo bạo tỏ tình bạn trai hơn 8 tuổi|https://thanhnien.vn/quyen-linh-choang-truoc-nu-sinh-bao-chi-tao-bao-to-tinh-ban-trai-hon-8-tuoi-post1466427.html|https://image.thanhnien.vn/150x100/Uploaded/2022/noktzn/2022_06_07/quyen-linh-4304.jpg|Nữ sinh 20 tuổi ngành báo chí tham gia hẹn hò khiến Quyền Linh thích thú trước sự mạnh dạn, táo bạo khi được ghép đôi với bạn trai hơn 8 tuổi. |giải trí|thanhnien.vn|16:14 07/06/2022
Anh Thư trải lòng về lý do đổ vỡ hôn nhân trên sóng truyền hình|https://thanhnien.vn/anh-thu-trai-long-ve-ly-do-do-vo-hon-nhan-tren-song-truyen-hinh-post1466415.html|https://image.thanhnien.vn/150x100/Uploaded/2022/drkxrvyxqx/2022_06_07/anh-thu-769.jpg|Trong chương trình Quý cô thông thái, diễn viên Anh Thư không ngần ngại nhắc đến cuộc hôn nhân đổ vỡ của mình khi bàn về sự thay đổi sau khi kết hôn. |giải trí|thanhnien.vn|16:10 07/06/2022
Brad Pitt tố Angelina Jolie phá hoại công việc kinh doanh|https://thanhnien.vn/brad-pitt-to-angelina-jolie-pha-hoai-cong-viec-kinh-doanh-post1466426.html|https://image.thanhnien.vn/150x100/Uploaded/2022/abfluao/2022_06_07/brad-1-4477.jpeg|Trong đơn nộp lên tòa, Brad Pitt tuyên bố Angelina Jolie không đóng góp gì cho nhà máy sản xuất rượu vang của họ. Tài tử bức xúc khi vợ cũ tự ý bán cổ phần cho bên thứ ba, ảnh hưởng đến việc kinh doanh của ông.|giải trí|thanhnien.vn|15:09 07/06/2022
Hoa hậu Thùy Tiên lái xe máy chở chủ tịch Miss Grand International|https://thanhnien.vn/hoa-hau-thuy-tien-lai-xe-may-cho-chu-tich-miss-grand-international-post1466413.html|https://image.thanhnien.vn/150x100/Uploaded/2022/noktzn/2022_06_07/thuy-tien-1334.jpg|Hình ảnh Hoa hậu Thùy Tiên diện áo dài, chở chủ tịch Miss Grand International đi dạo đường phố Sài Gòn bằng xe máy khiến người hâm mộ thích thú.|giải trí|thanhnien.vn|15:03 07/06/2022
Cao Minh Đạt vướng tình tay ba trong 'Nơi ngọn gió dừng chân'|https://thanhnien.vn/cao-minh-dat-vuong-tinh-tay-ba-trong-noi-ngon-gio-dung-chan-post1466403.html|https://image.thanhnien.vn/150x100/Uploaded/2022/tnabtw/2022_06_07/cao-minh-dat-nsut-my-duyen-8514.jpg|Mối tình tay ba đầy ngang trái giữa các nhân vật do Cao Minh Đạt, NSƯT Mỹ Duyên, NSƯT Tuyết Thu thủ vai là tiền đề cho những tình tiết hấp dẫn trong bộ phim truyền hình Nơi ngọn gió dừng chân.|giải trí|thanhnien.vn|13:22 07/06/2022
‘Ngôi trường xác sống’ xác nhận quay phần 2|https://thanhnien.vn/ngoi-truong-xac-song-xac-nhan-quay-phan-2-post1466364.html|https://image.thanhnien.vn/150x100/Uploaded/2022/zxaijr/2022_06_07/ngoitruongxacsongphan2seri2-1153.jpg|Netflix Hàn Quốc công bố sê ri Ngôi trường xác sống (All of Us Are Dead) sẽ có phần 2. Bốn diễn viên chính trong phần 1 gồm Yoon Chan Young, Park Ji Hoo, Cho Yi Hyun và Lomon có thể sẽ trở lại trong phần phim mới.|giải trí|thanhnien.vn|13:20 07/06/2022
Trương Mỹ Nhân tiết lộ lý do công khai chuyện mẹ ruột nợ hàng tỉ đồng|https://thanhnien.vn/truong-my-nhan-tiet-lo-ly-do-cong-khai-chuyen-me-ruot-no-hang-ti-dong-post1466348.html|https://image.thanhnien.vn/150x100/Uploaded/2022/drkxrvyxqx/2022_06_07/truong-my-nhan-15-6776.jpg|Chia sẻ về việc công khai chuyện nợ nần của đấng sinh thành, Trương Mỹ Nhân tâm sự: 'Tôi thương mẹ tôi chứ. Nhưng mình càng bao che thì càng hại mẹ nhiều hơn”.|giải trí|thanhnien.vn|13:16 07/06/2022
Johnny Depp mở tiệc ăn mừng sau khi thắng kiện vợ cũ|https://thanhnien.vn/johnny-depp-mo-tiec-an-mung-sau-khi-thang-kien-vo-cu-post1466373.html|https://image.thanhnien.vn/150x100/Uploaded/2022/abfluao/2022_06_07/jd1-2626.jpeg|Theo Daily Mail hôm 6.6, Johnny Depp đã mời nghệ sĩ guitar Jeff Beck cùng khoảng 20 khách dùng bữa tại một nhà hàng ở Anh sau khi thắng kiện Amber Heard.|giải trí|thanhnien.vn|13:13 07/06/2022
Camila Cabello khoe đường cong gợi cảm với đầm Công Trí|https://thanhnien.vn/camila-cabello-khoe-duong-cong-goi-cam-voi-dam-cong-tri-post1466317.html|https://image.thanhnien.vn/150x100/Uploaded/2022/abfluao/2022_06_07/h1-3113.jpeg|Trong buổi trình diễn ca khúc mới, Camila Cabello xuất hiện đầy thu hút trong thiết kế đan móc tôn đường cong gợi cảm. Đây là lần thứ hai giọng ca gốc Cuba diện trang phục của nhà thiết kế Công Trí.|giải trí|thanhnien.vn|11:37 07/06/2022
Bằng Kiều xúc động trước tấm lòng của cậu bé khuyết tật dành cho Phi Nhung|https://thanhnien.vn/bang-kieu-xuc-dong-truoc-tam-long-cua-cau-be-khuyet-tat-danh-cho-phi-nhung-post1466331.html|https://image.thanhnien.vn/150x100/Uploaded/2022/drkxrvyxqx/2022_06_07/bang-kieu-9-117.jpg|Một cậu bé đã gặp trực tiếp, nhờ Bằng Kiều gửi số tiền 100 euro cho quỹ từ thiện của Phi Nhung. Điều đó khiến nam ca sĩ không khỏi xúc động.|giải trí|thanhnien.vn|11:32 07/06/2022
Vẻ nóng bỏng của Top 5 Người đẹp biển 'Hoa hậu Hoàn vũ Việt Nam'|https://thanhnien.vn/ve-nong-bong-cua-top-5-nguoi-dep-bien-hoa-hau-hoan-vu-viet-nam-post1466311.html|https://image.thanhnien.vn/150x100/Uploaded/2022/drkxrvyxqx/2022_06_07/untitled-1-1289.jpg|Lê Hoàng Phương, Ngô Bảo Ngọc, Đặng Thu Huyền... ghi tên mình vào Top 5 Người đẹp biển thuộc khuôn khổ Hoa hậu Hoàn vũ Việt Nam 2022 (Miss Universe Vietnam).|giải trí|thanhnien.vn|11:29 07/06/2022
‘Thương ngày nắng về’ phần 2 tập 29: Chị gái Đức sẽ trả giá ra sao?|https://thanhnien.vn/thuong-ngay-nang-ve-phan-2-tap-29-chi-gai-duc-se-tra-gia-ra-sao-post1466294.html|https://image.thanhnien.vn/150x100/Uploaded/2022/aobfwaa/2022_06_07/870-8390.png|Thương ngày nắng về phần 2 tập 29: Vân Trang tung bằng chứng và hẹn gặp Thương ở tòa; Đức ôm bố khóc nức nở vì sắp chết.|giải trí|thanhnien.vn|09:58 07/06/2022
Việt Nam đăng quang 'Mister National Universe 2022'|https://thanhnien.vn/viet-nam-dang-quang-mister-national-universe-2022-post1466286.html|https://image.thanhnien.vn/150x100/Uploaded/2022/drkxrvyxqx/2022_06_07/nam-vuong-hoan-vu-2022-phi-viet-h4-3-8696.jpg|Trải qua các vòng thi, Ngô Hoàng Phi Việt giành ngôi vị cao nhất tại Nam vương Hoàn vũ 2022 (Mister National Universe).|giải trí|thanhnien.vn|09:55 07/06/2022
‘Ông hoàng son môi’ Trung Quốc 'bay màu' vì nhạy cảm chính trị?|https://thanhnien.vn/ong-hoang-son-moi-trung-quoc-bay-mau-vi-nhay-cam-chinh-tri-post1466139.html|https://image.thanhnien.vn/150x100/Uploaded/2022/zxaijr/2022_06_06/lygiaikyonghoangsonmoidongbangthienanmon3-8183.png|Lý Giai Kỳ đột nhiên biến mất trên mạng xã hội. Nhiều lời đồn đoán 'ông hoàng son môi' có thể bị 'phong sát' vì livestream chiếc bánh có hình xe tăng, nhắc nhớ đến sự kiện Thiên An Môn.|giải trí|thanhnien.vn|08:36 07/06/2022
Cùng lúc có hai cuộc thi 'Hoa hậu Hòa bình Việt Nam', ban tổ chức nói gì?|https://thanhnien.vn/cung-luc-co-hai-cuoc-thi-hoa-hau-hoa-binh-viet-nam-ban-to-chuc-noi-gi-post1466245.html|https://image.thanhnien.vn/150x100/Uploaded/2022/noktzn/2022_06_07/hoa-hau-hoa-binh-viet-nam-2071.jpg|Phía công ty Sen Vàng và công ty Minh Khang đang tranh chấp về sử dụng tên gọi cuộc thi Hoa hậu Hòa bình Việt Nam, thu hút sự quan tâm của cộng đồng sắc đẹp. |giải trí|thanhnien.vn|08:35 07/06/2022
Đỗ Nhật Hà nói gì về sự cố nhạy cảm khi trình diễn bikini?|https://thanhnien.vn/vo-hoang-yen-noi-ve-su-co-nhay-cam-khi-dien-bikini-cua-do-nhat-ha-post1466208.html|https://image.thanhnien.vn/150x100/Uploaded/2022/drkxrvyxqx/2022_06_06/nhat-ha-4-8148.jpg|Đỗ Nhật Hà đã có những chia sẻ liên quan đến sự cố cô gặp phải trong phần thi Người đẹp biển thuộc khuôn khổ Hoa hậu Hoàn vũ Việt Nam 2022 (Miss Universe Vietnam).|giải trí|thanhnien.vn|08:29 07/06/2022
‘Bão ngầm’ tập 72: Cuối cùng, Hải Triều cưới Yến hay đến với Hạ Lam?|https://thanhnien.vn/bao-ngam-tap-72-cuoi-cung-hai-trieu-cuoi-yen-hay-den-voi-ha-lam-post1466263.html|https://image.thanhnien.vn/150x100/Uploaded/2022/aobfwaa/2022_06_07/867-6504.png|Bão ngầm tập 72: Hùng tự sát; Hạ Lam nghỉ việc lên vùng xa sinh con; Hải Triều được thăng hàm thiếu tá và hứa sẽ cưới Yến.|giải trí|thanhnien.vn|08:25 07/06/2022
Phan Hiển nhận Huân chương Lao động hạng ba|https://thanhnien.vn/phan-hien-nhan-huan-chuong-lao-dong-hang-ba-post1466226.html|https://image.thanhnien.vn/150x100/Uploaded/2022/drkxrvyxqx/2022_06_07/phan-hien-5-4073.jpg|Phan Hiển đón tin vui khi nhận Huân chương Lao động hạng ba sau loạt thành tích ấn tượng tại SEA Games 31.|giải trí|thanhnien.vn|06:55 07/06/2022
Cuộc sống tuổi xế chiều của nghệ sĩ Diệp Lang tại Mỹ|https://thanhnien.vn/cuoc-song-tuoi-xe-chieu-cua-nghe-si-diep-lang-tai-my-post1466209.html|https://image.thanhnien.vn/150x100/Uploaded/2022/cqjwqlqjd/2022_06_07/img-3246-145.jpg|Ở tuổi ngoài 80, NSND Diệp Lang vẫn còn minh mẫn, nhớ nhiều vở diễn của mình. Nghệ sĩ cải lương gạo cội cố gắng tự thực hiện mọi sinh hoạt của mình, không muốn phiền hà người thân.|giải trí|thanhnien.vn|06:51 07/06/2022
Karen Nguyễn gợi cảm với váy cưới đính 1.000 viên pha lê|https://thanhnien.vn/karen-nguyen-goi-cam-voi-vay-cuoi-dinh-1-000-vien-pha-le-post1466071.html|https://image.thanhnien.vn/150x100/Uploaded/2022/znetns/2022_06_06/karen-nguyen-5343.jpg|Sau nhiều ngày khiến fan mong đợi, Karen Nguyễn đã tung ra bộ ảnh cưới hoàn chỉnh chụp cùng ông xã doanh nhân. |giải trí|thanhnien.vn|19:20 06/06/2022
Hoa hậu Thùy Tiên 'sốc' khi bị Trường Giang 'hôn trộm'|https://thanhnien.vn/hoa-hau-thuy-tien-soc-khi-bi-truong-giang-hon-trom-post1466080.html|https://image.thanhnien.vn/150x100/Uploaded/2022/noktzn/2022_06_06/thuy-tien-1736.jpg|Ngay sau khi tập 1 Ơn giời cậu đây rồi lên sóng, Trường Giang nhận về nhiều ý kiến trái chiều khi 'hôn trộm' Hoa hậu Thùy Tiên ngay trên sân khấu. |giải trí|thanhnien.vn|19:13 06/06/2022
Hồ Việt Trung xúc động khi được Đàm Vĩnh Hưng làm điều đặc biệt|https://thanhnien.vn/ho-viet-trung-xuc-dong-khi-duoc-dam-vinh-hung-lam-dieu-dac-biet-post1466081.html|https://image.thanhnien.vn/150x100/Uploaded/2022/mftum/2022_06_06/graduation-celebration-2-1140.png|Hồ Việt Trung bày tỏ hạnh phúc khi được Đàm Vĩnh Hưng cùng nhiều đồng nghiệp đến chung vui nhân ngày đặc biệt. Trước đó, anh khiến dư luận xôn xao khi bị đồn ác ý trên mạng. |giải trí|thanhnien.vn|19:04 06/06/2022
Diễn viên Vân Trang tiết lộ cuộc sống sau khi sinh đôi|https://thanhnien.vn/dien-vien-van-trang-tiet-lo-cuoc-song-sau-khi-sinh-doi-post1466116.html|https://image.thanhnien.vn/150x100/Uploaded/2022/drkxrvyxqx/2022_06_06/highlight-pigeon-5-7974.jpeg|Diễn viên Vân Trang tâm sự dù đã có kinh nghiệm làm mẹ bỉm sữa song cô không tránh khỏi những áp lực khi sinh đôi. |giải trí|thanhnien.vn|19:00 06/06/2022
PSY bị chỉ trích vì lãng phí nước|https://thanhnien.vn/psy-bi-chi-trich-vi-lang-phi-nuoc-post1466036.html|https://image.thanhnien.vn/150x100/Uploaded/2022/zxaijr/2022_06_06/psylangphi300tannuoc-9851.png|Concert Summer Swag 2022 của PSY vấp phải tranh cãi vì kế hoạch dùng nước sạch để phục vụ cho các màn trình diễn, trong bối cảnh Hàn Quốc đang đối mặt với nạn hạn hán.|giải trí|thanhnien.vn|15:36 06/06/2022
Hoa hậu Hoàn vũ Catriona Gray đến Việt Nam|https://thanhnien.vn/hoa-hau-hoan-vu-catriona-gray-den-viet-nam-post1466015.html|https://image.thanhnien.vn/150x100/Uploaded/2022/drkxrvyxqx/2022_06_06/muvn-ck-catriona-gray1-1369.jpeg|Ban tổ chức Hoa hậu Hoàn vũ Việt Nam 2022 tiết lộ Catriona Gray sẽ đảm nhận vai trò giám khảo trong đêm chung kết diễn ra vào cuối tháng 6.2022.|giải trí|thanhnien.vn|15:29 06/06/2022
Hồng Vân 'sửng sốt' trước chuyện tình của chàng DJ Brazil và nàng mẫu Việt xinh đẹp|https://thanhnien.vn/hong-van-sung-sot-truoc-chuyen-tinh-cua-chang-dj-brazil-va-nang-mau-viet-xinh-dep-post1465992.html|https://image.thanhnien.vn/150x100/Uploaded/2022/noktzn/2022_06_06/hong-van-9983.jpg|Cặp chồng Tây - vợ Việt khiến Hồng Vân thích thú khi mang đến màu sắc mới lạ cho chương trình Vợ chồng son. Tại đây, cả hai đã chia sẻ câu chuyện tình yêu, hôn nhân cùng quan điểm sống và yêu rất hiện đại nhưng cũng không kém phần tình cảm.|giải trí|thanhnien.vn|13:04 06/06/2022
Hai diễn viên quần chúng Trung Quốc chết đuối khi quay phim|https://thanhnien.vn/hai-dien-vien-quan-chung-trung-quoc-chet-duoi-khi-quay-phim-post1465997.html|https://image.thanhnien.vn/150x100/Uploaded/2022/zxaijr/2022_06_06/doanlamphimtrungquocchetduoi2-5336.png|Theo Sohu, hai diễn viên thuộc đoàn làm phim Trung Quốc Hướng về phía trước (tên dự kiến) đã qua đời sau khi rơi xuống sông tại Tứ Xuyên (Trung Quốc). Dự án ngay lập tức ngừng quay để phục vụ điều tra.|giải trí|thanhnien.vn|12:58 06/06/2022
Đoàn Minh Tài tái xuất sàn catwalk|https://thanhnien.vn/doan-minh-tai-tai-xuat-san-catwalk-post1465980.html|https://image.thanhnien.vn/150x100/Uploaded/2022/mftum/2022_06_06/doan-minh-tai-4-9502.jpg|Đoàn Minh Tài tự tin sải bước sau thời gian dài vắng bóng trên sân khấu thời trang. Nam diễn viên gây ấn tượng bởi gương mặt điển trai cùng thần thái tự tin.|giải trí|thanhnien.vn|12:00 06/06/2022
Ca sĩ Cẩm Ly tiết lộ cuộc sống hôn nhân với ông xã Minh Vy|https://thanhnien.vn/ca-si-cam-ly-tiet-lo-cuoc-song-hon-nhan-voi-ong-xa-minh-vy-post1465955.html|https://image.thanhnien.vn/150x100/Uploaded/2022/drkxrvyxqx/2022_06_06/cam-ly-10-1058.jpg|Trong chương trình Lời tự sự, ca sĩ Cẩm Ly có dịp nhìn lại hành trình gần 30 năm làm nghề của mình, đồng thời tiết lộ về tổ ấm hiện tại. |giải trí|thanhnien.vn|11:30 06/06/2022
Miss Teen Gia Hân: Ưu tiên hoạt động cộng đồng thay vì tham gia show giải trí|https://thanhnien.vn/miss-teen-gia-han-uu-tien-hoat-dong-cong-dong-thay-vi-tham-gia-show-giai-tri-post1465961.html|https://image.thanhnien.vn/150x100/Uploaded/2022/mftum/2022_06_06/ngo-ngoc-gia-han-5-5767.jpg|Sau khi đăng quang Miss Teen International Việt Nam 2021, Ngô Ngọc Gia Hân tích cực tham gia nhiều hoạt động cộng đồng.|giải trí|thanhnien.vn|11:27 06/06/2022
‘Thương ngày nắng về’ phần 2 tập 28: Con gái của Khánh bị ai bắt cóc?|https://thanhnien.vn/thuong-ngay-nang-ve-phan-2-tap-28-con-gai-cua-khanh-bi-ai-bat-coc-post1465954.html|https://image.thanhnien.vn/150x100/Uploaded/2022/aobfwaa/2022_06_06/phim-77-7803.png|Thương ngày nắng về phần 2 tập 28: Khánh ‘hạ gục’ lão sếp trong phòng làm việc; Khánh hốt hoảng gọi cho Đức vì Sam mất tích.|giải trí|thanhnien.vn|11:22 06/06/2022
Hoa khôi Nam bộ bị chất vấn việc 'lấy chồng đại gia sau đăng quang'|https://thanhnien.vn/hoa-khoi-nam-bo-bi-chat-van-viec-lay-chong-dai-gia-sau-dang-quang-post1465918.html|https://image.thanhnien.vn/150x100/Uploaded/2022/znetns/2022_06_06/hoa-khoi-nam-bo-3-5010.jpg|Hoa khôi Hải Yến khẳng định cô vẫn tham gia các hoạt động cộng đồng cùng với ban tổ chức cũng như thực hiện những chuyến đi từ thiện hậu đăng quang. |giải trí|thanhnien.vn|10:44 06/06/2022
Quyền Linh khâm phục bác sĩ dùng tiền thưởng giúp bệnh nhân bị cắt bỏ tứ chi|https://thanhnien.vn/quyen-linh-kham-phuc-bac-si-dung-tien-thuong-giup-benh-nhan-bi-cat-bo-tu-chi-post1465940.html|https://image.thanhnien.vn/150x100/Uploaded/2022/drkxrvyxqx/2022_06_06/thai-duy-6697.jpg|Bác sĩ Thái Duy quyết dùng tiền thưởng tại Hát cho ngày mai để giúp đỡ một bệnh nhân. Chia sẻ của anh khiến Quyền Linh nể phục.|giải trí|thanhnien.vn|10:29 06/06/2022
Trương Ngọc Ánh đọ sắc bên Hoa hậu H'Hen Niê|https://thanhnien.vn/truong-ngoc-anh-do-sac-ben-hoa-hau-h-hen-nie-post1465943.html|https://image.thanhnien.vn/150x100/Uploaded/2022/noktzn/2022_06_06/nsx-phim-dv-truong-ngoc-anh-do-sac-cung-hoa-hau-h-hen-nie-7224.jpg|Trương Ngọc Ánh, H'Hen Niê, nghệ sĩ múa Linh Nga... cùng dàn sao khoe sắc trên thảm đỏ đêm chung khảo khu vực phía Nam, cuộc thi Hoa hậu các dân tộc Việt Nam 2022. |giải trí|thanhnien.vn|10:23 06/06/2022
‘Mộng hoa lục’ có Lưu Diệc Phi được khen ngợi|https://thanhnien.vn/mong-hoa-luc-co-luu-diec-phi-duoc-khen-ngoi-post1465930.html|https://image.thanhnien.vn/150x100/Uploaded/2022/zxaijr/2022_06_06/luudiecphimonghoalucduockhen9-4600.png|Sau hơn 14 tập phim đầu tiên, Mộng hoa lục nhận về nhiều phản hồi tích cực. Điểm số của tác phẩm trên trang đánh giá phim Douban gần cán mốc 9 điểm cùng hàng loạt bình luận khen ngợi.|giải trí|thanhnien.vn|10:18 06/06/2022
‘Bão ngầm’ tập 71: Anh em họ Quách tự sát, ai cứu Hạ Lam?|https://thanhnien.vn/bao-ngam-tap-71-anh-em-ho-quach-tu-sat-ai-cuu-ha-lam-post1465926.html|https://image.thanhnien.vn/150x100/Uploaded/2022/aobfwaa/2022_06_06/bn789-7236.png|Bão ngầm tập 71: Hùng chỉa súng vào đầu Hạ Lam; Quách Đại Đức rơi vào đường cùng bị đích thân thiếu tướng Hoạch cho quân bao vây, kêu gọi đầu thú.|giải trí|thanhnien.vn|09:51 06/06/2022
Hoa hậu Phan Thị Mơ khoe vòng eo con kiến, nóng bỏng bên Đoàn Minh Tài|https://thanhnien.vn/hoa-hau-phan-thi-mo-khoe-vong-eo-con-kien-nong-bong-ben-doan-minh-tai-post1465871.html|https://image.thanhnien.vn/150x100/Uploaded/2022/noktzn/2022_06_05/o4a8783-1-633.jpg|Hoa hậu Phan Thị Mơ thu hút sự chú ý trong thiết kế xuyên thấu, bó sát khi trình diễn bộ sưu tập của nhà thiết kế Nam Phong tại Nha Trang. Cùng đảm nhận vị trí quan trọng với cô còn có ca sĩ Lâm Khánh Chi, Đoàn Minh Tài...|giải trí|thanhnien.vn|09:33 06/06/2022
Vì sao ‘Bão ngầm’ không thể phát sóng đúng số tập dự kiến?|https://thanhnien.vn/vi-sao-bao-ngam-khong-the-phat-song-dung-so-tap-du-kien-post1465913.html|https://image.thanhnien.vn/150x100/Uploaded/2022/aobfwaa/2022_06_06/bn896-7191.png|Bão ngầm chỉ còn 2 tập nữa là kết thúc. Dự kiến ban đầu của phim là 75 tập nhưng khi lên sóng, bộ phim đã bị cắt bỏ bớt. Đạo diễn Đinh Thái Thụy đã tiết lộ lý do phim chỉ còn 72 tập.|giải trí|thanhnien.vn|09:21 06/06/2022
Ban tổ chức lên tiếng vụ Đông Nhi bị rút khỏi 'Hoa hậu Hoàn vũ Việt Nam'|https://thanhnien.vn/ban-to-chuc-len-tieng-vu-dong-nhi-bi-rut-khoi-hoa-hau-hoan-vu-viet-nam-post1465885.html|https://image.thanhnien.vn/150x100/Uploaded/2022/drkxrvyxqx/2022_06_06/dong-nhi-1719.jpg|Ban tổ chức vừa đăng tải hình ảnh của Đông Nhi kèm theo dòng thông báo về việc cô sẽ tham gia trình diễn trong đêm chung kết Hoa hậu Hoàn vũ Việt Nam 2022.|giải trí|thanhnien.vn|06:55 06/06/2022
Đỗ Nhật Hà gặp sự cố nhạy cảm trong phần thi 'Người đẹp biển'|https://thanhnien.vn/do-nhat-ha-gap-su-co-nhay-cam-trong-phan-thi-nguoi-dep-bien-post1465876.html|https://image.thanhnien.vn/150x100/Uploaded/2022/drkxrvyxqx/2022_06_06/nhat-ha-3-copy-7290.jpg|Dù gặp sự cố nhạy cảm trên sàn diễn song Đỗ Nhật Hà vẫn giữ được bình tĩnh hoàn thành tốt phần thi của mình.|giải trí|thanhnien.vn|06:52 06/06/2022
Hoài Linh bất ngờ đến dự đám cưới Mạc Văn Khoa|https://thanhnien.vn/hoai-linh-bat-ngo-den-du-dam-cuoi-mac-van-khoa-post1465855.html|https://image.thanhnien.vn/150x100/Uploaded/2022/drkxrvyxqx/2022_06_05/hoai-linh-5-2234.jpg|Vợ chồng Mạc Văn Khoa - Thảo Vy vừa tổ chức tiệc báo hỷ tại một trung tâm tiệc cưới ở Bình Thạnh (TP.HCM). Nhiều đồng nghiệp thân thiết đã đến chúc mừng cặp đôi.|giải trí|thanhnien.vn|06:48 06/06/2022
Mỹ nam Cha Eun Woo: Nhan sắc và thu nhập đỉnh cao, diễn xuất gây tranh cãi|https://thanhnien.vn/my-nam-cha-eun-woo-nhan-sac-va-thu-nhap-dinh-cao-dien-xuat-gay-tranh-cai-post1465774.html|https://image.thanhnien.vn/150x100/Uploaded/2022/zxaijr/2022_06_05/279568177-5043244212424953-2452768234349443021-n-9691.jpg|Ở tuổi 25 và sau hơn 6 năm hoạt động nghệ thuật, Cha Eun Woo đã có chỗ đứng riêng tại showbiz Hàn Quốc. Anh cũng thường trở thành đề tài được bàn luận sôi nổi nhờ ngoại hình ngày càng điển trai.|giải trí|thanhnien.vn|21:52 05/06/2022
Lý Bình: Hôn lễ là hình thức, tôi và Phương Trinh Jolie sống chung khi hẹn hò|https://thanhnien.vn/ly-binh-hon-le-la-hinh-thuc-toi-va-phuong-trinh-jolie-song-chung-khi-hen-ho-post1465815.html|https://image.thanhnien.vn/150x100/Uploaded/2022/drkxrvyxqx/2022_06_05/522a3128-2590.jpg|Tại hậu trường buổi ghi hình Giác quan thứ 6, Lý Bình và Phương Trinh Jolie đã có những chia sẻ về cuộc sống hôn nhân sau đám cưới đình đám cách đây không lâu.|giải trí|thanhnien.vn|20:10 05/06/2022
Hé lộ trang phục dân tộc của Đoàn Hồng Trang tại 'Miss Global 2022'|https://thanhnien.vn/he-lo-trang-phuc-dan-toc-cua-doan-hong-trang-tai-miss-global-2022-post1465802.html|https://image.thanhnien.vn/150x100/Uploaded/2022/drkxrvyxqx/2022_06_05/vdh-2968-4171.jpg|Đoàn Hồng Trang chính thức giới thiệu đến công chúng bộ trang phục dân tộc Hợp sắc liên tỏa mà cô mang đến cuộc thi Miss Global 2022.|giải trí|thanhnien.vn|20:08 05/06/2022
Chi Dân: Tôi chưa có bạn gái, chưa nghĩ đến chuyện lập gia đình|https://thanhnien.vn/chi-dan-toi-chua-co-ban-gai-chua-nghi-den-chuyen-lap-gia-dinh-post1465777.html|https://image.thanhnien.vn/150x100/Uploaded/2022/drkxrvyxqx/2022_06_05/ton-1128-2159.jpg|Ca sĩ Chi Dân vừa có những chia sẻ về hành trình 10 năm ca hát cũng như tiết lộ chuyện tình cảm hiện tại của mình.|giải trí|thanhnien.vn|20:05 05/06/2022
Ca sĩ Randy khiến Thúy Nga bật khóc về hành trình gần 20 năm tìm mẹ|https://thanhnien.vn/ca-si-randy-khien-thuy-nga-bat-khoc-ve-hanh-trinh-gan-20-nam-tim-me-post1465781.html|https://image.thanhnien.vn/150x100/Uploaded/2022/noktzn/2022_06_05/randy-1831.jpg|Ca sĩ hải ngoại Randy khiến Thúy Nga xúc động với tuổi thơ bị bắt nạt, kỳ thị vì mang hai dòng máu và hành trình tìm mẹ gian nan gần 20 năm ròng rã.|giải trí|thanhnien.vn|16:45 05/06/2022
Trấn Thành 'choáng' trước 'gu' bạn trai của Hoa hậu Thùy Tiên|https://thanhnien.vn/tran-thanh-choang-truoc-gu-ban-trai-cua-hoa-hau-thuy-tien-post1465769.html|https://image.thanhnien.vn/150x100/Uploaded/2022/drkxrvyxqx/2022_06_05/tranthanh-2411.jpg|Nguyễn Thúc Thùy Tiên vừa có những tiết lộ thú vị về chuyện tình cảm khi trò chuyện cùng MC Trấn Thành trong hậu trường một chương trình.|giải trí|thanhnien.vn|16:39 05/06/2022
Quyền Linh 'sửng sốt' khi Ngọc Lan đòi 'giành mối' với cô gái tham gia hẹn hò|https://thanhnien.vn/quyen-linh-sung-sot-khi-ngoc-lan-doi-gianh-moi-voi-co-gai-tham-gia-hen-ho-post1465759.html|https://image.thanhnien.vn/150x100/Uploaded/2022/noktzn/2022_06_05/img-3209-1559.jpg|Quá ưng ý trước đàng trai, ông mai bà mối dành nhiều lời khen ngợi để 'đẩy thuyền' cho cặp đôi. Thậm chí, Ngọc Lan còn hài hước đòi 'giành mối' bấm nút thay nếu phía đàng gái từ chối khiến Quyền Linh ngỡ ngàng.|giải trí|thanhnien.vn|14:10 05/06/2022
Phi Việt mang áo dài 'Vương triều' đến Mister National Universe 2022|https://thanhnien.vn/phi-viet-mang-ao-dai-vuong-trieu-den-mister-national-universe-2022-post1465742.html|https://image.thanhnien.vn/150x100/Uploaded/2022/drkxrvyxqx/2022_06_05/ava-1-phi-viet-ao-dai-vuong-trieu-6909.jpg|Thiết kế Vương triều giúp Ngô Hoàng Phi Việt toát lên vẻ điển trai, quyền lực tại cuộc thi Mister National Universe 2022.|giải trí|thanhnien.vn|13:13 05/06/2022
Ca sĩ Trọng Hiếu bật khóc nức nở trên ghế nóng|https://thanhnien.vn/ca-si-trong-hieu-bat-khoc-nuc-no-tren-ghe-nong-post1465708.html|https://image.thanhnien.vn/150x100/Uploaded/2022/mftum/2022_06_05/trong-hieu-7922.png|Ca sĩ Trọng Hiếu không kiềm được xúc động, để lộ khoảnh khắc bật khóc ngay trước ống kính khi chấm thi show truyền hình. |giải trí|thanhnien.vn|13:07 05/06/2022
Long Nhật lên tiếng khi bị so sánh với danh ca Giao Linh|https://thanhnien.vn/long-nhat-len-tieng-khi-bi-so-sanh-voi-danh-ca-giao-linh-khi-ngoi-ghe-nong-post1465692.html|https://image.thanhnien.vn/150x100/Uploaded/2022/mftum/2022_06_05/long-nhat-4741.png|Long Nhật trải lòng về vị trí trưởng ban giám khảo trong cuộc thi Giọng ca vàng Bolero Việt Nam 2022. Đồng thời, nam ca sĩ cũng hé lộ về những ồn ào thời gian qua khi liên tục bị so sánh với các giọng ca lão làng.|giải trí|thanhnien.vn|11:00 05/06/2022
Các người đẹp Hoa hậu Hoàn vũ Việt Nam 'bốc lửa' với bikini|https://thanhnien.vn/cac-nguoi-dep-hoa-hau-hoan-vu-viet-nam-boc-lua-voi-bikini-post1465675.html|https://image.thanhnien.vn/150x100/Uploaded/2022/drkxrvyxqx/2022_06_05/hoa-hau-273.jpg|Sau thời gian tập luyện, các thí sinh Hoa hậu Hoàn vũ Việt Nam 2022 (Miss Universe Vietnam) ngày càng nóng bỏng. Họ vừa thực hiện bộ ảnh bikini trước thềm bán kết.|giải trí|thanhnien.vn|10:43 05/06/2022
Giáng My, Đỗ Thị Hà ngồi xích lô xuất hiện tại show thời trang|https://thanhnien.vn/giang-my-do-thi-ha-ngoi-xich-lo-xuat-hien-tai-show-thoi-trang-post1465683.html|https://image.thanhnien.vn/150x100/Uploaded/2022/znetns/2022_06_05/anh-noi-bat-9514.jpg|Dù trời khá nóng nhưng những nàng hậu như Đỗ Thị Hà, Tiểu Vy, Ngân Anh, Giáng My... đều giữ thần thái rạng rỡ và sang trọng khi xuất hiện tại show thời trang của  VUNGOC&SON.|giải trí|thanhnien.vn|10:21 05/06/2022
Truyền nhân hát bội bị NSND Ngọc Giàu nhắc nhở 'làm vai nào phải ra vai đó'|https://thanhnien.vn/truyen-nhan-hat-boi-bi-nsnd-ngoc-giau-nhac-nho-lam-vai-nao-phai-ra-vai-do-post1465557.html|https://image.thanhnien.vn/150x100/Uploaded/2022/drkxrvyxqx/2022_06_04/nsnd-ngoc-giau-1-8087-copy-4981.jpg|NSND Ngọc Giàu khuyên Đoàn Bảo Ngọc cần hoàn thiện hơn trong diễn xuất. 'Mình làm vai nào phải ra vai đó', bà nhắc nhở.|giải trí|thanhnien.vn|09:09 05/06/2022
Con gái Mỹ Linh nói gì khi bị so sánh với mẹ ruột vì hát nhạc Trịnh?|https://thanhnien.vn/con-gai-my-linh-noi-gi-khi-bi-so-sanh-voi-me-ruot-vi-hat-nhac-trinh-post1465662.html|https://image.thanhnien.vn/150x100/Uploaded/2022/drkxrvyxqx/2022_06_05/dscf2171-8546.jpg|Trình làng một ca khúc nhạc Trịnh, Mỹ Anh đã có những chia sẻ thẳng thắn về việc bị so sánh với mẹ ruột Mỹ Linh. |giải trí|thanhnien.vn|09:05 05/06/2022
Thùy Tiên khoe sắc vóc nóng bỏng kỷ niệm nửa năm đăng quang|https://thanhnien.vn/thuy-tien-khoe-sac-voc-nong-bong-ky-niem-nua-nam-dang-quang-post1465605.html|https://image.thanhnien.vn/150x100/Uploaded/2022/noktzn/2022_06_04/hoa-hau-thuy-tien-1-1013.jpg|Để kỷ niệm 6 tháng đăng quang Miss Grand International 2021, Hoa hậu Thùy Tiên gửi đến khán giả bộ ảnh mới, nhìn lại hành trình đáng nhớ và bật mí những kế hoạch trong thời gian tới.|giải trí|thanhnien.vn|08:56 05/06/2022
Chuyện tình ngọt ngào của cặp ‘chị em’ Shakira - Pique trước khi tan vỡ|https://thanhnien.vn/chuyen-tinh-ngot-ngao-cua-cap-chi-em-shakira-pique-truoc-khi-tan-vo-post1465595.html|https://image.thanhnien.vn/150x100/Uploaded/2022/abfluao/2022_06_04/19-5394.jpg|Hôm 4.6, Shakira và Gerard Pique xác nhận chia tay giữa lúc tin đồn rạn nứt đang gây bàn tán. 11 năm bên nhau, họ khiến bao người ngưỡng mộ với chuyện tình ngọt ngào cùng tổ ấm hạnh phúc bên hai con trai nhỏ.|giải trí|thanhnien.vn|08:50 05/06/2022
Washington Post đính chính bài viết có nội dung ‘bôi nhọ Johnny Depp’|https://thanhnien.vn/washington-post-dinh-chinh-bai-viet-co-noi-dung-boi-nho-johnny-depp-post1465480.html|https://image.thanhnien.vn/150x100/Uploaded/2022/abfluao/2022_06_04/jd1-8089.jpeg|Sau khi Johnny Depp thắng kiện, Washington Post đã chú thích rằng bài viết của Amber Heard đăng trên báo này hồi 2018 có chứa nội dung phỉ báng.|giải trí|thanhnien.vn|19:06 04/06/2022
Tại sao Johnny Depp thua kiện tại Anh nhưng lại giành chiến thắng ở Mỹ?|https://thanhnien.vn/tai-sao-johnny-depp-thua-kien-tai-anh-nhung-lai-gianh-chien-thang-o-my-post1465517.html|https://image.thanhnien.vn/150x100/Uploaded/2022/abfluao/2022_06_04/h1-5344.jpeg|Việc hai phiên tòa của Johnny Depp có kết quả trái ngược nhau khiến công chúng bất ngờ. Trước khi thắng Amber Heard ở Mỹ, tài tử Hollywood từng thua kiện tờ The Sun (Anh) và tiếp tục mang tiếng là “kẻ đánh vợ”.|giải trí|thanhnien.vn|19:00 04/06/2022
Kim Thanh Thảo khoe nhan sắc gợi cảm trước biển|https://thanhnien.vn/kim-thanh-thao-khoe-nhan-sac-goi-cam-truoc-bien-post1465479.html|https://image.thanhnien.vn/150x100/Uploaded/2022/noktzn/2022_06_04/thao6-1683.jpg|Trong bộ ảnh chụp trước biển, Kim Thanh Thảo diện thiết kế xẻ ngực khoe làn da trắng mịn cùng sắc vóc gợi cảm. Loạt ảnh mới của nữ diễn viên nhanh chóng nhận được lời khen từ khán giả.|giải trí|thanhnien.vn|18:53 04/06/2022
'Hot girl World Cup' lên show hẹn hò tỏ tình lần 2 và cái kết bất ngờ|https://thanhnien.vn/hot-girl-world-cup-len-show-hen-ho-to-tinh-lan-2-va-cai-ket-bat-ngo-post1465543.html|https://image.thanhnien.vn/150x100/Uploaded/2022/drkxrvyxqx/2022_06_04/img-4301-7323.jpg|Linh Kul, cô gái từng được gọi với danh xưng 'hot girl World Cup' gây bất ngờ khi tham gia show hẹn hò để bày tỏ tình cảm dành cho diễn viên Sơn Soho. |giải trí|thanhnien.vn|18:48 04/06/2022
Loạt sao Việt bức xúc việc ‘say xỉn lái xe gây tai nạn chết người’|https://thanhnien.vn/loat-sao-viet-buc-xuc-viec-say-xin-lai-xe-gay-tai-nan-chet-nguoi-post1465440.html|https://image.thanhnien.vn/150x100/Uploaded/2022/mftum/2022_06_04/the-healthy-foodie-4939.png|NSƯT Cát Tường gọi hành vi say xỉn khi lái xe gây tai nạn chết người là ‘tội ác’. Trong khi đó, Quang Minh, Lê Phương nói ‘khó chấp nhận’, cần hình thức xử phạt mạnh tay.|giải trí|thanhnien.vn|14:15 04/06/2022
Nước hoa Dior ‘cháy hàng’ vì không quay lưng với Johnny Depp|https://thanhnien.vn/nuoc-hoa-dior-chay-hang-vi-khong-quay-lung-voi-johnny-depp-post1465447.html|https://image.thanhnien.vn/150x100/Uploaded/2022/abfluao/2022_06_04/5-2894.jpeg|Sau khi Johnny Depp thắng kiện Amber Heard, nhiều người thi nhau “săn lùng” nước hoa Dior Sauvage. Sản phẩm do nam diễn viên làm gương mặt đại diện nhanh chóng hết hàng ở Anh và Mỹ.|giải trí|thanhnien.vn|14:04 04/06/2022
G-Dragon (BigBang) mua penthouse đắt nhất Hàn Quốc|https://thanhnien.vn/g-dragon-bigbang-mua-penthouse-dat-nhat-han-quoc-post1465452.html|https://image.thanhnien.vn/150x100/Uploaded/2022/zxaijr/2022_06_04/gdragontaunhaxindatdohanquoc1-9662.png|Theo Newsis, G-Dragon (BigBang) đã chi 16,4 tỉ won (khoảng 304 tỉ đồng) để tậu căn penthouse ở Seoul (Hàn Quốc). Đây là mức giá kỷ lục đối với một căn hộ ở xứ kim chi.|giải trí|thanhnien.vn|13:43 04/06/2022
Xuân Lan hội ngộ học trò Minh Kha trên ghế nóng|https://thanhnien.vn/xuan-lan-hoi-ngo-hoc-tro-minh-kha-tren-ghe-nong-post1465461.html|https://image.thanhnien.vn/150x100/Uploaded/2022/drkxrvyxqx/2022_06_04/z3465690776710-849461f185cfff817fc41e55251a439e-1620.jpg|Xuân Lan và Minh Kha có dịp hội ngộ khi đảm nhận vai trò giám khảo cho buổi casting người mẫu của nhà thiết kế Hà Linh Thư.|giải trí|thanhnien.vn|13:12 04/06/2022
Lý Kim Thảo nỗ lực xóa bỏ tin đồn mua giải hoa hậu|https://thanhnien.vn/ly-kim-thao-no-luc-xoa-bo-tin-don-mua-giai-hoa-hau-post1465428.html|https://image.thanhnien.vn/150x100/Uploaded/2022/drkxrvyxqx/2022_06_04/ndk-2482-3628.jpg|'Tôi nỗ lực xóa bỏ quan niệm 'hoa hậu chỉ để ngắm' hay hoài nghi về chuyện mua giải. Tôi muốn mang hình ảnh một hoa hậu năng động, bản lĩnh và giàu lòng nhân ái đến với mọi người', Lý Kim Thảo nói.|giải trí|thanhnien.vn|11:46 04/06/2022
Đan Trường nói gì khi bị tố hát 'Ai chung tình được mãi' không xin phép?|https://thanhnien.vn/dan-truong-noi-gi-khi-bi-to-hat-ai-chung-tinh-duoc-mai-khong-xin-phep-post1465417.html|https://image.thanhnien.vn/150x100/Uploaded/2022/drkxrvyxqx/2022_06_04/5-6687.jpg|Ca sĩ Đan Trường vừa có những phản hồi chính thức liên quan đến vụ bị tố hát ca khúc Ai chung tình được mãi mà không xin phép.|giải trí|thanhnien.vn|10:58 04/06/2022
Trường Giang tiết lộ lý do Xuân Bắc vắng mặt tại 'Ơn giời cậu đây rồi'|https://thanhnien.vn/truong-giang-tiet-lo-ly-do-xuan-bac-vang-mat-tai-on-gioi-cau-day-roi-post1465405.html|https://image.thanhnien.vn/150x100/Uploaded/2022/noktzn/2022_06_04/xuan-bac-9924.jpg|Chương trình Ơn giời cậu đây rồi trở lại mùa 8 với sự thay đổi về vị trí MC cũng như trưởng phòng. Góp mặt trong tập 1 là sự xuất hiện của các khách mời: Hà Việt Dũng, Phương Mỹ Chi, Duy Khương và Hoa hậu Thùy Tiên.|giải trí|thanhnien.vn|10:26 04/06/2022
Quyền Linh: Từng bị 30 người đánh tới mức nằm lê lết 3 ngày không dậy được|https://thanhnien.vn/quyen-linh-tung-bi-30-nguoi-danh-toi-muc-nam-le-let-3-ngay-khong-day-duoc-post1465379.html|https://image.thanhnien.vn/150x100/Uploaded/2022/drkxrvyxqx/2022_06_04/quyen-linh-8-8618.jpg|"Trên sóng truyền hình, Quyền Linh bồi hồi kể lại kỷ niệm bị 30 người ""tấn công"" khi đóng Những nẻo đường phù sa. "|giải trí|thanhnien.vn|09:21 04/06/2022
MC Đinh Tiến Dũng xúc động trước câu chuyện ly hôn của nữ phóng viên|https://thanhnien.vn/mc-dinh-tien-dung-xuc-dong-truoc-cau-chuyen-ly-hon-cua-nu-phong-vien-post1465357.html|https://image.thanhnien.vn/150x100/Uploaded/2022/znetns/2022_06_04/thu-ha-3-5203.jpg|Những nỗi niềm của nữ phóng viên Thu Hà về cuộc hôn nhân đổ vỡ và hành trình mà cô vượt qua nỗi đau để tiếp tục sống khiến MC Đinh Tiến Dũng thán phục. |giải trí|thanhnien.vn|08:34 04/06/2022
Dương Ngọc Thái: Đổi nghệ danh như một định mệnh thay đổi cuộc đời tôi|https://thanhnien.vn/duong-ngoc-thai-doi-nghe-danh-nhu-mot-dinh-menh-thay-doi-cuoc-doi-toi-post1465293.html|https://image.thanhnien.vn/150x100/Uploaded/2022/drkxrvyxqx/2022_06_03/duong-ngoc-thai-talk-9-2017.jpg|Dương Ngọc Thái có dịp trải lòng về hành trình làm nghề cũng như tiết lộ cuộc sống hôn nhân với Triệu Ái Vy trong chương trình Đời nghệ sĩ.|giải trí|thanhnien.vn|08:29 04/06/2022
Nghệ sĩ Linh Tâm nói về quan điểm '10 người đi Mỹ hết 9,5 người muốn về'|https://thanhnien.vn/nghe-si-linh-tam-noi-ve-quan-diem-10-nguoi-di-my-het-9-5-nguoi-muon-ve-post1465126.html|https://image.thanhnien.vn/150x100/Uploaded/2022/noktzn/2022_06_03/img-3192-9826.jpg|Nghệ sĩ Linh Tâm chia sẻ cùng Thanh Niên về cuộc sống hiện tại sau nhiều năm sang Mỹ định cư. Bên cạnh đó, ông cũng thẳng thắn bày tỏ quan điểm về việc nghệ sĩ Việt sang Mỹ thường muốn trở về quê hương.|giải trí|thanhnien.vn|06:50 04/06/2022
Danh tính 'soái ca' Việt kiều được giành giật trong show hẹn hò|https://thanhnien.vn/danh-tinh-soai-ca-viet-kieu-duoc-gianh-giat-trong-show-hen-ho-post1465275.html|https://image.thanhnien.vn/150x100/Uploaded/2022/drkxrvyxqx/2022_06_03/henry-14-2217.jpg|Chàng doanh nhân Việt kiều - Henry V. Bảo đang là cái tên được cộng đồng mạng quan tâm sau màn lộ diện trong một gameshow hẹn hò.|giải trí|thanhnien.vn|20:07 03/06/2022
Đạo diễn Lê Bình Giang mở trung tâm đào tạo điện ảnh|https://thanhnien.vn/dao-dien-le-binh-giang-mo-trung-tam-dao-tao-dien-anh-post1465091.html|https://image.thanhnien.vn/150x100/Uploaded/2022/wpxlcqjwq/2022_06_03/dao-dien-2276.jpg|Đạo diễn Kfc và Đảo độc đắc - Tử mẫu Thiên linh cái Lê Bình Giang nhận thấy sự thiếu hụt nhân lực trong ngành phim và mong muốn được giúp đỡ giới trẻ có nhiều cơ hội làm phim hơn trong tương lai.|giải trí|thanhnien.vn|19:51 03/06/2022
Diễn viên Nguyên Bảo: Từ làm thuê đến mua xe tiền tỉ ở tuổi 29|https://thanhnien.vn/dien-vien-nguyen-bao-tu-lam-thue-den-mua-xe-tien-ti-o-tuoi-29-post1465167.html|https://image.thanhnien.vn/150x100/Uploaded/2022/drkxrvyxqx/2022_06_03/382e71017ac6ba98e3d7-8756.jpg|Bằng những nỗ lực trong hành trình làm nghề, Nguyên Bảo đã có những thành tựu đáng tự hào trong vai trò diễn viên, MC.|giải trí|thanhnien.vn|17:36 03/06/2022
‘Bằng chứng thép 5’ tung teaser những cảnh án mạng rùng rợn|https://thanhnien.vn/bang-chung-thep-5-tung-teaser-nhung-canh-an-mang-rung-ron-post1465189.html|https://image.thanhnien.vn/150x100/Uploaded/2022/zxaijr/2022_06_03/phimbangchungthep5teaser5-1988.png|Video “nhá hàng” đầu tiên bộ phim Bằng chứng thép 5 đã được ra mắt. Đoạn teaser nhận về những phản hồi trái chiều.|giải trí|thanhnien.vn|17:31 03/06/2022
Cặp đôi đầu tiên Quyền Linh - Ngọc Lan mai mối kết hôn sau 2 tháng hẹn hò|https://thanhnien.vn/cap-doi-dau-tien-quyen-linh-ngoc-lan-mai-moi-ket-hon-sau-2-thang-hen-ho-post1465194.html|https://image.thanhnien.vn/150x100/Uploaded/2022/noktzn/2022_06_03/ngoc-lan-copy-1936.jpg|Chỉ sau 2 tháng được Quyền Linh và Ngọc Lan mai mối tại Bạn muốn hẹn hò, cặp đôi Quang Hải - Hồng Tươi quyết định tiến đến hôn nhân. Cái kết viên mãn của cặp đôi khiến hai MC vỡ òa hạnh phúc.|giải trí|thanhnien.vn|16:08 03/06/2022
Pique ngoại tình với cô gái 20 tuổi khiến Shakira quyết chia tay?|https://thanhnien.vn/pique-ngoai-tinh-voi-co-gai-20-tuoi-khien-shakira-quyet-chia-tay-post1465181.html|https://image.thanhnien.vn/150x100/Uploaded/2022/abfluao/2022_06_03/1-1448.jpeg|Truyền thông Tây Ban Nha tiết lộ Gerard Pique gần đây cặp kè với một cô gái 20 tuổi. Shakira phát hiện chuyện bạn đời lâu năm ngoại tình từ đó quyết định chia tay sau 11 năm gắn bó.|giải trí|thanhnien.vn|15:59 03/06/2022
Lệ Quyên, Tùng Dương, Đan Trường bị tố vi phạm bản quyền 'Ai chung tình được mãi'|https://thanhnien.vn/le-quyen-tung-duong-dan-truong-bi-to-vi-pham-ban-quyen-ai-chung-tinh-duoc-mai-post1465131.html|https://image.thanhnien.vn/150x100/Uploaded/2022/lqvppciv/2022_06_03/283776703-583079229813622-449672976072700638-n-2272.jpg|ACV Entertainment cho rằng việc các ca sĩ như Lệ Quyên, Tùng Dương, Đan Trường biểu diễn ca khúc Ai chung tình được mãi dù chưa được sự đồng ý của công ty là thiếu tôn trọng bản quyền tác giả, tác phẩm.|giải trí|thanhnien.vn|15:19 03/06/2022
Tập 2 ‘Eve’ có Seo Ye Ji gắn mác 19+, tràn ngập cảnh nóng|https://thanhnien.vn/tap-2-eve-co-seo-ye-ji-gan-mac-19-tran-ngap-canh-nong-post1465141.html|https://image.thanhnien.vn/150x100/Uploaded/2022/zxaijr/2022_06_03/tap2phimevetranngapcanhnong1-4489.png|Tập 2 bộ phim Eve (tựa Việt: Eve: Thiên nga bóng đêm) gắn mác 19+ vì có nhiều cảnh “giường chiếu” nóng bỏng.|giải trí|thanhnien.vn|14:37 03/06/2022
Lương Thế Thành muốn Thúy Diễm sinh con thứ hai|https://thanhnien.vn/luong-the-thanh-muon-thuy-diem-sinh-con-thu-hai-post1465136.html|https://image.thanhnien.vn/150x100/Uploaded/2022/mftum/2022_06_03/15d02c72-95f6-4f5c-86b5-27b7ec3c2810-2826.jpeg|Tập 6 Mẹ vắng nhà ba là siêu nhân trở lại với những giây phút vui vẻ giữa 4 ông bố cùng các con. Đáng chú ý, gia đình Lương Thế Thành tiếp tục trở thành tâm điểm với nhiều tình huống hài hước xen lẫn thú vị.|giải trí|thanhnien.vn|13:45 03/06/2022
‘Nữ thần không tuổi’ Jang Na Ra kết hôn ở tuổi 41|https://thanhnien.vn/nu-than-khong-tuoi-jang-na-ra-ket-hon-o-tuoi-41-post1465143.html|https://image.thanhnien.vn/150x100/Uploaded/2022/abfluao/2022_06_03/jnr1-8909.jpg|Hôm 3.6, Jang Na Ra bất ngờ thông báo cô sắp lên xe hoa cùng bạn trai kém 6 tuổi. Nữ diễn viên hạnh phúc vì tìm được một nửa đích thực khi đã ngoài 40.|giải trí|thanhnien.vn|13:43 03/06/2022
Thái Châu: Tôi được anh Lam Phương để ý, cho hát nhiều tình khúc để đời|https://thanhnien.vn/thai-chau-toi-duoc-anh-lam-phuong-de-y-cho-hat-nhieu-tinh-khuc-de-doi-post1465069.html|https://image.thanhnien.vn/150x100/Uploaded/2022/drkxrvyxqx/2022_06_03/img-6483-copy-4327.jpg|Trong chương trình Hãy nghe tôi hát, danh ca Thái Châu có dịp tiết lộ về cơ duyên hợp tác cùng nhạc sĩ Lam Phương.|giải trí|thanhnien.vn|12:09 03/06/2022
Ca sĩ Thủy Tiên thân mật với Chi Dân tại sự kiện|https://thanhnien.vn/ca-si-thuy-tien-than-mat-voi-chi-dan-tai-su-kien-post1465077.html|https://image.thanhnien.vn/150x100/Uploaded/2022/drkxrvyxqx/2022_06_03/ton-1693-6536.jpg|Tối 2.6, Chi Dân tổ chức sự kiện mừng tuổi mới kết hợp kỷ niệm 10 năm ca hát. Chương trình có sự góp mặt của nhiều đồng nghiệp thân thiết như Thủy Tiên, Lê Dương Bảo Lâm, Trương Thế Vinh…|giải trí|thanhnien.vn|12:07 03/06/2022
Lý Hải mất ăn mất ngủ lên kịch bản cho ‘Lật mặt 6’|https://thanhnien.vn/ly-hai-mat-an-mat-ngu-len-kich-ban-cho-lat-mat-6-post1465078.html|https://image.thanhnien.vn/150x100/Uploaded/2022/tnabtw/2022_06_03/z3416520392539-bfd104b6fe1416b222ae458153e113c3-3935.jpg|"Lý Hải cho biết trong suốt một năm qua, anh dành phần lớn thời gian để lên ý tưởng và hoàn thiện kịch bản Lật mặt 6. Nam đạo diễn hứa hẹn sẽ cho ""trình làng"" bộ phim vào tháng 4.2023. "|giải trí|thanhnien.vn|12:04 03/06/2022
'Chồng cũ, vợ cũ, người yêu cũ' tập 12: Lam cố tình mồi chài chồng cũ?|https://thanhnien.vn/chong-cu-vo-cu-nguoi-yeu-cu-tap-12-lam-co-tinh-moi-chai-chong-cu-post1465061.html|https://image.thanhnien.vn/150x100/Uploaded/2022/aobfwaa/2022_06_03/phm-890-7696.png|Chồng cũ, vợ cũ, người yêu cũ tập 12: Mai Anh bị ‘vỗ thẳng mặt’ là kẻ đeo bám; Việt nhắc nhở vợ cũ giữ ý tứ.|giải trí|thanhnien.vn|11:22 03/06/2022
TikToker Lê Bống gây tranh cãi khi diễn thời trang, người trong nghề nói gì?|https://thanhnien.vn/tiktoker-le-bong-gay-tranh-cai-khi-dien-thoi-trang-nguoi-trong-nghe-noi-gi-post1465047.html|https://image.thanhnien.vn/150x100/Uploaded/2022/drkxrvyxqx/2022_06_03/untitled-1-1643.jpg|Nhà thiết kế Ngô Nhật Huy, người mẫu Lại Thanh Hương vừa có những chia sẻ liên quan đến vụ TikToker Lê Bống xuất hiện trên sàn diễn thời trang.|giải trí|thanhnien.vn|10:21 03/06/2022
Lý Nhã Kỳ khoe vòng eo 'con kiến' giữa trời Âu|https://thanhnien.vn/ly-nha-ky-khoe-vong-eo-con-kien-giua-troi-au-post1465038.html|https://image.thanhnien.vn/150x100/Uploaded/2022/drkxrvyxqx/2022_06_03/linh0363-7013.jpg|Nhờ cách phối đồ thông minh, Lý Nhã Kỳ trở nên nổi bật khi xuất hiện trên đường phố châu Âu.|giải trí|thanhnien.vn|10:17 03/06/2022
Rocker Nguyễn tái xuất, tiết lộ từng đi bán trà sữa, bún bò mùa dịch|https://thanhnien.vn/rocker-nguyen-tai-xuat-tiet-lo-tung-di-ban-tra-sua-bun-bo-mua-dich-post1464905.html|https://image.thanhnien.vn/150x100/Uploaded/2022/znetns/2022_06_02/rocker-nguyen-1-3458.jpg|Sau thời gian im ắng, Rocker Nguyễn trở lại điện ảnh trong phim kinh dị, sinh tồn Móng vuốt. Nam diễn viên trải lòng về giai đoạn ở ẩn, rời xa ánh đèn sân khấu.|giải trí|thanhnien.vn|09:09 03/06/2022
Hương Tràm 'lột xác' nóng bỏng sau khi sang Mỹ|https://thanhnien.vn/huong-tram-lot-xac-nong-bong-sau-khi-sang-my-post1465026.html|https://image.thanhnien.vn/150x100/Uploaded/2022/noktzn/2022_06_03/k7402008-edit-5828.jpg|Từ khi sang Mỹ du học, Hương Tràm được nhận xét có nhiều thay đổi trong phong cách thời trang, trở nên gợi cảm, táo bạo hơn hẳn. Trong bộ ảnh gần đây, nữ ca sĩ cắt tóc ngắn và có màn 'lột xác' ấn tượng. |giải trí|thanhnien.vn|09:04 03/06/2022
‘Bão ngầm’ tập 70: Lộ diện thêm ‘nhân tố bí ẩn’ giống thượng tá Tuất?|https://thanhnien.vn/bao-ngam-tap-70-lo-dien-them-nhan-to-bi-an-giong-thuong-ta-tuat-post1465023.html|https://image.thanhnien.vn/150x100/Uploaded/2022/aobfwaa/2022_06_03/bn777-9640.png|Bão ngầm tập 70: Quách Đại Đức cùng gia đình ngụy trang để vượt biên; Thượng tá Tuất bắn trọng thương Lâm; Một ‘nhân tố bí ẩn’ khác trong nội bộ ngành lộ diện.|giải trí|thanhnien.vn|08:59 03/06/2022
Đình Toàn hé lộ kỷ vật thời hoàng kim khi đóng kịch cùng Thành Lộc, Hữu Châu|https://thanhnien.vn/dinh-toan-he-lo-ky-vat-thoi-hoang-kim-khi-dong-kich-cung-thanh-loc-huu-chau-post1464932.html|https://image.thanhnien.vn/150x100/Uploaded/2022/mftum/2022_06_02/1aa1de47-7576-4b99-8d4d-d8eef1f44271-4679.jpeg|Trong tập 22 Khoảnh khắc rực rỡ, Đình Toàn hé lộ giây phút hoàng kim trong sự nghiệp.|giải trí|thanhnien.vn|08:52 03/06/2022
Shakira chia tay Pique sau 11 năm vì bị phản bội?|https://thanhnien.vn/shakira-chia-tay-pique-sau-11-nam-vi-bi-phan-boi-post1464919.html|https://image.thanhnien.vn/150x100/Uploaded/2022/abfluao/2022_06_02/1-8200.jpeg|Nữ ca sĩ Shakira được cho là sắp chia tay cầu thủ Gerard Pique sau khi phát hiện mình bị phản bội. Trước khi vướng tin đồn rạn nứt, họ khiến bao người ngưỡng mộ với chuyện tình chị em kéo dài suốt 11 năm qua.|giải trí|thanhnien.vn|08:47 03/06/2022
Gil Lê: Tôi thấy thoải mái khi được gọi là 'anh' hay 'chú'|https://thanhnien.vn/gil-le-toi-thay-thoai-mai-khi-duoc-goi-la-anh-hay-chu-post1464936.html|https://image.thanhnien.vn/150x100/Uploaded/2022/znetns/2022_06_02/gil-le1-5386.jpg|Đối với Gil Lê, chỉ cần đối phương tôn trọng mình thì nhân xưng chỉ là một cách gọi nên cô cảm thấy khá thoải mái dù được gọi là 'anh' hay 'chú'.|giải trí|thanhnien.vn|08:42 03/06/2022
Dàn thí sinh Hoa hậu Hồng Kông gây thất vọng|https://thanhnien.vn/dan-thi-sinh-hoa-hau-hong-kong-gay-that-vong-post1464963.html|https://image.thanhnien.vn/150x100/Uploaded/2022/abfluao/2022_06_03/h1-9696.jpeg|Hôm 2.6, hơn 100 cô gái tham dự vòng sơ khảo Hoa hậu Hồng Kông 2022. Dàn thí sinh năm nay tiếp tục gây hụt hẫng khi hiếm có gương mặt đạt chuẩn hoa hậu, nhiều người bị chê kém sắc, ngoại hình không có gì nổi bật.|giải trí|thanhnien.vn|06:49 03/06/2022
Amber Heard kháng cáo sau khi thua kiện Johnny Depp|https://thanhnien.vn/amber-heard-khang-cao-sau-khi-thua-kien-johnny-depp-post1464976.html|https://image.thanhnien.vn/150x100/Uploaded/2022/abfluao/2022_06_03/ah2-6853.jpeg|Luật sư của Amber Heard tiết lộ nữ diễn viên đang lên kế hoạch kháng cáo sau khi thua kiện Johnny Depp. Vị này cũng cho biết Heard không thể trả khoản bồi thường 10,35 triệu USD cho chồng cũ.|giải trí|thanhnien.vn|06:46 03/06/2022
Hoa hậu Khánh Vân diện váy xẻ bạo đi sự kiện|https://thanhnien.vn/hoa-hau-khanh-van-dien-vay-xe-bao-di-su-kien-post1464971.html|https://image.thanhnien.vn/150x100/Uploaded/2022/drkxrvyxqx/2022_06_03/ha-kino-ht-kv-tt-2-8781.jpeg|Nhiều sao Việt như Khánh Vân, Hoàng Thùy, Cẩm Đan... dành thời gian đến chúc mừng Hà Kino trình làng bộ sưu tập mới.|giải trí|thanhnien.vn|06:44 03/06/2022
