Các giải pháp giảm tác hại thuốc lá: Hiểu đúng để lựa chọn|https://thanhnien.vn/cac-giai-phap-giam-tac-hai-thuoc-la-hieu-dung-de-lua-chon-post1467899.html|https://image.thanhnien.vn/150x100/Uploaded/2022/puqgfdmzs-co/2022_06_12/ava-6068.jpg|Hiện nay, 60-80% người hút thuốc ở Việt Nam đều muốn bỏ thuốc nhưng chưa thành công. Do đó, cần đánh giá lại đâu là những giải pháp giảm tác hại phù hợp để cải thiện chiến lược phòng chống tác hại thuốc lá.|sức khỏe|thanhnien.vn|30 phút trước
Đau bụng, chảy máu chân răng, bé trai bị sốc sốt xuất huyết nặng|https://thanhnien.vn/dau-bung-chay-mau-chan-rang-be-trai-bi-soc-sot-xuat-huyet-nang-post1467852.html|https://image.thanhnien.vn/150x100/Uploaded/2022/hfrqy/2022_06_12/anh-chup-man-hinh-2022-06-12-luc-10-19-22-6716.png|Bệnh nhi tên P. (14 tuổi, Tây Ninh) được người nhà đưa đến cấp cứu tại Bệnh viện đa khoa Xuyên Á Tây Ninh trong tình trạng đau bụng, chảy máu chân răng|sức khỏe|thanhnien.vn|13:56 12/06/2022
TP.HCM: 4 bước xử trí khi phát hiện ca nghi đậu mùa khỉ|https://thanhnien.vn/tp-hcm-4-buoc-xu-tri-khi-phat-hien-ca-nghi-dau-mua-khi-post1467868.html|https://image.thanhnien.vn/150x100/Uploaded/2022/hfrqy/2022_05_28/bykfinlfgziw3ja4rfxzs5jju4-1585.jpeg|Người có dấu hiệu nghi ngờ mắc đậu mùa khỉ liên hệ trạm y tế để được hướng dẫn cách ly tại nhà, khi có dấu hiệu nặng có thể tự đi xe cá nhân đến Bệnh viện Bệnh Nhiệt đới TP.HCM hoặc gọi xe cấp cứu qua tổng đài 115.|sức khỏe|thanhnien.vn|11:13 12/06/2022
Tỷ lệ bao phủ mũi 3 thấp dù số lượng lớn vắc xin Covid-19 tồn kho|https://thanhnien.vn/ty-le-bao-phu-mui-3-thap-du-so-luong-lon-vac-xin-covid-19-ton-kho-post1467826.html|https://image.thanhnien.vn/150x100/Uploaded/2022/tqmvkpic/2022_04_26/dtd-vx-covid-phuc-dien-6-543.jpg|Hàng triệu liều vắc xin Covid-19 tồn kho trong khi tỷ lệ bao phủ mũi 3 thấp, cá biệt có trường hợp phản ánh chưa tiêm vắc xin.|sức khỏe|thanhnien.vn|10:11 12/06/2022
3 loại ung thư da phổ biến nhất bạn cần biết|https://thanhnien.vn/3-loai-ung-thu-da-pho-bien-nhat-ban-can-biet-post1467577.html|https://image.thanhnien.vn/150x100/Uploaded/2022/wpxlcqjwq/2022_06_11/ung-thu-da-4955.jpg|Ở Mỹ, ung thư da giết chết hơn 9.000 người mỗi năm. Các ca mắc mới mỗi năm ở Mỹ lên đến hàng triệu. Hầu hết đều có thể chữa khỏi nếu được phát hiện sớm.|sức khỏe|thanhnien.vn|09:09 12/06/2022
Phát hiện mới: Thực phẩm tốt nhất giúp giảm nguy cơ mắc gan nhiễm mỡ|https://thanhnien.vn/phat-hien-moi-thuc-pham-tot-nhat-giup-giam-nguy-co-mac-gan-nhiem-mo-post1467560.html|https://image.thanhnien.vn/150x100/Uploaded/2022/wpxlcqjwq/2022_06_11/gan-nhiem-mo-9802.jpg|Trong phát hiện mới được Clinical Nutrition công bố, các nhà nghiên cứu đã xem xét 14.968 người tham gia - 42,2% trong số đó là nam giới và tất cả là cư dân của thành phố Thiên Tân, Trung Quốc - điền vào bảng câu hỏi liên quan đến chế độ ăn uống điển hình của họ.|sức khỏe|thanhnien.vn|08:33 12/06/2022
Ngày 11.6 thêm 710 ca nhiễm Covid-19 trong nước|https://thanhnien.vn/ngay-11-6-them-710-ca-nhiem-covid-19-trong-nuoc-post1467734.html|https://image.thanhnien.vn/150x100/Uploaded/2022/ycivoxpw/2022_06_11/thcs-tran-quoc-toan-1-4476.jpg|Chiều nay 11.6, Bộ Y tế thông báo 710 ca nhiễm mới trong nước tại 39 tỉnh, thành; giảm 251 ca so với ngày hôm qua. |sức khỏe|thanhnien.vn|18:11 11/06/2022
Một phụ nữ nhập viện sau tiêm xóa sẹo tại cơ sở không phép ở TP.HCM|https://thanhnien.vn/mot-phu-nu-nhap-vien-sau-tiem-xoa-seo-tai-co-so-khong-phep-o-tp-hcm-post1467535.html|https://image.thanhnien.vn/150x100/Uploaded/2022/uqvpoqiw/2022_06_11/tiem-xoa-seo-syte-7228.png|Ngày 10.6, Thanh tra Sở Y tế phối hợp Phòng An ninh chính trị nội bộ (Công an TP.HCM), Phòng Y tế Q.10 và UBND P.13, Q.10 tiến hành kiểm tra Công ty TNHH Phòng khám AZ NOSKIN (243/3 Tô Hiến Thành, P.13, Q.10, TP.HCM).|sức khỏe|thanhnien.vn|13:08 11/06/2022
Loại virus nào khiến Justin Bieber bị liệt nửa mặt?|https://thanhnien.vn/loai-virus-nao-khien-justin-bieber-bi-liet-nua-mat-post1467582.html|https://image.thanhnien.vn/150x100/Uploaded/2022/hfrqy/2022_06_11/anh-chup-man-hinh-2022-06-11-luc-09-44-26-9544.png|Justin Bieber (28 tuổi, nam ca sĩ nổi tiếng người Canada) cho biết anh được chẩn đoán mắc hội chứng Ramsay Hunt do virus varicella-zoster tấn công các dây thần kinh trên mặt, dẫn đến liêt nửa khuôn mặt bên phải.|sức khỏe|thanhnien.vn|10:44 11/06/2022
Ăn quả mơ, lá mơ có tốt không?|https://thanhnien.vn/an-qua-mo-la-mo-co-tot-khong-post1467331.html|https://image.thanhnien.vn/150x100/Uploaded/2022/hfrqy/2022_06_10/mo-ngam-6b-6273.jpeg|Quả mơ ngâm, lá mơ là những vị thuốc y học cổ truyền có tác dụng mềm phân, hỗ trợ điều trị táo bón.|sức khỏe|thanhnien.vn|04:00 11/06/2022
Ngày mới với tin tức sức khỏe: Phát hiện cách giữ huyết áp ở mức tối ưu|https://thanhnien.vn/ngay-moi-voi-tin-tuc-suc-khoe-phat-hien-cach-giu-huyet-ap-o-muc-toi-uu-post1467501.html|https://image.thanhnien.vn/150x100/Uploaded/2022/wobjohb/2022_06_10/cahoi-oofk-422.jpg|'Một miếng cá hồi lớn mỗi ngày là bí quyết để giữ huyết áp trong tầm kiểm soát, theo một nghiên cứu mới'. Hãy bắt đầu ngày mới 11.6 với tin tức sức khỏe để xem thêm nội dung nghiên cứu này bạn nhé!|sức khỏe|thanhnien.vn|00:10 11/06/2022
Nhập viện vì nhét dây tai nghe vào niệu đạo để tạo khoái cảm|https://thanhnien.vn/nhap-vien-vi-nhet-day-tai-nghe-vao-nieu-dao-de-tao-khoai-cam-post1467496.html|https://image.thanhnien.vn/150x100/Uploaded/2022/wlyrstlstpf/2022_06_10/web-2ee379bc4e418e1fd750-6808.jpg|Một nam thanh niên trú tại Quảng Ninh nhập viện cấp cứu do nhét dây tai nghe dài 20 cm vào niệu đạo để tạo khoái cảm.|sức khỏe|thanhnien.vn|22:24 10/06/2022
Bệnh viện Quảng Trị đón nhận giải thưởng bạch kim của Hội Đột quỵ thế giới|https://thanhnien.vn/benh-vien-quang-tri-don-nhan-giai-thuong-bach-kim-cua-hoi-dot-quy-the-gioi-post1467469.html|https://image.thanhnien.vn/150x100/Uploaded/2022/wobjuko/2022_06_10/img-20220610-175422-5706.jpg|Bệnh viện đa khoa tỉnh Quảng Trị vinh dự đón nhận giải thưởng bạch kim của Hội Đột quỵ thế giới.|sức khỏe|thanhnien.vn|20:24 10/06/2022
Nguy cơ vắc xin Covid-19 hết hạn, Bộ Y tế đề nghị 12 tỉnh, thành tiếp nhận|https://thanhnien.vn/nguy-co-vac-xin-covid-19-het-han-bo-y-te-de-nghi-12-tinh-thanh-tiep-nhan-post1467473.html|https://image.thanhnien.vn/150x100/Uploaded/2022/tqmvkpic/2022_04_16/thcs-tran-quoc-toan-1-5270.jpg|Hôm nay 10.6, Bộ Y tế đã có Công điện số 771/CĐ-BYT (Công điện 771) gửi 12 tỉnh, thành về việc tăng cường tiếp nhận và triển khai tiêm vắc xin phòng Covid-19.|sức khỏe|thanhnien.vn|19:19 10/06/2022
Nhiều đơn vị còn tồn vắc xin Covid-19, nguy cơ hết hạn|https://thanhnien.vn/nhieu-don-vi-con-ton-vac-xin-covid-19-nguy-co-het-han-post1467463.html|https://image.thanhnien.vn/150x100/Uploaded/2022/fsmim/2022_06_10/283984784-1376622486190399-7140983086493715780-n-6630.jpg|Chiều nay 10.6, Bộ Y tế cho biết có 961 ca mắc Covid-19 mới tại 42 tỉnh, thành. Nhiều tuyến còn tồn vắc xin Covid-19.|sức khỏe|thanhnien.vn|18:34 10/06/2022
Ăn uống khó tiêu, đi khám phát hiện 17 viên sỏi to lấp đầy túi mật|https://thanhnien.vn/an-uong-kho-tieu-di-kham-phat-hien-17-vien-soi-to-lap-day-tui-mat-post1467421.html|https://image.thanhnien.vn/150x100/Uploaded/2022/wobjohb/2022_06_10/tuimat-3001.jpg|Bệnh nhân N.T.H ( 57 tuổi, ngụ quận 7, TP.HCM) 2 tháng qua ăn uống khó tiêu, đau bụng âm ỉ, đi khám bác sĩ phát hiện bị sỏi túi mật diễn tiến viêm.|sức khỏe|thanhnien.vn|18:28 10/06/2022
Ngày 11.6 thêm 710 ca nhiễm Covid-19 trong nước|https://thanhnien.vn/ngay-11-6-them-710-ca-nhiem-covid-19-trong-nuoc-post1467734.html|https://image.thanhnien.vn/150x100/Uploaded/2022/ycivoxpw/2022_06_11/thcs-tran-quoc-toan-1-4476.jpg|Chiều nay 11.6, Bộ Y tế thông báo 710 ca nhiễm mới trong nước tại 39 tỉnh, thành; giảm 251 ca so với ngày hôm qua. |sức khỏe|thanhnien.vn|18:11 11/06/2022
Một phụ nữ nhập viện sau tiêm xóa sẹo tại cơ sở không phép ở TP.HCM|https://thanhnien.vn/mot-phu-nu-nhap-vien-sau-tiem-xoa-seo-tai-co-so-khong-phep-o-tp-hcm-post1467535.html|https://image.thanhnien.vn/150x100/Uploaded/2022/uqvpoqiw/2022_06_11/tiem-xoa-seo-syte-7228.png|Ngày 10.6, Thanh tra Sở Y tế phối hợp Phòng An ninh chính trị nội bộ (Công an TP.HCM), Phòng Y tế Q.10 và UBND P.13, Q.10 tiến hành kiểm tra Công ty TNHH Phòng khám AZ NOSKIN (243/3 Tô Hiến Thành, P.13, Q.10, TP.HCM).|sức khỏe|thanhnien.vn|13:08 11/06/2022
Loại virus nào khiến Justin Bieber bị liệt nửa mặt?|https://thanhnien.vn/loai-virus-nao-khien-justin-bieber-bi-liet-nua-mat-post1467582.html|https://image.thanhnien.vn/150x100/Uploaded/2022/hfrqy/2022_06_11/anh-chup-man-hinh-2022-06-11-luc-09-44-26-9544.png|Justin Bieber (28 tuổi, nam ca sĩ nổi tiếng người Canada) cho biết anh được chẩn đoán mắc hội chứng Ramsay Hunt do virus varicella-zoster tấn công các dây thần kinh trên mặt, dẫn đến liêt nửa khuôn mặt bên phải.|sức khỏe|thanhnien.vn|10:44 11/06/2022
Ăn quả mơ, lá mơ có tốt không?|https://thanhnien.vn/an-qua-mo-la-mo-co-tot-khong-post1467331.html|https://image.thanhnien.vn/150x100/Uploaded/2022/hfrqy/2022_06_10/mo-ngam-6b-6273.jpeg|Quả mơ ngâm, lá mơ là những vị thuốc y học cổ truyền có tác dụng mềm phân, hỗ trợ điều trị táo bón.|sức khỏe|thanhnien.vn|04:00 11/06/2022
Nhập viện vì nhét dây tai nghe vào niệu đạo để tạo khoái cảm|https://thanhnien.vn/nhap-vien-vi-nhet-day-tai-nghe-vao-nieu-dao-de-tao-khoai-cam-post1467496.html|https://image.thanhnien.vn/150x100/Uploaded/2022/wlyrstlstpf/2022_06_10/web-2ee379bc4e418e1fd750-6808.jpg|Một nam thanh niên trú tại Quảng Ninh nhập viện cấp cứu do nhét dây tai nghe dài 20 cm vào niệu đạo để tạo khoái cảm.|sức khỏe|thanhnien.vn|22:24 10/06/2022
Bệnh viện Quảng Trị đón nhận giải thưởng bạch kim của Hội Đột quỵ thế giới|https://thanhnien.vn/benh-vien-quang-tri-don-nhan-giai-thuong-bach-kim-cua-hoi-dot-quy-the-gioi-post1467469.html|https://image.thanhnien.vn/150x100/Uploaded/2022/wobjuko/2022_06_10/img-20220610-175422-5706.jpg|Bệnh viện đa khoa tỉnh Quảng Trị vinh dự đón nhận giải thưởng bạch kim của Hội Đột quỵ thế giới.|sức khỏe|thanhnien.vn|20:24 10/06/2022
Nguy cơ vắc xin Covid-19 hết hạn, Bộ Y tế đề nghị 12 tỉnh, thành tiếp nhận|https://thanhnien.vn/nguy-co-vac-xin-covid-19-het-han-bo-y-te-de-nghi-12-tinh-thanh-tiep-nhan-post1467473.html|https://image.thanhnien.vn/150x100/Uploaded/2022/tqmvkpic/2022_04_16/thcs-tran-quoc-toan-1-5270.jpg|Hôm nay 10.6, Bộ Y tế đã có Công điện số 771/CĐ-BYT (Công điện 771) gửi 12 tỉnh, thành về việc tăng cường tiếp nhận và triển khai tiêm vắc xin phòng Covid-19.|sức khỏe|thanhnien.vn|19:19 10/06/2022
Nhiều đơn vị còn tồn vắc xin Covid-19, nguy cơ hết hạn|https://thanhnien.vn/nhieu-don-vi-con-ton-vac-xin-covid-19-nguy-co-het-han-post1467463.html|https://image.thanhnien.vn/150x100/Uploaded/2022/fsmim/2022_06_10/283984784-1376622486190399-7140983086493715780-n-6630.jpg|Chiều nay 10.6, Bộ Y tế cho biết có 961 ca mắc Covid-19 mới tại 42 tỉnh, thành. Nhiều tuyến còn tồn vắc xin Covid-19.|sức khỏe|thanhnien.vn|18:34 10/06/2022
Ăn uống khó tiêu, đi khám phát hiện 17 viên sỏi to lấp đầy túi mật|https://thanhnien.vn/an-uong-kho-tieu-di-kham-phat-hien-17-vien-soi-to-lap-day-tui-mat-post1467421.html|https://image.thanhnien.vn/150x100/Uploaded/2022/wobjohb/2022_06_10/tuimat-3001.jpg|Bệnh nhân N.T.H ( 57 tuổi, ngụ quận 7, TP.HCM) 2 tháng qua ăn uống khó tiêu, đau bụng âm ỉ, đi khám bác sĩ phát hiện bị sỏi túi mật diễn tiến viêm.|sức khỏe|thanhnien.vn|18:28 10/06/2022
Bé 2 tuổi bị dây ba lô siết cổ, suýt tử vong|https://thanhnien.vn/be-2-tuoi-bi-day-ba-lo-siet-co-suyt-tu-vong-post1467447.html|https://image.thanhnien.vn/150x100/Uploaded/2022/hfrqy/2022_06_10/day-ba-lo-quan-co-1-3095.png|Bé gái tên H.T.K.L (2 tuổi ở Vĩnh Lộc B, huyện Bình Chánh, TP.HCM) đang chơi ở nhà trẻ thì tới gần ba lô treo ở vách tường, vô tình đưa đầu vào vòng dây ba lô qua cổ, trẻ xoay người làm dây ba lô siết cổ.|sức khỏe|thanhnien.vn|17:57 10/06/2022
Uống thuốc của thầy lang, bệnh nhân viêm gan cấp phải nhập viện cấp cứu|https://thanhnien.vn/uong-thuoc-cua-thay-lang-benh-nhan-viem-gan-cap-phai-nhap-vien-cap-cuu-post1467323.html|https://image.thanhnien.vn/150x100/Uploaded/2022/wlyrstlstpf/2022_06_10/web-img-4478-6140.jpg|Một người đàn ông 67 tuổi ở Quảng Ninh phải nhập viện cấp cứu vì tin thuốc điều trị của thầy lang.|sức khỏe|thanhnien.vn|14:48 10/06/2022
TP.HCM: Yêu cầu bệnh viện khai thác tiền sử đi lại của bệnh nhân sốt rét|https://thanhnien.vn/tp-hcm-yeu-cau-benh-vien-khai-thac-tien-su-di-lai-cua-benh-nhan-sot-ret-post1467336.html|https://image.thanhnien.vn/150x100/Uploaded/2022/hfrqy/2022_06_06/7972f0b7996e5930007f-2810.jpeg|Thông tin từ Sở Y tế TP.HCM sáng 10.6, trong 6 tháng đầu năm 2022, TP.HCM ghi nhận 5 trường hợp sốt rét, trong đó có 2 trường hợp sốt rét ác tính.|sức khỏe|thanhnien.vn|11:48 10/06/2022
Tưởng là đau họng thông thường, cô gái đi khám thì phát hiện ung thư máu|https://thanhnien.vn/tuong-la-dau-hong-thong-thuong-co-gai-di-kham-thi-phat-hien-ung-thu-mau-post1466708.html|https://image.thanhnien.vn/150x100/Uploaded/2022/unvjxbf/2022_06_08/2-dau-hong-shutterstock-1388.jpg|Cô Georgina Masson (24 tuổi, ở Anh) bị viêm amidan, cảm thấy đau họng và vướng khi nuốt. Cô gái trẻ nghĩ đó chỉ là cơn đau bình thường nhưng khi kiểm tra thì bất ngờ phát hiện bị ung thư máu hiếm gặp.|sức khỏe|thanhnien.vn|11:05 10/06/2022
Nghiên cứu mới phát hiện khung giờ tập thể dục hiệu quả của nam và nữ|https://thanhnien.vn/nghien-cuu-moi-phat-hien-khung-gio-tap-the-duc-hieu-qua-cua-nam-va-nu-post1466003.html|https://image.thanhnien.vn/150x100/Uploaded/2022/lxwpcqjwp/2022_06_06/sk060601-anh1-6699.jpg|Phụ nữ tập thể dục vào buổi sáng có thể đốt cháy chất béo nhiều hơn, trong khi nam giới có lợi khi tập thể dục vào buổi tối.|sức khỏe|thanhnien.vn|10:06 10/06/2022
Thử nghiệm thuốc mới giúp toàn bộ bệnh nhân tham gia khỏi bệnh ung thư|https://thanhnien.vn/thu-nghiem-thuoc-moi-giup-toan-bo-benh-nhan-tham-gia-khoi-benh-ung-thu-post1467202.html|https://image.thanhnien.vn/150x100/Uploaded/2022/unvjxbf/2022_06_09/1-ung-thu-ruot-shutterstock-7705.jpg|Một thử nghiệm thuốc điều trị ung thư vừa công bố mới đây đã mang lại kết quả đáng kinh ngạc. Tất cả những bệnh nhân tham gia thử nghiệm đều khỏi ung thư trực tràng.|sức khỏe|thanhnien.vn|08:55 10/06/2022
4 đối tượng lưu ý không dùng đồ uống có cồn|https://thanhnien.vn/4-doi-tuong-luu-y-khong-dung-do-uong-co-con-post1467088.html|https://image.thanhnien.vn/150x100/Uploaded/2022/wobjohb/2022_06_09/image1-nzyy-8355.jpg|Chuyên trang Eat This, Not That! dẫn lời các chuyên gia tư vấn những người đang gặp các vấn đề sau đây không nên dùng đồ uống có cồn vì tiềm ẩn nhiều nguy cơ gây hại cho tình trạng sức khỏe của họ.|sức khỏe|thanhnien.vn|08:02 10/06/2022
Bé 2 tuổi bị dây ba lô siết cổ, suýt tử vong|https://thanhnien.vn/be-2-tuoi-bi-day-ba-lo-siet-co-suyt-tu-vong-post1467447.html|https://image.thanhnien.vn/150x100/Uploaded/2022/hfrqy/2022_06_10/day-ba-lo-quan-co-1-3095.png|Bé gái tên H.T.K.L (2 tuổi ở Vĩnh Lộc B, huyện Bình Chánh, TP.HCM) đang chơi ở nhà trẻ thì tới gần ba lô treo ở vách tường, vô tình đưa đầu vào vòng dây ba lô qua cổ, trẻ xoay người làm dây ba lô siết cổ.|sức khỏe|thanhnien.vn|17:57 10/06/2022
Uống thuốc của thầy lang, bệnh nhân viêm gan cấp phải nhập viện cấp cứu|https://thanhnien.vn/uong-thuoc-cua-thay-lang-benh-nhan-viem-gan-cap-phai-nhap-vien-cap-cuu-post1467323.html|https://image.thanhnien.vn/150x100/Uploaded/2022/wlyrstlstpf/2022_06_10/web-img-4478-6140.jpg|Một người đàn ông 67 tuổi ở Quảng Ninh phải nhập viện cấp cứu vì tin thuốc điều trị của thầy lang.|sức khỏe|thanhnien.vn|14:48 10/06/2022
TP.HCM: Yêu cầu bệnh viện khai thác tiền sử đi lại của bệnh nhân sốt rét|https://thanhnien.vn/tp-hcm-yeu-cau-benh-vien-khai-thac-tien-su-di-lai-cua-benh-nhan-sot-ret-post1467336.html|https://image.thanhnien.vn/150x100/Uploaded/2022/hfrqy/2022_06_06/7972f0b7996e5930007f-2810.jpeg|Thông tin từ Sở Y tế TP.HCM sáng 10.6, trong 6 tháng đầu năm 2022, TP.HCM ghi nhận 5 trường hợp sốt rét, trong đó có 2 trường hợp sốt rét ác tính.|sức khỏe|thanhnien.vn|11:48 10/06/2022
Tưởng là đau họng thông thường, cô gái đi khám thì phát hiện ung thư máu|https://thanhnien.vn/tuong-la-dau-hong-thong-thuong-co-gai-di-kham-thi-phat-hien-ung-thu-mau-post1466708.html|https://image.thanhnien.vn/150x100/Uploaded/2022/unvjxbf/2022_06_08/2-dau-hong-shutterstock-1388.jpg|Cô Georgina Masson (24 tuổi, ở Anh) bị viêm amidan, cảm thấy đau họng và vướng khi nuốt. Cô gái trẻ nghĩ đó chỉ là cơn đau bình thường nhưng khi kiểm tra thì bất ngờ phát hiện bị ung thư máu hiếm gặp.|sức khỏe|thanhnien.vn|11:05 10/06/2022
Nghiên cứu mới phát hiện khung giờ tập thể dục hiệu quả của nam và nữ|https://thanhnien.vn/nghien-cuu-moi-phat-hien-khung-gio-tap-the-duc-hieu-qua-cua-nam-va-nu-post1466003.html|https://image.thanhnien.vn/150x100/Uploaded/2022/lxwpcqjwp/2022_06_06/sk060601-anh1-6699.jpg|Phụ nữ tập thể dục vào buổi sáng có thể đốt cháy chất béo nhiều hơn, trong khi nam giới có lợi khi tập thể dục vào buổi tối.|sức khỏe|thanhnien.vn|10:06 10/06/2022
Thử nghiệm thuốc mới giúp toàn bộ bệnh nhân tham gia khỏi bệnh ung thư|https://thanhnien.vn/thu-nghiem-thuoc-moi-giup-toan-bo-benh-nhan-tham-gia-khoi-benh-ung-thu-post1467202.html|https://image.thanhnien.vn/150x100/Uploaded/2022/unvjxbf/2022_06_09/1-ung-thu-ruot-shutterstock-7705.jpg|Một thử nghiệm thuốc điều trị ung thư vừa công bố mới đây đã mang lại kết quả đáng kinh ngạc. Tất cả những bệnh nhân tham gia thử nghiệm đều khỏi ung thư trực tràng.|sức khỏe|thanhnien.vn|08:55 10/06/2022
4 đối tượng lưu ý không dùng đồ uống có cồn|https://thanhnien.vn/4-doi-tuong-luu-y-khong-dung-do-uong-co-con-post1467088.html|https://image.thanhnien.vn/150x100/Uploaded/2022/wobjohb/2022_06_09/image1-nzyy-8355.jpg|Chuyên trang Eat This, Not That! dẫn lời các chuyên gia tư vấn những người đang gặp các vấn đề sau đây không nên dùng đồ uống có cồn vì tiềm ẩn nhiều nguy cơ gây hại cho tình trạng sức khỏe của họ.|sức khỏe|thanhnien.vn|08:02 10/06/2022
Cà phê: ‘cứu tinh’ hay ‘tội đồ’ của nam giới|https://thanhnien.vn/ca-phe-cuu-tinh-hay-toi-do-cua-nam-gioi-post1466997.html|https://image.thanhnien.vn/150x100/Uploaded/2022/puqgfdmzs-co/2022_06_09/alipas-1-7421.jpg|Nam giới thường xem cà phê như một nguồn năng lượng giúp “khỏe” ở chốn phòng the. Thế nhưng, không ít trường hợp bị hoa mắt, chóng mặt không thể “nhập cuộc” vì lỡ làm vài ly đen-đậm. Vậy “cà phê tốt hay hại cho sinh lý nam”?|sức khỏe|thanhnien.vn|08:00 10/06/2022
Trực tiếp Nắng mưa thất thường, người lớn tuổi dễ tổn thương phổi do phế cầu khuẩn|https://thanhnien.vn/nang-mua-that-thuong-nguoi-lon-tuoi-de-ton-thuong-phoi-do-phe-cau-khuan-post1467175.html|https://image.thanhnien.vn/150x100/Uploaded/2022/qxwpth-zl/2022_06_09/event-118.jpg|Thời tiết thất thường khiến các ca bệnh hô hấp nhập viện gia tăng, đặc biệt là nhóm người bệnh cao tuổi, người có bệnh mãn tính như tiểu đường, tim mạch, huyết áp... bị tổn thương phổi nặng do vi khuẩn phế cầu.|sức khỏe|thanhnien.vn|08:00 10/06/2022
Khoảng 32 triệu người có hộ chiếu vắc xin Covid-19|https://thanhnien.vn/khoang-32-trieu-nguoi-co-ho-chieu-vac-xin-covid-19-post1467083.html|https://image.thanhnien.vn/150x100/Uploaded/2022/wobjohb/2022_06_09/4-2622-585.jpg|Theo Bộ Y tế, đến ngày 9.6, gần 32 triệu người đã có hộ chiếu vắc xin Covid-19.|sức khỏe|thanhnien.vn|04:18 10/06/2022
Tại sao ăn côn trùng nguy hiểm đến mức có thể tử vong?|https://thanhnien.vn/tai-sao-an-con-trung-nguy-hiem-den-muc-co-the-tu-vong-post1467087.html|https://image.thanhnien.vn/150x100/Uploaded/2022/wsxrxqeiod/2022_06_09/noi-soi-7415.jpg|Sau khi ăn mối rang, một phụ nữ bị ngộ độc nặng, suy hô hấp và tử vong. Các bác sĩ thông tin cụ thể về trường hợp này nhằm giúp bạn đọc hiểu được những nguy cơ có thể xảy ra khi ăn côn trùng.|sức khỏe|thanhnien.vn|04:00 10/06/2022
Ngày mới với tin tức sức khỏe: Vợ chồng ngủ chung hay ngủ riêng lợi hơn?|https://thanhnien.vn/ngay-moi-voi-tin-tuc-suc-khoe-vo-chong-ngu-rieng-hay-ngu-chung-loi-hon-post1467212.html|https://image.thanhnien.vn/150x100/Uploaded/2022/wobjohb/2022_06_09/sk060602-anh2-4125-5963.jpg|'Từ tiếng ngáy đến nhiệt độ lý tưởng để ngủ của từng người khác nhau, có nhiều lý do khiến ngày càng nhiều cặp vợ chồng quyết định ngủ riêng'. Hãy bắt đầu ngày mới 10.6 với tin tức sức khỏe để xem thêm nội dung bài viết này!|sức khỏe|thanhnien.vn|00:10 10/06/2022
7 loại thực phẩm tốt nhất nên ăn trước khi uống rượu bia|https://thanhnien.vn/7-loai-thuc-pham-tot-nhat-nen-an-truoc-khi-uong-ruou-bia-post1465454.html|https://image.thanhnien.vn/150x100/Uploaded/2022/lxwpcqjwp/2022_06_04/sk040601-anh1-1549.jpg|Nếu bạn uống rượu bia vui vẻ với bạn bè, điều quan trọng là phải có kế hoạch để không chỉ về nhà an toàn mà còn không cảm thấy say quá nhanh. Lưu ý là khi đã uống rượu bia, bạn tuyệt đối không được lái xe nhé! Và bạn nên uống ít thôi, đừng để quá chén mà quên đường về.|sức khỏe|thanhnien.vn|00:08 10/06/2022
Chuyên gia: Vợ chồng nên ngủ chung hay ngủ riêng?|https://thanhnien.vn/chuyen-gia-vo-chong-nen-ngu-chung-hay-ngu-rieng-post1466005.html|https://image.thanhnien.vn/150x100/Uploaded/2022/lxwpcqjwp/2022_06_06/sk060602-anh1-4436.jpg|Cứ 3 người thì có một người tiết lộ họ thích ngủ một mình hơn. Từ tiếng ngáy đến nhiệt độ lý tưởng để ngủ của từng người khác nhau, có nhiều lý do khiến ngày càng nhiều cặp vợ chồng quyết định ngủ riêng.|sức khỏe|thanhnien.vn|00:07 10/06/2022
Tắm theo cách này có thể làm suy yếu hệ miễn dịch của bạn|https://thanhnien.vn/tam-theo-cach-nay-co-the-lam-suy-yeu-he-mien-dich-cua-ban-post1466397.html|https://image.thanhnien.vn/150x100/Uploaded/2022/wsxrxqeiod/2022_06_07/tam-1487.jpg|Tắm rửa là phần quan trọng trong thói quen hằng ngày của mọi người. Nó giúp tẩy rửa cơ thể, khởi động cho ngày mới hoặc nghỉ ngơi sau khi tập luyện.|sức khỏe|thanhnien.vn|00:05 10/06/2022
TP.HCM: Người đàn ông thoát cửa tử sau 47 ngày sốt xuất huyết, thay 56 lít máu|https://thanhnien.vn/tp-hcm-nguoi-dan-ong-thoat-cua-tu-sau-47-ngay-sot-xuat-huyet-thay-56-lit-mau-post1467112.html|https://image.thanhnien.vn/150x100/Uploaded/2022/hfrqy/2022_06_09/anh-chup-man-hinh-2022-06-09-luc-15-23-59-9853.png|Nam bệnh nhân T. Đ.P, 36 tuổi, ngụ quận Gò Vấp, TP.HCM, bị sốt xuất huyết, nhập viện Bệnh viện Quân y 175 trong tình trạng sốc, tổn thương đa cơ quan phải can thiệp ECMO.|sức khỏe|thanhnien.vn|16:15 09/06/2022
Cứu bệnh nhân bị cá mập tấn công ở Bạch Long Vĩ|https://thanhnien.vn/cuu-benh-nhan-bi-ca-map-tan-cong-o-bach-long-vi-post1467008.html|https://image.thanhnien.vn/150x100/Uploaded/2022/wlyrstlstpf/2022_06_09/z3478824214054-bf956a864653a4e5b4bc4d4dafd363bf-8861.jpg|Nam bệnh nhân người Quảng Ninh bị cá mập tấn công ở vùng biển đảo Bạch Long Vĩ (Hải Phòng) đã qua cơn nguy kịch sau khi được cấp cứu, điều trị.|sức khỏe|thanhnien.vn|14:13 09/06/2022
Bác sĩ chia sẻ những lợi ích của khổ qua, rau má, rau đắng|https://thanhnien.vn/bac-si-chia-se-nhung-loi-ich-cua-kho-qua-rau-ma-rau-dang-post1466449.html|https://image.thanhnien.vn/150x100/Uploaded/2022/hfrqy/2022_06_08/3-kho-qua-shutterstock-1054-8705.jpeg|Các loại rau có vị đắng như khổ qua, rau má, rau đắng... tuy khó ăn với nhiều người nhưng lại chứa nhiều vitamin, khoáng chất có lợi cho sức khỏe.|sức khỏe|thanhnien.vn|13:24 09/06/2022
Không biết có thai, người phụ nữ 45 tuổi suýt tử vong do băng huyết|https://thanhnien.vn/khong-biet-co-thai-nguoi-phu-nu-45-tuoi-suyt-tu-vong-do-bang-huyet-post1466959.html|https://image.thanhnien.vn/150x100/Uploaded/2022/hfrqy/2022_06_09/1-thai-phu-2949.jpeg|Bệnh nhân nữ (45 tuổi, ở TP.HCM) trước khi nhập viện 1 tuần bị xuất huyết âm đạo nhưng không biết, tưởng là mình có kinh nguyệt trở lại sau khi con nhỏ được 1 tuổi. |sức khỏe|thanhnien.vn|13:16 09/06/2022
5 bí mật tạo nên kỷ lục sống thọ của người Nhật|https://thanhnien.vn/5-bi-mat-tao-nen-ky-luc-song-tho-cua-nguoi-nhat-post1465506.html|https://image.thanhnien.vn/150x100/Uploaded/2022/lxwpcqjwp/2022_06_04/sk040602-anh1-8716.jpg|Tại sao Nhật Bản được vinh danh là quốc gia có người dân sống lâu, sống khỏe?|sức khỏe|thanhnien.vn|09:09 09/06/2022
Tập thể dục tạo ra nhiều tế bào tấn công và tiêu diệt ung thư|https://thanhnien.vn/tap-the-duc-tao-ra-nhieu-te-bao-tan-cong-va-tieu-diet-ung-thu-post1466762.html|https://image.thanhnien.vn/150x100/Uploaded/2022/lxwpcqjwp/2022_06_08/sk080601-anh1-8698.jpg|Các nhà khoa học Mỹ phát hiện những bệnh nhân ung thư tập thể dục đã sản xuất nhiều tế bào tấn công và tiêu diệt khối u hơn.|sức khỏe|thanhnien.vn|08:05 09/06/2022
Thử nghiệm vắc xin chống ung thư đã thành công giai đoạn đầu|https://thanhnien.vn/thu-nghiem-vac-xin-chong-ung-thu-da-thanh-cong-giai-doan-dau-post1466845.html|https://image.thanhnien.vn/150x100/Uploaded/2022/lxwpcqjwp/2022_06_08/sk080603-anh1-5920.jpg|Vắc xin ung thư tuyến tụy có thể là 'vũ khí quan trọng mới chống lại căn bệnh ung thư nguy hiểm nhất này'.|sức khỏe|thanhnien.vn|04:02 09/06/2022
Ngày mới với tin tức sức khỏe: Tập thể dục giúp điều trị ung thư tuyến tụy|https://thanhnien.vn/ngay-moi-voi-tin-tuc-suc-khoe-tap-the-duc-giup-dieu-tri-ung-thu-tuyen-tuy-post1466890.html|https://image.thanhnien.vn/150x100/Uploaded/2022/wobjohb/2022_06_08/3-tap-the-duc-shutterstock-5160-2902.jpg|'Các nhà khoa học Mỹ phát hiện những bệnh nhân ung thư tập thể dục đã sản xuất nhiều tế bào tấn công và tiêu diệt khối u hơn'. Hãy bắt đầu ngày mới với tin tức sức khỏe để xem thêm phát hiện này bạn nhé!|sức khỏe|thanhnien.vn|00:10 09/06/2022
Thực phẩm này có thể giúp giảm bệnh tiểu đường và cholesterol một cách tự nhiên|https://thanhnien.vn/thuc-pham-nay-co-the-giup-giam-benh-tieu-duong-va-cholesterol-mot-cach-tu-nhien-post1465385.html|https://image.thanhnien.vn/150x100/Uploaded/2022/lxwpcqjwp/2022_06_04/20healthy-oatmeal-almonds-walnuts-516.jpg|"Người ta nói ""những gì bạn ăn sẽ quyết định số phận sức khỏe của bạn"", và điều này đúng với trường hợp rối loạn lối sống phát triển từ thói quen ăn uống không lành mạnh, lối sống bận rộn và giấc ngủ thất thường."|sức khỏe|thanhnien.vn|00:08 09/06/2022
5 cách để đảm bảo bạn không chết trong khi ngủ|https://thanhnien.vn/5-cach-de-dam-bao-ban-khong-chet-trong-khi-ngu-post1465529.html|https://image.thanhnien.vn/150x100/Uploaded/2022/lxwpcqjwp/2022_06_04/woman-chest-pain-heart-attack-ache-bed-8198.jpg|Người hâm mộ điện ảnh khắp nơi đều bàng hoàng trước cái chết mới đây của nam diễn viên Mỹ Ray Liotta (nổi tiếng với phim Goodfellas), người được cho là đã qua đời trong giấc ngủ vào ngày 26.5 ở tuổi 67.|sức khỏe|thanhnien.vn|00:08 09/06/2022
5 dấu hiệu ‘tố cáo’ bạn có thể bị đa xơ cứng|https://thanhnien.vn/5-dau-hieu-to-cao-ban-co-the-bi-da-xo-cung-post1466241.html|https://image.thanhnien.vn/150x100/Uploaded/2022/pwivoviu/2022_06_07/fatigue-woman-9307.jpg|Bệnh đa xơ cứng (Multiple sclerosis - MS) đã liên tục xuất hiện trên báo chí những năm gần đây, khi những người nổi tiếng như Christina Applegate và Selma Blair tiết lộ cuộc chiến của họ với tình trạng thần kinh, có thể làm suy giảm hoặc tàn tật.|sức khỏe|thanhnien.vn|00:06 09/06/2022
Cầm chai cồn ngang bếp, bé gái 8 tuổi bị bỏng toàn thân|https://thanhnien.vn/cam-chai-con-ngang-bep-be-gai-8-tuoi-bi-bong-toan-than-post1466501.html|https://image.thanhnien.vn/150x100/Uploaded/2022/hfrqy/2022_06_07/anh-chup-man-hinh-2022-06-07-luc-17-31-06-7376.png|Trong lúc không để ý, bé gái tên Đ. (8 tuổi, ở Đắk Lắk) cầm chai cồn chạy qua khu bếp đang nấu thức ăn, lửa bén vào quần áo, khiến em bị cháy trong khoảng một phút.|sức khỏe|thanhnien.vn|16:46 08/06/2022
Con cá rô dài 13 cm nhảy vào họng người đàn ông ở Thái Lan|https://thanhnien.vn/con-ca-ro-dai-13-cm-nhay-vao-hong-nguoi-dan-ong-o-thai-lan-post1466752.html|https://image.thanhnien.vn/150x100/Uploaded/2022/hfrqy/2022_06_08/anh-chup-man-hinh-2022-06-08-luc-15-16-52-5868.png|Con cá rô nhảy khỏi mặt nước, vô tình chui tọt vào miệng, cổ họng của một ngư dân tại Thái Lan.|sức khỏe|thanhnien.vn|16:28 08/06/2022
Người phụ nữ có nội tạng nằm ngược nhưng đến 14 năm mới phát hiện|https://thanhnien.vn/nguoi-phu-nu-co-noi-tang-nam-nguoc-nhung-den-14-nam-moi-phat-hien-post1466705.html|https://image.thanhnien.vn/150x100/Uploaded/2022/unvjxbf/2022_06_08/1-noi-tang-shutterstck-460.jpg|Cô Olesya Kulikova ở Nga sinh ra với vị trí nội tạng hoàn toàn trái ngược so với người bình thường. Gia đình không ai biết sự bất thường này cho đến một lần cô phải nhập viện điều trị bệnh.|sức khỏe|thanhnien.vn|15:38 08/06/2022
Có nên pha thuốc vào sữa, nước trái cây cho trẻ dễ uống?|https://thanhnien.vn/co-nen-pha-thuoc-vao-sua-nuoc-trai-cay-cho-tre-de-uong-post1466445.html|https://image.thanhnien.vn/150x100/Uploaded/2022/hfrqy/2022_06_07/anh-chup-man-hinh-2022-06-07-luc-15-33-30-8694.png|Bé nhà tôi khó uống thuốc, xin hỏi bác sĩ có thể pha thuốc cùng với sữa hay nước trái cây cho bé uống được không? (T.Minh, 28 tuổi, TP.HCM).|sức khỏe|thanhnien.vn|11:02 08/06/2022
Chỉ muốn sinh thêm 1 con, người mẹ bất ngờ mang thai 5|https://thanhnien.vn/chi-muon-sinh-them-1-dua-nguoi-me-bat-ngo-mang-thai-5-post1466136.html|https://image.thanhnien.vn/150x100/Uploaded/2022/unvjxbf/2022_06_06/2-tre-em-shutterstock-1426.jpg|Khi đã có 2 con trai, cô Megan Hulen muốn sinh thêm 1 con gái. Nhưng khi siêu âm, cô nhận được kết quả bất ngờ là mang thai 5, có cả trai và gái. Đến khi sinh, mỗi bé cô sinh chỉ mất 4 phút.|sức khỏe|thanhnien.vn|10:08 08/06/2022
Người Huế đầu tiên hiến tạng cứu được 2 người bị suy thận giai đoạn cuối|https://thanhnien.vn/nguoi-hue-dau-tien-hien-tang-cuu-duoc-2-nguoi-bi-suy-than-giai-doan-cuoi-post1466620.html|https://image.thanhnien.vn/150x100/Uploaded/2022/tngtrn/2022_06_08/z3475609256870-6a35e1e0c5417fe9f44bc4ccf6585736-9647.jpg|Bệnh viện T.Ư Huế (Thừa Thiên-Huế) vừa thực hiện thành công ca ghép tạng cứu sống 2 người bị suy thận giai đoạn cuối. Đây là trường hợp hiến tạng sau khi chết não đầu tiên tại Huế và khu vực miền Trung.|sức khỏe|thanhnien.vn|09:52 08/06/2022
Cắt khối u nặng 2 kg chèn ép lồng ngực bệnh nhân|https://thanhnien.vn/cat-khoi-u-nang-2-kg-chen-ep-long-nguc-benh-nhan-post1466542.html|https://image.thanhnien.vn/150x100/Uploaded/2022/tngztj/2022_06_07/z3470412187270-06bcc95eb91978887562b679d8dd834a-245.jpg|Sau khi cảm thấy đau ngực trái kèm mệt mỏi, một bệnh nhân đã đến Bệnh viện đa khoa tỉnh Kon Tum khám bệnh. Tại đây, bệnh viện đã phát hiện khối u nặng 2 kg trong ngực bệnh nhân.|sức khỏe|thanhnien.vn|09:48 08/06/2022
Cứu bệnh nhân vỡ bàng quang vì tai nạn giao thông nhưng chủ quan không đi khám|https://thanhnien.vn/cuu-benh-nhan-vo-bang-quang-vi-tai-nan-giao-thong-nhung-chu-quan-khong-di-kham-post1466611.html|https://image.thanhnien.vn/150x100/Uploaded/2022/vocgmvbc/2022_06_08/z3471845574363-a31c77b45bd1137c500710cc0818992e-5903.jpg|Sau khi nhậu say, anh T. bị tai nạn giao thông, do chủ quan nên anh T. về nhà cho đến khi xuất hiện triệu chứng tiểu ra máu, mới đến bệnh viện thăm khám và phát hiện vỡ bàng quang.|sức khỏe|thanhnien.vn|09:47 08/06/2022
Cấy ốc tai điện tử điều trị điếc bẩm sinh|https://thanhnien.vn/cay-oc-tai-dien-tu-dieu-tri-diec-bam-sinh-post1466381.html|https://image.thanhnien.vn/150x100/Uploaded/2022/wsxrxqeiod/2022_06_07/cay-oc-tai-5250.jpg|Theo Bệnh viện Nhi T.Ư (Hà Nội), cứ 1.000 trẻ sinh ra thì có từ 1 - 3 trẻ bị điếc bẩm sinh.|sức khỏe|thanhnien.vn|08:07 08/06/2022
Biết chọn giờ thức giấc mỗi ngày, sẽ có giấc ngủ ngon|https://thanhnien.vn/biet-chon-gio-thuc-giac-moi-ngay-se-co-giac-ngu-ngon-post1466380.html|https://image.thanhnien.vn/150x100/Uploaded/2022/wsxrxqeiod/2022_06_07/giac-ngu-8746.jpg|Người mất ngủ vào ban đêm thường không có sức khỏe dồi dào ở ngày kế tiếp. Cơ thể của họ hay mệt mỏi, ảnh hưởng năng suất làm việc cũng như sinh hoạt hằng ngày.|sức khỏe|thanhnien.vn|04:02 08/06/2022
Ngày mới với tin tức sức khỏe: Độ tuổi nào lý tưởng để làm cha?|https://thanhnien.vn/ngay-moi-voi-tin-tuc-suc-khoe-do-tuoi-nao-ly-tuong-de-lam-cha-post1466561.html|https://image.thanhnien.vn/150x100/Uploaded/2022/wobjohb/2022_06_07/sinh-san-4090-6773.jpg|'Từ quan điểm sinh học, Giáo sư Minhas cho biết đàn ông thích hợp nhất để làm cha từ cuối những năm 20 đến đầu những năm 30 tuổi'. Hãy bắt đầu ngày mới 8.6 với tin tức sức khỏe để xem thêm nội dung bài viết này!|sức khỏe|thanhnien.vn|00:10 08/06/2022
4 dấu hiệu ‘tố cáo’ bạn đang ăn quá nhiều đường|https://thanhnien.vn/4-dau-hieu-to-cao-ban-dang-an-qua-nhieu-duong-post1465531.html|https://image.thanhnien.vn/150x100/Uploaded/2022/lxwpcqjwp/2022_06_04/sugar-4918.jpg|Nhiều loại thức ăn và đồ uống yêu thích của bạn có thêm đường, và đôi khi nó lén lút đến mức bạn có thể không nhận ra mình đang tiêu thụ calo có đường.|sức khỏe|thanhnien.vn|00:08 08/06/2022
Chuyên gia chỉ ra lứa tuổi đàn ông làm cha tốt nhất|https://thanhnien.vn/chuyen-gia-chi-ra-lua-tuoi-dan-ong-lam-cha-tot-nhat-post1465569.html|https://image.thanhnien.vn/150x100/Uploaded/2022/lxwpcqjwp/2022_06_04/sk040604-anh-1-5241.jpg|Từ quan điểm sinh học, Giáo sư Minhas cho biết đàn ông thích hợp nhất để làm cha từ 'cuối những năm 20 đến đầu những năm 30 tuổi'.|sức khỏe|thanhnien.vn|00:07 08/06/2022
Chuyên gia dinh dưỡng: 5 loại rau tốt nhất để giảm cholesterol|https://thanhnien.vn/chuyen-gia-dinh-duong-5-loai-rau-tot-nhat-de-giam-cholesterol-post1465381.html|https://image.thanhnien.vn/150x100/Uploaded/2022/lxwpcqjwp/2022_06_04/brussels-sprouts-6453.jpg|Cholesterol có thể là một vấn đề phức tạp.|sức khỏe|thanhnien.vn|00:06 08/06/2022
Phẫu thuật, cắt bỏ khối u vú nặng 4,7 kg|https://thanhnien.vn/phau-thuat-cat-bo-khoi-u-vu-nang-4-7-kg-post1466448.html|https://image.thanhnien.vn/150x100/Uploaded/2022/wovunaa/2022_06_07/phau-thuat-8337.jpg|Các bác sĩ ở Bạc Liêu vừa phẫu thuật thành công, cắt bỏ khối u vú nặng đến 4,7 kg cho bệnh nhân 47 tuổi.|sức khỏe|thanhnien.vn|17:12 07/06/2022
Bệnh viện Đà Nẵng được công nhận là đơn vị cấp cứu đột quỵ hạng bạch kim|https://thanhnien.vn/benh-vien-da-nang-duoc-cong-nhan-la-don-vi-cap-cuu-dot-quy-hang-bach-kim-post1466440.html|https://image.thanhnien.vn/150x100/Uploaded/2022/wobjohb/2022_06_07/mmmoi-9206.jpg|Ngày 7.6, TS-BS Lê Đức Nhân, Giám đốc Bệnh viện Đà Nẵng, cho biết Khoa Đột quỵ của bệnh viện vừa được Tổ chức Đột quỵ thế giới trao giải thưởng chất lượng Platinum (hạng bạch kim) trong cấp cứu và điều trị đột quỵ.|sức khỏe|thanhnien.vn|16:44 07/06/2022
Phát hiện mới: Ngồi cả ngày làm tăng nguy cơ đột quỵ lên đến 44%|https://thanhnien.vn/phat-hien-moi-ngoi-ca-ngay-lam-tang-nguy-co-dot-quy-len-den-44-post1466264.html|https://image.thanhnien.vn/150x100/Uploaded/2022/wpxlcqjwq/2022_06_07/sk060606-anh1-6437.jpg|Đột quỵ là nguyên nhân gây tử vong và tàn tật hàng đầu trên toàn cầu.|sức khỏe|thanhnien.vn|13:20 07/06/2022
Sốc tim nhiều lần, cứu sống cụ bà ngưng tim do nhồi máu cơ tim|https://thanhnien.vn/soc-tim-nhieu-lan-cuu-song-cu-ba-ngung-tim-do-nhoi-mau-co-tim-post1466271.html|https://image.thanhnien.vn/150x100/Uploaded/2022/hfrqy/2022_06_07/7c5f102c25d9e587bcc8-2533.jpeg|Cụ bà 72 tuổi, lên cơn đau ngực dữ dội, rồi sau đó lịm đi, nhập viện cấp cứu Bệnh viện TP.Thủ Đức. Khi vào bệnh viện thì nhịp tim của cụ đã chậm và huyết áp tụt dần|sức khỏe|thanhnien.vn|12:45 07/06/2022
Chàng trai có đến 10 nhân cách khác nhau|https://thanhnien.vn/chang-trai-co-den-10-nhan-cach-khac-nhau-post1466135.html|https://image.thanhnien.vn/150x100/Uploaded/2022/unvjxbf/2022_06_06/1-da-nhan-cach-shutterstock-7005.jpg|Anh Leonard Stöckl ở Đức mắc một dạng rối loạn nhân cách hiếm gặp. Người rối loạn nhân cách sẽ có ít nhất 2 nhân cách. Nhưng với Leonard, anh có đến 10 nhân cách.|sức khỏe|thanhnien.vn|11:05 07/06/2022
Vì sao lúc mới bỏ rượu bia lại hay thèm ngọt?|https://thanhnien.vn/vi-sao-luc-moi-bo-ruou-bia-lai-hay-them-ngot-post1464834.html|https://image.thanhnien.vn/150x100/Uploaded/2022/unvjxbf/2022_06_02/6-them-duong-shutterstock-615.jpg|Với những người thường xuyên uống rượu bia, việc bỏ rượu bia thường đi kèm sau đó là cảm giác thèm ăn ngọt. Điều này có thể kích thích họ ăn ngọt nhiều hơn và dẫn đến tăng cân.|sức khỏe|thanhnien.vn|10:09 07/06/2022
Cách đơn giản giúp giảm triệu chứng ợ nóng|https://thanhnien.vn/cach-don-gian-giup-giam-trieu-chung-o-nong-post1464828.html|https://image.thanhnien.vn/150x100/Uploaded/2022/unvjxbf/2022_06_02/4-keo-cao-su-shutterstock-5241.jpg|Ợ nóng là triệu chứng của nhiều căn bệnh, trong đó hay gặp là trào ngược a xít. Biểu hiện đặc trưng của ợ nóng là cảm giác nóng rát ở ngực hoặc sau xương ức.|sức khỏe|thanhnien.vn|09:07 07/06/2022
Nếu không an toàn, thì đó không phải là thực phẩm|https://thanhnien.vn/neu-khong-an-toan-thi-do-khong-phai-la-thuc-pham-post1466190.html|https://image.thanhnien.vn/150x100/Uploaded/2022/pwivoviu/2022_06_06/p14-r-6341.jpg|Đó là thông điệp và lời kêu gọi được Tổ chức Y tế thế giới (WHO) đưa ra nhân Ngày An toàn thực phẩm thế giới 7.6 hằng năm.|sức khỏe|thanhnien.vn|08:05 07/06/2022
Dịch sốt xuất huyết, tay chân miệng ở TP.HCM tiếp tục gia tăng|https://thanhnien.vn/dich-sot-xuat-huyet-tay-chan-mieng-o-tp-hcm-tiep-tuc-gia-tang-post1466235.html|https://image.thanhnien.vn/150x100/Uploaded/2022/uqvpoqiw/2022_06_07/sot-xuat-huyet-duy-tinh-2807.png|Ngày 6.6, theo báo cáo của Trung tâm kiểm soát bệnh tật TP.HCM (HCDC), trong 5 tháng đầu năm 2022, TP ghi nhận 11.722 ca mắc bệnh sốt xuất huyết (SXH), tăng 66,5% với cùng kỳ 2021 (7.039 ca).|sức khỏe|thanhnien.vn|05:54 07/06/2022
Nguy cơ nhiễm bệnh do ăn tiết canh và món tái, sống|https://thanhnien.vn/nguy-co-nhiem-benh-do-an-tiet-canh-va-mon-tai-song-post1466191.html|https://image.thanhnien.vn/150x100/Uploaded/2022/pwivoviu/2022_06_06/15a-9854.jpg|Ăn món tái, sống chế biến từ lợn; không đảm bảo an toàn, vệ sinh khi giết mổ có thể là nguồn gây bệnh nguy hiểm, do nhiễm liên cầu lợn.|sức khỏe|thanhnien.vn|04:00 07/06/2022
Ngày mới với tin tức sức khỏe: Sử dụng bông tắm sao cho đúng?|https://thanhnien.vn/ngay-moi-voi-tin-tuc-suc-khoe-su-dung-bong-tam-sao-cho-dung-post1466180.html|https://image.thanhnien.vn/150x100/Uploaded/2022/wobjohb/2022_06_06/bong-tam-shuttesrtock-bcoc-9864.jpg|'Bạn đã bao giờ kiểm tra xem bông tắm có thực sự sạch hay không, trước khi lau cơ thể của mình?'. Hãy bắt đầu ngày mới với tin tức sức khỏe để xem thêm nội dung bài viết này!|sức khỏe|thanhnien.vn|00:10 07/06/2022
Chuyên gia: Đồ uống này có thể làm giảm nguy cơ mắc ung thư|https://thanhnien.vn/chuyen-gia-do-uong-nay-co-the-lam-giam-nguy-co-mac-ung-thu-post1465384.html|https://image.thanhnien.vn/150x100/Uploaded/2022/lxwpcqjwp/2022_06_04/green-tea-smoothie-1555.jpg|Mặc dù đôi khi không thể tránh khỏi nhưng nguy cơ ung thư có thể được giảm xuống.|sức khỏe|thanhnien.vn|00:07 07/06/2022
4 loại thực phẩm ‘tối kỵ’ đối với người bị đau khớp|https://thanhnien.vn/4-loai-thuc-pham-toi-ky-doi-voi-nguoi-bi-dau-khop-post1465387.html|https://image.thanhnien.vn/150x100/Uploaded/2022/lxwpcqjwp/2022_06_04/sugary-drinks-567.jpg|Chuyên gia dinh dưỡng Molly Hembree, cũng là thành viên Ban Chuyên gia Y tế của trang web Eat This, Not That! có những chia sẻ về những loại thực phẩm tồi tệ nhất mà bạn nên tránh để giảm tình trạng đau nhức xương của bạn.|sức khỏe|thanhnien.vn|00:06 07/06/2022
Bông tắm bẩn đến mức nào, bạn sử dụng đúng cách chưa?|https://thanhnien.vn/bong-tam-ban-den-muc-nao-ban-su-dung-dung-cach-chua-post1465838.html|https://image.thanhnien.vn/150x100/Uploaded/2022/wpxlcqjwq/2022_06_05/sk050601-anh1-4865.jpg|Bạn đã bao giờ kiểm tra xem bông tắm có thực sự sạch hay không, trước khi lau cơ thể của mình?|sức khỏe|thanhnien.vn|00:05 07/06/2022
Giảm ham muốn: Chuyên gia chia sẻ 5 mẹo quan trọng|https://thanhnien.vn/giam-ham-muon-chuyen-gia-chia-se-5-meo-quan-trong-post1465849.html|https://image.thanhnien.vn/150x100/Uploaded/2022/wpxlcqjwq/2022_06_05/sk050602-anh-1-4917.jpg|Giảm ham muốn có thể khiến bạn lo lắng và rối loạn chức năng cương ở nam giới.|sức khỏe|thanhnien.vn|20:11 06/06/2022
Tử vong vì nấm mọc từng mảng trong đường thở sau khi ăn mối rang|https://thanhnien.vn/tu-vong-vi-nam-moc-tung-mang-trong-duong-tho-sau-khi-an-moi-rang-post1466094.html|https://image.thanhnien.vn/150x100/Uploaded/2022/tqmvkpic/2022_06_06/nam-1-1985.jpg|Bị nhiễm nấm Aspergillus fumigatus sau khi ăn mối rang - món “đặc sản” tại địa phương, nữ bệnh nhân không qua khỏi do các giả mạc chứa nấm bít tắc đường thở, tổn thương phổi.|sức khỏe|thanhnien.vn|17:52 06/06/2022
Triệu chứng tăng sinh lành tính tuyến tiền liệt|https://thanhnien.vn/trieu-chung-tang-sinh-lanh-tinh-tuyen-tien-liet-post1466004.html|https://image.thanhnien.vn/150x100/Uploaded/2022/lxwpcqjwp/2022_06_06/bscki-pho-minh-tin-tu-van-dieu-tri-cho-nguoi-benh-5483.jpg|Bệnh tăng sinh lành tính tuyến tiền liệt gây ra tình trạng rối loạn đi tiểu, ảnh hưởng chất lượng cuộc sống của người bệnh.|sức khỏe|thanhnien.vn|16:02 06/06/2022
Phẫu thuật não điều trị động kinh kháng thuốc cho 2 bệnh nhi|https://thanhnien.vn/phau-thuat-nao-dieu-tri-dong-kinh-khang-thuoc-cho-2-benh-nhi-post1465982.html|https://image.thanhnien.vn/150x100/Uploaded/2022/hfrqy/2022_06_06/843bcaea7009b057e918-9492.jpeg|Các bác sĩ khoa Ngoại Thần kinh, Bệnh viện Nguyễn Tri Phương (TP.HCM) mới đây đã phẫu thuật điều trị động kinh kháng thuốc cho 2 trường hợp bệnh nhi 6 tuổi và 11 tuổi.|sức khỏe|thanhnien.vn|12:45 06/06/2022
Điều trị muộn, bé trai bị cắt bỏ một bên tinh hoàn|https://thanhnien.vn/dieu-tri-muon-be-trai-bi-cat-bo-mot-ben-tinh-hoan-post1465969.html|https://image.thanhnien.vn/150x100/Uploaded/2022/hfrqy/2022_06_06/20191210-104803-893051-teo-tinh-hoan-nam-g-max-1800x1800-7800.jpg|Bé trai 3 tuổi nhập viện Bệnh viện Nhi đồng 1 (TP.HCM) vì có khối phồng vùng bẹn gây đau, bác sĩ phát hiện bị xoắn tinh hoàn ẩn, phải cắt bỏ một bên tinh hoàn.|sức khỏe|thanhnien.vn|12:36 06/06/2022
TP.HCM: Chưa phát hiện muỗi truyền bệnh sốt rét|https://thanhnien.vn/tp-hcm-chua-phat-hien-muoi-truyen-benh-sot-ret-post1465908.html|https://image.thanhnien.vn/150x100/Uploaded/2022/hfrqy/2022_06_06/7972f0b7996e5930007f-2810.jpeg|Theo Trung tâm Kiểm soát Bệnh tật TP.HCM (HCDC), hiện kết quả giám sát côn trùng cho thấy không phát hiện muỗi truyền bệnh sốt rét, nguy cơ lây lan bệnh sốt rét tại thành phố là rất thấp.|sức khỏe|thanhnien.vn|11:25 06/06/2022
TP.HCM: Thêm 111 ổ dịch sốt xuất huyết, 21 ổ dịch tay chân miệng|https://thanhnien.vn/tp-hcm-them-111-o-dich-sot-xuat-huyet-21-o-dich-tay-chan-mieng-post1465929.html|https://image.thanhnien.vn/150x100/Uploaded/2022/hfrqy/2022_05_24/du-can-2-459.png|Trong tuần qua, TP.HCM ghi nhận hơn 1500 ca bệnh sốt xuất huyết, gần 1000 ca tay chân miệng, tăng mạnh so với trung bình 4 tuần trước đó.|sức khỏe|thanhnien.vn|11:14 06/06/2022
Con người có thể tự làm chậm quá trình lão hóa|https://thanhnien.vn/con-nguoi-co-the-tu-lam-cham-qua-trinh-lao-hoa-post1465726.html|https://image.thanhnien.vn/150x100/Uploaded/2022/wobjohb/2022_06_05/sk060401-anh1-2877-2250.jpg|Thông tin mới nhất từ CNN, phòng thí nghiệm của nhà sinh học phân tử David Sinclair tại Trường Y Harvard (Mỹ) đang áp dụng việc thiết lập lại các tế bào lão hóa ở chuột để khiến những con chuột già chậm lại quá trình lão hóa.|sức khỏe|thanhnien.vn|11:08 06/06/2022
Sản phẩm làm từ sữa dê có thực sự tốt cho da?|https://thanhnien.vn/san-pham-lam-tu-sua-de-co-thuc-su-tot-cho-da-post1464826.html|https://image.thanhnien.vn/150x100/Uploaded/2022/unvjxbf/2022_06_02/3-sua-de-shutterstock-9251.jpg|Sữa dê không chỉ được sử dụng như một loại thực phẩm mà còn là nguyên liệu để sản xuất xà phòng và sản phẩm chăm sóc da khác. Tuy nhiên, không phải ai cũng biết được liệu sữa dê có thực sự tốt cho da hay không.|sức khỏe|thanhnien.vn|10:09 06/06/2022
Làm sao để phân biệt được vết đỏ trên da là bầm tím hay tụ máu?|https://thanhnien.vn/lam-sao-de-phan-biet-duoc-vet-do-tren-da-la-bam-tim-hay-tu-mau-post1464819.html|https://image.thanhnien.vn/150x100/Uploaded/2022/unvjxbf/2022_06_02/1-bam-tim-shutterstock-7050.jpg|Bầm tím xuất hiện khi va đập làm vỡ các mạch máu dưới da. Tình trạng này thường gặp và không có gì nguy hiểm. Tuy nhiên, máu tụ cũng có biểu hiện giống bầm tím nhưng là cảnh báo cơ thể đang bị tổn thương nghiêm trọng.|sức khỏe|thanhnien.vn|09:14 06/06/2022
Phát triển toàn diện cho trẻ: phụ huynh cần hiểu đúng và đủ|https://thanhnien.vn/phat-trien-toan-dien-cho-tre-phu-huynh-can-hieu-dung-va-du-post1465767.html|https://image.thanhnien.vn/150x100/Uploaded/2022/puqgfdmzs-co/2022_06_05/dielac-alpha-gold-1-5098.jpg|Nuôi con khỏe mạnh và cho con nền tảng vững chắc để phát triển toàn diện là mong mỏi của không ít bậc phụ huynh trên hành trình nuôi dạy con. Hiểu đúng về phát triển toàn diện sẽ giúp cha mẹ hỗ trợ tối ưu cho con khôn lớn.|sức khỏe|thanhnien.vn|09:00 06/06/2022
3 yếu tố giúp tăng chiều cao cho trẻ|https://thanhnien.vn/3-yeu-to-giup-tang-chieu-cao-cho-tre-post1465731.html|https://image.thanhnien.vn/150x100/Uploaded/2022/wsxrxqeiod/2022_06_05/tang-chieu-cao-5052.jpg|Ngoài chế độ dinh dưỡng lành mạnh, cân bằng, còn có những yếu tố khác tác động lên chiều cao của trẻ. Do đó, phụ huynh cần lưu tâm để giúp con phát triển chiều cao tốt nhất có thể.|sức khỏe|thanhnien.vn|08:11 06/06/2022
Dấu hiệu nhiễm độc thần kinh ở trẻ mắc tay chân miệng|https://thanhnien.vn/dau-hieu-nhiem-doc-than-kinh-o-tre-mac-tay-chan-mieng-post1465730.html|https://image.thanhnien.vn/150x100/Uploaded/2022/wobjohb/2022_06_05/taychanmiengok-bsjm-6504-1846.jpg|Theo thống kê của Bệnh viện Nhi T.Ư (Hà Nội), số trẻ mắc bệnh tay chân miệng được gia đình đưa đến khám gia tăng trong các tuần gần đây.|sức khỏe|thanhnien.vn|04:05 06/06/2022
Bác sĩ nói về tác hại của việc sử dụng điện thoại trong khi đi vệ sinh|https://thanhnien.vn/bac-si-noi-ve-tac-hai-cua-viec-su-dung-dien-thoai-trong-khi-di-ve-sinh-post1465132.html|https://image.thanhnien.vn/150x100/Uploaded/2022/hfrqy/2022_06_03/suckhoe13103hinh-mioo-6172.jpeg|Không chỉ biến smartphone trở thành một ổ nhiễm khuẩn di động, việc sử dụng điện thoại trong khi đi vệ sinh tưởng chừng như vô hại lại mang đến nhiều ảnh hưởng xấu đến sức khỏe.|sức khỏe|thanhnien.vn|04:00 06/06/2022
Ngày mới với tin tức sức khỏe: Thói quen này giúp giảm nhanh mỡ bụng|https://thanhnien.vn/ngay-moi-voi-tin-tuc-suc-khoe-thoi-quen-nay-giup-giam-nhanh-mo-bung-post1465776.html|https://image.thanhnien.vn/150x100/Uploaded/2022/wobjohb/2022_06_05/sweet-iced-tea-8164-3482.jpg|'Giảm mỡ bụng là vấn đề không dễ dàng. Tuy nhiên có những thói quen ăn uống sau đây có thể giúp bạn tăng tốc độ giảm mỡ bụng'. Hãy bắt đầu ngày mới với tin tức sức khỏe để xem thói quen nào giúp giảm mỡ bụng bạn nhé!|sức khỏe|thanhnien.vn|00:10 06/06/2022
4 thói quen uống giúp tăng tốc độ giảm mỡ bụng ở tuổi 50|https://thanhnien.vn/4-thoi-quen-uong-giup-tang-toc-do-giam-mo-bung-o-tuoi-50-post1464661.html|https://image.thanhnien.vn/150x100/Uploaded/2022/lxwpcqjwp/2022_06_02/holding-green-tea-2662.jpg|Để tìm hiểu thêm về cách giảm mỡ bụng ở độ tuổi 50, trang web Eat This, Not That! đã trò chuyện với hai chuyên gia dinh dưỡng (CGDD) ở Mỹ.|sức khỏe|thanhnien.vn|00:09 06/06/2022
Những nơi nào là dễ hình thành cục máu đông nhất trên cơ thể?|https://thanhnien.vn/nhung-noi-nao-la-de-hinh-thanh-cuc-mau-dong-nhat-tren-co-the-post1464532.html|https://image.thanhnien.vn/150x100/Uploaded/2022/unvjxbf/2022_06_01/4-cuc-mau-dong-shutterstock-7085.jpg|Cục máu đông là vấn đề sức khỏe nghiêm trọng vì có thể gây tắc nghẽn lưu thông máu và làm chết mô. Dù phần lớn các cục máu đông hình thành trong tĩnh mạch nhưng chúng vẫn có thể xuất hiện ở động mạch và buồng tim.|sức khỏe|thanhnien.vn|00:08 06/06/2022
3 loại thực phẩm hàng đầu những người 100 tuổi ở Nhật ăn hằng ngày|https://thanhnien.vn/3-loai-thuc-pham-hang-dau-nhung-nguoi-100-tuoi-o-nhat-an-hang-ngay-post1464907.html|https://image.thanhnien.vn/150x100/Uploaded/2022/pwivoviu/2022_06_02/sk020603-anh1-8629.jpg|Nhật Bản là một trong những quốc gia có nhiều người cao tuổi nhất thế giới. Số người trên 100 tuổi ở Nhật tiếp tục tăng theo từng năm và đến năm 2021 đạt 86.510 người, theo tổ chức truyền thông của Nhật Nippon.|sức khỏe|thanhnien.vn|00:08 06/06/2022
Ăn nhiều món có tính axit như cam, quýt ảnh hưởng bàng quang thế nào?|https://thanhnien.vn/an-nhieu-mon-co-tinh-axit-nhu-cam-quyt-anh-huong-bang-quang-the-nao-post1464528.html|https://image.thanhnien.vn/150x100/Uploaded/2022/unvjxbf/2022_06_01/1-bang-qang-shutterstock-9584.jpg|Các loại thực phẩm chúng ta ăn có thể tác động trực tiếp đến sức khỏe bàng quang. Do đó, nếu muốn giữ bàng quang khỏe mạnh thì điều quan trọng là phải chú ý đến chế độ ăn uống.|sức khỏe|thanhnien.vn|11:06 05/06/2022
Phát hiện bất ngờ về gan: Gan trẻ hơn tuổi thật con người khoảng 3 năm|https://thanhnien.vn/phat-hien-bat-ngo-ve-gan-gan-tre-hon-tuoi-that-con-nguoi-khoang-3-nam-post1464832.html|https://image.thanhnien.vn/150x100/Uploaded/2022/unvjxbf/2022_06_02/5-gan-shutterstock-8239.jpg|Dù bạn bao nhiêu tuổi thì gan của bạn cũng sẽ trẻ hơn tuổi thật khoảng 3 tuổi. Đây là kết luận rút ra từ một nghiên cứu mới đây của các nhà khoa học Đức.|sức khỏe|thanhnien.vn|10:07 05/06/2022
Vì sao bạn cần phải rửa tay sau khi tập gym?|https://thanhnien.vn/vi-sao-ban-can-phai-rua-tay-sau-khi-tap-gym-post1464284.html|https://image.thanhnien.vn/150x100/Uploaded/2022/unvjxbf/2022_06_01/6-rua-tay-shutterstock-5496.jpg|Rửa tay sau khi tập gym là thói quen rất quan trọng cần được duy trì. Các bề mặt trong phòng tập gym có thể chứa nhiều vi khuẩn, vi rút và nấm mốc. Nếu không rửa tay thì sẽ khiến bản thân dễ bị nhiễm bệnh.|sức khỏe|thanhnien.vn|09:18 05/06/2022
Làm rõ quy định vắc xin Covid-19 thuộc tiêm chủng tự nguyện hay bắt buộc|https://thanhnien.vn/lam-ro-quy-dinh-vac-xin-covid-19-thuoc-tiem-chung-tu-nguyen-hay-bat-buoc-post1465593.html|https://image.thanhnien.vn/150x100/Uploaded/2022/pwivoviu/2022_06_04/z3466982172169-8cf47d9a3f8126193d2675cc4b777af8-1186.jpg|Văn phòng Chính phủ vừa có Thông báo số 162/TB-VPCP ngày 2.6.2022 kết luận của Phó thủ tướng Vũ Đức Đam tại cuộc họp về công tác tiêm chủng vắc xin phòng Covid-19.|sức khỏe|thanhnien.vn|05:02 05/06/2022
Nguy cơ mất chân tay do hút nhiều thuốc lá|https://thanhnien.vn/nguy-co-mat-chan-tay-do-hut-nhieu-thuoc-la-post1465597.html|https://image.thanhnien.vn/150x100/Uploaded/2022/pwivoviu/2022_06_04/z3466952011558-25c8d355856b5d4e3658379b7637005c-3328.jpg|Bác sĩ Nguyễn Văn Việt Thành, Phó trưởng khoa Lồng ngực - bướu cổ, Bệnh viện Bình Dân (TP.HCM), khuyến cáo thuốc lá hiện không còn là yếu tố nguy cơ, mà đã trở thành yếu tố nguyên nhân, trực tiếp gây nên nhiều bệnh lý.|sức khỏe|thanhnien.vn|05:00 05/06/2022
Những dấu hiệu có thể bạn đang bị gan nhiễm mỡ|https://thanhnien.vn/nhung-dau-hieu-co-the-ban-dang-bi-gan-nhiem-mo-post1462781.html|https://image.thanhnien.vn/150x100/Uploaded/2022/pwivoviu/2022_05_27/fatty-liver-disease-sign-7818.jpg|Những dấu hiệu đỏ này có thể có nghĩa là có chất béo dư thừa trong gan của bạn.|sức khỏe|thanhnien.vn|04:08 05/06/2022
Ngày mới với tin tức sức khỏe: 3 cách giảm cân mà không cần 'tập thể dục'|https://thanhnien.vn/ngay-moi-voi-tin-tuc-suc-khoe-3-cach-giam-can-ma-khong-can-tap-the-duc-post1457459.html|https://image.thanhnien.vn/150x100/Uploaded/2022/uqvpoqiw/2022_06_02/woman-rebounder-trampoline-workout-1138.jpg|3 cách nhanh chóng đốt cháy calo mà không cần 'tập thể dục', Những dấu hiệu có thể bạn đang bị gan nhiễm mỡ, 4 loại thực phẩm tốt nhất cho tuổi 70... là những thông tin sức khỏe chính trên Thanh Niên Online đến với bạn trong ngày chủ nhật 5.6.2022.|sức khỏe|thanhnien.vn|00:10 05/06/2022
3 cách nhanh chóng đốt cháy calo mà không cần 'tập thể dục'|https://thanhnien.vn/3-cach-nhanh-chong-dot-chay-calo-ma-khong-can-tap-the-duc-post1464648.html|https://image.thanhnien.vn/150x100/Uploaded/2022/lxwpcqjwp/2022_06_02/woman-dancing-home-workout-9757.jpg|Nếu bạn vẫn muốn lấy lại vóc dáng nhưng lại không thích đến phòng tập thể dục, thì xin giới thiệu cho bạn một số cách nhanh chóng để đốt cháy calo mà không cần tập thể dục.|sức khỏe|thanhnien.vn|00:09 05/06/2022
4 loại thực phẩm tốt nhất cho tuổi 70|https://thanhnien.vn/4-loai-thuc-pham-tot-nhat-cho-tuoi-70-post1463210.html|https://image.thanhnien.vn/150x100/Uploaded/2022/wsxrxqeiod/2022_05_28/thuc-pham-3173.jpg|Khi bạn già đi, cơ thể của bạn bị ảnh hưởng. Khi bạn đến tuổi 70, xương và bàng quang của bạn có thể suy yếu, hệ thống tim mạch của bạn có thể căng cứng và tâm trí của bạn có thể không còn nhạy bén.|sức khỏe|thanhnien.vn|00:08 05/06/2022
5 thói quen khiến nam giới dễ bị thận yếu|https://thanhnien.vn/5-thoi-quen-khien-nam-gioi-de-bi-than-yeu-post1463779.html|https://image.thanhnien.vn/150x100/Uploaded/2022/unvjxbf/2022_05_30/1-ruou-thuoc-la-shutterstock-6543.jpg|Lối sống kém lành mạnh hoặc không kiểm soát được các bệnh như tiểu đường, huyết áp cao về lâu dài có thể gây tổn thương thận. Với nam giới, càng có nhiều thói quen xấu thì thận càng dễ bị tổn thương nặng.|sức khỏe|thanhnien.vn|00:07 05/06/2022
Có điều này trên cánh tay, bạn có thể thoát khỏi bệnh đậu mùa khỉ|https://thanhnien.vn/co-dieu-nay-tren-canh-tay-ban-co-the-thoat-khoi-benh-dau-mua-khi-post1465536.html|https://image.thanhnien.vn/150x100/Uploaded/2022/lxwpcqjwp/2022_06_04/sk040603-anh2-6673.jpg|Tiêm phòng đậu mùa cách đây nhiều thập kỷ có thể bảo vệ bạn chống lại bệnh đậu mùa khỉ, theo nhật báo Anh Daily Mail.|sức khỏe|thanhnien.vn|19:24 04/06/2022
TP.HCM: Hai người từ châu Phi về bị sốt rét ác tính|https://thanhnien.vn/tp-hcm-hai-nguoi-tu-chau-phi-ve-bi-sot-ret-ac-tinh-post1465468.html|https://image.thanhnien.vn/150x100/Uploaded/2022/hfrqy/2022_06_04/274867750-4859731334148255-5126192329543043263-n-3936.jpg|Một nữ du học sinh trở về từ Cameroon (Trung Phi) và nam bệnh nhân 63 tuổi, quốc tịch Trung Quốc, nhập cảnh từ Bờ Biển Ngà (Tây Phi) được phát hiện sốt rét ác tính, điều trị tại Bệnh viện Bệnh Nhiệt đới TP.HCM.|sức khỏe|thanhnien.vn|13:45 04/06/2022
3 cách bạn có thể mắc bệnh đậu mùa khỉ|https://thanhnien.vn/3-cach-ban-co-the-mac-benh-dau-mua-khi-post1463212.html|https://image.thanhnien.vn/150x100/Uploaded/2022/wsxrxqeiod/2022_05_28/dau-mua-khi-4095.jpg|Trong những tuần gần đây, các quan chức y tế đã theo dõi các trường hợp mắc bệnh đậu mùa ở khỉ, một bệnh do virus hiếm gặp đã được báo cáo ở Mỹ.|sức khỏe|thanhnien.vn|10:43 04/06/2022
Người phụ nữ bị áp xe nặng ở vòng 3 sau khi tiêm HA collagen|https://thanhnien.vn/nguoi-phu-nu-bi-ap-xe-nang-o-vong-3-sau-khi-tiem-ha-collagen-post1465383.html|https://image.thanhnien.vn/150x100/Uploaded/2022/hfrqy/2022_06_04/anh-chup-man-hinh-2022-06-04-luc-09-18-08-2366.png|Chị N.H.T (36 tuổi, ở Trảng Bàng, Tây Ninh) bị sưng đỏ, nhiễm trùng vùng mông do tiêm HA collagen, phải nhập viện để điều trị.|sức khỏe|thanhnien.vn|10:15 04/06/2022
Lợi ích khó ngờ của ngủ nằm nghiêng|https://thanhnien.vn/loi-ich-kho-ngo-cua-ngu-nam-nghieng-post1464282.html|https://image.thanhnien.vn/150x100/Uploaded/2022/unvjxbf/2022_06_01/4-ngu-shutterstock-2908.jpg|Ngủ nằm nghiêng là tư thế ngủ phổ biến và được nhiều người ưa thích. Không những vậy, ngủ nằm nghiêng còn mang lại nhiều lợi ích sức khỏe khác.|sức khỏe|thanhnien.vn|10:08 04/06/2022
Làm sao để tẩy mụn thịt cứng đầu trên mặt?|https://thanhnien.vn/lam-sao-de-tay-mun-thit-cung-dau-tren-mat-post1464171.html|https://image.thanhnien.vn/150x100/Uploaded/2022/unvjxbf/2022_05_31/1-mun-thit-shutterstock-1738.jpg|Mụn thịt là những nốt mụn nhỏ màu trắng có thể xuất hiện ở bất kỳ nơi nào trên cơ thể. Nơi mụn thịt xuất hiện thường gặp nhất là trên mặt. Cũng như các loại mụn khác, bạn không nên cố nặn mụn thịt.|sức khỏe|thanhnien.vn|09:10 04/06/2022
Chuyên gia trả lời: Bạn nên tắm trong bao lâu?|https://thanhnien.vn/chuyen-gia-tra-loi-ban-nen-tam-trong-bao-lau-post1465129.html|https://image.thanhnien.vn/150x100/Uploaded/2022/wsxrxqeiod/2022_06_03/tam-nuoc-lanh-3026.jpg|Tắm mang lại nhiều lợi ích nhưng bất cứ việc gì cũng đều có điều kiện tối ưu của nó. Và tắm không đúng cách cũng có thể gây ra những rủi ro.|sức khỏe|thanhnien.vn|08:05 04/06/2022
Chăm trẻ sốt xuất huyết: Không phải hết sốt là đã khỏi|https://thanhnien.vn/cham-tre-sot-xuat-huyet-khong-phai-het-sot-la-da-khoi-post1464241.html|https://image.thanhnien.vn/150x100/Uploaded/2022/wobjohb/2022_06_03/sxh-3487.jpg|Trẻ bị sốt xuất huyết nếu chậm trễ đến bệnh viện thăm khám hoặc tự điều trị sai cách tại nhà có thể khiến trẻ nguy hiểm tính mạng.|sức khỏe|thanhnien.vn|04:00 04/06/2022
Ngày mới với tin tức sức khỏe: Tắm nước nóng, lạnh bao lâu thì tốt nhất?|https://thanhnien.vn/ngay-moi-voi-tin-tuc-suc-khoe-tam-nuoc-nong-lanh-bao-lau-thi-tot-nhat-post1465298.html|https://image.thanhnien.vn/150x100/Uploaded/2022/wobjohb/2022_06_03/tam-uuow-4491.jpg|'Tắm mang lại nhiều lợi ích nhưng bất cứ việc gì cũng đều có điều kiện tối ưu của nó. Và tắm không đúng cách cũng có thể gây ra những rủi ro'. Hãy bắt đầu ngày mới với tin tức sức khỏe để xem bạn nên tắm bao lâu là tốt nhất!|sức khỏe|thanhnien.vn|00:10 04/06/2022
Chuyên gia: Đây là nước trái cây tốt nhất giúp sống thọ|https://thanhnien.vn/chuyen-gia-day-la-nuoc-trai-cay-tot-nhat-giup-song-tho-post1464658.html|https://image.thanhnien.vn/150x100/Uploaded/2022/lxwpcqjwp/2022_06_02/fresh-orange-juice-jar-1748.jpg|Có nhiều cách để tăng cơ hội sống thọ của bạn. Đó là không hút thuốc, vận động thường xuyên và ăn một chế độ ăn uống cân bằng...|sức khỏe|thanhnien.vn|00:08 04/06/2022
7 điều đàn ông thấy hấp dẫn nhất ở phụ nữ, có đúng với bạn không?|https://thanhnien.vn/7-dieu-dan-ong-thay-hap-dan-nhat-o-phu-nu-co-dung-voi-ban-khong-post1464909.html|https://image.thanhnien.vn/150x100/Uploaded/2022/pwivoviu/2022_06_02/sk020604-anh-1-4522.jpg|Khi nói đến sự hấp dẫn của phụ nữ, các chàng trai dường như có các tiêu chuẩn bí ẩn của riêng họ. Mặc dù phụ nữ có xu hướng chọn bất cứ vẻ đẹp nào mà họ thích.|sức khỏe|thanhnien.vn|00:06 04/06/2022
5 dấu hiệu trên bàn tay cảnh báo bệnh nghiêm trọng|https://thanhnien.vn/5-dau-hieu-tren-ban-tay-canh-bao-benh-nghiem-trong-post1464994.html|https://image.thanhnien.vn/150x100/Uploaded/2022/wpxlcqjwq/2022_06_03/sk020605-anh2-4422.jpg|Cơ thể có một số chỉ báo chẩn đoán đáng tin cậy, báo động cho bạn biết nếu có điều gì đó không ổn.|sức khỏe|thanhnien.vn|00:06 04/06/2022
Bé trai dập nát bàn chân do bị kẹp vào cổng trượt tự động|https://thanhnien.vn/be-trai-dap-nat-ban-chan-do-bi-kep-vao-cong-truot-tu-dong-post1465253.html|https://image.thanhnien.vn/150x100/Uploaded/2022/tqmvkpic/2022_06_03/tai-nan-cua-tu-dong-1-8527.jpg|Bé D.P (28 tháng tuổi, ở Hà Nội) vào viện trong tình trạng bàn chân phải bị dập nát do bị kẹp vào cổng trượt tự động của gia đình.|sức khỏe|thanhnien.vn|18:56 03/06/2022
Chuyện lạ: Chàng trai 18 tuổi ở Úc tử vong vì móng chân mọc ngược|https://thanhnien.vn/chuyen-la-chang-trai-18-tuoi-o-uc-tu-vong-vi-mong-chan-moc-nguoc-post1464530.html|https://image.thanhnien.vn/150x100/Uploaded/2022/unvjxbf/2022_06_01/2-mong-chan-shutterstock-2624.jpg|Dù chỉ bị móng chân mọc ngược nhưng chàng trai 18 tuổi ở Úc đã không qua khỏi. Nhiễm trùng ở ngón chân đã gây nhiễm trùng huyết, dẫn đến suy đa tạng, cuối cùng anh đã tử vong.|sức khỏe|thanhnien.vn|18:19 03/06/2022
Hút thuốc lá 11 năm, nam thanh niên bị nhồi máu cơ tim cấp|https://thanhnien.vn/hut-thuoc-la-11-nam-nam-thanh-nien-bi-nhoi-mau-co-tim-cap-post1465191.html|https://image.thanhnien.vn/150x100/Uploaded/2022/ayhunaa/2022_06_03/1-745.jpg|Bác sĩ vừa cấp cứu thành công nam thanh niên 28 tuổi bị nhồi máu cơ tim cấp, tiên lượng tử vong cao. Bệnh nhân trước đó không có phát hiện bệnh lý nền nhưng đã hút thuốc lá 11 năm nay.|sức khỏe|thanhnien.vn|16:44 03/06/2022
Chiến lược cai thuốc để giảm tác hại thuốc lá: Cần nhưng chưa đủ|https://thanhnien.vn/chien-luoc-cai-thuoc-de-giam-tac-hai-thuoc-la-can-nhung-chua-du-post1465152.html|https://image.thanhnien.vn/150x100/Uploaded/2022/puqgfdmzs-co/2022_06_03/1-khoi-thuoc-la-9725.jpg|Sau nhiều năm triển khai luật Phòng, Chống tác hại thuốc lá (PCTHTL) 2012, nhận thức của người dân về tác hại của khói thuốc lá và lợi ích của môi trường không khói thuốc được nâng lên.|sức khỏe|thanhnien.vn|16:00 03/06/2022
Người nhiễm đậu mùa khỉ cần kiêng quan hệ tình dục|https://thanhnien.vn/nguoi-nhiem-dau-mua-khi-can-kieng-quan-he-tinh-duc-post1464822.html|https://image.thanhnien.vn/150x100/Uploaded/2022/unvjxbf/2022_06_02/2-quan-he-shutterstock-6377.jpg|Tỷ lệ cai thuốc thành công dù khiêm tốn nhưng cũng đã góp phần cải thiện tình trạng sức khỏe cộng đồng.|sức khỏe|thanhnien.vn|14:28 03/06/2022
Bệnh đậu mùa khỉ có thể để lại di chứng nặng nề|https://thanhnien.vn/benh-dau-mua-khi-co-the-de-lai-di-chung-nang-ne-post1464995.html|https://image.thanhnien.vn/150x100/Uploaded/2022/hfrqy/2022_06_03/mpx-localized-ncdc-training-manual-tmb-1920v-2051.png|Cơ quan y tế Vương quốc Anh khuyến cáo những người nhiễm đậu mùa khỉ cần kiêng quan hệ tình dục cho đến khi các triệu chứng hết hẳn. |sức khỏe|thanhnien.vn|11:16 03/06/2022
Điều gì đang xảy ra với cơ thể khi lưỡi bỗng dưng tái nhợt?|https://thanhnien.vn/dieu-gi-dang-xay-ra-voi-co-the-khi-luoi-bong-dung-tai-nhot-post1463783.html|https://image.thanhnien.vn/150x100/Uploaded/2022/unvjxbf/2022_05_30/3-luoi-shutterstock-1219.jpg|Xin hỏi bác sĩ bệnh đậu mùa khỉ có triệu chứng tương tự bệnh đậu mùa không và nếu không may mắc phải bệnh có để lại di chứng nặng nề không? (Như Thảo, 39 tuổi, Bình Phước)|sức khỏe|thanhnien.vn|10:07 03/06/2022
Giấc ngủ giúp cơ bắp phát triển như thế nào?|https://thanhnien.vn/giac-ngu-giup-co-bap-phat-trien-nhu-the-nao-post1464177.html|https://image.thanhnien.vn/150x100/Uploaded/2022/unvjxbf/2022_05_31/3-giac-ngu-shutterstock-4098.jpg|Lưỡi có cấu tạo độc đáo giúp bộ phận này có thể di chuyển linh hoạt. Một cái lưỡi khỏe mạnh sẽ có màu hồng. Lưỡi màu tái nhợt là dấu hiệu cảnh báo sức khỏe có thể bất ổn.|sức khỏe|thanhnien.vn|09:09 03/06/2022
Cảnh báo bệnh sốt rét ‘nhập cảnh’ từ châu Phi|https://thanhnien.vn/canh-bao-benh-sot-ret-nhap-canh-tu-chau-phi-post1464873.html|https://image.thanhnien.vn/150x100/Uploaded/2022/fsmim/2022_06_02/z3462134539720-1f612e60af34852d08bebf5cfb50587a-9099.jpg|Giấc ngủ đóng vai trò rất quan trọng với con người. Nó không chỉ giúp cơ thể nghỉ ngơi, nạp năng lượng mà còn thực hiện một số chức năng khác. Với người tập gym, ngủ không đủ giấc sẽ khiến cơ bắp khó phát triển tốt.|sức khỏe|thanhnien.vn|08:09 03/06/2022
Hỏi đáp về Cườm mắt và hướng điều trị|https://thanhnien.vn/hoi-dap-ve-cuom-mat-va-huong-dieu-tri-post1464843.html|https://image.thanhnien.vn/150x100/Uploaded/2022/qxwpth-zl/2022_06_02/untitled-1-7407.jpg|Trung tâm Bệnh nhiệt đới, Bệnh viện Bạch Mai (Hà Nội), cho biết đang điều trị cho 2 bệnh nhân sốt rét sau khi trở về từ Angola.|sức khỏe|thanhnien.vn|08:00 03/06/2022
Cách tự nhận biết dấu hiệu mãn dục nam|https://thanhnien.vn/cach-tu-nhan-biet-dau-hieu-man-duc-nam-post1464852.html|https://image.thanhnien.vn/150x100/Uploaded/2022/qxwpth-zl/2022_06_02/image1-4203.jpg|Bệnh viện Hoàn Mỹ ITO Đồng Nai hân hạnh đồng hành cùng chuyên mục này|sức khỏe|thanhnien.vn|08:00 03/06/2022
Sai lầm khi cắt tinh bột để giảm cân|https://thanhnien.vn/sai-lam-khi-cat-tinh-bot-de-giam-can-post1464816.html|https://image.thanhnien.vn/150x100/Uploaded/2022/hfrqy/2022_06_02/com-mivm-4837.jpeg|Gần đây, dù vợ tôi bày đủ trò nhưng “cậu nhỏ” của tôi cứ đơ đơ ra, có khi lên được vài giây là xìu xuống. Cơ bắp cuồn cuộn ngày xưa dần biến mất, thay vào đó là chiếc bụng mỡ. Đây có phải là dấu hiệu của mãn dục nam không? Mong bác sĩ giải đáp giúp! (Quốc Vinh, 45 tuổi - Đồng Tháp)|sức khỏe|thanhnien.vn|04:00 03/06/2022
Ngày mới với tin tức sức khỏe: Dấu hiệu này cảnh báo đường huyết cao|https://thanhnien.vn/ngay-moi-voi-tin-tuc-suc-khoe-dau-hieu-nay-canh-bao-duong-huyet-cao-post1464946.html|https://image.thanhnien.vn/150x100/Uploaded/2022/wobjohb/2022_06_02/do-duong-huyet-sh-zphd-2029.jpg|Tôi nghe nói cắt tinh bột sẽ giúp giảm cân nhanh, cơ thể khỏe, nhẹ nhàng hơn, xin hỏi bác sĩ điều này có đúng không? (Q.A, 27 tuổi, ngụ Đà Nẵng).|sức khỏe|thanhnien.vn|00:10 03/06/2022
Dùng nhà vệ sinh công cộng có mắc bệnh lây qua đường tình dục?|https://thanhnien.vn/dung-nha-ve-sinh-cong-cong-co-mac-benh-lay-qua-duong-tinh-duc-post1464549.html|https://image.thanhnien.vn/150x100/Uploaded/2022/wpxlcqjwq/2022_06_02/sk010606-anh1-2128.jpg|'Để giữ cho lượng đường trong máu của bạn ở mức ổn định, hãy đi kiểm tra thường xuyên và cảnh giác với những dấu hiệu cho thấy lượng đường trong máu của bạn đang mất kiểm soát'. Hãy bắt đầu ngày mới với tin tức sức khỏe để xem dấu hiệu nào báo hiệu đường huyết cao bạn nhé!|sức khỏe|thanhnien.vn|00:08 03/06/2022
6 dấu hiệu mức đường huyết đang 'vượt tầm kiểm soát'|https://thanhnien.vn/6-dau-hieu-muc-duong-huyet-dang-vuot-tam-kiem-soat-post1464651.html|https://image.thanhnien.vn/150x100/Uploaded/2022/lxwpcqjwp/2022_06_02/hungry-8206.jpg|Nhiều người lo sợ bệ ngồi nhà vệ sinh công cộng, vì nó có khả năng chứa nhiều vi khuẩn. Tuy nhiên, theo các nhà khoa học, việc lây truyền bệnh qua đường tình dục từ bệ ngồi nhà vệ sinh công cộng là khó xảy ra.|sức khỏe|thanhnien.vn|00:07 03/06/2022
Chuyên gia: 4 thói quen uống tốt nhất cho người bị viêm khớp|https://thanhnien.vn/chuyen-gia-4-thoi-quen-uong-tot-nhat-cho-nguoi-bi-viem-khop-post1463211.html|https://image.thanhnien.vn/150x100/Uploaded/2022/wsxrxqeiod/2022_05_28/viem-khop-2681.jpg|Đường huyết (đường trong máu) nghe có vẻ như là một thứ vô hại, nhưng nó rất quan trọng đối với chức năng của cơ thể và khi vượt quá ngưỡng, nó có thể gây ra các vấn đề nghiêm trọng.|sức khỏe|thanhnien.vn|00:06 03/06/2022
Hy hữu: Vỡ mạch máu não khi đang hát karaoke|https://thanhnien.vn/hy-huu-vo-mach-mau-nao-khi-dang-hat-karaoke-post1464883.html|https://image.thanhnien.vn/150x100/Uploaded/2022/wobjohb/2022_06_02/kara-6609.jpg|Viêm khớp có thể là một vấn đề cực kỳ khó khăn, khó chịu và thậm chí là đau đớn.|sức khỏe|thanhnien.vn|21:29 02/06/2022
Ăn cá có tốt hơn ăn thịt?|https://thanhnien.vn/an-ca-co-tot-hon-an-thit-post1464783.html|https://image.thanhnien.vn/150x100/Uploaded/2022/hfrqy/2022_06_02/shutterstock-588165902-gfoy-1452.jpeg|Các bác sĩ đã phẫu thuật cứu sống bệnh nhân bị vỡ mạch máu não khi đang hát karaoke.|sức khỏe|thanhnien.vn|16:32 02/06/2022
Khoa học hé lộ lý do đàn ông thích phụ nữ tóc dài|https://thanhnien.vn/khoa-hoc-he-lo-ly-do-dan-ong-thich-phu-nu-toc-dai-post1464662.html|https://image.thanhnien.vn/150x100/Uploaded/2022/lxwpcqjwp/2022_06_02/sk020601-anh1-3896.jpg|Khi đàn ông được yêu cầu xếp hạng những đặc điểm mà họ thấy hấp dẫn nhất ở phụ nữ thì mái tóc dài luôn chiếm ưu thế.|sức khỏe|thanhnien.vn|13:11 02/06/2022
Tại sao một số người rất hay nổi mụn ở cằm?|https://thanhnien.vn/tai-sao-mot-so-nguoi-rat-hay-noi-mun-o-cam-post1463784.html|https://image.thanhnien.vn/150x100/Uploaded/2022/unvjxbf/2022_05_30/5-mun-cam-shutterstock-6653.jpg|Hầu hết chúng ta đều từng bị mụn, nhất là ở tuổi thiếu niên. Mụn vẫn có thể xuất hiện ngay cả khi chúng ta đã bước qua tuổi 30. Một trong những nơi dễ nổi mụn nhất là cằm.|sức khỏe|thanhnien.vn|11:07 02/06/2022
Thấy nốt ruồi bỗng dưng đổi màu, đi khám và phát hiện ung thư|https://thanhnien.vn/thay-not-ruoi-bong-dung-doi-mau-di-kham-va-phat-hien-ung-thu-post1464283.html|https://image.thanhnien.vn/150x100/Uploaded/2022/unvjxbf/2022_06_01/5-ung-thu-da-shutterstock-1063.jpg|Khi thấy nốt ruồi trên cổ bỗng dưng lớn ra và chuyển sang màu đen sậm, cô Megan Fry biết rằng sắp có chuyện không lành. Cô lập tức đến bác sĩ da liễu kiểm tra và được chẩn đoán mắc ung thư da.|sức khỏe|thanhnien.vn|10:08 02/06/2022
Nốt ban của đậu mùa khỉ có thể xuất hiện ở bộ phận sinh dục và miệng|https://thanhnien.vn/not-ban-cua-dau-mua-khi-co-the-xuat-hien-o-bo-phan-sinh-duc-va-mieng-post1464605.html|https://image.thanhnien.vn/150x100/Uploaded/2022/tqmvkpic/2022_05_31/dau-mua-khi-duong-lay-895.jpg|Bệnh đậu mùa khỉ có thể lây truyền từ người sang người qua tiếp xúc gần gũi, gồm tiếp xúc tình dục. Nốt ban của bệnh đôi khi tìm thấy ở bộ phận sinh dục và miệng.|sức khỏe|thanhnien.vn|09:35 02/06/2022
4 loại thực phẩm tốt nhất bạn nên ăn khi bị đau họng|https://thanhnien.vn/4-loai-thuc-pham-tot-nhat-ban-nen-an-khi-bi-dau-hong-post1462778.html|https://image.thanhnien.vn/150x100/Uploaded/2022/pwivoviu/2022_05_27/greek-yogurt-bowl-spoon-3535.jpg|Cho dù bạn bị cảm lạnh, dị ứng hoặc la hét quá nhiều, đau họng vẫn là một cơn đau.|sức khỏe|thanhnien.vn|09:08 02/06/2022
Đau nhói ngực hậu Covid-19 có phải bệnh tim mạch?|https://thanhnien.vn/dau-nhoi-nguc-hau-covid-19-co-phai-benh-tim-mach-post1464505.html|https://image.thanhnien.vn/150x100/Uploaded/2022/bfznsfyr-bn/2022_06_01/tam-anh-1-7290.jpg|Tôi 52 tuổi, khỏi Covid-19 gần 1 tháng nhưng hay bị nhói ngực bên trái. Trước đây tôi chưa từng bị như vậy. Hôm qua, tôi đau nhói ngực dữ dội, kéo dài tầm 15 giây, lan xuống bả vai trái khiến tôi vã mồ hôi. Có phải tim tôi bị ảnh hưởng hậu Covid-19 không thưa bác sĩ? (Xuân Nguyên, TP.HCM)|sức khỏe|thanhnien.vn|08:00 02/06/2022
Quan hệ tình dục đồng giới có làm tăng nguy cơ mắc đậu mùa khỉ?|https://thanhnien.vn/quan-he-tinh-duc-dong-gioi-co-lam-tang-nguy-co-mac-dau-mua-khi-post1464484.html|https://image.thanhnien.vn/150x100/Uploaded/2022/hfrqy/2022_05_27/25e7omhxejmtrkzc2yg2vm5oty-538.jpeg|Tôi đọc thông tin thấy những ca bệnh đầu tiên của đậu mùa khỉ là ở những người đàn ông có quan hệ tình dục với nam giới, xin hỏi bác sĩ việc quan hệ tình dục đồng giới có làm tăng nguy cơ mắc đậu mùa khỉ hay không? (H.N, 38 tuổi, ngụ Đồng Nai).|sức khỏe|thanhnien.vn|04:02 02/06/2022
Vì sao nhiều người nghiện bứt tóc, ăn tóc?|https://thanhnien.vn/vi-sao-nhieu-nguoi-nghien-but-toc-an-toc-post1464065.html|https://image.thanhnien.vn/150x100/Uploaded/2022/hfrqy/2022_06_01/anh-chup-man-hinh-2022-06-01-luc-08-20-06-2350.png|Hiện tượng này thường được khởi đầu bằng hành vi tự động sờ, day rồi bứt từng sợi tóc trong khi đang suy nghĩ, làm việc, học tập... dần thành thói quen. Ở trẻ em sẽ có xu hướng nếm thử, nuốt tóc.|sức khỏe|thanhnien.vn|04:00 02/06/2022
Ngày mới với tin tức sức khỏe: Vòi tắm có thể chứa vi khuẩn chết người này|https://thanhnien.vn/ngay-moi-voi-tin-tuc-suc-khoe-voi-tam-co-the-chua-vi-khuan-chet-nguoi-nay-post1464523.html|https://image.thanhnien.vn/150x100/Uploaded/2022/wobjohb/2022_06_01/baichinh-shutterstock-1237721128-cuyl-5623-4804.jpg|'Một loại vi khuẩn được tìm thấy trong vòi sen gây ra bệnh viêm phổi có thể gây tử vong'. Hãy bắt đầu ngày mới với tin tức sức khỏe để xem thêm vì sao vi khuẩn này nguy hiểm đến thế!|sức khỏe|thanhnien.vn|00:10 02/06/2022
6 triệu chứng báo động huyết áp cao nghiêm trọng|https://thanhnien.vn/6-trieu-chung-bao-dong-huyet-ap-cao-nghiem-trong-post1463508.html|https://image.thanhnien.vn/150x100/Uploaded/2022/wpxlcqjwq/2022_05_30/sk300501-anh-1-4539.jpg|Một trong những điều nguy hiểm nhất của tăng huyết áp - hay huyết áp cao - là người bệnh có thể không biết mình mắc bệnh. Có đến gần 1/3 số người bị huyết áp cao không biết điều này. Bởi vì huyết áp cao không có bất kỳ triệu chứng nào trừ khi nó rất nghiêm trọng.|sức khỏe|thanhnien.vn|00:08 02/06/2022
Một nơi trong phòng tắm có thể là ổ chứa vi khuẩn chết người|https://thanhnien.vn/mot-noi-trong-phong-tam-co-the-la-o-chua-vi-khuan-chet-nguoi-post1464429.html|https://image.thanhnien.vn/150x100/Uploaded/2022/wsxrxqeiod/2022_06_01/vi-khuan-5648.jpg|Một loại vi khuẩn được tìm thấy trong vòi sen gây ra bệnh viêm phổi có thể gây tử vong.|sức khỏe|thanhnien.vn|00:07 02/06/2022
Dấu hiệu ở bàn tay 'tố cáo' những vấn đề nghiêm trọng ở thận|https://thanhnien.vn/dau-hieu-o-ban-tay-to-cao-nhung-van-de-nghiem-trong-o-than-post1463496.html|https://image.thanhnien.vn/150x100/Uploaded/2022/wpxlcqjwq/2022_05_30/sk290501-anh1-1224.jpg|Sự thay đổi trên bàn tay có thể chỉ ra các vấn đề nghiêm trọng ở thận. Khi thận gửi những tín hiệu cảnh báo, bạn cần phải chú ý, theo tạp chí về sức khỏe của Mỹ Best Life.|sức khỏe|thanhnien.vn|00:06 02/06/2022
Hỗ trợ cho Trung tâm y tế TP.Huế xe cấp cứu hơn 1 tỉ đồng|https://thanhnien.vn/ho-tro-cho-trung-tam-y-te-tp-hue-xe-cap-cuu-hon-1-ti-dong-post1462762.html|https://image.thanhnien.vn/150x100/Uploaded/2022/tngtrn/2022_05_27/img-2376-8102.jpg|Trong lúc Trung tâm y tế TP.Huế (Thừa Thiên-Huế) đang rất cần tăng cường các trang thiết bị hiện đại, Ngân hàng TMCP Công thương Việt Nam (Vietinbank) đã trao tặng 1 xe cấp cứu hiện đại với trị giá hơn 1 tỉ đồng.|sức khỏe|thanhnien.vn|15:34 01/06/2022
Thêm tin vui tuyệt vời cho những người thích uống cà phê|https://thanhnien.vn/them-tin-vui-tuyet-voi-cho-nhung-nguoi-thich-uong-ca-phe-post1464295.html|https://image.thanhnien.vn/150x100/Uploaded/2022/wpxlcqjwq/2022_06_01/sk010601-anh-1-3417.jpg|Nghiên cứu mới chứng thực uống 2 - 4 tách cà phê mỗi ngày giúp giảm 1/3 nguy cơ chết sớm do mọi nguyên nhân, theo nhật báo Anh Daily Mail.|sức khỏe|thanhnien.vn|15:06 01/06/2022
Chuyện lạ: Người chồng bỗng dưng mất trí nhớ sau khi gần gũi với vợ|https://thanhnien.vn/chuyen-la-nguoi-chong-bong-dung-mat-tri-nho-sau-khi-gan-gui-voi-vo-post1464174.html|https://image.thanhnien.vn/150x100/Uploaded/2022/unvjxbf/2022_05_31/2-mat-tri-ho-shutterstock-7116.jpg|Sau khi ân ái với vợ, một người đàn ông 66 tuổi ở Ireland bỗng dưng bị mất trí nhớ. Ông quên mất những gì xảy ra vào ngày hôm trước, quên mất mình đã tổ chức kỷ niệm ngày cưới với vợ và gia đình.|sức khỏe|thanhnien.vn|11:10 01/06/2022
Loại thuốc mới giúp người rụng tóc mọc đến 80% tóc|https://thanhnien.vn/loai-thuoc-moi-giup-nguoi-rung-toc-moc-den-80-toc-post1462957.html|https://image.thanhnien.vn/150x100/Uploaded/2022/unvjxbf/2022_05_27/rung-toc-shutterstock-5592.jpg|Loại thuốc mới có thể điều trị chứng rụng tóc từng mảng vừa được các nhà khoa học Mỹ phát triển thành công. Một số người tham gia thử nghiệm đã có thể mọc lại đến 80% tóc.|sức khỏe|thanhnien.vn|10:01 01/06/2022
Bệnh tim, phổi, thận do giun lươn có thể bị nhiễm từ vật nuôi|https://thanhnien.vn/benh-tim-phoi-than-do-giun-luon-co-the-bi-nhiem-tu-vat-nuoi-post1464251.html|https://image.thanhnien.vn/150x100/Uploaded/2022/tqmvkpic/2022_06_01/giun-luon-byt-3219.jpg|Giun lươn lan tỏa ấu trùng đi đến nhiều cơ quan (phổi, tim, thận), hệ thống thần kinh, trong đó có loài giun lươn gây bệnh ở khỉ, chó nhưng đôi khi còn gây bệnh ở người.|sức khỏe|thanhnien.vn|09:24 01/06/2022
Điều gì sẽ xảy ra với da khi bạn xóa hình xăm?|https://thanhnien.vn/dieu-gi-se-xay-ra-voi-da-khi-ban-xoa-hinh-xam-post1462954.html|https://image.thanhnien.vn/150x100/Uploaded/2022/unvjxbf/2022_05_27/3-hinh-xam-shutterstock-6074.jpg|Nhiều người sau khi xăm sẽ rất yêu thích hình xăm của mình. Thế nhưng, không phải ai cũng như vậy. Một số người khi không yêu thích hình xăm của mình sẽ tìm cách xóa nó.|sức khỏe|thanhnien.vn|09:03 01/06/2022
WHO tìm giải pháp cho vắc xin đậu mùa khỉ|https://thanhnien.vn/who-tim-giai-phap-cho-vac-xin-dau-mua-khi-post1464138.html|https://image.thanhnien.vn/150x100/Uploaded/2022/pwivoviu/2022_05_31/14a-8969.jpg|Hiện đã có một số loại vắc xin phòng bệnh đậu mùa cũng mang lại khả năng bảo vệ ở mức độ nhất định chống bệnh đậu mùa khỉ.|sức khỏe|thanhnien.vn|08:04 01/06/2022
Sốt xuất huyết gia tăng mạnh, chăm sóc trẻ thế nào để tránh biến chứng|https://thanhnien.vn/sot-xuat-huyet-gia-tang-manh-cham-soc-tre-the-nao-de-tranh-bien-chung-post1463868.html|https://image.thanhnien.vn/150x100/Uploaded/2022/hfrqy/2022_05_31/tre-mac-sot-xuat-huyet-1-7885.jpeg|Sốt xuất huyết nặng có thể xảy ra từ ngày thứ 3 trở đi, hiện số ca ngày càng gia tăng, phụ huynh cần tuân thủ hướng dẫn của bác sĩ, khi trẻ có dấu hiệu trở nặng cần đưa bé đến bệnh viện để được thăm khám kịp thời.|sức khỏe|thanhnien.vn|05:51 01/06/2022
Đậu mùa khỉ có phải bệnh lây truyền qua đường tình dục không?|https://thanhnien.vn/dau-mua-khi-co-phai-benh-lay-truyen-qua-duong-tinh-duc-khong-post1463823.html|https://image.thanhnien.vn/150x100/Uploaded/2022/wobjohb/2022_05_30/monkeypox-8217-6706-8713.png|Tôi nghe nói người có nhiều bạn tình dễ bị đậu mùa khỉ, xin hỏi bác sĩ đây có phải là một bệnh lây truyền qua đường tình dục không (V.S, 35 tuổi, ngụ TP.HCM)|sức khỏe|thanhnien.vn|04:02 01/06/2022
Đi vệ sinh: Ngồi xổm hay ngồi trên bệ tốt cho sức khỏe hơn?|https://thanhnien.vn/di-ve-sinh-ngoi-xom-hay-ngoi-tren-be-tot-cho-suc-khoe-hon-post1463827.html|https://image.thanhnien.vn/150x100/Uploaded/2022/wpxlcqjwq/2022_05_30/sk300502-anh1-5497.jpg|Có nhiều yếu tố nguy cơ gây ung thư ruột, như chế độ ăn uống kém lành mạnh, ít vận động, hút thuốc và béo phì. Nhưng theo các chuyên gia, việc ngồi sai cách khi đi đại tiện cũng có thể tiềm ẩn nguy cơ ung thư ruột.|sức khỏe|thanhnien.vn|04:02 01/06/2022
Ngày mới với tin tức sức khỏe: Ngồi sai khi đại tiện nguy cơ gây ung thư|https://thanhnien.vn/ngay-moi-voi-tin-tuc-suc-khoe-ngoi-sai-khi-dai-tien-nguy-co-gay-ung-thu-post1464153.html|https://image.thanhnien.vn/150x100/Uploaded/2022/wobjohb/2022_05_31/sk300502-anh2-5486-4511.jpg|'Theo các chuyên gia, việc ngồi sai cách khi đi đại tiện cũng có thể tiềm ẩn nguy cơ ung thư ruột'. Hãy bắt đầu ngày mới với tin tức sức khỏe để xem tư thế ngồi nào là tốt nhất khi đi vệ sinh.|sức khỏe|thanhnien.vn|00:10 01/06/2022
Cách nhận biết cơn đau lưng của bạn là bệnh thận|https://thanhnien.vn/cach-nhan-biet-con-dau-lung-cua-ban-la-benh-than-post1463046.html|https://image.thanhnien.vn/150x100/Uploaded/2022/wpxlcqjwq/2022_05_28/sk270503-anh1-7664.jpg|Đau lưng, thường rất phổ biến và các vấn đề về thận cũng có thể gây ra đau lưng. Đau thận có nhiều nguyên nhân và một số nguyên nhân có thể nghiêm trọng. Vì vậy, cần phải đi khám ngay nếu nhận ra cơn đau lưng là bệnh thận.|sức khỏe|thanhnien.vn|00:07 01/06/2022
Chuyên gia hướng dẫn các bước cứu mạng nếu đau tim khi một mình|https://thanhnien.vn/chuyen-gia-huong-dan-cac-buoc-cuu-mang-neu-dau-tim-khi-mot-minh-post1462915.html|https://image.thanhnien.vn/150x100/Uploaded/2022/pwivoviu/2022_05_27/sk270501-anh1-2805.jpg|Ai cũng có thể bị đau tim bất cứ lúc nào và có thể tử vong. Nhưng biết cách hành động khi xảy ra cơn đau tim có thể cứu sống bản thân.|sức khỏe|thanhnien.vn|00:06 01/06/2022
Tại sao không nên vừa ăn vừa lướt mạng xã hội?|https://thanhnien.vn/tai-sao-khong-nen-vua-an-vua-luot-mang-xa-hoi-post1462667.html|https://image.thanhnien.vn/150x100/Uploaded/2022/unvjxbf/2022_05_26/thuc-an-shutterstock-1604.jpg|Bữa ăn là khoảng thời gian mà nhiều người cảm thấy dễ chịu và được thư giãn. Một trong những thói quen thường thấy nhất khi ăn là vừa ăn vừa lướt mạng xã hội. Thói quen này có thể dẫn đến tăng cân.|sức khỏe|thanhnien.vn|00:05 01/06/2022
Dị tật hiếm gặp: Bé trai có bàn tay 8 ngón|https://thanhnien.vn/di-tat-hiem-gap-be-trai-co-ban-tay-8-ngon-post1464093.html|https://image.thanhnien.vn/150x100/Uploaded/2022/hfrqy/2022_05_31/anh-chup-man-hinh-2022-05-31-luc-19-50-54-6273.png|Bé trai 5 tuổi, ngụ TP.HCM, bị dị tật bàn tay với 8 ngón tay được phẫu thuật thẩm mỹ và tái tạo chức năng bàn tay tại Bệnh viện FV.|sức khỏe|thanhnien.vn|20:33 31/05/2022
Phát hiện đáng ngạc nhiên: Cách để nam giới tăng gấp đôi lượng tinh trùng|https://thanhnien.vn/phat-hien-dang-ngac-nhien-cach-de-nam-gioi-tang-gap-doi-luong-tinh-trung-post1464118.html|https://image.thanhnien.vn/150x100/Uploaded/2022/wobjohb/2022_05_31/sk310502-anh1-6828.jpg|Các nhà nghiên cứu cho biết, giảm cân có thể giúp những chàng béo tăng gấp đôi số lượng tinh trùng của họ, theo nhật báo Anh Daily Mail.|sức khỏe|thanhnien.vn|18:50 31/05/2022
Cứu sống du khách Mỹ bị nhồi máu cơ tim nguy kịch|https://thanhnien.vn/cuu-song-du-khach-my-bi-nhoi-mau-co-tim-nguy-kich-post1463997.html|https://image.thanhnien.vn/150x100/Uploaded/2022/abflusk/2022_05_31/dot-quy-9-4487.jpg|Nam bệnh nhân 72 tuổi người Mỹ về Cần Thơ chơi được một ngày thì đột ngột lên cơn nhồi máu cơ tim nguy kịch. Rất may, bệnh nhân đã được cứu sống sau 25 phút can thiệp.|sức khỏe|thanhnien.vn|14:03 31/05/2022
Hiểu đúng về retinol trong trẻ hóa làn da|https://thanhnien.vn/hieu-dung-ve-retinol-trong-tre-hoa-lan-da-post1463978.html|https://image.thanhnien.vn/150x100/Uploaded/2022/lxwpcqjwp/2022_05_31/banner-livestream-hieu-dung-ve-retinol-trong-tre-hoa-lan-da-4513.png|Việc hiểu đúng về công dụng và cách dùng retinol sẽ giúp nâng cao hiệu quả chăm sóc da, phòng ngừa các phản ứng không mong muốn trên da.|sức khỏe|thanhnien.vn|13:47 31/05/2022
'Vỡ trứng' khi tranh bóng, nam thanh niên phải nhập viện|https://thanhnien.vn/vo-trung-khi-tranh-bong-nam-thanh-nien-phai-nhap-vien-post1463965.html|https://image.thanhnien.vn/150x100/Uploaded/2022/tqmvkpic/2022_05_31/chan-thuong-tinh-hoan-da-binh-phuc-8576.jpg|Bất ngờ bị va đập mạnh vào vùng kín khi đang tranh bóng trong trận bóng đá, nam thanh niên 35 tuổi bị chấn thương tinh hoàn phải nhập viện.|sức khỏe|thanhnien.vn|12:14 31/05/2022
WHO lo ngại về ổ dịch đậu mùa khỉ bùng phát|https://thanhnien.vn/who-lo-ngai-ve-o-dich-dau-mua-khi-bung-phat-post1463938.html|https://image.thanhnien.vn/150x100/Uploaded/2022/tqmvkpic/2022_05_31/dau-mua-khi-1356.png|Theo Tổ chức Y tế thế giới (WHO) tại Việt Nam, đến ngày 26.5, tổng cộng tích lũy có 257 ca bệnh đậu mùa khỉ; số mắc đã tăng gần 100 ca so với 1 ngày trước đó.|sức khỏe|thanhnien.vn|11:13 31/05/2022
Phát hiện loại vi khuẩn có gien kháng kháng sinh|https://thanhnien.vn/phat-hien-loai-vi-khuan-co-gien-khang-khang-sinh-post1462951.html|https://image.thanhnien.vn/150x100/Uploaded/2022/unvjxbf/2022_05_27/1-vi-khuan-shutterstock-8984.jpg|Các nhà khoa học mới đây đã phát hiện một số loại vi khuẩn ở Nam Cực sở hữu các gien có khả năng chống lại thuốc kháng sinh. Các vi khuẩn này dù ở Nam Cực nhưng vẫn có thể lây lan ra khỏi vùng này.|sức khỏe|thanhnien.vn|11:11 31/05/2022
Đau lưng khi ngủ dậy là bệnh gì?|https://thanhnien.vn/dau-lung-khi-ngu-day-la-benh-gi-post1463919.html|https://image.thanhnien.vn/150x100/Uploaded/2022/bfznsfyr-bn/2022_05_31/tam-anh-2-5555.jpg|Gần đây, cứ mỗi sáng thức dậy là vùng cổ, vai gáy và đặc biệt phần lưng của tôi bị tê cứng, đau nhức. Cơn đau nặng hơn khi tôi cố gắng ngồi dậy, khom người. Cho tôi hỏi tại sao có hiện tượng ngủ dậy bị đau lưng? Tình trạng này có nguy hiểm không thưa bác sĩ? (Minh Toàn, 31 tuổi, Đồng Nai)|sức khỏe|thanhnien.vn|11:04 31/05/2022
Cảnh báo dấu hiệu tiền tiểu đường|https://thanhnien.vn/canh-bao-dau-hieu-tien-tieu-duong-post1463612.html|https://image.thanhnien.vn/150x100/Uploaded/2022/wsxrxqeiod/2022_05_30/ca-hoi-nuong-2692.jpg|Theo Trung tâm kiểm soát và phòng ngừa dịch bệnh (CDC) Mỹ, nhận biết các dấu hiệu của tiền tiểu đường góp phần quan trọng trong việc ngăn ngừa sự tiến triển của bệnh tiểu đường loại 2.|sức khỏe|thanhnien.vn|10:09 31/05/2022
Chuyên gia: 5 việc bạn chớ bao giờ làm khi bụng đói|https://thanhnien.vn/chuyen-gia-5-viec-ban-cho-bao-gio-lam-khi-bung-doi-post1461568.html|https://image.thanhnien.vn/150x100/Uploaded/2022/lxwpcqjwp/2022_05_23/sk220501-anh1-5699.jpg|Có thể sẽ không tốt cho sức khỏe nếu bạn làm một số việc khi bụng đói. Hãy ăn sáng đầy đủ để bắt đầu ngày mới một cách lành mạnh.|sức khỏe|thanhnien.vn|09:02 31/05/2022
Làm sao để biết cơn đau đầu là do lạm dụng thuốc?|https://thanhnien.vn/lam-sao-de-biet-con-dau-dau-la-do-lam-dung-thuoc-post1462318.html|https://image.thanhnien.vn/150x100/Uploaded/2022/unvjxbf/2022_05_25/3-dau-dau-shutterstock-4569.jpg|Khi bị đau đầu, mọi người thường sẽ uống các loại thuốc giảm đau. Thế nhưng, uống quá nhiều thuốc giảm đau có thể gây ra chứng đau đầu do lạm dụng thuốc.|sức khỏe|thanhnien.vn|08:07 31/05/2022
Nhiều nơi ghi nhận muỗi sốt rét kháng hóa chất|https://thanhnien.vn/nhieu-noi-ghi-nhan-muoi-sot-ret-khang-hoa-chat-post1463613.html|https://image.thanhnien.vn/150x100/Uploaded/2022/wobjohb/2022_05_30/muoi-shuttesrtock-xspq-5718.jpg|Viện Sốt rét - Ký sinh trùng - Côn trùng T.Ư đã đánh giá mức độ nhạy cảm của 9 loài muỗi sốt rét tại các điểm điều tra với 4 loại giấy tẩm hóa chất diệt côn trùng. Trong số 77 điểm giám sát, 28 điểm có đánh giá muỗi đã kháng hóa chất.|sức khỏe|thanhnien.vn|05:10 31/05/2022
Gần 63% phụ nữ Việt Nam từng chịu ít nhất một hình thức bạo lực|https://thanhnien.vn/gan-63-phu-nu-viet-nam-tung-chiu-it-nhat-mot-hinh-thuc-bao-luc-post1463611.html|https://image.thanhnien.vn/150x100/Uploaded/2022/wsxrxqeiod/2022_05_30/phu-nu-6273.jpg|Theo Báo cáo điều tra quốc gia về bạo lực đối với phụ nữ ở Việt Nam năm 2019: Cứ 3 phụ nữ thì có gần 2 phụ nữ (gần 63%) từng chịu 1 hoặc hơn 1 hình thức bạo lực.|sức khỏe|thanhnien.vn|04:03 31/05/2022
10 điều cần biết về bệnh đậu mùa khỉ|https://thanhnien.vn/10-dieu-can-biet-ve-benh-dau-mua-khi-post1463208.html|https://image.thanhnien.vn/150x100/Uploaded/2022/hfrqy/2022_05_28/bykfinlfgziw3ja4rfxzs5jju4-1585.jpeg|Theo Tổ chức Y tế thế giới (WHO), đậu mùa khỉ là một bệnh do vi rút đậu mùa khỉ gây ra, với các triệu chứng điển hình bao gồm sốt, đau đầu dữ dội, đau cơ, đau lưng, sưng hạch và phát ban hoặc tổn thương da.|sức khỏe|thanhnien.vn|04:02 31/05/2022
Ngày mới với tin tức sức khỏe: Huyết áp cao và chứng ngưng thở khi ngủ|https://thanhnien.vn/ngay-moi-voi-tin-tuc-suc-khoe-huyet-ap-cao-va-chung-ngung-tho-khi-ngu-post1463805.html|https://image.thanhnien.vn/150x100/Uploaded/2022/wobjohb/2022_05_30/ngu-opog-ziac-1-5196.jpg|'Huyết áp cao nếu không điều trị sẽ rất nguy hiểm vì có thể dẫn đến nhiều vấn đề sức khỏe nghiêm trọng. Huyết áp cao cũng có liên kết mật thiết đến giấc ngủ'. Hãy bắt đầu ngày mới với tin tức sức khỏe để xem thêm nội dung bài viết này!|sức khỏe|thanhnien.vn|00:10 31/05/2022
4 tác dụng phụ đáng ngạc nhiên của việc ăn chanh|https://thanhnien.vn/4-tac-dung-phu-dang-ngac-nhien-cua-viec-an-chanh-post1462791.html|https://image.thanhnien.vn/150x100/Uploaded/2022/pwivoviu/2022_05_27/nuocchanh-matong-5165.jpg|Khi cuộc sống cho bạn trái chanh thì bạn làm gì?|sức khỏe|thanhnien.vn|00:08 31/05/2022
Thêm 11 loại thực phẩm giảm cân thực sự hiệu quả|https://thanhnien.vn/them-11-loai-thuc-pham-giam-can-thuc-su-hieu-qua-post1461762.html|https://image.thanhnien.vn/150x100/Uploaded/2022/wpxlcqjwq/2022_05_24/thuc-pham-4556.jpg|Ở bài trước (Chuyên gia: 8 loại thực phẩm giảm cân thực sự hiệu quả), các chuyên gia đã giới thiệu 8 loại thực phẩm giảm cân đứng đầu trong số 19 loại thực phẩm giảm cân thực sự hiệu quả.|sức khỏe|thanhnien.vn|00:08 31/05/2022
Huyết áp cao liên quan thế nào đến giấc ngủ?|https://thanhnien.vn/huyet-ap-cao-lien-quan-the-nao-den-giac-ngu-post1462651.html|https://image.thanhnien.vn/150x100/Uploaded/2022/unvjxbf/2022_05_26/2-huyet-ap-shutterstock-2967.jpg|Huyết áp cao nếu không điều trị sẽ rất nguy hiểm vì có thể dẫn đến nhiều vấn đề sức khỏe nghiêm trọng. Huyết áp cao cũng có liên kết mật thiết đến giấc ngủ.|sức khỏe|thanhnien.vn|00:06 31/05/2022
TP.HCM có trung tâm chuyên sâu về can thiệp tim mạch cho trẻ em|https://thanhnien.vn/tp-hcm-co-trung-tam-chuyen-sau-ve-can-thiep-tim-mach-cho-tre-em-post1463751.html|https://image.thanhnien.vn/150x100/Uploaded/2022/hfrqy/2022_05_30/bvnhidong1moi1-ok-ttpg-6350.jpeg|Trung tâm tim mạch trẻ em, Bệnh viện Nhi đồng 1, TP.HCM sẽ chính thức đưa vào hoạt động từ ngày 1.6.2022 đúng vào dịp Quốc tế Thiếu Nhi.|sức khỏe|thanhnien.vn|17:58 30/05/2022
7 ngày sốt xuất huyết khiến bé gái bị suy gan nặng|https://thanhnien.vn/7-ngay-sot-xuat-huyet-khien-be-gai-bi-suy-gan-nang-post1463726.html|https://image.thanhnien.vn/150x100/Uploaded/2022/hfrqy/2022_05_30/tai-xuong-1-8830.png|Kết quả xét nghiệm cho thấy bé V. bị sốt xuất huyết Dengue gây suy gan cấp nặng. Sau hơn 7 ngày điều trị tích cực, tình trạng bé đã tiến triển tốt, các bác sĩ đã ngưng lọc máu và cai máy thở cho bé.|sức khỏe|thanhnien.vn|16:58 30/05/2022
Bệnh nhân thoát khỏi nguy cơ đột quỵ lần 2 nhờ phẫu thuật|https://thanhnien.vn/benh-nhan-thoat-khoi-nguy-co-dot-quy-lan-2-nho-phau-thuat-post1463688.html|https://image.thanhnien.vn/150x100/Uploaded/2022/hfrqy/2022_05_30/anh-chup-man-hinh-2022-05-30-luc-15-18-08-8037.png|Cụ ông N.T, 84 tuổi, ngụ quận Tân Phú, TP.HCM, hai tay run run, người mệt, sắc mặt tối sầm được gia đình đưa đến Bệnh viện đa khoa Tâm Anh TP.HCM cấp cứu.|sức khỏe|thanhnien.vn|15:44 30/05/2022
TP.HCM: Nhiều trẻ tắc ruột, nhập viện cấp cứu do ăn tóc|https://thanhnien.vn/tp-hcm-nhieu-tre-tac-ruot-nhap-vien-cap-cuu-do-an-toc-post1463595.html|https://image.thanhnien.vn/150x100/Uploaded/2022/hfrqy/2022_05_30/284587858-3136692116597162-9208588984427137478-n-2654.jpeg|Liên tiếp nhiều trường hợp nôn ói, đau bụng nhập viện cấp cứu Bệnh viện Nhi đồng Thành Phố, Bệnh viện Nhi đồng 2 (TP.HCM), bác sĩ phát hiện búi tóc nằm trong dạ dày hoặc ruột non.|sức khỏe|thanhnien.vn|13:17 30/05/2022
