Sức hấp dẫn của đất nền ven biển Quy Nhơn|https://thanhnien.vn/suc-hap-dan-cua-dat-nen-ven-bien-quy-nhon-post1467627.html|https://image.thanhnien.vn/150x100/Uploaded/2022/qxwpth-zl/2022_06_11/new-city-1-7730.jpeg|Đất nền ven biển tại Quy Nhơn đang thu hút nhà đầu tư bởi tiềm năng tăng giá cao nhờ sức hấp dẫn của du lịch cùng với sự đầu tư đồng bộ từ hạ tầng giao thông và đặc tính khan hiếm của sản phẩm.|kinh tế|thanhnien.vn|1 phút trước
Omni BIDV iBank - Trải nghiệm ngân hàng số vượt trội cho khách hàng tổ chức|https://thanhnien.vn/omni-bidv-ibank-trai-nghiem-ngan-hang-so-vuot-troi-cho-khach-hang-to-chuc-post1467950.html|https://image.thanhnien.vn/150x100/Uploaded/2022/puqgfdmzs-co/2022_06_12/1-omni-bidv-ibank-trai-nghiem-vuot-troi-tren-nen-tang-ngan-hang-so-3483.png|Ngày 11.6, trong khuôn khổ Ngày hội công nghệ của Ngân hàng TMCP Đầu tư và Phát triển Việt Nam (BIDV), BIDV ra mắt phiên bản hợp kênh của ứng dụng ngân hàng số BIDV iBank (Omni BIDV iBank), mang đến cho khách hàng tổ chức trải nghiệm liền mạch cùng với các tính năng vượt trội.|kinh tế|thanhnien.vn|1 phút trước
Hấp dẫn Làng văn hóa du lịch Đất Mũi|https://thanhnien.vn/hap-dan-lang-van-hoa-du-lich-dat-mui-post1467896.html|https://image.thanhnien.vn/150x100/Uploaded/2022/puqgfdmzs-co/2022_06_12/3-2861.jpg|Làng văn hóa du lịch Đất Mũi được kỳ vọng tạo ra sự đột phá trong phát triển du lịch của H.Ngọc Hiển, góp phần đưa ngành du lịch tỉnh Cà Mau tạo ra điểm khác biệt.|kinh tế|thanhnien.vn|1 phút trước
‘Thank you, Việt Nam by VinaPhone’ - thỏa mãn cơn khát âm nhạc sôi động của giới trẻ|https://thanhnien.vn/thank-you-viet-nam-by-vinaphone-thoa-man-con-khat-am-nhac-soi-dong-cua-gioi-tre-post1467979.html|https://image.thanhnien.vn/150x100/Uploaded/2022/puqgfdmzs-co/2022_06_12/3-vinaphone-3628.png|Lập kỷ lục với gần 30.000 khán giả, hàng trăm nghìn lượt xem trực tiếp trên các nền tảng mạng xã hội, cùng những màn trình diễn bùng nổ đến từ các nghệ sĩ hàng đầu, kết hợp với công nghệ, âm thanh và ánh sáng hiện đại mãn nhãn, đại nhạc hội Thank you, Vietnam by VinaPhone.|kinh tế|thanhnien.vn|20:00 12/06/2022
Chính thức công bố Phố thương mại Selashine - Khu phức hợp Selavia Phú Quốc|https://thanhnien.vn/chinh-thuc-cong-bo-pho-thuong-mai-selashine-khu-phuc-hop-selavia-phu-quoc-post1467947.html|https://image.thanhnien.vn/150x100/Uploaded/2022/puqgfdmzs-co/2022_06_12/2-le-ky-ket-selashine-327.jpg|Ngày 12.6, tại TP.HCM, Tập đoàn TTC tổ chức thành công sự kiện Công bố Phố thương mại Selashine thuộc Khu phức hợp Selavia Phú Quốc với nhiều chương trình hấp dẫn và chính sách hỗ trợ lãi suất đặc biệt cho khách hàng. Dự án do Công ty Cổ phần Toàn Hải Vân (TTC Phú Quốc) làm chủ đầu tư và Công ty CP Địa ốc Sài Gòn Thương Tín (TTC Land) là đơn vị phát triển.|kinh tế|thanhnien.vn|17:37 12/06/2022
PVFCCo lọt vào ‘Top 50 công ty niêm yết tốt nhất’ năm 2022|https://thanhnien.vn/pvfcco-lot-vao-top-50-cong-ty-niem-yet-tot-nhat-nam-2022-post1467857.html|https://image.thanhnien.vn/150x100/Uploaded/2022/puqgfdmzs-co/2022_06_12/bo-san-pham-phan-bon-phu-my-chat-luong-cao-cho-vu-mua-boi-thu-ba-con-nong-dan-tin-tuong-su-dung-6083.jpg|Ngày 9.6, Tổng Công ty Phân bón và Hóa chất Dầu khí (PVFCCo - Mã chứng khoán DPM) được 2 tổ chức uy tín là Tạp chí Forbes Việt Nam và Công ty cổ phần Báo cáo đánh giá Việt Nam (Vietnam Report) đưa vào danh sách “Top 50 công ty niêm yết tốt nhất” và “Top 50 Công ty Đại chúng Uy tín và Hiệu quả (VIX50)” năm 2022.|kinh tế|thanhnien.vn|13:59 12/06/2022
Với Tâm thép vững vàng, Tập đoàn VAS đã chinh phục thị trường mới Trung Mỹ|https://thanhnien.vn/voi-tam-thep-vung-vang-tap-doan-vas-da-chinh-phuc-thi-truong-moi-trung-my-post1467726.html|https://image.thanhnien.vn/150x100/Uploaded/2022/bfznsfyr-bn/2022_06_11/vas-1-5356.jpg|Tháng 6.2022, Tập đoàn VAS ký kết thành công hợp đồng xuất khẩu lô phôi thép và thép thành phẩm đầu tiên sang Guatemala - Trung Mỹ, đánh dấu bước tiến mới trong hành trình chinh phục thị trường thế giới.|kinh tế|thanhnien.vn|16:32 11/06/2022
TP.HCM: Trao giải cuộc thi ‘Sinh viên chung tay tiết kiệm điện’|https://thanhnien.vn/tp-hcm-trao-giai-cuoc-thi-sinh-vien-chung-tay-tiet-kiem-dien-post1467608.html|https://image.thanhnien.vn/150x100/Uploaded/2022/qxwpth-zl/2022_06_11/1110dd955805985bc114-8524.jpg|Ngày 10.6, Trường Đại học Tôn Đức Thắng phối hợp Tổng Công ty Điện lực TP.HCM tổ chức trao giải Cuộc thi “Sinh viên chung tay tiết kiệm điện” năm 2022 do 2 đơn vị phối hợp tổ chức.|kinh tế|thanhnien.vn|13:30 11/06/2022
Giá heo hơi hôm nay 11.6.2022: Heo hơi Việt gần bằng heo hơi Trung Quốc|https://thanhnien.vn/gia-heo-hoi-hom-nay-11-6-2022-heo-hoi-viet-gan-bang-heo-hoi-trung-quoc-post1467589.html|https://image.thanhnien.vn/150x100/Uploaded/2022/ohununh/2022_05_26/919ca3e84e958ecbd784-6077.jpg|Giá heo hơi trong nước trên thị trường sáng nay ghi nhận giảm nhẹ tại vài nơi, mức giá dao động từ 54.000 - 58.000 đồng/kg.|kinh tế|thanhnien.vn|09:36 11/06/2022
Giá USD hôm nay 11.6.2022: Tăng mạnh trước mức lạm phát leo cao nhất trong 41 năm|https://thanhnien.vn/gia-usd-hom-nay-11-6-2022-tang-manh-truoc-muc-lam-phat-leo-cao-nhat-trong-41-nam-post1467572.html|https://image.thanhnien.vn/150x100/Uploaded/2022/cqjwqgdjw/2021_06_11/img_0662_yvuv.jpg|Giá USD quốc tế ngày 11.6 tăng mạnh sau khi Mỹ công bố chỉ số CPI tăng cao nhất trong vòng 41 năm qua. Lạm phát gia tăng đến từ chi phí năng lượng và thực phẩm lên cao.|kinh tế|thanhnien.vn|08:51 11/06/2022
Giá vàng hôm nay 11.6.2022: Nhà đầu tư rót tiền mua vì lạm phát Mỹ tăng cao|https://thanhnien.vn/gia-vang-hom-nay-11-6-2022-nha-dau-tu-rot-tien-mua-vi-lam-phat-my-tang-cao-post1467570.html|https://image.thanhnien.vn/150x100/Uploaded/2022/vjryqdxwp/2022_06_11/gia-vang-cua-ngoc-thang-2218.jpg|Giá vàng cuối tuần trên thế giới nhảy vọt sau khi Mỹ công bố lạm phát tháng 5 tiếp tục tăng cao so với dự báo và mong đợi của nhà đầu tư. |kinh tế|thanhnien.vn|08:51 11/06/2022
Doanh nghiệp Việt nhận mail lừa đảo cao nhất Đông Nam Á|https://thanhnien.vn/doanh-nghiep-viet-nhan-mail-lua-dao-cao-nhat-dong-nam-a-post1467512.html|https://image.thanhnien.vn/150x100/Uploaded/2022/pwivoviu/2022_06_10/a3-4852.jpg|Xu hướng chuyển đổi số và thương mại điện tử phát triển mạnh mẽ khiến doanh nghiệp Việt càng bị tấn công mạng nhiều hơn.|kinh tế|thanhnien.vn|06:47 11/06/2022
Vì sao nhiều nông sản xuất khẩu giảm giá?|https://thanhnien.vn/vi-sao-nhieu-nong-san-xuat-khau-giam-gia-post1467513.html|https://image.thanhnien.vn/150x100/Uploaded/2022/pwivoviu/2022_06_10/c6fca2ded54915174c58-7021.jpg|Nhiều nước ngưng xuất khẩu lương thực - thực phẩm những tưởng mở ra cơ hội cho nông sản Việt, thế nhưng thực tế, một số mặt hàng xuất khẩu chủ đạo như gạo, cà phê, tiêu... của chúng ta lại đang giảm giá.|kinh tế|thanhnien.vn|06:44 11/06/2022
Mở hết cỡ sao du lịch Việt chưa thể bứt phá?|https://thanhnien.vn/mo-het-co-sao-du-lich-viet-chua-the-but-pha-post1467511.html|https://image.thanhnien.vn/150x100/Uploaded/2022/pwivoviu/2022_06_10/915ba119798eb9d0e09f-5510.jpg|Là quốc gia có độ mở lớn nhất, sở hữu lượng tìm kiếm thông tin thuộc top đầu thế giới nhưng du lịch Việt Nam vẫn chưa có được những bước đột phá sau đại dịch.|kinh tế|thanhnien.vn|06:43 11/06/2022
Trình Chính phủ đề xuất tăng lương tối thiểu từ 1.7|https://thanhnien.vn/trinh-chinh-phu-de-xuat-tang-luong-toi-thieu-tu-1-7-post1467544.html|https://image.thanhnien.vn/150x100/Uploaded/2022/pwivoviu/2022_06_11/ld-3905.jpg|Ngày 10.6, Bộ LĐ-TB-XH cho biết vừa trình Chính phủ dự thảo Nghị định quy định mức lương tối thiểu (LTT) đối với người lao động làm việc theo hợp đồng lao động.|kinh tế|thanhnien.vn|06:41 11/06/2022
Phải có dự báo giá trước khi ký hợp đồng|https://thanhnien.vn/phai-co-du-bao-gia-truoc-khi-ky-hop-dong-post1467546.html|https://image.thanhnien.vn/150x100/Uploaded/2022/pwivoviu/2022_06_11/3a3-2948.jpeg|Không chỉ xi măng, sắt thép mà hàng loạt nguyên vật liệu như xăng dầu, phân bón, hóa chất, chất dẻo, thực phẩm… đều tăng giá cao từ đầu năm đến nay trên thị trường thế giới.|kinh tế|thanhnien.vn|06:40 11/06/2022
Giá vàng hôm nay 11.6.2022: Nhà đầu tư rót tiền mua vì lạm phát Mỹ tăng cao|https://thanhnien.vn/gia-vang-hom-nay-11-6-2022-nha-dau-tu-rot-tien-mua-vi-lam-phat-my-tang-cao-post1467570.html|https://image.thanhnien.vn/150x100/Uploaded/2022/vjryqdxwp/2022_06_11/gia-vang-cua-ngoc-thang-2218.jpg|Giá vàng cuối tuần trên thế giới nhảy vọt sau khi Mỹ công bố lạm phát tháng 5 tiếp tục tăng cao so với dự báo và mong đợi của nhà đầu tư. |kinh tế|thanhnien.vn|08:51 11/06/2022
Gia Lai trải thảm mời đầu tư chăn nuôi|https://thanhnien.vn/gia-lai-trai-tham-moi-dau-tu-chan-nuoi-post1467542.html|https://image.thanhnien.vn/150x100/Uploaded/2022/bqmvlcvo/2022_02_16/img-7620-6464.jpg|Ngày 10.6, theo thống kê của Sở KH-ĐT Gia Lai, tỉnh này hiện có 106 dự án chăn nuôi đang được nhà đầu tư quan tâm với tổng vốn đăng ký gần 16.000 tỉ đồng, quy mô gần 5.300 ha.|kinh tế|thanhnien.vn|08:39 11/06/2022
Doanh nghiệp Việt nhận mail lừa đảo cao nhất Đông Nam Á|https://thanhnien.vn/doanh-nghiep-viet-nhan-mail-lua-dao-cao-nhat-dong-nam-a-post1467512.html|https://image.thanhnien.vn/150x100/Uploaded/2022/pwivoviu/2022_06_10/a3-4852.jpg|Xu hướng chuyển đổi số và thương mại điện tử phát triển mạnh mẽ khiến doanh nghiệp Việt càng bị tấn công mạng nhiều hơn.|kinh tế|thanhnien.vn|06:47 11/06/2022
Vì sao nhiều nông sản xuất khẩu giảm giá?|https://thanhnien.vn/vi-sao-nhieu-nong-san-xuat-khau-giam-gia-post1467513.html|https://image.thanhnien.vn/150x100/Uploaded/2022/pwivoviu/2022_06_10/c6fca2ded54915174c58-7021.jpg|Nhiều nước ngưng xuất khẩu lương thực - thực phẩm những tưởng mở ra cơ hội cho nông sản Việt, thế nhưng thực tế, một số mặt hàng xuất khẩu chủ đạo như gạo, cà phê, tiêu... của chúng ta lại đang giảm giá.|kinh tế|thanhnien.vn|06:44 11/06/2022
Mở hết cỡ sao du lịch Việt chưa thể bứt phá?|https://thanhnien.vn/mo-het-co-sao-du-lich-viet-chua-the-but-pha-post1467511.html|https://image.thanhnien.vn/150x100/Uploaded/2022/pwivoviu/2022_06_10/915ba119798eb9d0e09f-5510.jpg|Là quốc gia có độ mở lớn nhất, sở hữu lượng tìm kiếm thông tin thuộc top đầu thế giới nhưng du lịch Việt Nam vẫn chưa có được những bước đột phá sau đại dịch.|kinh tế|thanhnien.vn|06:43 11/06/2022
Trình Chính phủ đề xuất tăng lương tối thiểu từ 1.7|https://thanhnien.vn/trinh-chinh-phu-de-xuat-tang-luong-toi-thieu-tu-1-7-post1467544.html|https://image.thanhnien.vn/150x100/Uploaded/2022/pwivoviu/2022_06_11/ld-3905.jpg|Ngày 10.6, Bộ LĐ-TB-XH cho biết vừa trình Chính phủ dự thảo Nghị định quy định mức lương tối thiểu (LTT) đối với người lao động làm việc theo hợp đồng lao động.|kinh tế|thanhnien.vn|06:41 11/06/2022
Phải có dự báo giá trước khi ký hợp đồng|https://thanhnien.vn/phai-co-du-bao-gia-truoc-khi-ky-hop-dong-post1467546.html|https://image.thanhnien.vn/150x100/Uploaded/2022/pwivoviu/2022_06_11/3a3-2948.jpeg|Không chỉ xi măng, sắt thép mà hàng loạt nguyên vật liệu như xăng dầu, phân bón, hóa chất, chất dẻo, thực phẩm… đều tăng giá cao từ đầu năm đến nay trên thị trường thế giới.|kinh tế|thanhnien.vn|06:40 11/06/2022
Khởi công dự án khu nông nghiệp công nghệ cao 700 tỉ đồng tại Đắk Lắk|https://thanhnien.vn/khoi-cong-du-an-khu-nong-nghiep-cong-nghe-cao-700-ti-dong-tai-dak-lak-post1467417.html|https://image.thanhnien.vn/150x100/Uploaded/2022/xbfluau/2022_06_10/xuan-thien-cu-mgar-2-4804.jpg|Khu nông nghiệp ứng dụng công nghệ cao quy mô hơn 100 ha, tổng mức đầu tư hơn 700 tỉ đồng tại H.Cư M’gar (Đắk Lắk).|kinh tế|thanhnien.vn|16:38 10/06/2022
Căn hộ hiện hữu thu hút khách hàng tại TP.HCM|https://thanhnien.vn/can-ho-hien-huu-thu-hut-khach-hang-tai-tp-hcm-post1467413.html|https://image.thanhnien.vn/150x100/Uploaded/2022/bfznsfyr-bn/2022_06_10/cosmo-city-2-9072.jpg|“Từ khi dịch bệnh lắng xuống đến hết quý 1/2022, dù còn nhiều khó khăn nhưng thị trường bất động sản có dấu hiệu phục hồi khá tốt”, theo ông Lê Tấn Trung - Giám đốc Công ty TNHH Đầu tư Xây dựng Bảo Khang (gọi tắt là Công ty Bảo Khang).|kinh tế|thanhnien.vn|16:30 10/06/2022
Cổ phiếu 'đạp sàn' cuối phiên đẩy VN-Index lao dốc gần 24 điểm|https://thanhnien.vn/co-phieu-dap-san-cuoi-phien-day-vn-index-lao-doc-gan-24-diem-post1467392.html|https://image.thanhnien.vn/150x100/Uploaded/2022/vjryqdxwp/2022_06_10/anh-3-ck-dao-ngoc-thach-1482.jpg|Nhiều cổ phiếu bất ngờ giảm mạnh trong đợt khớp lệnh định kỳ đóng cửa trong sự ngỡ ngàng của các nhà đầu tư. |kinh tế|thanhnien.vn|16:08 10/06/2022
TP.HCM - siêu đô thị nhưng có 'đáng sống'?|https://thanhnien.vn/tp-hcm-sieu-do-thi-nhung-co-dang-song-post1467344.html|https://image.thanhnien.vn/150x100/Uploaded/2022/rfnmf/2022_06_10/phong-canh-tp-hcm-anh-doc-lap-47-1353.jpg|Một siêu đô thị như TP.HCM có đồng nghĩa với một thành phố đáng sống?|kinh tế|thanhnien.vn|15:04 10/06/2022
Việt Nam nhập khẩu hơn 1,6 triệu tấn lúa gạo từ Campuchia|https://thanhnien.vn/viet-nam-nhap-khau-hon-1-6-trieu-tan-lua-gao-tu-campuchia-post1467348.html|https://image.thanhnien.vn/150x100/Uploaded/2022/jopuohu/2022_06_10/tempimageugxpgs-5347.jpg|Trong 4 tháng đầu năm nay, Campuchia xuất khẩu khoảng 1,9 triệu tấn lúa gạo, trong đó xuất khẩu vào Việt Nam trên 1,6 triệu tấn.|kinh tế|thanhnien.vn|14:25 10/06/2022
Thủ Đức House không đồng ý Cục Thuế TP.HCM cưỡng chế thuế|https://thanhnien.vn/thu-duc-house-khong-dong-y-cuc-thue-tphcm-cuong-che-thue-post1467370.html|https://image.thanhnien.vn/150x100/Uploaded/2022/cqjwqgdjw/2021_06_14/dsc00252_thwd.jpg|Công ty CP Phát triển Nhà Thủ Đức (TDH) vừa công bố thông tin bất thường về quyết định cưỡng thuế của Cục Thuế TP.HCM nhưng công ty không đồng ý.|kinh tế|thanhnien.vn|14:10 10/06/2022
CTCP Hưng Thịnh Incons: Sức mạnh tổng thầu xây dựng tạo bệ phóng vững chắc|https://thanhnien.vn/ctcp-hung-thinh-incons-suc-manh-tong-thau-xay-dung-tao-be-phong-vung-chac-post1467307.html|https://image.thanhnien.vn/150x100/Uploaded/2022/bfznsfyr-bn/2022_06_10/hung-thinh-incons-1-6856.jpg|Trong kỳ đại hội cổ đông vừa qua, Công ty Cổ phần Hưng Thịnh Incons đặt mục tiêu tăng trưởng cao trong giai đoạn 5 năm tiếp theo. Kế hoạch này được thiết lập dựa trên chiến lược tăng trưởng “Đồng hành phát triển”, cho phép mắt xích quan trọng bậc nhất của hệ sinh thái của Tập đoàn Hưng Thịnh mở rộng kết nối trong bối cảnh kinh doanh mới.|kinh tế|thanhnien.vn|14:00 10/06/2022
Tỷ trọng cho vay, huy động ngoại tệ tại TP.HCM chiếm khoảng 7 - 8%|https://thanhnien.vn/ty-trong-cho-vay-huy-dong-ngoai-te-tai-tp-hcm-chiem-khoang-7-8-post1467319.html|https://image.thanhnien.vn/150x100/Uploaded/2022/cqjwqgdjw/2021_10_16/b8ac1cb7-a24a-43a2-85b6-f9a65c458f4d-455.jpeg|Các ngân hàng trên địa bàn TP.HCM hiện cho vay, huy động ngoại tệ có tỷ trọng chiếm khoảng 7 - 8% trong tổng dư nợ tín dụng. Điều này cho thấy chính sách chống đô la hóa phát huy hiệu quả.|kinh tế|thanhnien.vn|11:33 10/06/2022
'Trùm xây dựng' Hòa Bình hợp tác chiến lược cùng Tập đoàn DragonGroup|https://thanhnien.vn/trum-xay-dung-hoa-binh-hop-tac-chien-luoc-cung-tap-doan-dragongroup-post1467327.html|https://image.thanhnien.vn/150x100/Uploaded/2022/rfnmf/2022_06_10/xay-dung-hoa-binh-va-dragon-group-ky-ket-hop-tac-chien-luoc-3-6377.jpg|Tập đoàn xây dựng Hòa Bình và Tập đoàn DragonGroup vừa tiến hành ký kết thỏa thuận hợp tác chiến lược lâu dài giữa hai bên.|kinh tế|thanhnien.vn|11:33 10/06/2022
CTCP Hưng Thịnh Incons: Sức mạnh tổng thầu xây dựng tạo bệ phóng vững chắc|https://thanhnien.vn/ctcp-hung-thinh-incons-suc-manh-tong-thau-xay-dung-tao-be-phong-vung-chac-post1467307.html|https://image.thanhnien.vn/150x100/Uploaded/2022/bfznsfyr-bn/2022_06_10/hung-thinh-incons-1-6856.jpg|Trong kỳ đại hội cổ đông vừa qua, Công ty Cổ phần Hưng Thịnh Incons đặt mục tiêu tăng trưởng cao trong giai đoạn 5 năm tiếp theo. Kế hoạch này được thiết lập dựa trên chiến lược tăng trưởng “Đồng hành phát triển”, cho phép mắt xích quan trọng bậc nhất của hệ sinh thái của Tập đoàn Hưng Thịnh mở rộng kết nối trong bối cảnh kinh doanh mới.|kinh tế|thanhnien.vn|14:00 10/06/2022
Tỷ trọng cho vay, huy động ngoại tệ tại TP.HCM chiếm khoảng 7 - 8%|https://thanhnien.vn/ty-trong-cho-vay-huy-dong-ngoai-te-tai-tp-hcm-chiem-khoang-7-8-post1467319.html|https://image.thanhnien.vn/150x100/Uploaded/2022/cqjwqgdjw/2021_10_16/b8ac1cb7-a24a-43a2-85b6-f9a65c458f4d-455.jpeg|Các ngân hàng trên địa bàn TP.HCM hiện cho vay, huy động ngoại tệ có tỷ trọng chiếm khoảng 7 - 8% trong tổng dư nợ tín dụng. Điều này cho thấy chính sách chống đô la hóa phát huy hiệu quả.|kinh tế|thanhnien.vn|11:33 10/06/2022
'Trùm xây dựng' Hòa Bình hợp tác chiến lược cùng Tập đoàn DragonGroup|https://thanhnien.vn/trum-xay-dung-hoa-binh-hop-tac-chien-luoc-cung-tap-doan-dragongroup-post1467327.html|https://image.thanhnien.vn/150x100/Uploaded/2022/rfnmf/2022_06_10/xay-dung-hoa-binh-va-dragon-group-ky-ket-hop-tac-chien-luoc-3-6377.jpg|Tập đoàn xây dựng Hòa Bình và Tập đoàn DragonGroup vừa tiến hành ký kết thỏa thuận hợp tác chiến lược lâu dài giữa hai bên.|kinh tế|thanhnien.vn|11:33 10/06/2022
Nova Consumer hội tụ đủ mảnh ghép cho mô hình nông nghiệp khép kín|https://thanhnien.vn/nova-consumer-hoi-tu-du-manh-ghep-cho-mo-hinh-nong-nghiep-khep-kin-post1467332.html|https://image.thanhnien.vn/150x100/Uploaded/2022/bfznsfyr-bn/2022_06_10/1-3635.jpg|Theo kế hoạch tài chính năm 2022, doanh thu thuần hợp nhất của Nova Consumer ước tính sẽ đạt từ 4.800 tỉ đồng, tăng trưởng 37% so với mức cùng kỳ, lợi nhuận đạt 330 tỉ đồng.|kinh tế|thanhnien.vn|11:19 10/06/2022
Phát hiện nhiều cá nhân kinh doanh thương mại điện tử doanh số lớn|https://thanhnien.vn/phat-hien-nhieu-ca-nhan-kinh-doanh-thuong-mai-dien-tu-doanh-so-lon-post1467272.html|https://image.thanhnien.vn/150x100/Uploaded/2022/cqjwqgdjw/2022_03_16/cnt05415-4849.jpg|Cơ quan thuế vừa qua đã phát hiện một số cá nhân bán hàng trên sàn thương mại điện tử hằng tháng phát sinh doanh thu khá lớn. Tổng cục Thuế yêu cầu các đơn vị tăng cường công tác quản lý thuế, tránh thất thu.|kinh tế|thanhnien.vn|09:49 10/06/2022
Giá heo hơi ngày 10.6.2022: Heo doanh nghiệp đè heo nông dân|https://thanhnien.vn/gia-heo-hoi-ngay-10-6-2022-heo-doanh-nghiep-de-heo-nong-dan-post1467275.html|https://image.thanhnien.vn/150x100/Uploaded/2022/aobhuax/2022_04_29/thitheo01-3176.jpeg|Nhiều hộ chăn nuôi không tái đàn do giá thức ăn chăn nuôi tăng cao, giá bán thấp. Tuy nhiên các doanh nghiệp lại đang mở rộng quy mô chuồng trại. |kinh tế|thanhnien.vn|09:48 10/06/2022
Nghệ sĩ - Nhà giáo dục Thanh Bùi mở rộng Trường mầm non Em Maison tại Bình Dương|https://thanhnien.vn/nghe-si-nha-giao-duc-thanh-bui-mo-rong-truong-mam-non-em-maison-tai-binh-duong-post1467283.html|https://image.thanhnien.vn/150x100/Uploaded/2022/bfznsfyr-bn/2022_06_10/46-8234.jpg|Nghệ sĩ Quốc tế - Nhà giáo dục Thanh Bùi đã cùng Tổ chức Giáo dục Global Embassy thành lập hệ thống giáo dục mầm non Em Maison tại TP.HCM và sắp tới là mở rộng tại Bình Dương.|kinh tế|thanhnien.vn|09:31 10/06/2022
Giá USD hôm nay 10.6.2022: Ngân hàng giảm giá|https://thanhnien.vn/gia-usd-hom-nay-10-6-2022-ngan-hang-giam-gia-post1467268.html|https://image.thanhnien.vn/150x100/Uploaded/2022/cqjwqgdjw/2022_03_16/cnt05396-5228.jpg|Các ngân hàng thương mại ngày 10.6 giảm giá USD, trong khi các ngoại tệ khác giảm mạnh do đồng bạc xanh trên thị trường quốc tế tăng.|kinh tế|thanhnien.vn|08:52 10/06/2022
Giá vàng hôm nay 10.6.2022: Vàng miếng vẫn cao hơn vàng nhẫn gần 15 triệu đồng|https://thanhnien.vn/gia-vang-hom-nay-10-6-2022-vang-mieng-van-cao-hon-vang-nhan-gan-15-trieu-dong-post1467260.html|https://image.thanhnien.vn/150x100/Uploaded/2022/vjryqdxwp/2021_07_08/gia-vang_dnt_klof_nyqm.jpg|Giá vàng ngày 10.6 trong nước giảm nhẹ và vẫn duy trì mức cao hơn thế giới gần 18 triệu đồng mỗi lượng. |kinh tế|thanhnien.vn|08:51 10/06/2022
Wyndham Phú Quốc - Chốn nghỉ dưỡng riêng tư của giới thượng lưu|https://thanhnien.vn/wyndham-phu-quoc-chon-nghi-duong-rieng-tu-cua-gioi-thuong-luu-post1467178.html|https://image.thanhnien.vn/150x100/Uploaded/2022/qxwpth-zl/2022_06_09/wyndham-3-8795.jpeg|Biệt thự biển phiên bản giới hạn, đã hoàn thiện với nhiều tiện ích cao cấp hài hòa giữa thiên nhiên xanh, mang đến chốn nghỉ dưỡng riêng tư, luôn là lựa chọn của giới thượng lưu cho một ngôi nhà thứ hai.|kinh tế|thanhnien.vn|08:00 10/06/2022
Vàng sẽ 'bốc đầu' hay lao vực?|https://thanhnien.vn/nhieu-du-bao-gia-vang-post1467240.html|https://image.thanhnien.vn/150x100/Uploaded/2022/wpxlcqjwq/2022_06_10/gia-vang-6339.jpg|Trong khi giá vàng làm “nóng” hội trường nghị sự Quốc hội với những câu hỏi của đại biểu về thao túng giá, độc quyền… thì thị trường kim loại quý lại khá yên ắng.|kinh tế|thanhnien.vn|06:33 10/06/2022
Giảm giá xăng, cần chờ Quốc hội không?|https://thanhnien.vn/giam-gia-xang-can-cho-quoc-hoi-khong-post1467230.html|https://image.thanhnien.vn/150x100/Uploaded/2022/wpxlcqjwq/2022_06_10/giam-gia-xang-3460.jpg|Trả lời các đại biểu Quốc hội giải pháp hạ nhiệt giá xăng dầu, Bộ trưởng Bộ Tài chính cho rằng việc giảm thuế phụ thuộc thẩm quyền của Thường vụ Quốc hội và Quốc hội. Thực tế, hạ nhiệt xăng dầu lúc này có nhất thiết chờ đến Quốc hội quyết hay không?|kinh tế|thanhnien.vn|06:32 10/06/2022
Bất động sản cần chuyển đổi số để chấm dứt thời kỳ ‘cá lớn nuốt cá bé’|https://thanhnien.vn/bat-dong-san-can-chuyen-doi-so-de-cham-dut-thoi-ky-ca-lon-nuot-ca-be-post1467196.html|https://image.thanhnien.vn/150x100/Uploaded/2022/ycivoxpw/2022_06_09/truonggiabinfh2-1565.jpg|Tại Đại hội lần thứ 5 của VNREA, nhiều đại biểu cho rằng, cần đẩy mạnh chuyển đổi số trong phát triển bất động sản, tạo canh tranh bình đẳng, chấm dứt thời kỳ “cá lớn nuốt cá bé”, chuyển sang “cá nhanh ăn cá chậm”.|kinh tế|thanhnien.vn|21:10 09/06/2022
Thiếu nguồn cung, Mỹ xem xét miễn thuế tạm thời với pin mặt trời Việt Nam|https://thanhnien.vn/thieu-nguon-cung-my-xem-xet-mien-thue-tam-thoi-voi-pin-mat-troi-viet-nam-post1467126.html|https://image.thanhnien.vn/150x100/Uploaded/2022/vjryqdxwp/2022_06_09/pin-mat-troi-ng-nga-5774.jpg|Mỹ đã tuyên bố tình trạng khẩn cấp liên quan đến thiếu hụt nguồn cung tế bào và mô-đun pin năng lượng mặt trời trong nước. |kinh tế|thanhnien.vn|20:15 09/06/2022
Quản lý chất lượng nông sản chưa xem trọng thị trường nội địa|https://thanhnien.vn/quan-ly-chat-luong-nong-san-chua-xem-trong-thi-truong-noi-dia-post1467144.html|https://image.thanhnien.vn/150x100/Uploaded/2022/aobhuax/2022_06_09/vungtrongvai-4249.jpg|Việc quản lý mã số vùng trồng để kiểm soát chất lượng nông sản chủ yếu đang phục vụ cho thị trường xuất khẩu theo yêu cầu kỹ thuật của nước sở tại, trong khi đó, thị trường trong nước lại đang bị buông lỏng.|kinh tế|thanhnien.vn|20:15 09/06/2022
Xin Bộ Chính trị chủ trương đầu tư đường sắt tốc độ cao Bắc - Nam|https://thanhnien.vn/xin-bo-chinh-tri-chu-truong-dau-tu-duong-sat-toc-do-cao-bac-nam-post1467177.html|https://image.thanhnien.vn/150x100/Uploaded/2022/sgozna/2022_06_09/shinkansen-urfw-7111-4076.jpeg|Bộ trưởng GTVT cho biết Chính phủ đã giao Bộ KHĐT nghiên cứu, thẩm định đường sắt tốc độ cao Bắc - Nam để báo cáo Bộ Chính trị.|kinh tế|thanhnien.vn|19:02 09/06/2022
Quản lý chất lượng nông sản chưa xem trọng thị trường nội địa|https://thanhnien.vn/quan-ly-chat-luong-nong-san-chua-xem-trong-thi-truong-noi-dia-post1467144.html|https://image.thanhnien.vn/150x100/Uploaded/2022/aobhuax/2022_06_09/vungtrongvai-4249.jpg|Việc quản lý mã số vùng trồng để kiểm soát chất lượng nông sản chủ yếu đang phục vụ cho thị trường xuất khẩu theo yêu cầu kỹ thuật của nước sở tại, trong khi đó, thị trường trong nước lại đang bị buông lỏng.|kinh tế|thanhnien.vn|20:15 09/06/2022
Xin Bộ Chính trị chủ trương đầu tư đường sắt tốc độ cao Bắc - Nam|https://thanhnien.vn/xin-bo-chinh-tri-chu-truong-dau-tu-duong-sat-toc-do-cao-bac-nam-post1467177.html|https://image.thanhnien.vn/150x100/Uploaded/2022/sgozna/2022_06_09/shinkansen-urfw-7111-4076.jpeg|Bộ trưởng GTVT cho biết Chính phủ đã giao Bộ KHĐT nghiên cứu, thẩm định đường sắt tốc độ cao Bắc - Nam để báo cáo Bộ Chính trị.|kinh tế|thanhnien.vn|19:02 09/06/2022
Nhà đầu tư mong chờ ngày công bố Phố thương mại Selashine|https://thanhnien.vn/nha-dau-tu-mong-cho-ngay-cong-bo-pho-thuong-mai-selashine-post1467172.html|https://image.thanhnien.vn/150x100/Uploaded/2022/qxwpth-zl/2022_06_09/image2-8680.jpeg|Chính thức công bố vào ngày 12.6, Phố thương mại Selashine được nhà đầu tư “săn đón” bởi những giá trị hình thành tiêu chuẩn sống và cơ hội hưởng trọn biên độ sinh lợi.|kinh tế|thanhnien.vn|19:01 09/06/2022
Giúp nông dân sử dụng thuốc BVTV an toàn, hiệu quả, làm nông nghiệp có trách nhiệm|https://thanhnien.vn/giup-nong-dan-su-dung-thuoc-bvtv-an-toan-hieu-qua-lam-nong-nghiep-co-trach-nhiem-post1466995.html|https://image.thanhnien.vn/150x100/Uploaded/2022/fsmim/2022_06_09/tuvan-1403.jpg|Chúng ta không chỉ tư vấn nông dân sử dụng thuốc bảo vệ thực vật (BVTV) an toàn, phát huy tối đa hiệu quả mà còn tác động thay đổi thói quen sử dụng thuốc BVTV để bà con làm nông nghiệp có trách nhiệm hơn.|kinh tế|thanhnien.vn|15:29 09/06/2022
Thi nhau đấu đất giá cao rồi… bỏ cọc|https://thanhnien.vn/thi-nhau-dau-dat-gia-cao-roi-bo-coc-post1467063.html|https://image.thanhnien.vn/150x100/Uploaded/2022/wobjuko/2021_12_02/7-1356.jpg|Một tình trạng khá phổ biến ở Quảng Trị thời gian gần đây: đất nhà nước được đấu giá với số tiền rất cao nhưng sau đó người trúng lại… bỏ cọc.|kinh tế|thanhnien.vn|15:18 09/06/2022
Kim ngạch thương mại giữa Việt Nam - Oman tăng 100%|https://thanhnien.vn/kim-ngach-thuong-mai-giua-viet-nam-oman-tang-100-post1467046.html|https://image.thanhnien.vn/150x100/Uploaded/2022/thpcvun/2022_06_09/oman-1425.jpg|Kim ngạch trao đổi thương mại song phương giữa Việt Nam - Oman năm 2021 đạt 338,1 triệu USD, tăng 100% so với năm 2020, mức tăng trưởng ấn tượng trong bối cảnh khó khăn do dịch bệnh Covid-19.|kinh tế|thanhnien.vn|15:15 09/06/2022
Những tín hiệu lạc quan về mùa ‘lũ đẹp’ ở miền Tây năm 2022|https://thanhnien.vn/nhung-tin-hieu-lac-quan-ve-mua-lu-dep-o-mien-tay-nam-2022-post1466986.html|https://image.thanhnien.vn/150x100/Uploaded/2022/jopuohu/2022_06_09/283699640-5357806324241457-1623424728662258781-n-5994.jpg|Sau nhiều năm không có lũ, các số liệu đo đạc mực nước trên sông Mê Kông hiện tại cho thấy những tín hiệu lạc quan về mùa lũ năm 2022.|kinh tế|thanhnien.vn|11:41 09/06/2022
Tây Ninh có thêm trang trại heo hậu bị chuẩn châu Âu, quy mô 30.000 con|https://thanhnien.vn/tay-ninh-co-them-trang-trai-heo-hau-bi-chuan-chau-au-quy-mo-30-000-con-post1467010.html|https://image.thanhnien.vn/150x100/Uploaded/2022/rfnmf/2022_06_09/trang-trai-heo-3587.jpg|Trại heo Tây Ninh 3 quy mô 30.000 heo hậu bị dự kiến sẽ cung ứng cho thị trường từ 60.000 - 75.000 con mỗi năm, nằm trong chiến lược mở rộng hệ thống trang trại chăn nuôi công nghệ cao chuẩn khép kín của BaF.|kinh tế|thanhnien.vn|11:38 09/06/2022
Đền bù cho khách hàng sau sự cố lỗi hệ thống check-in|https://thanhnien.vn/yeu-cau-vietjet-den-bu-cho-khach-hang-sau-su-co-loi-he-thong-check-in-post1467006.html|https://image.thanhnien.vn/150x100/Uploaded/2022/rfnmf/2022_06_04/tac-tsn-7863.jpg|Ngày 3.6, do nghẽn hệ thống máy tính kết nối giữa hãng hàng không và sân bay Tân Sơn Nhất (TP.HCM), cùng với ảnh hưởng của thời tiết xấu, một số chuyến bay đến và đi từ TP.HCM của Vietjet phải thay đổi kế hoạch khai thác.|kinh tế|thanhnien.vn|11:38 09/06/2022
Năm 2025, tái sử dụng, tái chế, xử lý 85% lượng chất thải nhựa phát sinh|https://thanhnien.vn/nam-2025-tai-su-dung-tai-che-xu-ly-85-luong-chat-thai-nhua-phat-sinh-post1466962.html|https://image.thanhnien.vn/150x100/Uploaded/2022/ohununh/useful/43259f2ff93a0d64542b_rhpe.jpg|Đó là một trong các nội dung trong Đề án Phát triển kinh tế tuần hoàn ở Việt Nam vừa được Phó thủ tướng Chính phủ Lê Minh Khái ký quyết định phê duyệt.|kinh tế|thanhnien.vn|10:08 09/06/2022
Khu đô thị 7 năm chưa hoàn thiện hạ tầng: Do chậm có mặt bằng, dịch Covid-19?|https://thanhnien.vn/khu-do-thi-7-nam-chua-hoan-thien-ha-tang-do-cham-co-mat-bang-dich-covid-19-post1466970.html|https://image.thanhnien.vn/150x100/Uploaded/2022/xbfluau/2022_06_09/khu-do-thi-buon-ho-1-6065.jpg|Theo lý giải của chủ đầu tư, do công tác bàn giao mặt bằng chậm, cộng thêm ảnh hưởng “bất khả kháng” của dịch Covid-19 nên dự án Khu đô thị Buôn Hồ (Đắk Lắk) chậm tiến độ, phải xin gia hạn.|kinh tế|thanhnien.vn|10:06 09/06/2022
Buôn bán phân bón không phù hợp quy chuẩn bị phạt gần 100 triệu đồng|https://thanhnien.vn/buon-ban-phan-bon-khong-phu-hop-quy-chuan-bi-phat-gan-100-trieu-dong-post1466832.html|https://image.thanhnien.vn/150x100/Uploaded/2022/shtcplu/2022_06_08/h1-61.jpg|Một hộ kinh doanh ở TP.Bảo Lộc buôn bán phân bón không phù hợp quy chuẩn và không ghi nhãn hàng hóa, bị tỉnh Lâm Đồng xử phạt gần 100 triệu đồng.|kinh tế|thanhnien.vn|10:06 09/06/2022
1.500 tỉ đồng xây dựng tuyến đường giao thông huyết mạch Ninh Thuận - Lâm Đồng|https://thanhnien.vn/1-500-ti-dong-xay-dung-tuyen-duong-giao-thong-huyet-mach-ninh-thuan-lam-dong-post1466926.html|https://image.thanhnien.vn/150x100/Uploaded/2022/rohuook/2022_06_08/ninh-thuan2-2656.jpg|Tỉnh Ninh Thuận đang đẩy nhanh tiến độ xây dựng tuyến đường giao thông kết nối từ H.Ninh Sơn đến H.Đức Trọng (Lâm Đồng) dài 62,5 km, tổng kinh phí gần 1.500 tỉ đồng.|kinh tế|thanhnien.vn|10:05 09/06/2022
Thiếu phòng 5 sao - cơ hội tối ưu công suất lưu trú tại Bình Châu - Hồ Tràm|https://thanhnien.vn/thieu-phong-5-sao-co-hoi-toi-uu-cong-suat-luu-tru-tai-binh-chau-ho-tram-post1466777.html|https://image.thanhnien.vn/150x100/Uploaded/2022/puqgfdmzs-co/2022_06_08/1-binh-chau-ho-tram-van-thieu-hut-nguon-cung-phong-5-sao-5463.jpg|Tìm kiếm ngôi nhà an cư lâu dài bên vịnh biển nhưng vẫn đảm bảo sinh lời kép từ gia tăng giá trị BĐS bền vững cùng khai thác cho thuê đã khiến cho sản phẩm đô thị biển gắn với khai thác du lịch chiếm ưu thế trên thị trường.|kinh tế|thanhnien.vn|10:00 09/06/2022
Mua bán căn cước công dân để vay tiền, mở tài khoản lừa đảo|https://thanhnien.vn/mua-ban-can-cuoc-cong-dan-de-vay-tien-mo-tai-khoan-lua-dao-post1466815.html|https://image.thanhnien.vn/150x100/Uploaded/2022/vjryqdxwp/2022_06_08/anh-can-cuoc-1302.jpg|Bộ Công an cảnh báo về tình trạng lừa đảo thông qua việc thu thập, mua bán trái phép thông tin cá nhân người dân.|kinh tế|thanhnien.vn|09:27 09/06/2022
Giá xăng dầu hôm nay 9.6.2022: Xăng trong nước sẽ vọt trên 33.000 đồng/lít?|https://thanhnien.vn/gia-xang-dau-hom-nay-9-6-2022-xang-trong-nuoc-se-vot-tren-33-000-dong-lit-post1466945.html|https://image.thanhnien.vn/150x100/Uploaded/2022/ohununh/2022_06_01/2f3c6593a0af60f139be-1747.jpg|Giá dầu thế giới sáng nay tiếp đà leo dốc, vọt lên gần 124 USD/thùng. Trong khi đó, nhiều dự báo cho thấy, tại kỳ điều chỉnh tới mặt hàng này sẽ tăng mạnh. Xăng có thể tăng tới 900 đồng/lít.|kinh tế|thanhnien.vn|09:17 09/06/2022
Giá vàng hôm nay 9.6.2022: Đứng ở mức cao cùng với giá dầu|https://thanhnien.vn/gia-vang-hom-nay-9-6-2022-dung-o-muc-cao-cung-voi-gia-dau-post1466936.html|https://image.thanhnien.vn/150x100/Uploaded/2022/vjryqdxwp/2021_06_27/anhvang-ngocthang_fyss.jpg|Giá vàng sáng 9.6 giữ đà đi lên khi nhiên liệu tăng giá khiến nhà đầu tư lại lo lắng về lạm phát. |kinh tế|thanhnien.vn|09:15 09/06/2022
Giá heo hơi hôm nay 9.6.2022: Thị trường kéo dài đà giảm|https://thanhnien.vn/gia-heo-hoi-hom-nay-9-6-2022-thi-truong-keo-dai-da-giam-post1466953.html|https://image.thanhnien.vn/150x100/Uploaded/2022/ohununh/2022_06_09/741d236ec713074d5e02-1529.jpg|Giá heo hơi có xu hướng đi ngang, thậm chí giảm nhẹ tại vài nơi trong bối cảnh sức mua yếu.|kinh tế|thanhnien.vn|09:14 09/06/2022
Giá USD hôm nay 9.6.2022: Đồng bạc xanh tự do giảm nhẹ|https://thanhnien.vn/gia-usd-hom-nay-9-6-2022-dong-bac-xanh-tu-do-giam-nhe-post1466946.html|https://image.thanhnien.vn/150x100/Uploaded/2022/cqjwqgdjw/2022_04_23/cfe8d7bf-1060-4080-8f6d-0a8c542dde2c-4680.jpeg|Giá USD tự do ngày 9.6 giảm nhẹ, cùng chiều với đà giảm của đồng bạc xanh trên thị trường thế giới. Các ngoại tệ khác cũng biến động nhẹ chờ thêm những thông tin kinh tế từ Mỹ.|kinh tế|thanhnien.vn|08:39 09/06/2022
Dấu ấn nghề khai thác yến sào qua lễ hội truyền thống|https://thanhnien.vn/dau-an-nghe-khai-thac-yen-sao-qua-le-hoi-truyen-thong-post1466833.html|https://image.thanhnien.vn/150x100/Uploaded/2022/bfznsfyr-bn/2022_06_08/h1-7486.jpg|Ngoài nghiên cứu tạo ra những sản phẩm “đồng hành cùng sức khỏe cộng đồng”, Công ty Yến sào Khánh Hòa còn bảo tồn, phát huy những nét văn hóa truyền thống nghề khai thác yến. Lễ hội Yến Sào là một trong hàng trăm di sản lễ hội lớn nhỏ của tỉnh Khánh Hòa, và được tổ chức thường niên vào dịp tháng 5 âm lịch hằng năm.|kinh tế|thanhnien.vn|08:00 09/06/2022
VietCredit mở rộng cho vay tiêu dùng thông qua bưu điện Việt Nam|https://thanhnien.vn/vietcredit-mo-rong-cho-vay-tieu-dung-thong-qua-buu-dien-viet-nam-post1466801.html|https://image.thanhnien.vn/150x100/Uploaded/2022/bfznsfyr-bn/2022_06_08/vietcredit-1-2148.jpg|VietCredit mở rộng kênh phân phối sản phẩm tài chính thông qua thiết bị mở thẻ tín dụng nội địa trực tuyến đặt tại mạng lưới bưu điện Việt Nam, giúp khách hàng ở vùng nông thôn tiếp cận nguồn tài chính chính thống thuận tiện và dễ dàng hơn.|kinh tế|thanhnien.vn|08:00 09/06/2022
Saigon Co.op đẩy mạnh kích cầu với xu hướng tiêu dùng xanh|https://thanhnien.vn/saigon-co-op-day-manh-kich-cau-voi-xu-huong-tieu-dung-xanh-post1466807.html|https://image.thanhnien.vn/150x100/Uploaded/2022/bfznsfyr-bn/2022_06_08/khach-hang-ngay-cang-chuong-cac-san-pham-than-thien-voi-moi-truong-7143.jpg|Không những giảm giá hàng loạt sản phẩm để tạo những “cơn mưa khuyến mãi” chia sẻ áp lực chi tiêu với người tiêu dùng cũng như tăng sức tiêu thụ hàng hóa cho doanh nghiệp, Saigon Co.op còn tung ra những chương trình thiết thực, hướng người tiêu dùng đến xu hướng “sống xanh”.|kinh tế|thanhnien.vn|07:30 09/06/2022
Metro số 2 TP.HCM chậm thêm 3 năm|https://thanhnien.vn/metro-so-2-tp-hcm-cham-them-3-nam-post1466906.html|https://image.thanhnien.vn/150x100/Uploaded/2022/bqmvlcvo/2022_03_08/metrodoclap-2796.jpeg|Năm 2010, tuyến metro số 2 giai đoạn được phê duyệt quy hoạch, dự kiến khởi công năm 2014, hoàn thành sau 4 năm, nhưng đã liên tục lùi đích.|kinh tế|thanhnien.vn|06:56 09/06/2022
Vận tải tăng cước vì giá xăng dầu|https://thanhnien.vn/van-tai-tang-cuoc-vi-gia-xang-dau-post1466908.html|https://image.thanhnien.vn/150x100/Uploaded/2022/pwivoviu/2022_06_09/6a-5802.jpg|Du lịch khởi sắc, hàng hóa thông thương… các doanh nghiệp vận tải vừa hồ hởi vực dậy hậu Covid-19 đã lại lao đao lo “thắt lưng buộc bụng” vì giá nhiên liệu liên tục lập đỉnh.|kinh tế|thanhnien.vn|06:54 09/06/2022
Người kiên nhẫn cuối cùng cũng phải khóc|https://thanhnien.vn/nguoi-kien-nhan-cuoi-cung-cung-phai-khoc-post1466830.html|https://image.thanhnien.vn/150x100/Uploaded/2022/bfznsfyr-bn/2022_06_08/ct-plaza-nguyen-hong-1706.jpeg|"Thời gian qua, Công ty Nguyên Hồng, chủ đầu tư dự án CT Plaza Nguyên Hồng liên tục cùng với các khách hàng dự án gửi đơn thư đến các cơ quan sở ngành liên quan ""kêu cứu"" vì bị ách tắc, đình trệ mặc dù đã làm đầy đủ các nghĩa vụ pháp lý."|kinh tế|thanhnien.vn|20:09 08/06/2022
Bộ trưởng Xây dựng: Nguồn cung bất động sản giảm mạnh ở các phân khúc|https://thanhnien.vn/san-giao-dich-bat-dong-san-cau-ket-gay-sot-ao-nhieu-loan-thi-truong-post1466816.html|https://image.thanhnien.vn/150x100/Uploaded/2022/rkwagt/2022_06_08/nguyenthanhnghi-1241.jpg|Phát biểu tại Quốc hội chiều nay 8.6, Bộ trưởng Bộ Xây dựng Nguyễn Thanh Nghị đã chỉ ra nhiều bất cập của thị trường bất động sản, trong đó nhấn mạnh việc cơ cấu sản phẩm bất động sản chưa phù hợp. |kinh tế|thanhnien.vn|18:54 08/06/2022
Chính phủ yêu cầu TP.HCM xem xét điều chỉnh việc thu phí cảng biển|https://thanhnien.vn/chinh-phu-yeu-cau-tp-hcm-xem-xet-dieu-chinh-viec-thu-phi-cang-bien-post1466811.html|https://image.thanhnien.vn/150x100/Uploaded/2022/rfnmf/2022_06_02/cang-cat-lai-nguyen-nga-6859.jpg|Văn phòng Chính phủ vừa thông báo kết luận của Phó Thủ tướng Lê Minh Khái sau cuộc họp về phí sử dụng công trình kết cấu hạ tầng, công trình dịch vụ, tiện ích công cộng trong khu vực cửa khẩu cảng biển tại TP.HCM.|kinh tế|thanhnien.vn|18:07 08/06/2022
‘Sốt’ giá thực phẩm toàn cầu giúp xuất khẩu cá tra tăng mạnh|https://thanhnien.vn/sot-gia-thuc-pham-toan-cau-giup-xuat-khau-ca-tra-tang-manh-post1466755.html|https://image.thanhnien.vn/150x100/Uploaded/2022/jopuohu/2022_06_08/img-5158-1642.jpg|Xuất khẩu cá tra 5 tháng đầu năm tăng trưởng gần 90%, đạt trên 1,2 tỉ USD. Xuất khẩu cá tra sang các thị trường chính đều tăng mạnh, nhất là thị trường Mỹ, EU và Trung Quốc.|kinh tế|thanhnien.vn|16:07 08/06/2022
Long An ID giúp cư dân dễ tìm việc làm, thuê nhà, mua đồ giảm giá|https://thanhnien.vn/long-an-id-giup-cu-dan-de-tim-viec-lam-thue-nha-mua-do-giam-gia-post1466725.html|https://image.thanhnien.vn/150x100/Uploaded/2022/zreyxqowxf/2022_06_08/dsc08083-5195.jpg|Trên thiết bị di động, người dân chỉ cần tải phần mềm Long An ID sẽ dễ dàng tiếp cận các dịch vụ tìm kiếm việc làm, thuê nhà, mua hàng giảm giá…Sở TT-TT tỉnh này đang tiếp tục hoàn thiện đa lĩnh vực, ngành nghề.|kinh tế|thanhnien.vn|15:39 08/06/2022
Trung Quốc tăng mua chuối Việt Nam|https://thanhnien.vn/trung-quoc-tang-mua-chuoi-viet-nam-post1466679.html|https://image.thanhnien.vn/150x100/Uploaded/2022/aobhuax/2021_12_28/chuoi-tet-01-6991.jpg|Trong 5 tháng đầu năm 2022, Trung Quốc đã nhập khẩu 742.000 tấn chuối, tăng 10% so với cùng kỳ, trong đó chuối Việt Nam chiếm 43%, vượt qua Philippines với 28%.|kinh tế|thanhnien.vn|14:31 08/06/2022
Sau khu nghỉ dưỡng 3.900 tỉ đồng, vịnh Đà Nẵng tiếp tục có thêm phố đi bộ|https://thanhnien.vn/sau-khu-nghi-duong-3-900-ti-dong-vinh-da-nang-tiep-tuc-co-them-pho-di-bo-post1466687.html|https://image.thanhnien.vn/150x100/Uploaded/2022/vocgmvbc/2022_06_08/d-2769.jpg|Ông Odaka Yoshimune, Chủ tịch Tập đoàn Mikazuki khẳng định sau khi hoạt động Khu nghỉ dưỡng Mikazuki, tập đoàn tiếp tục đầu tư phố đi bộ vịnh Đà Nẵng, cầu vượt đi bộ - cầu hữu nghị quan hệ ngoại giao Việt Nam – Nhật Bản.|kinh tế|thanhnien.vn|14:31 08/06/2022
Salto Residence - Bến đỗ an cư bình yên giữa thiên nhiên trong lành|https://thanhnien.vn/salto-residence-ben-do-an-cu-binh-yen-giua-thien-nhien-trong-lanh-post1466676.html|https://image.thanhnien.vn/150x100/Uploaded/2022/puqgfdmzs-co/2022_06_08/3-an-nhien-tan-huong-cuoc-song-1651.jpg|Nhiều nghiên cứu chỉ ra rằng những dự án chung cư được tích hợp mảng xanh mang đến cho cư dân nhiều lợi ích tích cực về mặt sức khỏe và tái tạo giá trị sống đích thực.|kinh tế|thanhnien.vn|14:00 08/06/2022
Salto Residence - Bến đỗ an cư bình yên giữa thiên nhiên trong lành|https://thanhnien.vn/salto-residence-ben-do-an-cu-binh-yen-giua-thien-nhien-trong-lanh-post1466676.html|https://image.thanhnien.vn/150x100/Uploaded/2022/puqgfdmzs-co/2022_06_08/3-an-nhien-tan-huong-cuoc-song-1651.jpg|Nhiều nghiên cứu chỉ ra rằng những dự án chung cư được tích hợp mảng xanh mang đến cho cư dân nhiều lợi ích tích cực về mặt sức khỏe và tái tạo giá trị sống đích thực.|kinh tế|thanhnien.vn|14:00 08/06/2022
Khởi động dự án 142 triệu USD giúp TP.Hà Tĩnh ứng phó biến đổi khí hậu|https://thanhnien.vn/khoi-dong-du-an-142-trieu-usd-giup-tp-ha-tinh-ung-pho-bien-doi-khi-hau-post1466642.html|https://image.thanhnien.vn/150x100/Uploaded/2022/wohtkbj/2022_06_08/tphatinh1-8617.jpg|Dự án nhằm mục tiêu hỗ trợ phát triển cơ sở hạ tầng tích hợp, thích ứng với biến đổi khí hậu của TP.Hà Tĩnh (tỉnh Hà Tĩnh) và vùng phụ cận với tổng mức đầu tư hơn 142 triệu USD.|kinh tế|thanhnien.vn|11:40 08/06/2022
Công ty chứng khoán BOS hủy phát hành cổ phiếu do liên quan vụ án tại FLC|https://thanhnien.vn/cong-ty-chung-khoan-bos-huy-phat-hanh-co-phieu-do-lien-quan-vu-an-tai-flc-post1466654.html|https://image.thanhnien.vn/150x100/Uploaded/2022/vjryqdxwp/2022_06_08/ba-dung-flc-7387.jpg|Công ty CP chứng khoán BOS (ART) sẽ tổ chức Đại hội cổ đông thường niên 2022 để thông qua một số vấn đề sau khi ban lãnh đạo đã bị bắt giam do thao túng giá chứng khoán tại vụ án FLC. |kinh tế|thanhnien.vn|11:03 08/06/2022
Lý giải sức hút của Phố thương mại Selashine|https://thanhnien.vn/ly-giai-suc-hut-cua-pho-thuong-mai-selashine-post1466643.html|https://image.thanhnien.vn/150x100/Uploaded/2022/puqgfdmzs-co/2022_06_08/2-pho-thuong-mai-selashine-7309.jpg|Phố thương mại Selashine được Chủ đầu tư dành trọn tâm huyết nhằm hiện thực hoá giấc mơ kiến tạo điểm đến thương mại đẳng cấp trên bản đồ Nam Đảo. Đây cũng là lời giải cho các nhà đầu tư trong bài toán đi tìm một sản phẩm BĐS mang tiềm năng và tỷ suất sinh lợi hấp dẫn.|kinh tế|thanhnien.vn|10:25 08/06/2022
Gói thầu chứng khoán KRX 900 tỉ đồng: 'Treo' 22 năm, giờ vẫn chưa xong|https://thanhnien.vn/goi-thau-chung-khoan-krx-900-ti-dong-treo-22-nam-gio-van-chua-xong-post1466637.html|https://image.thanhnien.vn/150x100/Uploaded/2022/dagtba/2022_06_08/ka-1020.jpg|"Chất vấn tại hội trường, đại biểu Quốc hội đề nghị Bộ trưởng Bộ Tài chính trả lời về gói thầu công nghệ thông tin KRX của Hàn Quốc đã ""treo"" hơn 10 năm, gây nghẽn mạng, khiến các nhà đầu tư thiệt hại và bức xúc."|kinh tế|thanhnien.vn|10:07 08/06/2022
Giá vàng hôm nay 8.6.2022: Các ngân hàng, nhà đầu tư tăng mua|https://thanhnien.vn/gia-vang-hom-nay-8-6-2022-cac-ngan-hang-nha-dau-tu-tang-mua-post1466623.html|https://image.thanhnien.vn/150x100/Uploaded/2022/cqjwqgdjw/2022_02_15/798036a1-a1fd-419f-a0b2-226e265d4078-49.jpeg|Giá vàng thế giới đã hồi phục trở lại vào sáng 8.6. Lực mua vàng từ các nhà đầu tư và ngân hàng trung ương các nước đã hỗ trợ kim loại quý không bị giảm quá sâu trong thời gian qua.|kinh tế|thanhnien.vn|09:14 08/06/2022
Giá xăng dầu hôm nay 8.6.2022: Xăng trong nước tiếp tục tăng mạnh?|https://thanhnien.vn/gia-xang-dau-hom-nay-8-6-2022-xang-trong-nuoc-tiep-tuc-tang-manh-post1466619.html|https://image.thanhnien.vn/150x100/Uploaded/2022/ohununh/2022_06_01/a8e9c32f0613c64d9f02-9574.jpg|Giá dầu thô thế giới sáng nay duy trì đà tăng trong bối cảnh thông tin về nguồn cung thắt chặt. Trong khi đó, cập nhật giá xăng dầu thành phẩm trên thị trường Singapore vọt trên mốc 150 USD/thùng.|kinh tế|thanhnien.vn|09:04 08/06/2022
Khám phá dự án độc bản ven sông, giữa lòng TP.Thủ Dầu Một|https://thanhnien.vn/kham-pha-du-an-doc-ban-ven-song-giua-long-tp-thu-dau-mot-post1466613.html|https://image.thanhnien.vn/150x100/Uploaded/2022/bfznsfyr-bn/2022_06_08/c-river-view-4440.jpg|Chỉ cách sông Sài Gòn khoảng 800m, C-River View (Khu chung cư Phú Thọ Quốc Cường) là không gian sống độc bản giữa miền xanh mát, mang đến cho chủ nhân những giá trị an cư và đầu tư hiếm có.|kinh tế|thanhnien.vn|09:00 08/06/2022
Giá USD hôm nay 8.6.2022: Giảm nhẹ khi chứng khoán tiếp tục gia tăng|https://thanhnien.vn/gia-usd-hom-nay-8-6-2022-giam-nhe-khi-chung-khoan-tiep-tuc-gia-tang-post1466612.html|https://image.thanhnien.vn/150x100/Uploaded/2022/vjryqdxwp/2022_06_08/usd-2-nt-2127.jpeg|Giá USD trên thị trường thế giới đi xuống khi nhà đầu tư quay sang chú ý đến cổ phiếu nhiều hơn. |kinh tế|thanhnien.vn|08:27 08/06/2022
Sinh lời tối đa với Bizhouse vận hành sớm|https://thanhnien.vn/sinh-loi-toi-da-voi-bizhouse-van-hanh-som-post1466514.html|https://image.thanhnien.vn/150x100/Uploaded/2022/puqgfdmzs-co/2022_06_07/1-merryland-quy-nhon-6347.png|Là điểm đến hấp dẫn trên bản đồ đầu tư, Bizhouse Canal District càng chứng tỏ sức hút mạnh mẽ với chính sách vận hành sớm của Hưng Thịnh Retail, thành viên Tập đoàn Hưng Thịnh. Những công trình kỷ lục, những trải nghiệm độc đáo, những sự kiện và lễ hội đặc sắc… đã và đang diễn ra cho thấy tiềm năng hút khách dồi dào của Bizhouse.|kinh tế|thanhnien.vn|08:00 08/06/2022
Dinh thự Elie Saab và 3 yếu tố khiến giới siêu giàu phải ‘săn đón’|https://thanhnien.vn/dinh-thu-elie-saab-va-3-yeu-to-khien-gioi-sieu-giau-phai-san-don-post1466506.html|https://image.thanhnien.vn/150x100/Uploaded/2022/puqgfdmzs-co/2022_06_07/2-dinh-thu-elie-saab-3200.jpg|Một số món hàng hiệu không những đắt đỏ mà còn mang giá trị “không phải có tiền là có thể mua được” bởi độ quý hiếm và số lượng giới hạn.|kinh tế|thanhnien.vn|08:00 08/06/2022
Căn hộ nghỉ dưỡng: Dòng sản phẩm mới chiếm ưu thế ở Phú Quốc|https://thanhnien.vn/can-ho-nghi-duong-dong-san-pham-moi-chiem-uu-the-o-phu-quoc-post1466485.html|https://image.thanhnien.vn/150x100/Uploaded/2022/qxwpth-zl/2022_06_07/passo-garden-1-1209.jpeg|BĐS Phú Quốc đang được thị trường đo ni đóng giày cho quan niệm nghỉ dưỡng. Nhưng Phú Quốc đang cần nhiều hơn những mô hình căn hộ cao tầng tại khu trung tâm để hoàn thiện mảnh ghép của một đô thị phồn hoa đúng nghĩa.|kinh tế|thanhnien.vn|08:00 08/06/2022
Acecook VN ‘bước đi liều lĩnh’ làm nên cuộc cách mạng của những ly mì ăn liền|https://thanhnien.vn/acecook-vn-buoc-di-lieu-linh-lam-nen-cuoc-cach-mang-cua-nhung-ly-mi-an-lien-post1466493.html|https://image.thanhnien.vn/150x100/Uploaded/2022/puqgfdmzs-co/2022_06_07/acecook-3-7963.jpg|Với việc cho ra mắt dòng sản phẩm dinh dưỡng chuyên nghiệp được tư vấn từ chuyên gia: mì ly thể thao SPORT+ ACTIVE, Acecook Việt Nam đã tạo ra một bước đi ngoạn mục thay đổi hoàn toàn những gì chúng ta từng nghĩ về món ăn này.|kinh tế|thanhnien.vn|08:00 08/06/2022
‘Bệ phóng’ hạ tầng đưa bất động sản Hưng Yên ‘cất cánh’|https://thanhnien.vn/be-phong-ha-tang-dua-bat-dong-san-hung-yen-cat-canh-post1466466.html|https://image.thanhnien.vn/150x100/Uploaded/2022/qxwpth-zl/2022_06_07/image1-8941.jpeg|Hạ tầng - nhân tố quan trọng giúp T&T Phố Nối - Hưng Yên trở thành khu đô thị hai mặt tiền, nhân đôi tiềm năng gia tăng giá trị vượt bậc và là tâm điểm đón sóng đầu tư.|kinh tế|thanhnien.vn|08:00 08/06/2022
Nhà máy xi măng 5.000 tỉ đồng bỏ hoang 13 năm|https://thanhnien.vn/nha-may-xi-mang-5-000-ti-dong-bo-hoang-13-nam-post1466522.html|https://image.thanhnien.vn/150x100/Uploaded/2022/fsmim/2022_06_07/anhbaichinh-6792.jpg|Sau khi khởi công xây dựng được khu nhà hành chính 2 tầng, tường rào bao quanh và san lấp gần 40 ha mặt bằng thì dự án Nhà máy xi măng Phú Sơn (xã Phú Sơn, H.Nho Quan, Ninh Bình) giậm chân tại chỗ, bỏ hoang từ năm 2009 đến nay.|kinh tế|thanhnien.vn|07:54 08/06/2022
Có nên áp thuế xuất khẩu phân bón?|https://thanhnien.vn/co-nen-ap-thue-xuat-khau-phan-bon-post1466567.html|https://image.thanhnien.vn/150x100/Uploaded/2022/wpxlcqjwq/2022_06_07/phan-bon-7256.jpg|Theo TS Phùng Hà, Tổng thư ký Hiệp hội Phân bón VN, giá phân bón bắt đầu tăng phi mã từ năm 2020 và đây là đợt tăng giá mạnh nhất trong vòng 50 năm qua.|kinh tế|thanhnien.vn|06:55 08/06/2022
Dự án BĐS tốt, chủ đầu tư uy tín vẫn cho vay bình thường|https://thanhnien.vn/du-an-bds-tot-chu-dau-tu-uy-tin-van-cho-vay-binh-thuong-post1466571.html|https://image.thanhnien.vn/150x100/Uploaded/2022/wpxlcqjwq/2022_06_08/bat-dong-san-tp-451.jpg|Đó là khẳng định của lãnh đạo Ngân hàng Nhà nước cũng như nhiều ngân hàng lớn tại tọa đàm “Khơi thông nguồn vốn cho thị trường bất động sản” do Báo Thanh Niên phối hợp Viện Kinh tế xanh tổ chức sáng qua (7.6) tại TP.HCM.|kinh tế|thanhnien.vn|06:54 08/06/2022
Hơn 200 hãng hàng không quy tụ bàn chuyện nối đường bay|https://thanhnien.vn/hon-200-hang-hang-khong-quy-tu-ban-chuyen-noi-duong-bay-post1466201.html|https://image.thanhnien.vn/150x100/Uploaded/2022/pwivoviu/2022_06_06/air-6846.jpg|Ngày 6.6, tại TP.Đà Nẵng đã khai mạc Diễn đàn phát triển đường bay châu Á 2022 (Routes Asia), quy tụ hơn 500 đại biểu đại diện hơn 200 hãng hàng không, sân bay, nhà cung ứng dịch vụ của 42 quốc gia và vùng lãnh thổ.|kinh tế|thanhnien.vn|23:35 07/06/2022
Dettol đồng hành cùng Bệnh viện Đại học Y dược TP.HCM hưởng ứng Ngày vệ sinh tay|https://thanhnien.vn/dettol-dong-hanh-cung-benh-vien-dai-hoc-y-duoc-tp-hcm-huong-ung-ngay-ve-sinh-tay-post1466544.html|https://image.thanhnien.vn/150x100/Uploaded/2022/xqeioxrkxq/2022_06_09/anh-8252.jpg|Ngày 7.6, dung dịch diệt khuẩn Dettol - thương hiệu có bề dày lịch sử gần 90 năm của tập đoàn Reckitt (Anh quốc) - đã tham gia hưởng ứng Ngày vệ sinh tay thế giới  ( World Hand Hygiene Day) do Bệnh viện Đại học Y dược TP.HCM tổ chức.|kinh tế|thanhnien.vn|20:39 07/06/2022
Sớm khởi công dự án cao tốc Gia Nghĩa - Chơn Thành|https://thanhnien.vn/som-khoi-cong-du-an-cao-toc-gia-nghia-chon-thanh-post1466468.html|https://image.thanhnien.vn/150x100/Uploaded/2022/shtcplu/2022_06_05/h-dung-cao-toc-lien-khuong-prenn-5585.jpg|Thủ tướng Chính phủ yêu cầu Bộ GT-VT kịp thời giải quyết kiến nghị, đẩy nhanh thủ tục để Dự án cao tốc Đắk Nông - Bình Phước khởi công trong thời gian sớm nhất, hoàn thành trong năm 2025.|kinh tế|thanhnien.vn|20:09 07/06/2022
Các ngân hàng tại TP.HCM cơ cấu nợ, giảm lãi suất trên 3 triệu tỉ đồng|https://thanhnien.vn/cac-ngan-hang-tai-tp-hcm-co-cau-no-giam-lai-suat-tren-3-trieu-ti-dong-post1466519.html|https://image.thanhnien.vn/150x100/Uploaded/2022/cqjwqgdjw/2022_03_16/cnt05417-649.jpg|Theo Ngân hàng Nhà nước chi nhánh TP.HCM, tổng giá trị dư nợ của các tổ chức tín dụng trên địa bàn được hỗ trợ đạt trên 3 triệu tỉ đồng trong vòng 2 năm qua, cho gần 2 triệu lượt khách hàng.|kinh tế|thanhnien.vn|20:07 07/06/2022
Ngân hàng Nhà nước chưa bao giờ chỉ đạo 'siết', 'thắt' tín dụng bất động sản|https://thanhnien.vn/ngan-hang-nha-nuoc-chua-bao-gio-chi-dao-siet-that-tin-dung-bat-dong-san-post1466486.html|https://image.thanhnien.vn/150x100/Uploaded/2022/cqjwqgdjw/2022_06_07/800ae96f-1a61-4b12-9b3c-785217927fff-2883.jpeg|Đó là khẳng định của lãnh đạo Ngân hàng Nhà nước (NHNN) tại tọa đàm “Khơi thông nguồn vốn cho thị trường bất động sản” do Báo Thanh Niên và Viện Kinh tế xanh phối hợp tổ chức ngày 7.6.|kinh tế|thanhnien.vn|20:06 07/06/2022
‘Nước nông nghiệp lại lệ thuộc nguyên liệu thức ăn chăn nuôi, tôi rất áy náy’|https://thanhnien.vn/nuoc-nong-nghiep-lai-le-thuoc-nguyen-lieu-thuc-an-chan-nuoi-toi-rat-ay-nay-post1466531.html|https://image.thanhnien.vn/150x100/Uploaded/2022/wohuohb/2022_06_07/leminhhoan1-1584.jpg|"""Chúng ta là một quốc gia nông nghiệp mà lại lệ thuộc vào nguyên liệu thức ăn chăn nuôi, thức ăn thủy sản. Báo cáo với Quốc hội, tôi rất áy náy"""|kinh tế|thanhnien.vn|20:04 07/06/2022
Ông Simon Lin: Huawei góp phần phát triển nền kinh tế số châu Á - Thái Bình Dương|https://thanhnien.vn/ong-simon-lin-huawei-gop-phan-phat-trien-nen-kinh-te-so-chau-a-thai-binh-duong-post1466523.html|https://image.thanhnien.vn/150x100/Uploaded/2022/puqgfdmzs-co/2022_06_07/1-simon-lin-8081.jpg|Với nhiều hoạt động kinh doanh được nối lại trên toàn khu vực, Quỹ Tiền tệ Quốc tế dự báo GDP của châu Á - Thái Bình Dương sẽ tăng 4,9% trong năm nay. Tuy nhiên, dự báo đó chỉ có thể trở thành hiện thực nếu các doanh nghiệp trong khu vực tự đổi mới cho nền kinh tế số đầu tiên.|kinh tế|thanhnien.vn|20:00 07/06/2022
NSH Petro đóng góp ngân sách cho nhiều tỉnh thành|https://thanhnien.vn/nsh-petro-dong-gop-ngan-sach-cho-nhieu-tinh-thanh-post1466453.html|https://image.thanhnien.vn/150x100/Uploaded/2022/qxwpth-zl/2022_06_07/anh-2-1218.jpg|NSH Petro đã và đang tích cực đóng góp nguồn thu ngân sách nhà nước cho nhiều tỉnh thành.|kinh tế|thanhnien.vn|15:53 07/06/2022
Chọn chủ đầu tư uy tín để cho vay|https://thanhnien.vn/chon-chu-dau-tu-uy-tin-de-cho-vay-post1466428.html|https://image.thanhnien.vn/150x100/Uploaded/2022/kpuozvu/2022_06_07/bidv-6872.jpg|Những dự án của chủ đầu tư uy tín, có vị trí tốt cũng sẽ được ngân hàng cho vay. Đó là khẳng định của ông Trần Phương, Phó tổng giám đốc Ngân hàng BIDV tại buổi tọa đàm “Khơi thông nguồn vốn cho thị trường bất động sản” do Báo Thanh Niên tổ chức vào sáng 7.6.|kinh tế|thanhnien.vn|15:07 07/06/2022
‘Ngân hàng bảo cho vay bình thường nhưng doanh nghiệp thấy không bình thường chút nào’|https://thanhnien.vn/ngan-hang-bao-cho-vay-binh-thuong-nhung-doanh-nghiep-thay-khong-binh-thuong-chut-nao-post1466422.html|https://image.thanhnien.vn/150x100/Uploaded/2022/jopuohu/2022_06_07/img-5818-6484.jpg|"Đó là tâm tư của Ông Nguyễn Minh Nhật, Tổng Giám đốc Vạn Xuân Group tại tọa đàm ""Khơi thông nguồn vốn cho thị trường bất động sản"", do Báo Thanh Niên tổ chức ngày 7.6."|kinh tế|thanhnien.vn|14:36 07/06/2022
'Thuốc trừ sâu' làm từ rượu, tỏi, ớt tiếp sức vải xuất khẩu đi Mỹ, Nhật Bản|https://thanhnien.vn/thuoc-tru-sau-lam-tu-ruou-toi-ot-tiep-suc-vai-xuat-khau-di-my-nhat-ban-post1466390.html|https://image.thanhnien.vn/150x100/Uploaded/2022/wohuohb/2022_06_07/bacgiang-5136.jpg|Chế phẩm sinh học làm từ rượu, tỏi, ớt được ví như 'thuốc trừ sâu' đặc trị loại bỏ sâu đục cuống giúp quả vải vượt qua nhiều bài kiểm tra khắt khe để xuất khẩu vào thị trường khó tính như Nhật Bản, Mỹ và EU.|kinh tế|thanhnien.vn|14:12 07/06/2022
Sau một năm 'siết' tín dụng bất động sản, doanh số bán nhà Trung Quốc giảm 49%|https://thanhnien.vn/sau-mot-nam-siet-tin-dung-bat-dong-san-doanh-so-ban-nha-trung-quoc-giam-49-post1466409.html|https://image.thanhnien.vn/150x100/Uploaded/2022/ohununh/2022_06_07/14b31ebd0b57cb099246-9031.jpg|Đến tháng 4.2022, doanh số bán nhà của Trung Quốc giảm đến 49% so cùng kỳ năm ngoái từ chính sách “siết” tín dụng bất động sản.|kinh tế|thanhnien.vn|13:54 07/06/2022
Tây Ninh: Hỗ trợ lãi suất vay vốn để “lột xác” xe buýt công cộng|https://thanhnien.vn/tay-ninh-ho-tro-lai-suat-vay-von-de-lot-xac-xe-buyt-cong-cong-post1466341.html|https://image.thanhnien.vn/150x100/Uploaded/2022/xpcwvoko/2021_10_06/xe-khach-3-7347.jpeg|Tây Ninh hiện có 7 tuyến xe buýt công cộng do các doanh nghiệp, hợp tác xã tự đầu tư đang hoạt động với khoảng 85 xe các loại, tuy nhiên đa số phương tiện có thời gian sử dụng 12 - 18 năm đã quá cũ.|kinh tế|thanhnien.vn|13:49 07/06/2022
VietCredit ra mắt chính sách ưu đãi cho khách có lịch sử tín dụng tốt|https://thanhnien.vn/vietcredit-ra-mat-chinh-sach-uu-dai-cho-khach-co-lich-su-tin-dung-tot-post1466406.html|https://image.thanhnien.vn/150x100/Uploaded/2022/bfznsfyr-bn/2022_06_06/vietcredit-2-2703.jpg|Từ ngày 6.6.2022, các khách hàng có lịch sử tín dụng tốt có thể sở hữu thẻ tín dụng nội địa VietCredit nhanh chóng với nhiều chính sách ưu đãi.|kinh tế|thanhnien.vn|13:33 07/06/2022
Giải đấu các Hội Golf miền Trung 2022 - TNL2022|https://thanhnien.vn/giai-dau-cac-hoi-golf-mien-trung-2022-tnl2022-post1466313.html|https://image.thanhnien.vn/150x100/Uploaded/2022/qxwpth-zl/2022_06_07/image1-2065.png|Giải đấu các Hội Golf miền Trung 2022 - TNL 2022 diễn ra vào ngày 10-11.6.2022 tại Ba Na Hills Golf Club. Giải đấu được tổ chức nhằm thúc đẩy phong trào thể thao, Golf tại các tỉnh miền Trung. Qua đó thúc đẩy kinh tế, văn hóa, giao lưu giữa các địa phương với nhau.|kinh tế|thanhnien.vn|13:00 07/06/2022
Giải đấu các Hội Golf miền Trung 2022 - TNL2022|https://thanhnien.vn/giai-dau-cac-hoi-golf-mien-trung-2022-tnl2022-post1466313.html|https://image.thanhnien.vn/150x100/Uploaded/2022/qxwpth-zl/2022_06_07/image1-2065.png|Giải đấu các Hội Golf miền Trung 2022 - TNL 2022 diễn ra vào ngày 10-11.6.2022 tại Ba Na Hills Golf Club. Giải đấu được tổ chức nhằm thúc đẩy phong trào thể thao, Golf tại các tỉnh miền Trung. Qua đó thúc đẩy kinh tế, văn hóa, giao lưu giữa các địa phương với nhau.|kinh tế|thanhnien.vn|13:00 07/06/2022
Đất nền ven biển Quy Nhơn sôi động nhờ “sóng” du lịch|https://thanhnien.vn/dat-nen-ven-bien-quy-nhon-soi-dong-nho-song-du-lich-post1466309.html|https://image.thanhnien.vn/150x100/Uploaded/2022/qxwpth-zl/2022_06_07/new-city-4-1875.jpeg|Sức nóng của ngành du lịch đang lan tỏa và tạo hấp lực cho các sản phẩm bất động sản biển, đặc biệt là đất nền ven biển Quy Nhơn.|kinh tế|thanhnien.vn|13:00 07/06/2022
Người trẻ có thể mua nhà với vốn chỉ từ 500.000 - 1 triệu đồng|https://thanhnien.vn/nguoi-tre-co-the-mua-nha-voi-von-chi-tu-500-000-1-trieu-dong-post1466328.html|https://image.thanhnien.vn/150x100/Uploaded/2022/rfnmf/2022_06_07/a-huong-7087.jpg|Không cho vay tràn lan, Ngân hàng thương mại cổ phần Phương Đông (OCB) nhắm vào một đối tượng cụ thể như một cách thức khác của việc khơi thông nguồn vốn vào thị trường bất động sản (BĐS). |kinh tế|thanhnien.vn|11:33 07/06/2022
Đầu tư bất động sản đúng đắn sẽ tạo sức bật phục hồi kinh tế|https://thanhnien.vn/dau-tu-bat-dong-san-dung-dan-se-tao-suc-bat-phuc-hoi-kinh-te-post1466318.html|https://image.thanhnien.vn/150x100/Uploaded/2022/jopuohu/2022_06_07/img-5817-7684.jpg|Cần có sự đầu tư vốn dài hạn để thị trường phát triển bền vững và có tính sáng tạo hơn. Đầu tư 1 đồng vốn đúng đắn sẽ tạo ra sức bật cho nền kinh tế là quan điểm của chuyên gia kinh tế Huỳnh Phước Nghĩa, Trường ĐH Kinh tế TP.HCM.|kinh tế|thanhnien.vn|11:32 07/06/2022
Dự án hiệu quả, chủ đầu tư uy tín được ưu tiên cho vay|https://thanhnien.vn/du-an-hieu-qua-chu-dau-tu-uy-tin-duoc-uu-tien-cho-vay-post1466315.html|https://image.thanhnien.vn/150x100/Uploaded/2022/vjryqdxwp/2022_06_07/vinh-vietinbank-7531.jpg|"Đó là khẳng định của lãnh đạo Ngân hàng TMCP Công thương Việt Nam (Vietinbank) tại tọa đàm ""Khơi thông nguồn vốn cho thị trường bất động sản"" do Báo Thanh Niên tổ chức sáng 7.6. "|kinh tế|thanhnien.vn|11:27 07/06/2022
Các dự án đảm bảo pháp lý cần phải được cho vay|https://thanhnien.vn/cac-du-an-dam-bao-phap-ly-can-phai-duoc-cho-vay-post1466303.html|https://image.thanhnien.vn/150x100/Uploaded/2022/aobhuax/2022_06_07/lsnguyenvanhau-9319.jpg|Theo luật sư Nguyễn Văn Hậu - Ủy viên Thường vụ Liên đoàn Luật sư Việt Nam, Phó chủ nhiệm Đoàn Luật sư TP.HCM, đối với các dự án đảm bảo pháp lý, có căn cứ sẽ bán được hàng thì các ngân hàng bắt buộc phải tiến hành cho vay, tránh những hệ lụy xấu cho nền kinh tế. |kinh tế|thanhnien.vn|10:28 07/06/2022
Ổn định thị trường bất động sản trong nước để đón 'đại bàng vàng' về làm tổ|https://thanhnien.vn/on-dinh-thi-truong-bat-dong-san-trong-nuoc-de-don-dai-bang-vang-ve-lam-to-post1466295.html|https://image.thanhnien.vn/150x100/Uploaded/2022/kpuozvu/2022_06_07/le-thanh-125.jpg|Không chỉ khơi thông nguồn vốn trong nước, mà cần khơi thông nguồn vốn từ các nhà đầu tư nước ngoài. Đó là sáng kiến của ông Lê Thành, Chủ tịch Hội đồng sáng lập Viện Kinh tế xanh tại buổi tọa đàm “Khơi thông nguồn vốn cho thị trường bất động sản” do Báo Thanh Niên phối hợp với Viện Kinh tế xanh tổ chức vào sáng 7.6.|kinh tế|thanhnien.vn|10:21 07/06/2022
Xuất hiện tâm lý fomo trên thị trường bất động sản Bình Châu - Hồ Tràm|https://thanhnien.vn/xuat-hien-tam-ly-fomo-tren-thi-truong-bat-dong-san-binh-chau-ho-tram-post1466133.html|https://image.thanhnien.vn/150x100/Uploaded/2022/bfznsfyr-bn/2022_06_06/venezia-beach-1-6602.png|Trong bức tranh tổng thể của Bình Châu - Hồ Tràm, năm 2022 chính là thời kỳ đầu của thị trường BĐS khi vừa là khởi điểm của quy hoạch thủ phủ du lịch chất lượng cao - khởi điểm xu hướng wellness - khởi điểm phục hồi du lịch và BĐS biển - khởi điểm của các công trình giao thông.|kinh tế|thanhnien.vn|10:00 07/06/2022
Cắt nguồn tín dụng, doanh nghiệp bất động sản có thể sẽ 'tắc thở'|https://thanhnien.vn/cat-nguon-tin-dung-doanh-nghiep-bat-dong-san-co-the-se-tac-tho-post1466283.html|https://image.thanhnien.vn/150x100/Uploaded/2022/rfnmf/2022_06_07/le-hoang-chau-9391.jpg|Đó là cảnh báo được ông Lê Hoàng Châu, Chủ tịch Hiệp hội Bất động sản TP.HCM (HoREA) đề cập tại tọa đàm “Khơi thông nguồn vốn cho thị trường bất động sản” do Báo Thanh Niên tổ chức vào sáng nay 7.6.|kinh tế|thanhnien.vn|09:41 07/06/2022
Giá xăng dầu hôm nay 7.6.2022: Mất mốc 120 USD/thùng, đà tăng chững lại|https://thanhnien.vn/gia-xang-dau-hom-nay-7-6-2022-mat-moc-120-usd-thung-da-tang-chung-lai-post1466284.html|https://image.thanhnien.vn/150x100/Uploaded/2022/ohununh/2022_06_01/25aa2b66ee5a2e04774b-1538.jpg|Giá dầu thế giới sáng nay giảm sau phiên giao dịch đầy biến động do Ả Rập Xê Út bất ngờ tăng giá bán dầu sang thị trường châu Á.|kinh tế|thanhnien.vn|09:39 07/06/2022
Giá USD hôm nay 7.6.2022: Đi ngang trong ngân hàng lẫn thị trường tự do|https://thanhnien.vn/gia-usd-hom-nay-7-6-2022-di-ngang-trong-ngan-hang-lan-thi-truong-tu-do-post1466250.html|https://image.thanhnien.vn/150x100/Uploaded/2022/vjryqdxwp/2021_06_15/usd_anhngocthang51_pvul_zelr_xzjl.jpg|Giá USD sáng 7.6 từ ngân hàng đến thị trường tự do đi ngang hay giảm nhẹ dù thế giới có xu hướng nhích nhẹ. |kinh tế|thanhnien.vn|09:19 07/06/2022
Hạn chế rủi ro nhưng phải tạo cơ hội để thị trường bất động sản phát triển|https://thanhnien.vn/han-che-rui-ro-nhung-phai-tao-co-hoi-de-thi-truong-bat-dong-san-phat-trien-post1466249.html|https://image.thanhnien.vn/150x100/Uploaded/2022/vjryqdxwp/2022_06_07/a-toan-7647.jpg|"Sáng 7.6, Báo Thanh Niên cùng Viện Kinh tế Xanh tổ chức tọa đàm ""Khơi thông nguồn vốn cho thị trường bất động sản"" với sự tham gia của nhiều chuyên gia, Ngân hàng Nhà nước và các ngân hàng thương mại cùng doanh nghiệp. "|kinh tế|thanhnien.vn|09:18 07/06/2022
Giá vàng hôm nay 7.6.2022: Vàng SJC cao hơn thế giới lên 18 triệu đồng/lượng|https://thanhnien.vn/gia-vang-hom-nay-7-6-2022-vang-sjc-cao-hon-the-gioi-len-18-trieu-dong-luong-post1466269.html|https://image.thanhnien.vn/150x100/Uploaded/2022/cqjwqgdjw/2022_03_09/sjc-2-472.jpg|Giá vàng trong nước ngày 7.6 giảm “nhỏ giọt” trước đà sụt giảm mạnh của thế giới khiến kim loại quý SJC cao hơn thế giới lên 18 triệu đồng/lượng sau gần 1 tháng về sát mức 17 triệu đồng/lượng.|kinh tế|thanhnien.vn|08:47 07/06/2022
Livestream Khơi thông nguồn vốn cho thị trường bất động sản|https://thanhnien.vn/khoi-thong-nguon-von-cho-thi-truong-bat-dong-san-post1465875.html|https://image.thanhnien.vn/150x100/Uploaded/2022/bqmvlcvo/2022_06_07/img-0959-376.jpg|Ở thời điểm hiện tại, vấn đề gây lo ngại, bức xúc và tác động lớn nhất đến nền kinh tế chính là việc siết tín dụng của hệ thống ngân hàng (NH) đối với hồ sơ vay của doanh nghiệp (DN), người dân có nhu cầu.|kinh tế|thanhnien.vn|08:19 07/06/2022
GoCar XL Protect: 3 lớp an toàn, 7 chỗ rộng rãi|https://thanhnien.vn/gocar-xl-protect-3-lop-an-toan-7-cho-rong-rai-post1466124.html|https://image.thanhnien.vn/150x100/Uploaded/2022/bfznsfyr-bn/2022_06_06/gocar-1-6450.jpg|Đến giờ ăn trưa, mọi người đã rục rịch đứng lên nhưng chị Hoàng Oanh - “mama tổng quản” của phòng kinh doanh không phải tất bật đặt 2 xe 4 chỗ cho mọi người như trước đây. Thay vào đó, một chuyến GoCar XL Protect là vừa đủ cho 7 thành viên trong phòng đi ăn trưa, đảm bảo cả nhóm “đi đến nơi, về đến chốn” không phải chờ đợi nhau”.|kinh tế|thanhnien.vn|08:00 07/06/2022
Giá tăng, người tiêu dùng thắt lưng buộc bụng|https://thanhnien.vn/gia-tang-nguoi-tieu-dung-that-lung-buoc-bung-post1466202.html|https://image.thanhnien.vn/150x100/Uploaded/2022/pwivoviu/2022_06_06/551352-anh-1-doc-lap-7292.jpg|Giá xăng lập đỉnh mới, tô bún bò, ổ bánh mì, chai dầu ăn... đều liên tục tăng giá khiến nhiều hộ gia đình phải thắt chặt chi tiêu.|kinh tế|thanhnien.vn|06:32 07/06/2022
Giá tăng, người tiêu dùng thắt lưng buộc bụng|https://thanhnien.vn/gia-tang-nguoi-tieu-dung-that-lung-buoc-bung-post1466202.html|https://image.thanhnien.vn/150x100/Uploaded/2022/pwivoviu/2022_06_06/551352-anh-1-doc-lap-7292.jpg|Giá xăng lập đỉnh mới, tô bún bò, ổ bánh mì, chai dầu ăn... đều liên tục tăng giá khiến nhiều hộ gia đình phải thắt chặt chi tiêu.|kinh tế|thanhnien.vn|06:32 07/06/2022
AVAKids lần đầu tiên trao tặng quỹ lớn cho trẻ em hở hàm ếch qua Operation Smile|https://thanhnien.vn/avakids-lan-dau-tien-trao-tang-quy-lon-cho-tre-em-ho-ham-ech-qua-operation-smile-post1466070.html|https://image.thanhnien.vn/150x100/Uploaded/2022/puqgfdmzs-co/2022_06_06/1-hoa-hau-huong-giang-dai-dien-quy-operation-smile-6588.jpg|Theo tổ chức phi chính phủ Operation Smile, với 550 suất phẫu thuật mổ hàm ếch cho trẻ em, AVAKids trở thành doanh nghiệp Việt Nam đầu tiên trao một số tiền lớn để hỗ trợ các trẻ em bị dị tật bẩm sinh trong lịch sử 33 năm hoạt động của tổ chức tại đây.|kinh tế|thanhnien.vn|20:00 06/06/2022
SCC khai trương nhà mẫu Salto Residence|https://thanhnien.vn/scc-khai-truong-nha-mau-salto-residence-post1466109.html|https://image.thanhnien.vn/150x100/Uploaded/2022/bfznsfyr-bn/2022_06_06/qol03287-r-7621.jpg|Sáng ngày 5.6.2022, Công ty cổ phần Xây dựng Sài Gòn (SCC) - chủ đầu tư dự án căn hộ cao cấp Salto Residence đã khai trương nhà mẫu Salto Residence tại Khu đô thị PhoDong Village.|kinh tế|thanhnien.vn|19:00 06/06/2022
Facebook, Google, Microsoft nộp bao nhiêu tiền thuế cho Việt Nam?|https://thanhnien.vn/facebook-google-microsoft-nop-bao-nhieu-tien-thue-cho-viet-nam-post1466099.html|https://image.thanhnien.vn/150x100/Uploaded/2022/dagtba/2022_06_06/facebook-enhances-ai-used-to-describe-ph-6008bf37fb74df5fefe88c3c-1-jan-22-2021-24-16-08-poster-7268.jpg|Bộ Tài chính vừa có báo cáo gửi tới Quốc hội về tình hình quản lý thu thuế đối với hàng hóa, dịch vụ xuyên biên giới, đặc biệt là các tập đoàn lớn sở hữu thương hiệu Facebook, Google...|kinh tế|thanhnien.vn|17:34 06/06/2022
Mỹ khởi động tài trợ Việt Nam dự án năng lượng sạch trị giá 36 triệu USD|https://thanhnien.vn/my-khoi-dong-tai-tro-viet-nam-du-an-nang-luong-sach-tri-gia-36-trieu-usd-post1466082.html|https://image.thanhnien.vn/150x100/Uploaded/2022/ohununh/2022_06_06/48436809057-ae7c7392b8-4k-4553.jpg|Thông tin từ Tổng lãnh sự quán Mỹ tại TP.HCM cho biết, Cơ quan phát triển quốc tế Mỹ (USAID) vừa khởi động dự án năng lượng sạch do Mỹ tài trợ cho Việt Nam trị giá 36 triệu USD.|kinh tế|thanhnien.vn|17:23 06/06/2022
Quảng Nam tung nhiều gói trải nghiệm thú vị để kích cầu du lịch|https://thanhnien.vn/quang-nam-tung-nhieu-goi-trai-nghiem-thu-vi-de-kich-cau-du-lich-post1465920.html|https://image.thanhnien.vn/150x100/Uploaded/2022/lxwpcqjwp/2022_06_06/tin-tno-2117.jpg|Chương trình kích cầu được giới thiệu, cập nhật thường xuyên trên các kênh thông tin: Visit Quang Nam, quangnamtourism.com.vn , vhttdlqnam.gov.vn và các nền tảng mạng xã hội như Facebook, Zalo, Tiktok, Instagram…|kinh tế|thanhnien.vn|17:23 06/06/2022
Bộ trưởng Tài chính: Thao túng chứng khoán rất tinh vi, điển hình vụ FLC và Louis|https://thanhnien.vn/bo-truong-tai-chinh-thao-tung-chung-khoan-rat-tinh-vi-dien-hinh-vu-flc-va-louis-post1466093.html|https://image.thanhnien.vn/150x100/Uploaded/2022/dagtba/2022_06_06/hoducphoc-nghean1-kmjv-7792-1227.jpg|Bộ trưởng Bộ Tài chính Hồ Đức Phớc cho biết, trên thị trường chứng khoán xuất hiện các hiện tượng thao túng giá, làm giá ngày càng tinh vi. Nhiều mã chứng khoán được đẩy giá lên cao không gắn với tình hình hoạt động kinh doanh..., điển hình là vụ việc của FLC và Louis.|kinh tế|thanhnien.vn|17:21 06/06/2022
Đà Nẵng tung chuỗi hoạt động Lễ hội mùa hè hút khách nội địa|https://thanhnien.vn/da-nang-tung-chuoi-hoat-dong-le-hoi-mua-he-hut-khach-noi-dia-post1466086.html|https://image.thanhnien.vn/150x100/Uploaded/2022/vocgmvbc/2022_06_06/img-0010-9512.jpg|Chiều 6.6, Sở Du lịch TP.Đà Nẵng cùng Tập đoàn Sun Group tổ chức họp báo công bố chuỗi chương trình Lễ hội Mùa hè Đà Nẵng - Enjoy Danang Summer Festival 2022.|kinh tế|thanhnien.vn|17:21 06/06/2022
Giải mã 6 sức hút từ LUMIÈRE Boulevard|https://thanhnien.vn/giai-ma-6-suc-hut-tu-lumiere-boulevard-post1466045.html|https://image.thanhnien.vn/150x100/Uploaded/2022/puqgfdmzs-co/2022_06_06/1-lumiere-boulevard-4583.jpg|Ngay từ khi ra mắt thị trường, LUMIÈRE Boulevard đã tạo nên sức hút về một dự án xanh cao cấp với các chính sách bán hàng vượt trội từ nhà phát triển Masterise Homes.|kinh tế|thanhnien.vn|17:00 06/06/2022
Taiwan Excellence mang đến những đột phá công nghệ tại triển lãm ICTCOMM|https://thanhnien.vn/taiwan-excellence-mang-den-nhung-dot-pha-cong-nghe-tai-trien-lam-ictcomm-post1466051.html|https://image.thanhnien.vn/150x100/Uploaded/2022/puqgfdmzs-co/2022_06_06/1-icg-2515w-nr-99.jpg|Năm 2021, thế giới đã chứng kiến nhiều xu hướng công nghệ tăng tốc để đáp ứng cho “cuộc sống cùng Covid-19”. Bước vào năm 2022, những công nghệ này sẽ tiếp tục định hình lại cách chúng ta làm việc, sống và tương tác.|kinh tế|thanhnien.vn|15:33 06/06/2022
Lượng tìm kiếm về du lịch Việt Nam tăng nhanh thứ 4 trên thế giới|https://thanhnien.vn/luong-tim-kiem-ve-du-lich-viet-nam-tang-nhanh-thu-4-tren-the-gioi-post1465983.html|https://image.thanhnien.vn/150x100/Uploaded/2022/rfnmf/2022_06_06/khach-chau-au-tren-duong-pho-nha-trang-anh-nguyen-chung-1411.jpg|Thông tin vừa được Tổng cục Du lịch công bố sau khi tổng hợp dữ liệu từ công cụ theo dõi xu hướng thị trường của Google.|kinh tế|thanhnien.vn|15:17 06/06/2022
Sau vụ thao túng giá, cổ phiếu FLC, ROS tiếp tục nằm sàn bằng ly trà đá|https://thanhnien.vn/sau-vu-thao-tung-gia-co-phieu-flc-ros-tiep-tuc-nam-san-bang-ly-tra-da-post1466027.html|https://image.thanhnien.vn/150x100/Uploaded/2022/vjryqdxwp/2022_06_06/flc-ha-long-nghia-hieu-4101.jpg|"Nhóm cổ phiếu ""họ"" FLC tiếp tục bị bán tháo, rớt sàn trong phiên giao dịch đầu tuần và đã xuống giá thấp nhất từ trước đến nay. "|kinh tế|thanhnien.vn|15:14 06/06/2022
Thống đốc: Nợ xấu bất động sản 37.000 tỉ, thanh kiểm tra các hồ sơ tín dụng|https://thanhnien.vn/thong-doc-no-xau-bat-dong-san-37-000-ti-thanh-kiem-tra-cac-ho-so-tin-dung-post1466010.html|https://image.thanhnien.vn/150x100/Uploaded/2022/dagtba/2022_06_06/hong-8535.jpg|Thống đốc Ngân hàng Nhà nước Nguyễn Thị Hồng cho rằng, đầu tư kinh doanh bất động sản là lĩnh vực rủi ro với hoạt động ngân hàng. Vì vậy, một trong số các giải pháp là phải tăng cường thanh tra, tập trung vào các hồ sơ tín dụng lĩnh vực bất động sản của tổ chức tín dụng.|kinh tế|thanhnien.vn|13:57 06/06/2022
Điện máy Thiên Nam Hòa - đạp xe vì môi trường|https://thanhnien.vn/dien-may-thien-nam-hoa-dap-xe-vi-moi-truong-post1465951.html|https://image.thanhnien.vn/150x100/Uploaded/2022/puqgfdmzs-co/2022_06_06/thien-nam-hoa-1-3294.jpg|Hưởng ứng Ngày Xe đạp thế giới 3.6 và Ngày Môi trường thế giới 5.6, Điện máy Thiên Nam Hòa đã tổ chức hoạt động đạp xe đạp khắp các tuyến đường trung tâm trung tâm TP.HCM.|kinh tế|thanhnien.vn|12:00 06/06/2022
Bứt phá hậu Covid-19, F88 mở rộng thị trường, trở thành ‘người hàng xóm thân thiện’|https://thanhnien.vn/but-pha-hau-covid-19-f88-mo-rong-thi-truong-tro-thanh-nguoi-hang-xom-than-thien-post1465975.html|https://image.thanhnien.vn/150x100/Uploaded/2022/puqgfdmzs-co/2022_06_06/f88-1-4430.jpg|Dịch bệnh Covid-19 đã đẩy nhiều doanh nghiệp vào tình thế “thay đổi hay là chết”. F88 đã thể hiện sự linh hoạt, quyết đoán khi thay đổi định vị thương hiệu, trở thành chuỗi cửa hàng tài chính tiện ích. Và đi cùng sự thay đổi đó là màn “chào sân” đầy ấn tượng.|kinh tế|thanhnien.vn|12:00 06/06/2022
Thời của bảo hiểm dễ hiểu, thời của công nghệ thông minh|https://thanhnien.vn/thoi-cua-bao-hiem-de-hieu-thoi-cua-cong-nghe-thong-minh-post1465952.html|https://image.thanhnien.vn/150x100/Uploaded/2022/puqgfdmzs-co/2022_06_06/hinh-1-7964.png|Với sự bùng nổ của công nghệ số, bảo hiểm ngày càng phải đơn giản, dễ hiểu với những tiện ích số hóa hoàn toàn. Xu hướng này đang lan nhanh trên toàn cầu và thị trường bảo hiểm Việt Nam không thể đứng ngoài xu thế đó nếu không muốn tụt hậu.|kinh tế|thanhnien.vn|11:21 06/06/2022
Loạt hạ tầng tỉ đô ‘thổi lửa’ bất động sản Tân Uyên|https://thanhnien.vn/loat-ha-tang-ti-do-thoi-lua-bat-dong-san-tan-uyen-post1465686.html|https://image.thanhnien.vn/150x100/Uploaded/2022/puqgfdmzs-co/2022_06_05/42-7416.jpg|Cùng với đề án thành lập thành phố năm 2023, Tân Uyên đang được chính quyền tỉnh Bình Dương ráo riết đầu tư nâng cấp hệ thống hạ tầng giao thông và các tiện ích xã hội.|kinh tế|thanhnien.vn|10:00 06/06/2022
Tiêu thụ xi măng tăng nhờ hưởng lợi từ các dự án hạ tầng|https://thanhnien.vn/tieu-thu-xi-mang-tang-nho-huong-loi-tu-cac-du-an-ha-tang-post1465915.html|https://image.thanhnien.vn/150x100/Uploaded/2022/jopuohu/2022_04_19/nhamayximang-congtycpximangdienbien-anhngocthang10-mjjl-5944.jpg|Bất chấp 2 lần tăng giá, sản lượng tiêu thụ xi măng từ tháng 3 đến nay đang phục hồi mạnh nhờ tăng xuất khẩu và hưởng lợi từ các dự án đầu tư công.|kinh tế|thanhnien.vn|09:31 06/06/2022
Trâu bò rớt giá, người nuôi lỗ nặng|https://thanhnien.vn/trau-bo-rot-gia-nguoi-nuoi-lo-nang-post1465844.html|https://image.thanhnien.vn/150x100/Uploaded/2022/fsmim/2022_06_05/anhbaichinh6-6-7491.jpg|Giá trâu, bò thịt giảm mạnh trong khi giá thức ăn chăn nuôi lại tăng phi mã đang khiến người nuôi trâu bò ở Nghệ An thua lỗ nặng, phải bán đổ bán tháo để cắt lỗ.|kinh tế|thanhnien.vn|09:19 06/06/2022
Đầu tư 359,4 km cao tốc phía nam: 84.436 tỉ đồng lấy ở đâu?|https://thanhnien.vn/dau-tu-359-4-km-cao-toc-phia-nam-84-436-ti-dong-lay-o-dau-post1465910.html|https://image.thanhnien.vn/150x100/Uploaded/2022/dagtba/2022_06_06/thanh-2-5783.jpg|3 cao tốc Biên Hòa - Vũng Tàu, Khánh Hòa - Buôn Ma Thuột, Châu Đốc - Cần Thơ, Sóc Trăng có ý nghĩa quan trọng cho vùng kinh tế trọng điểm phía nam, song vốn đầu tư và tiến độ là bài toán đang được tính toán thận trọng.|kinh tế|thanhnien.vn|09:14 06/06/2022
Giá xăng dầu hôm nay 6.6.2022: Tiếp đà tăng, lên 121 USD/thùng|https://thanhnien.vn/gia-xang-dau-hom-nay-6-6-2022-tiep-da-tang-len-121-usd-thung-post1465903.html|https://image.thanhnien.vn/150x100/Uploaded/2022/ohununh/2022_01_22/pivot-oil-wells-on-the-plains-of-oklahoma-usa-anh-shutterstock-6291.jpg|Cả hai loại dầu thô WTI và Brent bắt đầu tuần mới tăng hơn 1,5%, tiếp đà tăng từ tuần trước.|kinh tế|thanhnien.vn|09:07 06/06/2022
Giá heo hơi hôm nay 6.6.2022: Cung dư thừa, sức mua yếu|https://thanhnien.vn/gia-heo-hoi-hom-nay-6-6-2022-cung-du-thua-suc-mua-yeu-post1465905.html|https://image.thanhnien.vn/150x100/Uploaded/2022/aobhuax/2022_06_03/thitheo36-983.jpeg|Giá heo hơi đang chịu sức ép lớn từ nguồn cung dư thừa trong khi tiêu thụ lại giảm, khiến giá thịt heo không thể tăng cao dù giá thức ăn chăn nuôi đã tăng gần gấp đôi.|kinh tế|thanhnien.vn|09:06 06/06/2022
Giá USD hôm nay 6.6.2022: Tự do lao dốc sáng đầu tuần|https://thanhnien.vn/gia-usd-hom-nay-6-6-2022-tu-do-lao-doc-sang-dau-tuan-post1465898.html|https://image.thanhnien.vn/150x100/Uploaded/2022/vjryqdxwp/2021_08_22/dolamoithang8cuangocthang_vudu.jpeg|Giá USD sáng 6.6 tiếp đà sụt giảm như những tuần qua khi tâm lý lo lắng trên thị trường dịu bớt. |kinh tế|thanhnien.vn|09:05 06/06/2022
Giá vàng hôm nay 6.6.2022: Giảm nhẹ đầu tuần|https://thanhnien.vn/gia-vang-hom-nay-6-6-2022-giam-nhe-dau-tuan-post1465909.html|https://image.thanhnien.vn/150x100/Uploaded/2022/cqjwqgdjw/2022_02_09/90a0873b-1310-4c7d-aa90-ac2d376983e7-1061.jpeg|Giá vàng vẫn chưa thể xác định được hướng đi mới, nhiều chuyên gia dự báo giá kim loại quý quốc tế dao động từ 1.800 - 1.900 USD/ounce (tương ứng 50,3 - 53,1 triệu đồng/lượng) trong thời gian tới.|kinh tế|thanhnien.vn|09:05 06/06/2022
Quảng Bình xin đầu tư PPP Nhà ga T2 sân bay Đồng Hới|https://thanhnien.vn/quang-binh-xin-dau-tu-ppp-nha-ga-t2-san-bay-dong-hoi-post1465907.html|https://image.thanhnien.vn/150x100/Uploaded/2022/sgozna/2022_06_06/6754cbbf-8a33-4719-88f1-2f1ae4f1e9a6-5482.jpeg|UBND tỉnh Quảng Bình vừa báo cáo Thủ tướng Chính phủ việc đầu tư Dự án Nhà ga hành khách T2, Cảng hàng không Đồng Hới.|kinh tế|thanhnien.vn|08:57 06/06/2022
Long An luôn là điểm đến hài lòng của nhà đầu tư thiện chí|https://thanhnien.vn/long-an-luon-la-diem-den-hai-long-cua-nha-dau-tu-thien-chi-post1465757.html|https://image.thanhnien.vn/150x100/Uploaded/2022/puqgfdmzs-co/2022_06_05/so-tt-tt-long-an-3689.jpg|Các nhà đầu tư thiện chí đến Long An chưa bao giờ thất vọng vì nơi đây hội đủ điều kiện thuận lợi để đầu tư, sản xuất, kinh doanh nghiêm túc.|kinh tế|thanhnien.vn|08:00 06/06/2022
Cơ hội để kinh tế Việt Nam trỗi dậy|https://thanhnien.vn/co-hoi-de-kinh-te-viet-nam-troi-day-post1465869.html|https://image.thanhnien.vn/150x100/Uploaded/2022/wpxlcqjwq/2022_06_06/thu-tuong-pham-minh-chinh-trao-doi-voi-cac-dai-bieu-du-dien-dan-kinh-te-viet-nam-lan-thu-tu-anh-ttxvn-5534.jpg|Đó là nhận định của nhiều chuyên gia tại Diễn đàn kinh tế VN lần thứ 4 được tổ chức lần đầu tiên tại TP.HCM với chủ đề “Xây dựng nền kinh tế độc lập, tự chủ gắn với hội nhập kinh tế sâu rộng trong tình hình mới”, do Ban Kinh tế T.Ư và Chính phủ đồng chủ trì tổ chức.|kinh tế|thanhnien.vn|06:18 06/06/2022
Thanh toán qua ngân hàng có 'siết' được kê khai 2 giá?|https://thanhnien.vn/thanh-toan-qua-ngan-hang-co-siet-duoc-ke-khai-2-gia-post1465870.html|https://image.thanhnien.vn/150x100/Uploaded/2022/wpxlcqjwq/2022_06_06/can-sua-luat-khi-xac-dinh-gia-tinh-thue-bat-dong-san-988.jpg|Bộ Tài chính mới đây kiến nghị bổ sung quy định chuyển nhượng bất động sản phải thanh toán qua ngân hàng để kiểm soát giao dịch, quản lý thuế.|kinh tế|thanhnien.vn|06:17 06/06/2022
Đại hội cổ đông thường niên Hưng Thịnh Incons đồng thuận mục tiêu tăng trưởng|https://thanhnien.vn/dai-hoi-co-dong-thuong-nien-hung-thinh-incons-dong-thuan-muc-tieu-tang-truong-post1465828.html|https://image.thanhnien.vn/150x100/Uploaded/2022/puqgfdmzs-co/2022_06_05/1-ong-nguyen-dinh-trung-3753.jpg|Sáng ngày 5.6.2022 tại TP.HCM, Công ty Cổ phần Hưng Thịnh Incons (MCK: HTN - HOSE) tổ chức thành công Đại hội đồng cổ đông (ĐHĐCĐ) thường niên 2022 với sự tham dự của 146 cổ đông sở hữu 77.802.946 cổ phần, tương đương 87,3% tổng số cổ phần có quyền biểu quyết của công ty.|kinh tế|thanhnien.vn|20:42 05/06/2022
Đắk Nông muốn quy hoạch sân bay Nhân Cơ, Bộ GTVT nói gì?|https://thanhnien.vn/dak-nong-muon-quy-hoach-san-bay-nhan-co-bo-gtvt-noi-gi-post1465788.html|https://image.thanhnien.vn/150x100/Uploaded/2022/sgozna/2022_03_16/1-chuyen-bay-ha-canh-tai-tan-son-nhat-8393.jpg|Bộ GTVT cho rằng, sân bay Nhân Cơ (Đắk Nông) nên được quy hoạch như sân bay chuyên dùng.|kinh tế|thanhnien.vn|17:03 05/06/2022
Đề xuất bổ sung thêm trạm xe đạp công cộng tại Hà Nội|https://thanhnien.vn/de-xuat-bo-sung-them-tram-xe-dap-cong-cong-tai-ha-noi-post1465782.html|https://image.thanhnien.vn/150x100/Uploaded/2022/sgozna/2022_06_05/xe-dap-cong-cong1-8564-5790-3994.jpeg|UBND Q.Đống Đa vừa đề nghị Sở Giao thông Vận tải TP.Hà Nội xem xét, bổ sung 12 điểm đặt trạm xe đạp công cộng, nhằm tăng tính kết nối các phương thức vận tải công cộng trên địa bàn. |kinh tế|thanhnien.vn|16:12 05/06/2022
Thành lập Ban quản lý dự án để thúc tiến độ cao tốc Tân Phú- Bảo Lộc|https://thanhnien.vn/thanh-lap-ban-quan-ly-du-an-de-thuc-tien-do-cao-toc-tan-phu-bao-loc-post1465775.html|https://image.thanhnien.vn/150x100/Uploaded/2022/shtcplu/2022_06_05/h-dung-cao-toc-lien-khuong-prenn-5585.jpg|Tỉnh Lâm Đồng thành lập Ban Quản lý dự án giao thông trực thuộc tỉnh để đẩy nhanh tiến độ thực hiện các đường cao tốc Tân Phú- Bảo Lộc và Bảo Lộc- Liên Khương.|kinh tế|thanhnien.vn|15:45 05/06/2022
Giá cua ghẹ tăng do xuất khẩu sang Trung Quốc phục hồi|https://thanhnien.vn/gia-cua-ghe-tang-do-xuat-khau-sang-trung-quoc-phuc-hoi-post1465745.html|https://image.thanhnien.vn/150x100/Uploaded/2022/jopuohu/2022_06_05/1-vrsu-5127.jpg|Giá cua ghẹ trong nước đang duy trì mức cao, một trong những nguyên nhân là do xuất khẩu thuận lợi, đặc biệt thị trường Trung Quốc phục hồi mạnh mẽ.|kinh tế|thanhnien.vn|15:05 05/06/2022
Tự doanh mua vào những cổ phiếu nào trong tuần qua?|https://thanhnien.vn/tu-doanh-mua-vao-nhung-co-phieu-nao-trong-tuan-qua-post1465763.html|https://image.thanhnien.vn/150x100/Uploaded/2022/vjryqdxwp/2021_10_27/ck-12-3-moi-size-nho-dnt-6420.jpeg|Khối tự doanh của các công ty chứng khoán vẫn duy trì lượng mua ròng trong tuần dù giá trị giảm so với trước.|kinh tế|thanhnien.vn|15:04 05/06/2022
Ngạt thở vì ô nhiễm tại ‘thủ phủ' phế liệu miền Bắc|https://thanhnien.vn/ngat-tho-vi-o-nhiem-tai-thu-phu-phe-lieu-mien-bac-post1465691.html|https://image.thanhnien.vn/150x100/Uploaded/2022/dagtba/2022_06_05/anh-6-8496.jpg|Nhiều năm trở lại dân thôn Xà Cầu, nơi được biết đến với cái tên “làng thu gom, tái chế rác thải nhựa”, bên cạnh nghề làm tăm hương truyền thống phải đối mặt với tình trạng ô nhiễm môi trường trầm trọng.|kinh tế|thanhnien.vn|14:34 05/06/2022
Mùa 'vàng trắng' ở Tây Bắc|https://thanhnien.vn/mua-vang-trang-o-tay-bac-post1465699.html|https://image.thanhnien.vn/150x100/Uploaded/2022/kpuowob/2022_06_05/cao-su-o-tay-bac-vrg-6-4983.jpg|Sau 15 năm thực hiện chủ trương của Trung ương về việc đưa cây cao su lên miền núi Tây Bắc, đến nay hàng chục ngàn hec ta cao su do VRG chủ trì đầu tư đã cho khai thác mủ với năng suất tốt.|kinh tế|thanhnien.vn|12:07 05/06/2022
Giá bất động sản liên tục tăng trong và sau đại dịch Covid-19|https://thanhnien.vn/gia-bat-dong-san-lien-tuc-tang-trong-va-sau-dai-dich-covid-19-post1465707.html|https://image.thanhnien.vn/150x100/Uploaded/2022/ohununh/2022_06_05/6e2f0b95f54c35126c5d-1388.jpg|"Sáng 5.6, Diễn đàn Kinh tế Việt Nam lần thứ 4 do Ban Kinh tế Trung ương tổ chức đã khai mạc tại TP.HCM với chủ đề ""Xây dựng nền kinh tế độc lập, tự chủ gắn với hội nhập kinh tế sâu rộng trong tình hình mới""."|kinh tế|thanhnien.vn|11:42 05/06/2022
Tôm hùm giá thấp chưa từng có|https://thanhnien.vn/tom-hum-gia-thap-chua-tung-co-post1465696.html|https://image.thanhnien.vn/150x100/Uploaded/2022/aobhuax/2022_06_05/tomhum5601-6365.jpg|Tốn bao nhiêu công sức, nguy hiểm lẫn vất vả để nuôi lớn tôm hùm trên biển, nhưng những người nuôi tôm hùm ở khu vực Phú Yên, Khánh Hòa lại đang bán tôm với giá thấp nhất từ trước đến nay |kinh tế|thanhnien.vn|10:53 05/06/2022
Đề xuất bổ sung 4 tuyến xe buýt nhỏ tại TP.HCM, đưa đón người dân tận hẻm|https://thanhnien.vn/de-xuat-bo-sung-4-tuyen-xe-buyt-nho-tai-tp-hcm-dua-don-nguoi-dan-tan-hem-post1465676.html|https://image.thanhnien.vn/150x100/Uploaded/2022/rfnmf/2022_05_18/xe-buyt-le-hong-hanh-6710.jpg|Sở GTVT TP.HCM đề xuất UBND TP bổ sung 12 tuyến xe buýt dự kiến mở mới vào danh mục mạng lưới tuyến xe buýt nội tỉnh và liền kề.|kinh tế|thanhnien.vn|09:27 05/06/2022
Giá heo hơi hôm nay 5.6.2022: Tiếp đà giảm nhẹ|https://thanhnien.vn/gia-heo-hoi-hom-nay-5-6-2022-tiep-da-giam-nhe-post1465668.html|https://image.thanhnien.vn/150x100/Uploaded/2022/ohununh/2022_05_26/4e5f4deeab936bcd3282-1113.jpg|Giá heo hơi được dự báo tiếp tục giảm nhẹ trong tuần tới, trong bối cảnh Bộ NN-PTNT vừa công bố thông tin Việt Nam đã sản xuất được vắc xin phòng chống dịch tả heo châu Phi.|kinh tế|thanhnien.vn|09:10 05/06/2022
Metro số 1 TP.HCM sẵn sàng đón khách vào năm 2023|https://thanhnien.vn/metro-so-1-tp-hcm-san-sang-don-khach-vao-nam-2023-post1465670.html|https://image.thanhnien.vn/150x100/Uploaded/2022/rfnmf/2022_06_05/z3468214148580-22a08c2cfa36a63c6862026ee07c3d26-2375.jpg|Sáng nay (5.6), Ban Quản lý Đường sắt đô thị (MAUR) cùng đại sứ Nhật Bản tại Việt Nam thị sát công trường Ga Bến Thành, tuyến metro số 1 (Bến Thành - Suối Tiên).|kinh tế|thanhnien.vn|09:09 05/06/2022
Giá USD hôm nay 5.6.2022: Nỗ lực đi lên nhưng vẫn ở mức thấp|https://thanhnien.vn/gia-usd-hom-nay-5-6-2022-no-luc-di-len-nhung-van-o-muc-thap-post1465656.html|https://image.thanhnien.vn/150x100/Uploaded/2022/vjryqdxwp/2021_06_14/dnt-dola_racd.jpg|Giá USD trong tuần phục hồi sau chuỗi ngày giảm mạnh nhưng vẫn đang ở mức thấp khi kinh tế Mỹ chưa thể tăng cao. |kinh tế|thanhnien.vn|08:42 05/06/2022
Kiểm tra về vật liệu tại 7 địa phương để thúc đẩy giải ngân đầu tư công|https://thanhnien.vn/kiem-tra-ve-vat-lieu-tai-7-dia-phuong-de-thuc-day-giai-ngan-dau-tu-cong-post1465657.html|https://image.thanhnien.vn/150x100/Uploaded/2022/rkwagt/2022_06_05/datdapnen2-969.jpg|Bộ trưởng Bộ Xây dựng Nguyễn Thanh Nghị vừa ký quyết định kiểm tra quản lý nhà nước về quản lý chi phí, hợp đồng xây dựng tại 7 địa phương: Quảng Ninh, Thanh Hoá, Khánh Hoà, Tiền Giang, Cần Thơ, Đồng Nai và Lâm Đồng.|kinh tế|thanhnien.vn|08:35 05/06/2022
Giá vàng hôm nay 5.6.2022: Mua vàng thế giới rẻ hơn SJC 36%|https://thanhnien.vn/gia-vang-hom-nay-5-6-2022-mua-vang-the-gioi-re-hon-sjc-36-post1465650.html|https://image.thanhnien.vn/150x100/Uploaded/2022/vjryqdxwp/2022_06_05/gia-gold-2022-ngoc-thang-9025.jpg|Giá vàng trong nước chốt tuần đi ngang dù quốc tế sụt giảm khiến mức chênh lệch lại đẩy lên gần 19 triệu đồng mỗi lượng. |kinh tế|thanhnien.vn|08:07 05/06/2022
Quy hoạch Khu du lịch quốc gia Ninh Chữ rộng 12.200 ha|https://thanhnien.vn/quy-hoach-khu-du-lich-quoc-gia-ninh-chu-rong-12-200-ha-post1465395.html|https://image.thanhnien.vn/150x100/Uploaded/2022/rohuook/2022_06_04/bien-ninh-chu-9177.jpg|Phó thủ tướng Lê Văn Thành đã ký quyết định về việc phê duyệt nhiệm vụ quy hoạch chung xây dựng Khu du lịch quốc gia Ninh Chữ, tỉnh Ninh Thuận đến năm 2045.|kinh tế|thanhnien.vn|15:09 04/06/2022
Hơn 4,5 vạn tấn hàng hoá được thông quan sang Trung Quốc|https://thanhnien.vn/hon-4-5-van-tan-hang-hoa-duoc-thong-quan-sang-trung-quoc-post1465411.html|https://image.thanhnien.vn/150x100/Uploaded/2022/wlyrstlstpf/2022_06_04/1976210-0bd0a2b90677c6299f66-13012503-6195.jpg|Bất chấp khó khăn do Trung Quốc đang áp dụng chính sách Zero Covid, hơn 4 vạn tấn hàng hoá đã được thông quan qua Cửa khẩu quốc tế Móng Cái (Quảng Ninh).|kinh tế|thanhnien.vn|11:51 04/06/2022
Làn sóng du khách Ấn Độ cùng các siêu đám cưới triệu đô sẽ tới Đà Nẵng|https://thanhnien.vn/lan-song-du-khach-an-do-cung-cac-sieu-dam-cuoi-trieu-do-se-toi-da-nang-post1465429.html|https://image.thanhnien.vn/150x100/Uploaded/2022/vocgmvbc/2022_06_04/1-img-2500-ofdy-765.jpg|Tại buổi làm việc giữa ông Trần Phước Sơn, Phó chủ tịch UBND TP.Đà Nẵng và lãnh đạo Hãng hàng không Indigo (Ấn Độ) đã hé mở triển vọng làn sóng du khách Ấn Đổ đến TP.Đà Nẵng, trong đó có các siêu đám cưới triệu đô.|kinh tế|thanhnien.vn|11:50 04/06/2022
Tuyến dịch vụ độc lập đầu tiên của hãng tàu CULines kết nối Việt Nam - Trung Quốc|https://thanhnien.vn/tuyen-dich-vu-doc-lap-dau-tien-cua-hang-tau-culines-ket-noi-viet-nam-trung-quoc-post1465422.html|https://image.thanhnien.vn/150x100/Uploaded/2022/thpcvun/2022_06_04/tan-cang-hp-7999.jpg|Tàu Hai Su 6 khai thác tuyến dịch vụ mới CV3 của hãng tàu China United Lines (CULines) lần đầu cập cảng cảng Tân Cảng Hiệp Phước (TP.HCM) vào chiều 3.6.2022, khai thác độc lập với tần suất 1 chuyến/ tuần, nhằm mở rộng chuỗi cung ứng kết nối Việt Nam và Trung Quốc.|kinh tế|thanhnien.vn|11:49 04/06/2022
Cơ hội mới cho Vùng kinh tế trọng điểm phía Nam|https://thanhnien.vn/co-hoi-moi-cho-vung-kinh-te-trong-diem-phia-nam-post1451887.html|https://image.thanhnien.vn/150x100/Uploaded/2022/rfnmf/2022_04_24/tp-hcm-chuo-tu-tren-cao-doc-lap-9261.jpg|Đông Nam bộ và Tây Nam bộ là vùng động lực kinh tế của cả nước. Song, những đòn giáng quá mạnh từ Covid-19 cùng với cơ chế, chính sách tụt hậu đang khiến động lực giảm dần. |kinh tế|thanhnien.vn|10:02 04/06/2022
Giá xăng dầu hôm nay 4.6.2022: Tăng vọt bất chấp kế hoạch tăng sản lượng của OPEC+|https://thanhnien.vn/gia-xang-dau-hom-nay-4-6-2022-tang-vot-bat-chap-ke-hoach-tang-san-luong-cua-opec-post1465386.html|https://image.thanhnien.vn/150x100/Uploaded/2022/ohununh/2022_05_25/jk4gq7xlmbn5ldcrucvmxxmyba-9322.jpg|Giá dầu thế giới đóng phiên giao dịch cuối tuần tăng mạnh bất chấp thông tin Tổ chức các nước xuất khẩu dầu mỏ và đồng minh (OEPC+) vừa công bố tăng sản lượng.|kinh tế|thanhnien.vn|09:52 04/06/2022
Biệt thự 2 mặt tiền TNR Amaluna - đặc quyền ‘tận hưởng kép’ hiếm có tại Trà Vinh|https://thanhnien.vn/biet-thu-2-mat-tien-tnr-amaluna-dac-quyen-tan-huong-kep-hiem-co-tai-tra-vinh-post1465155.html|https://image.thanhnien.vn/150x100/Uploaded/2022/puqgfdmzs-co/2022_06_03/2-2439.jpg|"Là dòng sản phẩm độc đáo của dự án TNR Amaluna (Trà Vinh), những căn biệt thự ""hai mặt tiền"" sang trọng vừa ra mắt không lâu đã ghi nhận sự quan tâm lớn từ thị trường bất động sản Tây Nam bộ."|kinh tế|thanhnien.vn|09:00 04/06/2022
Giá vàng hôm nay 4.6.2022: Tăng liên tục nhưng người mua vẫn lỗ|https://thanhnien.vn/gia-vang-hom-nay-4-6-2022-tang-lien-tuc-nhung-nguoi-mua-van-lo-post1465355.html|https://image.thanhnien.vn/150x100/Uploaded/2022/vjryqdxwp/2021_07_01/moi-tiemvangmihongbachieu128-doclap28_ytqk.jpg|Giá vàng trong tuần có nhiều phiên đi lên nhưng vẫn khiến người mua bị lỗ do chênh lệch giữa mua và bán. |kinh tế|thanhnien.vn|08:41 04/06/2022
Căn hộ sông Hàn The Muse Đà Nẵng chưa đủ điều kiện huy động vốn|https://thanhnien.vn/can-ho-song-han-the-muse-da-nang-chua-du-dieu-kien-huy-dong-von-post1465233.html|https://image.thanhnien.vn/150x100/Uploaded/2022/vocgmvbc/2022_06_03/img9194-16105978356371446251273-6086.jpg|Ngày 3.6, Sở Xây dựng TP.Đà Nẵng cảnh báo về việc Tổ hợp căn hộ bên bờ sông Hàn (còn gọi là The Muse Đà Nẵng, do Công ty Cổ phần Tập đoàn Đông Đô làm chủ đầu tư) chưa đủ điều kiện được huy động vốn.|kinh tế|thanhnien.vn|08:39 04/06/2022
Giá USD hôm nay 4.6.2022: Thị trường tự do ‘bật’ tăng mạnh|https://thanhnien.vn/gia-usd-hom-nay-4-6-2022-thi-truong-tu-do-bat-tang-manh-post1465370.html|https://image.thanhnien.vn/150x100/Uploaded/2022/cqjwqgdjw/2022_03_16/cnt05401-2150.jpg|Giá USD trên thị trường tự do ngày 4.6 tăng mạnh sau 4 ngày sụt giảm. Ngược chiều với giá đồng bạc xanh trong ngân hàng giảm nhẹ.|kinh tế|thanhnien.vn|08:38 04/06/2022
Săn nhà phố thương mại trung tâm thành phố với giá chỉ bằng giá căn hộ|https://thanhnien.vn/san-nha-pho-thuong-mai-trung-tam-thanh-pho-voi-gia-chi-bang-gia-can-ho-post1465218.html|https://image.thanhnien.vn/150x100/Uploaded/2022/puqgfdmzs-co/2022_06_03/1-mega-royal-city-9300.png|Khi giá căn hộ ở thị trường sơ cấp do chủ đầu tư bán ra tăng quá nhanh, cơ hội cho nhà đầu tư dần hẹp lại, dòng sản phẩm nhà phố thương mại có mức giá “mềm” trở thành sự lựa chọn hàng đầu của giới đầu tư.|kinh tế|thanhnien.vn|08:00 04/06/2022
Trái cây ngập chợ, sức mua yếu|https://thanhnien.vn/trai-cay-ngap-cho-suc-mua-yeu-post1465108.html|https://image.thanhnien.vn/150x100/Uploaded/2022/wsxrxqeiod/2022_06_03/trai-cay-5735.jpg|Thời điểm hiện tại nhiều vùng sản xuất trên cả nước đã vào vụ thu hoạch rộ trái cây, bên cạnh đó nguồn trái cây ngoại nhập cũng đang tràn về khiến giá bán không nhích lên được.|kinh tế|thanhnien.vn|07:13 04/06/2022
Bao giờ TP.HCM hết ngập?|https://thanhnien.vn/bao-gio-tp-hcm-het-ngap-post1465107.html|https://image.thanhnien.vn/150x100/Uploaded/2022/wsxrxqeiod/2022_06_03/het-ngap-1493.jpg|"Loay hoay suốt 2 thập kỷ, để nước ""cuốn trôi"" hàng tỉ USD nhưng TP.HCM vẫn chưa tìm ra lời giải cho câu hỏi “bao giờ hết ngập?”."|kinh tế|thanhnien.vn|07:12 04/06/2022
Mưa lớn bất thường ngày càng nhiều|https://thanhnien.vn/mua-lon-bat-thuong-ngay-cang-nhieu-post1465106.html|https://image.thanhnien.vn/150x100/Uploaded/2022/wsxrxqeiod/2022_06_03/mua-lon-8931.jpg|Sau Hà Nội lại đến TP.HCM ngập nặng vì những cơn mưa lớn bất thường xuất hiện ngày càng nhiều.|kinh tế|thanhnien.vn|07:11 04/06/2022
Tận dụng lợi thế xe máy để giảm ùn tắc giao thông?|https://thanhnien.vn/tan-dung-loi-the-xe-may-de-giam-un-tac-giao-thong-post1465308.html|https://image.thanhnien.vn/150x100/Uploaded/2022/wpxlcqjwq/2022_06_03/551255-ket-xe-tren-duong-cong-hoa-q-tan-binh-tp-hcm-chieu-9-5595.jpg|Từng bị coi là “thủ phạm” gây kẹt xe tại TP.HCM, song, các chuyên gia cho rằng có thể “lấy độc trị độc”, tận dụng những lợi thế của loại phương tiện này để giải bài toán ùn tắc giao thông.|kinh tế|thanhnien.vn|07:09 04/06/2022
Thị trường bất động sản hụt vốn|https://thanhnien.vn/thi-truong-bat-dong-san-hut-von-post1465317.html|https://image.thanhnien.vn/150x100/Uploaded/2022/wpxlcqjwq/2022_06_03/von-bat-dong-san-6976.jpg|Nguồn vốn vào thị trường bất động sản những tháng gần đây sụt giảm mạnh không những từ hệ thống tín dụng mà cả kênh trái phiếu doanh nghiệp.|kinh tế|thanhnien.vn|07:08 04/06/2022
Cân nhắc với điện hạt nhân|https://thanhnien.vn/can-nhac-voi-dien-hat-nhan-post1465335.html|https://image.thanhnien.vn/150x100/Uploaded/2022/wpxlcqjwq/2022_06_04/551298-dien-thuan-bac-1-754.jpg|Việc có đại biểu Quốc hội đề xuất xóa quy hoạch điện hạt nhân Ninh Thuận đang dấy lên nhiều lo ngại về việc điện hạt nhân khó có cơ hội quay lại, trong khi việc phát triển các nguồn điện thời gian qua gặp không ít thách thức.|kinh tế|thanhnien.vn|07:07 04/06/2022
Nhiều nước xây thêm nhà máy điện hạt nhân|https://thanhnien.vn/nhieu-nuoc-xay-them-nha-may-dien-hat-nhan-post1465336.html|https://image.thanhnien.vn/150x100/Uploaded/2022/wpxlcqjwq/2022_06_04/toan-canh-nha-may-dien-hat-nhan-gundremmingen-o-gundremmingen-mien-nam-duc-ngay-26-2-2021-anh-afp-5285.jpg|Sau sự cố xảy ra tại nhà máy điện hạt nhân Fukushima Daiichi (Nhật Bản) cách đây hơn 11 năm (3.2011), đã có nhiều lo ngại về tương lai phát triển điện hạt nhân tại nhiều nước trên thế giới.|kinh tế|thanhnien.vn|07:05 04/06/2022
AVAKids ‘khởi động’ với 50 cửa hàng, đặt tham vọng số 1 thị trường|https://thanhnien.vn/avakids-khoi-dong-voi-50-cua-hang-dat-tham-vong-so-1-thi-truong-post1465182.html|https://image.thanhnien.vn/150x100/Uploaded/2022/puqgfdmzs-co/2022_06_03/1-avakids-png-6415.jpg|Đó là khẳng định của ông Đoàn Văn Hiểu Em, Tổng giám đốc Công ty CP Thế Giới Di Động bởi 50 shop mới chỉ là điểm khởi đầu cho những cột mốc chinh phục tiếp theo. Là tân binh, AVAKids dường như đang chạy với tốc lực của một chiếc xe F1 nhằm đuổi kịp các nhà bán lẻ đã đi trước rất nhiều năm và chinh phục thành công thị trường mẹ và bé.|kinh tế|thanhnien.vn|20:00 03/06/2022
Huawei nỗ lực số hóa cho ngành tài chính toàn cầu|https://thanhnien.vn/huawei-no-luc-so-hoa-cho-nganh-tai-chinh-toan-cau-post1465192.html|https://image.thanhnien.vn/150x100/Uploaded/2022/puqgfdmzs-co/2022_06_03/1-huawei-8694.jpg|Nhờ xu hướng chuyển đổi số tiếp tục bùng nổ mạnh mẽ, mảng kinh doanh giải pháp doanh nghiệp của Huawei cũng tăng trưởng nhanh chóng, tạo ra doanh thu 16,08 tỉ USD trong năm 2021 với những dấu ấn riêng trên hệ thống tài chính thế giới.|kinh tế|thanhnien.vn|20:00 03/06/2022
