Những gương mặt Gen Z nổi bật trưởng thành từ VAS|https://thanhnien.vn/nhung-guong-mat-gen-z-noi-bat-truong-thanh-tu-vas-post1467946.html|https://image.thanhnien.vn/150x100/Uploaded/2022/puqgfdmzs-co/2022_06_12/a1-8958.png|Mỗi năm, VAS có hơn 29% học sinh được chấp thuận và đoạt các học bổng du học tại các trường đại học danh tiếng trên thế giới. Giờ đây nhiều em đã là phi công, doanh nhân, nhà truyền thông tương lai… Hãy cùng gặp gỡ và theo dõi “review” của những gương mặt Gen Z nổi bật khi kể về trường cũ nhé!|giáo dục|thanhnien.vn|36 phút trước
Sinh viên lấy chứng chỉ quốc tế chuyên ngành ngay năm nhất|https://thanhnien.vn/sinh-vien-lay-chung-chi-quoc-te-chuyen-nganh-ngay-nam-nhat-post1467603.html|https://image.thanhnien.vn/150x100/Uploaded/2022/qxwpth-zl/2022_06_11/siu-1-4494.jpg|“Chúng tôi tin rằng tri thức, xu hướng công nghệ liên tục được cập nhật sẽ giúp sinh viên SIU có được hành trang vững chắc trong thế giới nghề nghiệp toàn cầu”.|giáo dục|thanhnien.vn|08:00 12/06/2022
Chinh phục Harvard cùng cậu học trò Asian School|https://thanhnien.vn/chinh-phuc-harvard-cung-cau-hoc-tro-asian-school-post1467610.html|https://image.thanhnien.vn/150x100/Uploaded/2022/qxwpth-zl/2022_06_11/asian-school-1-7803.png|“Học tại Trường Quốc tế Á Châu giúp em rèn luyện được khả năng ngôn ngữ và cách giải quyết các vấn đề một cách độc lập. Ngoài ra việc tham gia các hoạt động ngoại khóa, câu lạc bộ giúp em có thêm được những người bạn mới, luôn hỗ trợ trong học tập và cuộc sống.” - Khánh tâm sự.|giáo dục|thanhnien.vn|08:00 12/06/2022
Bí quyết ôn thi THPT đạt điểm cao: Tác phẩm nào xuất hiện trong đề thi?|https://thanhnien.vn/bi-quyet-on-thi-thpt-dat-diem-cao-tac-pham-nao-xuat-hien-trong-de-thi-post1466969.html|https://image.thanhnien.vn/150x100/Uploaded/2022/kbfwobj/2022_06_01/on-thi-3795.jpg|Vào lúc 18 giờ 30 hôm nay 11.6, Báo Thanh Niên phát sóng chương trình Bí quyết ôn thi tốt nghiệp THPT đạt điểm cao môn ngữ văn tại địa chỉ thanhnien.vn, Facebook.com/thanhnien và YouTube  Báo Thanh Niên.|giáo dục|thanhnien.vn|18:29 11/06/2022
4 chương trình đào tạo của Trường ĐH Văn Lang đạt chuẩn chất lượng Đông Nam Á|https://thanhnien.vn/4-chuong-trinh-dao-tao-cua-truong-dh-van-lang-dat-chuan-chat-luong-dong-nam-a-post1467749.html|https://image.thanhnien.vn/150x100/Uploaded/2022/bfznsfyr-bn/2022_06_11/ong-johnson-ong-chee-bin-thanh-vien-sang-lap-hoi-dong-aun-qa-chuyen-gia-dao-tao-to-chuc-aun-qa-trao-chung-nhan-aun-qa-cho-nganh-cong-nghe-ky-thuat-moi-truong-865.jpg|Lần đầu tiên thực hiện đánh giá ngoài theo bộ tiêu chuẩn cải tiến mới, Trường đại học Văn Lang chào đón tin vui: 4 chương trình đào tạo đã chính thức được công nhận đạt chuẩn AUN-QA của Mạng lưới các trường đại học Đông Nam Á.|giáo dục|thanhnien.vn|18:06 11/06/2022
Tuyển sinh lớp 10 TP.HCM: Đã có gợi ý giải đề thi môn tiếng Anh|https://thanhnien.vn/tuyen-sinh-lop-10-tp-hcm-da-co-goi-y-giai-de-thi-mon-tieng-anh-post1467492.html|https://image.thanhnien.vn/150x100/Uploaded/2022/bpcgvoiv/2022_06_11/anh-16-5953.jpg|Chiều 11.6, khoảng 94.000 thí sinh tại TP.HCM dự thi môn ngoại ngữ trong kỳ thi tuyển sinh lớp 10 năm học 2022 - 2023. Báo Thanh Niên cập nhật gợi ý giải đề thi của môn tiếng Anh để phục vụ bạn đọc.|giáo dục|thanhnien.vn|17:17 11/06/2022
Bí quyết ôn thi THPT đạt điểm cao: Ôn nội dung các tổ chức quốc tế|https://thanhnien.vn/bi-quyet-on-thi-thpt-dat-diem-cao-on-noi-dung-cac-to-chuc-quoc-te-post1466972.html|https://image.thanhnien.vn/150x100/Uploaded/2022/kbfwobj/2022_06_06/hoc-sinh-lop-12-2189.jpg|Vào lúc 16 giờ 30 hôm nay 11.6, Báo Thanh Niên phát sóng chương trình Bí quyết ôn thi tốt nghiệp THPT đạt điểm cao môn lịch sử tại địa chỉ thanhnien.vn, Facebook.com/thanhnien và YouTube Báo Thanh Niên.|giáo dục|thanhnien.vn|16:29 11/06/2022
Thí sinh là F0 sẽ được xét tuyển vào lớp 10 trường công|https://thanhnien.vn/thi-sinh-la-f0-se-duoc-xet-tuyen-vao-lop-10-truong-cong-post1467704.html|https://image.thanhnien.vn/150x100/Uploaded/2022/bcgmbuiq/2021_07_06/img_1545_fmep.jpg|Trong kỳ thi tuyển sinh lớp 10 tại Hà Nội, học sinh là F0 sẽ được xét tuyển bằng điểm học bạ hoặc làm đơn tham gia thi nếu có nguyện vọng.|giáo dục|thanhnien.vn|15:24 11/06/2022
TP.HCM có Giải thưởng Trần Đại Nghĩa dành cho lĩnh vực giáo dục nghề nghiệp|https://thanhnien.vn/tp-hcm-co-giai-thuong-tran-dai-nghia-danh-cho-linh-vuc-giao-duc-nghe-nghiep-post1467691.html|https://image.thanhnien.vn/150x100/Uploaded/2022/tfxbflu/2022_06_11/img-8076-1109.jpg|UBND TP.HCM vừa ban hành quyết định về việc ban hành quy chế xét tặng giải thưởng Trần Đại Nghĩa dành cho cá nhân và tập thể có thành tựu nổi bật đóng góp trong lĩnh vực giáo dục nghề nghiệp của thành phố.|giáo dục|thanhnien.vn|14:31 11/06/2022
Tuyển sinh lớp 10: Phụ huynh đứng bên cổng trường cổ vũ con đi thi|https://thanhnien.vn/tuyen-sinh-lop-10-phu-huynh-dung-ben-cong-truong-co-vu-con-di-thi-post1467587.html|https://image.thanhnien.vn/150x100/Uploaded/2022/kbfwobj/2022_06_11/1-9806.jpg|Ghi nhận tại điểm thi sáng nay, có không ít phụ huynh đứng ở cổng trường liên tục cổ vũ con đi thi.|giáo dục|thanhnien.vn|09:41 11/06/2022
Hà Nội tuyển sinh lớp 10 hệ song bằng đến hết năm học tới|https://thanhnien.vn/ha-noi-tuyen-sinh-lop-10-he-song-bang-den-het-nam-hoc-toi-post1467508.html|https://image.thanhnien.vn/150x100/Uploaded/2022/zsfe/2022_06_11/a12-6024.jpg|Hà Nội quyết định kéo dài thực hiện đề án hệ song bằng hết năm học 2022 - 2023.|giáo dục|thanhnien.vn|08:24 11/06/2022
Các trường ĐH của Việt Nam vào Top 100 châu Á theo Bảng Xếp hạng THE|https://thanhnien.vn/cac-truong-dh-cua-viet-nam-vao-top-100-chau-a-theo-bang-xep-hang-the-post1467499.html|https://image.thanhnien.vn/150x100/Uploaded/2022/qxwpth-zl/2022_06_10/bia-7991.png|Times Higher Education (THE) vào ngày 1.6.2022 đã công bố Bảng xếp hạng các đại học khu vực châu Á năm 2022. Theo đó, lần đầu tiên Việt Nam có trường lọt vào Top 100 Trường Đại học Tốt nhất châu Á.|giáo dục|thanhnien.vn|08:00 11/06/2022
Sáng nay, gần 94.000 thí sinh TP.HCM thi môn ngữ văn tuyển sinh vào lớp 10|https://thanhnien.vn/sang-nay-gan-94-000-thi-sinh-tp-hcm-thi-mon-ngu-van-tuyen-sinh-vao-lop-10-post1467437.html|https://image.thanhnien.vn/150x100/Uploaded/2022/bpcgvoiv/2022_06_11/viber-image-2022-06-11-07-11-35-370-7607.jpg|Sáng nay, ngày 11.6, khoảng 94.000 thí sinh tại TP.HCM đã chính thức thi môn đầu tiên trong kỳ thi tuyển sinh vào lớp 10 năm học 2022- 2023.|giáo dục|thanhnien.vn|07:23 11/06/2022
Chỉ ăn đậu, kiêng chuối, hột vịt lộn: Ăn kiểu 'cầu may' ngày thi lớp 10 TP.HCM!|https://thanhnien.vn/chi-an-dau-kieng-chuoi-hot-vit-lon-an-kieu-cau-may-ngay-thi-lop-10-tp-hcm-post1467481.html|https://image.thanhnien.vn/150x100/Uploaded/2022/bpcgpivo/2022_06_10/screen-shot-2022-06-10-at-18-29-16-1965.png|Sáng xôi gấc, trưa cơm gạo lứt đậu đỏ, xế chiều uống sữa đậu nành còn tối thì đậu hũ xốt cà chua. Những ngày thi vào lớp 10 ở TP.HCM, vẫn có học sinh tin rằng ăn đậu sẽ thi đậu còn ăn chuối sẽ trượt!|giáo dục|thanhnien.vn|07:02 11/06/2022
Bí quyết ôn thi THPT đạt điểm cao môn sinh: Kiến thức nào cần lưu ý?|https://thanhnien.vn/bi-quyet-on-thi-thpt-dat-diem-cao-mon-sinh-kien-thuc-nao-can-luu-y-post1466966.html|https://image.thanhnien.vn/150x100/Uploaded/2022/kbfwobj/2022_06_10/on-tap-sinh-hoc-642-2872-8478.jpg|Vào lúc 20 giờ 30 hôm nay 10.6, Báo Thanh Niên phát sóng chương trình Bí quyết ôn thi tốt nghiệp THPT đạt điểm cao môn sinh học tại địa chỉ thanhnien.vn, Facebook.com/thanhnien và YouTube Báo Thanh Niên.|giáo dục|thanhnien.vn|20:25 10/06/2022
PGS-TSKH Phan Dũng, người suốt đời theo đuổi khoa học sáng tạo|https://thanhnien.vn/pgs-tskh-phan-dung-nguoi-suot-doi-theo-duoi-khoa-hoc-sang-tao-post1467420.html|https://image.thanhnien.vn/150x100/Uploaded/2022/bpcgvoiv/2022_06_10/img-0743-7912.jpg|PGS-TSKH Phan Dũng được xem là người đầu tiên mang phương pháp luận khoa học sáng tạo vào Việt Nam. Ông đã ra đi ở tuổi 73 để lại niềm thương tiếc cho nhiều thế hệ học trò.|giáo dục|thanhnien.vn|19:01 10/06/2022
Thí sinh là F0 sẽ được xét tuyển vào lớp 10 trường công|https://thanhnien.vn/thi-sinh-la-f0-se-duoc-xet-tuyen-vao-lop-10-truong-cong-post1467704.html|https://image.thanhnien.vn/150x100/Uploaded/2022/bcgmbuiq/2021_07_06/img_1545_fmep.jpg|Trong kỳ thi tuyển sinh lớp 10 tại Hà Nội, học sinh là F0 sẽ được xét tuyển bằng điểm học bạ hoặc làm đơn tham gia thi nếu có nguyện vọng.|giáo dục|thanhnien.vn|15:24 11/06/2022
TP.HCM có Giải thưởng Trần Đại Nghĩa dành cho lĩnh vực giáo dục nghề nghiệp|https://thanhnien.vn/tp-hcm-co-giai-thuong-tran-dai-nghia-danh-cho-linh-vuc-giao-duc-nghe-nghiep-post1467691.html|https://image.thanhnien.vn/150x100/Uploaded/2022/tfxbflu/2022_06_11/img-8076-1109.jpg|UBND TP.HCM vừa ban hành quyết định về việc ban hành quy chế xét tặng giải thưởng Trần Đại Nghĩa dành cho cá nhân và tập thể có thành tựu nổi bật đóng góp trong lĩnh vực giáo dục nghề nghiệp của thành phố.|giáo dục|thanhnien.vn|14:31 11/06/2022
Tuyển sinh lớp 10: Phụ huynh đứng bên cổng trường cổ vũ con đi thi|https://thanhnien.vn/tuyen-sinh-lop-10-phu-huynh-dung-ben-cong-truong-co-vu-con-di-thi-post1467587.html|https://image.thanhnien.vn/150x100/Uploaded/2022/kbfwobj/2022_06_11/1-9806.jpg|Ghi nhận tại điểm thi sáng nay, có không ít phụ huynh đứng ở cổng trường liên tục cổ vũ con đi thi.|giáo dục|thanhnien.vn|09:41 11/06/2022
Hà Nội tuyển sinh lớp 10 hệ song bằng đến hết năm học tới|https://thanhnien.vn/ha-noi-tuyen-sinh-lop-10-he-song-bang-den-het-nam-hoc-toi-post1467508.html|https://image.thanhnien.vn/150x100/Uploaded/2022/zsfe/2022_06_11/a12-6024.jpg|Hà Nội quyết định kéo dài thực hiện đề án hệ song bằng hết năm học 2022 - 2023.|giáo dục|thanhnien.vn|08:24 11/06/2022
Các trường ĐH của Việt Nam vào Top 100 châu Á theo Bảng Xếp hạng THE|https://thanhnien.vn/cac-truong-dh-cua-viet-nam-vao-top-100-chau-a-theo-bang-xep-hang-the-post1467499.html|https://image.thanhnien.vn/150x100/Uploaded/2022/qxwpth-zl/2022_06_10/bia-7991.png|Times Higher Education (THE) vào ngày 1.6.2022 đã công bố Bảng xếp hạng các đại học khu vực châu Á năm 2022. Theo đó, lần đầu tiên Việt Nam có trường lọt vào Top 100 Trường Đại học Tốt nhất châu Á.|giáo dục|thanhnien.vn|08:00 11/06/2022
Sáng nay, gần 94.000 thí sinh TP.HCM thi môn ngữ văn tuyển sinh vào lớp 10|https://thanhnien.vn/sang-nay-gan-94-000-thi-sinh-tp-hcm-thi-mon-ngu-van-tuyen-sinh-vao-lop-10-post1467437.html|https://image.thanhnien.vn/150x100/Uploaded/2022/bpcgvoiv/2022_06_11/viber-image-2022-06-11-07-11-35-370-7607.jpg|Sáng nay, ngày 11.6, khoảng 94.000 thí sinh tại TP.HCM đã chính thức thi môn đầu tiên trong kỳ thi tuyển sinh vào lớp 10 năm học 2022- 2023.|giáo dục|thanhnien.vn|07:23 11/06/2022
Chỉ ăn đậu, kiêng chuối, hột vịt lộn: Ăn kiểu 'cầu may' ngày thi lớp 10 TP.HCM!|https://thanhnien.vn/chi-an-dau-kieng-chuoi-hot-vit-lon-an-kieu-cau-may-ngay-thi-lop-10-tp-hcm-post1467481.html|https://image.thanhnien.vn/150x100/Uploaded/2022/bpcgpivo/2022_06_10/screen-shot-2022-06-10-at-18-29-16-1965.png|Sáng xôi gấc, trưa cơm gạo lứt đậu đỏ, xế chiều uống sữa đậu nành còn tối thì đậu hũ xốt cà chua. Những ngày thi vào lớp 10 ở TP.HCM, vẫn có học sinh tin rằng ăn đậu sẽ thi đậu còn ăn chuối sẽ trượt!|giáo dục|thanhnien.vn|07:02 11/06/2022
Bí quyết ôn thi THPT đạt điểm cao môn sinh: Kiến thức nào cần lưu ý?|https://thanhnien.vn/bi-quyet-on-thi-thpt-dat-diem-cao-mon-sinh-kien-thuc-nao-can-luu-y-post1466966.html|https://image.thanhnien.vn/150x100/Uploaded/2022/kbfwobj/2022_06_10/on-tap-sinh-hoc-642-2872-8478.jpg|Vào lúc 20 giờ 30 hôm nay 10.6, Báo Thanh Niên phát sóng chương trình Bí quyết ôn thi tốt nghiệp THPT đạt điểm cao môn sinh học tại địa chỉ thanhnien.vn, Facebook.com/thanhnien và YouTube Báo Thanh Niên.|giáo dục|thanhnien.vn|20:25 10/06/2022
PGS-TSKH Phan Dũng, người suốt đời theo đuổi khoa học sáng tạo|https://thanhnien.vn/pgs-tskh-phan-dung-nguoi-suot-doi-theo-duoi-khoa-hoc-sang-tao-post1467420.html|https://image.thanhnien.vn/150x100/Uploaded/2022/bpcgvoiv/2022_06_10/img-0743-7912.jpg|PGS-TSKH Phan Dũng được xem là người đầu tiên mang phương pháp luận khoa học sáng tạo vào Việt Nam. Ông đã ra đi ở tuổi 73 để lại niềm thương tiếc cho nhiều thế hệ học trò.|giáo dục|thanhnien.vn|19:01 10/06/2022
Bí quyết ôn thi THPT đạt điểm cao: Kỹ năng làm bài thi hóa học|https://thanhnien.vn/bi-quyet-on-thi-thpt-dat-diem-cao-ky-nang-lam-bai-thi-hoa-hoc-post1466964.html|https://image.thanhnien.vn/150x100/Uploaded/2022/kbfwobj/2022_06_10/pplltt-2514-8961.jpg|Vào lúc 18 giờ 30 hôm nay 10.6, Báo Thanh Niên phát sóng chương trình Bí quyết ôn thi tốt nghiệp THPT đạt điểm cao môn hóa học tại địa chỉ thanhnien.vn, Facebook.com/thanhnien và YouTube Báo Thanh Niên.|giáo dục|thanhnien.vn|18:25 10/06/2022
Đua nhau đoán đề văn lớp 10 TP.HCM: 'Chị Phương Định ơi về TP.HCM ăn cơm sườn'|https://thanhnien.vn/dua-nhau-doan-de-van-lop-10-tp-hcm-chi-phuong-dinh-oi-ve-tp-hcm-an-com-suon-post1467433.html|https://image.thanhnien.vn/150x100/Uploaded/2022/bpcgpivo/2022_06_10/a1-3641.jpg|'Chị Phương Định ơi, về TP.HCM ăn cơm sườn đi', 'Đồng chí', 'Nói với con', 'Phân tích chị Phương Định tâm hồn trong trẻo thì em viết được 5 trang giấy', học sinh đoán đề văn vào lớp 10 TP.HCM trước 'giờ G'.|giáo dục|thanhnien.vn|17:30 10/06/2022
Bí quyết ôn thi THPT đạt điểm cao môn lý: Kỹ năng giải bài toán vận dụng|https://thanhnien.vn/bi-quyet-on-thi-thpt-dat-diem-cao-mon-ly-ky-nang-giai-bai-toan-van-dung-post1466957.html|https://image.thanhnien.vn/150x100/Uploaded/2022/kbfwobj/2022_06_10/lamdethivatly-osfy-3782-7109-7526.jpg|Vào lúc 16 giờ 30 hôm nay 10.6, Báo Thanh Niên phát sóng chương trình Bí quyết ôn thi tốt nghiệp THPT đạt điểm cao môn vật lý tại địa chỉ thanhnien.vn, Facebook.com/thanhnien và YouTube Báo Thanh Niên.|giáo dục|thanhnien.vn|16:25 10/06/2022
Bộ GD-ĐT hướng dẫn bầu người đứng đầu Trường ĐH Sư phạm kỹ thuật TP.HCM ra sao?|https://thanhnien.vn/bo-gd-dt-huong-dan-bau-nguoi-dung-dau-truong-dh-su-pham-ky-thuat-tp-hcm-ra-sao-post1467394.html|https://image.thanhnien.vn/150x100/Uploaded/2022/mffsm/2022_06_10/bang-tot-nghiep-4580.jpg|Bộ GD-ĐT vừa có văn bản gửi Trường ĐH Sư phạm kỹ thuật TP.HCM về việc thực hiện kết luận số 07 của Ban cán sự Đảng, bao gồm bầu quyền hiệu trưởng (hoặc phó hiệu trưởng phụ trách) để giải quyết các yêu cầu cấp bách.|giáo dục|thanhnien.vn|15:48 10/06/2022
Thầy giáo 'hô biến' bút chì thành tác phẩm nghệ thuật độc đáo|https://thanhnien.vn/thay-giao-ho-bien-but-chi-thanh-tac-pham-nghe-thuat-doc-dao-post1467317.html|https://image.thanhnien.vn/150x100/Uploaded/2022/lxwpcqjwp/2022_06_10/but-chi-1-tno-6515.jpg|Gần 10 năm nay, thầy giáo Dương Văn Kiên (Q.Sơn Trà, TP.Đà Nẵng) đã 'hô biến' những chiếc bút chì thành những tác phẩm nghệ thuật độc đáo.|giáo dục|thanhnien.vn|15:03 10/06/2022
Chỉ 30% học sinh biết bơi, khoảng 2.000 trẻ tử vong do đuối nước mỗi năm|https://thanhnien.vn/chi-30-hoc-sinh-biet-boi-khoang-2-000-tre-tu-vong-do-duoi-nuoc-moi-nam-post1467358.html|https://image.thanhnien.vn/150x100/Uploaded/2022/naejgz/2022_06_10/giai-boi-toan-quoc-8879.jpg|Bộ GD-ĐT phát động phong trào và khai mạc giải bơi học sinh phổ thông toàn quốc tại Trường Đại học Thể dục thể thao Đà Nẵng với 700 học sinh tham gia nhằm đẩy mạnh phong trào học bơi, phòng chống đuối nước.|giáo dục|thanhnien.vn|14:39 10/06/2022
Ý chí cũng có thể nuôi dưỡng ngay từ nhỏ|https://thanhnien.vn/y-chi-cung-co-the-nuoi-duong-ngay-tu-nho-post1467364.html|https://image.thanhnien.vn/150x100/Uploaded/2022/bfznsfyr-bn/2022_06_10/hinh-dai-dien-8033.jpg|Nhiều người cho rằng ý chí là điều sẵn có ở một số cá nhân. Tuy nhiên, các nghiên cứu khoa học khẳng định có thể rèn luyện ý chí và cha mẹ có thể tiếp dưỡng điều này cho con thông qua thể thao.|giáo dục|thanhnien.vn|14:00 10/06/2022
Bí quyết ôn thi THPT đạt điểm cao: Kỹ năng làm bài thi hóa học|https://thanhnien.vn/bi-quyet-on-thi-thpt-dat-diem-cao-ky-nang-lam-bai-thi-hoa-hoc-post1466964.html|https://image.thanhnien.vn/150x100/Uploaded/2022/kbfwobj/2022_06_10/pplltt-2514-8961.jpg|Vào lúc 18 giờ 30 hôm nay 10.6, Báo Thanh Niên phát sóng chương trình Bí quyết ôn thi tốt nghiệp THPT đạt điểm cao môn hóa học tại địa chỉ thanhnien.vn, Facebook.com/thanhnien và YouTube Báo Thanh Niên.|giáo dục|thanhnien.vn|18:25 10/06/2022
Đua nhau đoán đề văn lớp 10 TP.HCM: 'Chị Phương Định ơi về TP.HCM ăn cơm sườn'|https://thanhnien.vn/dua-nhau-doan-de-van-lop-10-tp-hcm-chi-phuong-dinh-oi-ve-tp-hcm-an-com-suon-post1467433.html|https://image.thanhnien.vn/150x100/Uploaded/2022/bpcgpivo/2022_06_10/a1-3641.jpg|'Chị Phương Định ơi, về TP.HCM ăn cơm sườn đi', 'Đồng chí', 'Nói với con', 'Phân tích chị Phương Định tâm hồn trong trẻo thì em viết được 5 trang giấy', học sinh đoán đề văn vào lớp 10 TP.HCM trước 'giờ G'.|giáo dục|thanhnien.vn|17:30 10/06/2022
Bí quyết ôn thi THPT đạt điểm cao môn lý: Kỹ năng giải bài toán vận dụng|https://thanhnien.vn/bi-quyet-on-thi-thpt-dat-diem-cao-mon-ly-ky-nang-giai-bai-toan-van-dung-post1466957.html|https://image.thanhnien.vn/150x100/Uploaded/2022/kbfwobj/2022_06_10/lamdethivatly-osfy-3782-7109-7526.jpg|Vào lúc 16 giờ 30 hôm nay 10.6, Báo Thanh Niên phát sóng chương trình Bí quyết ôn thi tốt nghiệp THPT đạt điểm cao môn vật lý tại địa chỉ thanhnien.vn, Facebook.com/thanhnien và YouTube Báo Thanh Niên.|giáo dục|thanhnien.vn|16:25 10/06/2022
Bộ GD-ĐT hướng dẫn bầu người đứng đầu Trường ĐH Sư phạm kỹ thuật TP.HCM ra sao?|https://thanhnien.vn/bo-gd-dt-huong-dan-bau-nguoi-dung-dau-truong-dh-su-pham-ky-thuat-tp-hcm-ra-sao-post1467394.html|https://image.thanhnien.vn/150x100/Uploaded/2022/mffsm/2022_06_10/bang-tot-nghiep-4580.jpg|Bộ GD-ĐT vừa có văn bản gửi Trường ĐH Sư phạm kỹ thuật TP.HCM về việc thực hiện kết luận số 07 của Ban cán sự Đảng, bao gồm bầu quyền hiệu trưởng (hoặc phó hiệu trưởng phụ trách) để giải quyết các yêu cầu cấp bách.|giáo dục|thanhnien.vn|15:48 10/06/2022
Thầy giáo 'hô biến' bút chì thành tác phẩm nghệ thuật độc đáo|https://thanhnien.vn/thay-giao-ho-bien-but-chi-thanh-tac-pham-nghe-thuat-doc-dao-post1467317.html|https://image.thanhnien.vn/150x100/Uploaded/2022/lxwpcqjwp/2022_06_10/but-chi-1-tno-6515.jpg|Gần 10 năm nay, thầy giáo Dương Văn Kiên (Q.Sơn Trà, TP.Đà Nẵng) đã 'hô biến' những chiếc bút chì thành những tác phẩm nghệ thuật độc đáo.|giáo dục|thanhnien.vn|15:03 10/06/2022
Chỉ 30% học sinh biết bơi, khoảng 2.000 trẻ tử vong do đuối nước mỗi năm|https://thanhnien.vn/chi-30-hoc-sinh-biet-boi-khoang-2-000-tre-tu-vong-do-duoi-nuoc-moi-nam-post1467358.html|https://image.thanhnien.vn/150x100/Uploaded/2022/naejgz/2022_06_10/giai-boi-toan-quoc-8879.jpg|Bộ GD-ĐT phát động phong trào và khai mạc giải bơi học sinh phổ thông toàn quốc tại Trường Đại học Thể dục thể thao Đà Nẵng với 700 học sinh tham gia nhằm đẩy mạnh phong trào học bơi, phòng chống đuối nước.|giáo dục|thanhnien.vn|14:39 10/06/2022
Ý chí cũng có thể nuôi dưỡng ngay từ nhỏ|https://thanhnien.vn/y-chi-cung-co-the-nuoi-duong-ngay-tu-nho-post1467364.html|https://image.thanhnien.vn/150x100/Uploaded/2022/bfznsfyr-bn/2022_06_10/hinh-dai-dien-8033.jpg|Nhiều người cho rằng ý chí là điều sẵn có ở một số cá nhân. Tuy nhiên, các nghiên cứu khoa học khẳng định có thể rèn luyện ý chí và cha mẹ có thể tiếp dưỡng điều này cho con thông qua thể thao.|giáo dục|thanhnien.vn|14:00 10/06/2022
Tuyển sinh lớp 10 TP.HCM có gì đặc biệt trong ngày làm thủ tục dự thi?|https://thanhnien.vn/tuyen-sinh-lop-10-tp-hcm-co-gi-dac-biet-trong-ngay-lam-thu-tuc-du-thi-post1467362.html|https://image.thanhnien.vn/150x100/Uploaded/2022/krlqcqjwq/2022_06_10/lloo-634.jpg|Trong kỳ thi tuyển sinh lớp 10 năm nay, TP.HCM có một thí sinh F0 có nguyện vọng dự thi lớp 10 và 8 thí sinh cần người hỗ trợ viết bài làm.|giáo dục|thanhnien.vn|13:19 10/06/2022
Cách tính điểm xét tuyển theo quy chế tuyển sinh đại học mới|https://thanhnien.vn/cach-tinh-diem-xet-tuyen-theo-quy-che-tuyen-sinh-dai-hoc-moi-post1467324.html|https://image.thanhnien.vn/150x100/Uploaded/2022/xbfoplu/2022_05_10/sv-dh-bkhn-468.jpg|Hiện nay, nếu thí sinh đạt 28 điểm thi thì có thể đạt tối đa 30,75 điểm xét tuyển, nhưng sang năm mức tối đa chỉ là 28,73. Việc điều chỉnh này nhằm tránh sự hỗ trợ với nhóm được ưu tiên lại làm nhóm khác bị bất lợi.|giáo dục|thanhnien.vn|11:56 10/06/2022
Những lưu ý quan trọng trước khi bước vào phòng thi lớp 10|https://thanhnien.vn/nhung-luu-y-quan-trong-truoc-khi-buoc-vao-phong-thi-lop-10-post1467312.html|https://image.thanhnien.vn/150x100/Uploaded/2022/krlqcqjwq/2022_06_10/l00-3907.jpg|Sáng 10.6, khoảng 93.000 thí sinh đăng ký dự thi lớp 10 tại TP.HCM đã đến 150 điểm thi để sinh hoạt quy chế và thực hiện các thủ tục cần thiết chuẩn bị tham dự kỳ thi trong 2 ngày 11- 12.6.|giáo dục|thanhnien.vn|11:02 10/06/2022
Sĩ tử tự tin, phụ huynh nghỉ làm để đồng hành cùng con thi vào lớp 10|https://thanhnien.vn/si-tu-tu-tin-phu-huynh-nghi-lam-de-dong-hanh-cung-con-thi-vao-lop-10-post1467285.html|https://image.thanhnien.vn/150x100/Uploaded/2022/naejgz/2022_06_10/ts-lop-10-2-4335.jpg|Các thí sinh TP.Đà Nẵng tự tin bước vào môn thi đầu tiên kỳ thi tuyển sinh lớp 10. Trong khi đó Sở GD-ĐT huy động gần 2.500 cán bộ, giáo viên phối hợp cùng lực lượng công an, y tế đảm bảo an toàn cho kỳ thi.|giáo dục|thanhnien.vn|10:30 10/06/2022
Hà Nội 'chốt' tuyển sinh THPT hệ song bằng đến hết năm học 2022 - 2023|https://thanhnien.vn/ha-noi-chot-tuyen-sinh-thpt-he-song-bang-den-het-nam-hoc-2022-2023-post1467294.html|https://image.thanhnien.vn/150x100/Uploaded/2022/bcgmbuiq/2022_06_09/anh-dai-dien-songbang-nrkl-5822.jpg|UBND TP.Hà Nội vừa có quyết định đồng ý kéo dài thực hiện đề án thí điểm chương trình đào tạo song bằng tú tài tại Trường THPT Chu Văn An đến hết năm học 2022 - 2023.|giáo dục|thanhnien.vn|10:11 10/06/2022
Những điểm mới của quy chế tuyển sinh đại học Bộ GD-ĐT vừa ban hành|https://thanhnien.vn/nhung-diem-moi-cua-quy-che-tuyen-sinh-dai-hoc-bo-gd-dt-vua-ban-hanh-post1467284.html|https://image.thanhnien.vn/150x100/Uploaded/2022/xbfoplu/2022_04_15/tu-van-tuyen-sinh-truong-dh-mo-dia-chat-6340.jpg|Quy chế tuyển sinh ĐH vừa được ban hành có 8 điểm mới so với quy chế trước đây. Về cơ bản quy chế có hiệu lực ngay từ năm nay. Một số điểm liên quan tới chính sách ưu tiên có hiệu lực từ năm 2023.|giáo dục|thanhnien.vn|10:05 10/06/2022
Tuyển sinh ĐH,CĐ giáo dục mầm non: Từ 22,5 điểm trở lên, điểm ưu tiên giảm dần|https://thanhnien.vn/tuyen-sinh-dh-cd-giao-duc-mam-non-diem-thi-cang-cao-diem-uu-tien-cang-giam-post1467236.html|https://image.thanhnien.vn/150x100/Uploaded/2022/bpcgvoiv/2022_06_07/qpny-27-5877.jpg|Bộ GD-ĐT mới ban hành quy chế tuyển sinh ĐH, CĐ ngành giáo dục mầm non. Điểm mới của quy chế là điều chỉnh mức điểm ưu tiên bắt đầu thực hiện từ năm 2023 với thí sinh đạt tổng 3 môn từ 22,5 trở lên.|giáo dục|thanhnien.vn|09:01 10/06/2022
Thi tốt nghiệp THPT: Những đề xuất để chấm thi chính xác môn văn|https://thanhnien.vn/thi-tot-nghiep-thpt-nhung-de-xuat-de-cham-thi-chinh-xac-mon-van-post1467085.html|https://image.thanhnien.vn/150x100/Uploaded/2022/wsxrxqeiod/2022_06_09/hoc-sinh1-6927.jpg|Dù có những cải tiến, đổi mới trong công tác tổ chức và kỹ thuật ra đề thi tốt nghiệp THPT nhưng yếu tố con người trong chấm thi (đặc biệt là tự luận môn văn) do các sở GD-ĐT chủ trì vẫn là yếu tố đáng quan ngại.|giáo dục|thanhnien.vn|08:34 10/06/2022
Học sinh lớp 12 đoạt học bổng hơn 52 tỉ đồng, VAS chắp cánh những giấc mơ du học|https://thanhnien.vn/hoc-sinh-lop-12-doat-hoc-bong-hon-52-ti-dong-vas-chap-canh-nhung-giac-mo-du-hoc-post1467158.html|https://image.thanhnien.vn/150x100/Uploaded/2022/puqgfdmzs-co/2022_06_09/a2-9028.jpeg|5 đề tài tham gia dự án nghiên cứu khoa học cấp thành phố, hơn 300 giải thưởng về học thuật cấp thành phố đến quốc tế, và hơn 50 học bổng du học trị giá 52 tỉ đồng… là những thành tích ấn tượng của học sinh VAS trong năm học 2021-2022.|giáo dục|thanhnien.vn|08:00 10/06/2022
Tuyển sinh ĐH: Từ năm 2023 sẽ không còn tình trạng điểm chuẩn trên 30 điểm|https://thanhnien.vn/tuyen-sinh-dh-tu-nam-2023-se-khong-con-tinh-trang-diem-chuan-tren-30-diem-post1467214.html|https://image.thanhnien.vn/150x100/Uploaded/2022/xbfoplu/2022_05_11/tu-van-tuyen-sinh-2-7771.jpg|Điểm mới của quy chế tuyển sinh ĐH mà Bộ GD-ĐT vừa mới ban hành là điều chỉnh mức điểm ưu tiên với thí sinh đạt tổng 3 môn từ 22,5 trở lên, thực hiện từ năm 2023.|giáo dục|thanhnien.vn|07:00 10/06/2022
Đề tuyển sinh lớp 10 sẽ phù hợp với việc học trực tuyến|https://thanhnien.vn/de-tuyen-sinh-lop-10-se-phu-hop-voi-viec-hoc-truc-tuyen-post1467086.html|https://image.thanhnien.vn/150x100/Uploaded/2022/wsxrxqeiod/2022_06_09/hoc-sinh-2927.jpg|Sau một năm phải thực hiện tuyển sinh bằng phương thức xét tuyển thông qua kết quả học bậc THCS vì ảnh hưởng của dịch Covid-19, năm nay TP.HCM trở lại tuyển sinh lớp 10 bằng hình thức thi tuyển.|giáo dục|thanhnien.vn|06:24 10/06/2022
Học sinh tốt nghiệp THCS song bằng 'đi đâu, về đâu': Sở GD-ĐT Hà Nội lên tiếng|https://thanhnien.vn/hoc-sinh-tot-nghiep-thcs-song-bang-di-dau-ve-dau-so-gd-dt-ha-noi-len-tieng-post1467210.html|https://image.thanhnien.vn/150x100/Uploaded/2022/bcgmbuiq/2022_06_09/anh-dai-dien-songbang-nrkl-5822.jpg|"Sau khi Thanh Niên phản ánh việc hàng trăm học sinh tốt nghiệp THCS hệ song bằng ở Hà Nội chưa biết ""đi đâu, về đâu"", đêm 9.6, Sở GD-ĐT Hà Nội đã thông báo ""dự kiến"" tuyển sinh lớp 10 hệ này. "|giáo dục|thanhnien.vn|06:00 10/06/2022
Tin tức giáo dục đặc biệt 10.6: Thay đổi cách tính điểm ưu tiên tuyển sinh ĐH|https://thanhnien.vn/tin-tuc-giao-duc-dac-biet-10-6-thay-doi-cach-tinh-diem-uu-tien-tuyen-sinh-dh-post1467211.html|https://image.thanhnien.vn/150x100/Uploaded/2022/bpcgvoiv/2022_06_09/img-3357-1-7972.jpg|Trong quy chế tuyển sinh ĐH, CĐ ngành giáo dục mầm non Bộ GD-ĐT mới ban hành có những điều chỉnh về mức điểm ưu tiên. Đây là nội dung trọng tâm trong tin tức giáo dục đặc biệt trên báo in Thanh Niên ngày mai (10.6).|giáo dục|thanhnien.vn|23:05 09/06/2022
Bí quyết ôn thi THPT đạt điểm cao: Vận dụng cấu trúc câu vào bài làm|https://thanhnien.vn/bi-quyet-on-thi-thpt-dat-diem-cao-van-dung-cau-truc-cau-vao-bai-lam-post1466956.html|https://image.thanhnien.vn/150x100/Uploaded/2022/kbfwobj/2022_06_06/hoc-sinh-lop-12-2189.jpg|Vào lúc 20 giờ 30 hôm nay 9.6, Báo Thanh Niên phát sóng chương trình Bí quyết ôn thi tốt nghiệp THPT đạt điểm cao môn tiếng Anh tại địa chỉ thanhnien.vn, Facebook.com/thanhnien và YouTube Báo Thanh Niên.|giáo dục|thanhnien.vn|20:29 09/06/2022
Học sinh vào 10 tăng vọt, phụ huynh Hà Nội phải chi tiền 'giữ chỗ' trường tư|https://thanhnien.vn/hoc-sinh-vao-10-tang-vot-phu-huynh-ha-noi-phai-chi-tien-giu-cho-truong-tu-post1467183.html|https://image.thanhnien.vn/150x100/Uploaded/2022/fsmim/2022_06_09/anhbaichinh10-6-5462.jpg|Số học sinh (HS) dự tuyển vào lớp 10 năm nay tăng mạnh khiến các trường tư tuyển sinh sớm cũng nhanh chóng kín chỗ nên nhiều phụ huynh phải chấp nhận đóng phí giữ chỗ.|giáo dục|thanhnien.vn|19:54 09/06/2022
Bí quyết ôn thi THPT đạt điểm cao: Kỹ năng đọc biểu đồ, Atlat|https://thanhnien.vn/bi-quyet-on-thi-thpt-dat-diem-cao-ky-nang-doc-bieu-do-atlat-post1466952.html|https://image.thanhnien.vn/150x100/Uploaded/2022/kbfwobj/2022_06_09/thay-tran-ngoc-anh-1442-7163.jpg|Vào lúc 18 giờ 30 hôm nay 9.6, Báo Thanh Niên phát sóng chương trình Bí quyết ôn thi tốt nghiệp THPT đạt điểm cao môn địa lý tại địa chỉ thanhnien.vn, Facebook.com/thanhnien và YouTube Báo Thanh Niên.|giáo dục|thanhnien.vn|18:29 09/06/2022
Phụ huynh đăng ký học bơi miễn phí cho con em mình ở đâu?|https://thanhnien.vn/phu-huynh-dang-ky-hoc-boi-mien-phi-cho-con-em-minh-o-dau-post1467156.html|https://image.thanhnien.vn/150x100/Uploaded/2022/slaohuo/2022_06_09/550113-a3-6670.jpg|Nghỉ hè, trẻ em có nhiều thời gian vui chơi, đặc biệt là ở các địa bàn có sông, suối dễ xảy ra tình trạng đuối nước. Vậy, nơi nào đang có lớp dạy bơi miễn phí để phụ huynh liên hệ cho con em mình học?|giáo dục|thanhnien.vn|18:27 09/06/2022
Bí quyết ôn thi THPT đạt điểm cao: Phương pháp giải toán đặc biệt|https://thanhnien.vn/bi-quyet-on-thi-thpt-dat-diem-cao-phuong-phap-giai-toan-dac-biet-post1466951.html|https://image.thanhnien.vn/150x100/Uploaded/2022/kbfwobj/2022_06_09/maxresdefault-4928.jpg|Vào lúc 16 giờ 30 hôm nay 9.6, Báo Thanh Niên phát sóng chương trình Bí quyết ôn thi tốt nghiệp THPT đạt điểm cao môn toán tại địa chỉ thanhnien.vn, Facebook.com/thanhnien và YouTube Báo Thanh Niên.|giáo dục|thanhnien.vn|16:29 09/06/2022
Thừa Thiên - Huế: Hơn 7.000 học sinh tham dự kỳ thi vào lớp 10 trong nắng nóng|https://thanhnien.vn/thua-thien-hue-hon-7-000-hoc-sinh-tham-du-ky-thi-vao-lop-10-trong-nang-nong-post1467074.html|https://image.thanhnien.vn/150x100/Uploaded/2022/rutmht/2022_06_09/1-32-3703.jpg|Hơn 7.000 học sinh tại Thừa Thiên - Huế đã tham dự kỳ thi tuyển sinh vào lớp 10 các trường THPT trong điều kiện thời tiết nắng nóng.|giáo dục|thanhnien.vn|16:21 09/06/2022
Thi tốt nghiệp THPT 2022: Vật dụng cá nhân phải để cách phòng thi từ 25 m|https://thanhnien.vn/thi-tot-nghiep-thpt-2022-vat-dung-ca-nhan-phai-de-cach-phong-thi-tu-25-m-post1466889.html|https://image.thanhnien.vn/150x100/Uploaded/2022/pwivoviu/2022_06_08/a1-8769.jpg|Kỳ thi năm 2022 chuẩn bị diễn ra trong bối cảnh những “lùm xùm” về bất thường trong đề thi môn sinh kỳ thi năm 2021 chưa có hồi kết khiến Bộ GD-ĐT nhiều lần nhấn mạnh tăng cường giám sát các khâu liên quan đến đề thi.|giáo dục|thanhnien.vn|08:13 09/06/2022
Học văn qua mạng xã hội, vì sao thu hút học sinh ?|https://thanhnien.vn/hoc-van-qua-mang-xa-hoi-vi-sao-thu-hut-hoc-sinh-post1466869.html|https://image.thanhnien.vn/150x100/Uploaded/2022/pwivoviu/2022_06_08/a6-copy-2409.jpg|Mạng xã hội hiện đang có rất nhiều kênh chia sẻ về cách học văn thu hút đông đảo bạn trẻ yêu thích, theo dõi và tương tác, trong đó có rất nhiều học sinh phổ thông.|giáo dục|thanhnien.vn|06:00 09/06/2022
Tin tức giáo dục đặc biệt 9.6: Quy định mới chống gian lận thi tốt nghiệp THPT|https://thanhnien.vn/tin-tuc-giao-duc-dac-biet-9-6-quy-dinh-moi-chong-gian-lan-thi-tot-nghiep-thpt-post1466850.html|https://image.thanhnien.vn/150x100/Uploaded/2022/bpcgvoiv/2022_06_08/qpny-38-8784.jpg|Nhiều quy định mới nhằm hạn chế tối đa tiêu cực ở kỳ thi tốt nghiệp THPT 2022 là nội dung trọng tâm trong tin tức giáo dục đặc biệt trên báo in Thanh Niên ngày mai (9.6).|giáo dục|thanhnien.vn|22:54 08/06/2022
Thi thử tốt nghiệp THPT năm 2022: Cà Mau có 92 điểm liệt|https://thanhnien.vn/thi-thu-tot-nghiep-thpt-nam-2022-ca-mau-co-92-diem-liet-post1466825.html|https://image.thanhnien.vn/150x100/Uploaded/2022/jokvtn/2022_06_08/ca-mau-hoc-truc-tuyen-eomd-8375-1897.jpg|Theo Sở GD-ĐT Cà Mau, kết quả kỳ thi thử tốt nghiệp THPT năm 2022 của tỉnh đạt 93,91% và có 92 điểm liệt.|giáo dục|thanhnien.vn|20:33 08/06/2022
Bí quyết ôn thi THPT đạt điểm cao môn GDCD: Công dân có những quyền gì?|https://thanhnien.vn/bi-quyet-on-thi-thpt-dat-diem-cao-mon-gdcd-cong-dan-co-nhung-quyen-gi-post1464309.html|https://image.thanhnien.vn/150x100/Uploaded/2022/kbfwobj/2022_06_06/hoc-sinh-lop-12-2189.jpg|Vào lúc 20 giờ 30 hôm nay 8.6, Báo Thanh Niên phát sóng chương trình Bí quyết ôn thi tốt nghiệp THPT đạt điểm cao môn GDCD tại địa chỉ thanhnien.vn, Facebook.com/thanhnien và YouTube Báo Thanh Niên.|giáo dục|thanhnien.vn|20:25 08/06/2022
Chấm thi đánh giá năng lực chuyên biệt: Xuất hiện bài thi toán đạt điểm 10|https://thanhnien.vn/cham-thi-danh-gia-nang-luc-chuyen-biet-xuat-hien-bai-thi-toan-dat-diem-10-post1466809.html|https://image.thanhnien.vn/150x100/Uploaded/2022/mffsm/2022_06_08/img-0796-8345.jpg|Trường ĐH Sư phạm TP.HCM đã hoàn thành sơ bộ công tác chấm thi kỳ thi đánh giá năng lực chuyên biệt. Đáng chú ý có bài thi toán đạt điểm 10.|giáo dục|thanhnien.vn|18:34 08/06/2022
Bí quyết ôn thi THPT điểm cao môn văn: Cách chèn câu ghi điểm với giám khảo|https://thanhnien.vn/bi-quyet-on-thi-thpt-diem-cao-mon-van-cach-chen-cau-ghi-diem-voi-giam-khao-post1466728.html|https://image.thanhnien.vn/150x100/Uploaded/2022/kbfwobj/2022_06_08/ducanh2-dgyg-9131.jpg|Vào lúc 18 giờ 30 hôm nay 8.6, Báo Thanh Niên phát sóng chương trình Bí quyết ôn thi tốt nghiệp THPT đạt điểm cao môn ngữ văn tại địa chỉ thanhnien.vn, Facebook.com/thanhnien và YouTube Báo Thanh Niên.|giáo dục|thanhnien.vn|18:25 08/06/2022
Hải Phòng: Bố trí phòng thi riêng cho thí sinh F0 thi tuyển sinh lớp 10|https://thanhnien.vn/hai-phong-bo-tri-phong-thi-rieng-cho-thi-sinh-f0-thi-tuyen-sinh-lop-10-post1466562.html|https://image.thanhnien.vn/150x100/Uploaded/2022/qjyfs/2022_06_08/img-20220608-055837-7532.jpg|Nếu được phụ huynh đồng ý, thí sinh tham gia kỳ thi tuyển sinh vào lớp 10 THPT ở Hải Phòng nếu bị nhiễm Covid-19 sẽ được thi ở phòng riêng.|giáo dục|thanhnien.vn|17:22 08/06/2022
Bí quyết ôn thi THPT điểm cao: Phong trào giải phóng dân tộc có trong đề thi?|https://thanhnien.vn/bi-quyet-on-thi-thpt-diem-cao-phong-trao-giai-phong-dan-toc-co-trong-de-thi-post1466726.html|https://image.thanhnien.vn/150x100/Uploaded/2022/bpcgvoiv/2022_04_27/lic-su-mariecuriednt-0248-8730.jpg|Vào lúc 16 giờ 30 hôm nay 8.6, Báo Thanh Niên phát sóng chương trình Bí quyết ôn thi tốt nghiệp THPT đạt điểm cao môn lịch sử tại địa chỉ thanhnien.vn, Facebook.com/thanhnien và YouTube Thanh Niên.|giáo dục|thanhnien.vn|16:25 08/06/2022
Tuyển sinh lớp 10 tại Đà Nẵng: Bố trí phòng thi riêng cho thí sinh mắc Covid-19|https://thanhnien.vn/tuyen-sinh-lop-10-tai-da-nang-bo-tri-phong-thi-rieng-cho-thi-sinh-mac-covid-19-post1466730.html|https://image.thanhnien.vn/150x100/Uploaded/2022/naejgz/2022_06_08/thi-lop-10-da-nang-9429.jpg|Để chuẩn bị cho kỳ thi tuyển sinh lớp 10 diễn ra vào ngày 10 và 11.6, Sở GD-ĐT Đà Nẵng đề nghị ngành y tế, công an phục vụ tại các điểm thi nhằm đảm bảo an toàn tuyệt đối cho kỳ thi.|giáo dục|thanhnien.vn|16:04 08/06/2022
Bộ trưởng GD-ĐT lưu ý gì trước 'giờ G' thi tốt nghiệp THPT?|https://thanhnien.vn/bo-truong-gd-dt-luu-y-gi-truoc-gio-g-thi-tot-nghiep-thpt-post1466662.html|https://image.thanhnien.vn/150x100/Uploaded/2022/bcgmbuiq/2022_06_08/img-0823-8593.jpg|Tròn 4 tuần nữa sẽ diễn ra kỳ thi tốt nghiệp THPT, Bộ trưởng Bộ GD-ĐT Nguyễn Kim Sơn đề nghị các địa phương chuẩn bị thật tốt cho học sinh cả về kiến thức cũng như về phương diện tâm lý cho kỳ thi này.|giáo dục|thanhnien.vn|11:31 08/06/2022
Bộ GD-ĐT: Đề thi tốt nghiệp THPT không có phần đã tinh giản vì dịch bệnh|https://thanhnien.vn/bo-gd-dt-de-thi-tot-nghiep-thpt-khong-co-phan-da-tinh-gian-vi-dich-benh-post1466630.html|https://image.thanhnien.vn/150x100/Uploaded/2022/bcgmbuiq/2022_06_08/285866291-555837286114091-1348324136537740397-n-4501.jpg|"Bộ GD-ĐT khẳng định: ""Các nội dung kiến thức được tinh giản do tác động của dịch Covid-19 các năm học 2019 - 2020, 2020 - 2021 và 2021 - 2022 sẽ không đưa vào đề thi tốt nghiệp THPT năm nay""."|giáo dục|thanhnien.vn|09:26 08/06/2022
Để tránh sai sót khi coi thi|https://thanhnien.vn/de-tranh-sai-sot-khi-coi-thi-post1466378.html|https://image.thanhnien.vn/150x100/Uploaded/2022/wsxrxqeiod/2022_06_07/coi-thi-3469.jpg|Thi tuyển sinh lớp 10 hay tốt nghiệp THPT, mỗi kỳ thi đều có mục đích riêng, nhưng bất luận thế nào coi thi luôn gây căng thẳng cho giám thị.|giáo dục|thanhnien.vn|08:25 08/06/2022
Mong chờ gì ở kỳ thi tốt nghiệp THPT?|https://thanhnien.vn/mong-cho-gi-o-ky-thi-tot-nghiep-thpt-post1466379.html|https://image.thanhnien.vn/150x100/Uploaded/2022/wsxrxqeiod/2022_06_07/thi-tot-nghiep-8358.jpg|Mới đây Thủ tướng Chính phủ đã ban hành chỉ thị về tăng cường chỉ đạo, phối hợp tổ chức kỳ thi tốt nghiệp THPT và tuyển sinh đại học, giáo dục nghề nghiệp.|giáo dục|thanhnien.vn|07:07 08/06/2022
Học sinh tốt nghiệp THCS hệ song bằng chưa biết 'đi đâu, về đâu'|https://thanhnien.vn/hoc-sinh-tot-nghiep-thcs-he-song-bang-chua-biet-di-dau-ve-dau-post1466375.html|https://image.thanhnien.vn/150x100/Uploaded/2022/wsxrxqeiod/2022_06_07/hoc-sinh3-8545.jpg|Năm nay, lứa học sinh học chương trình song bằng đầu tiên ở Hà Nội đã tốt nghiệp THCS. Tuy nhiên, gần đến ngày thi vào lớp 10, Hà Nội vẫn chưa đưa ra hướng dẫn nào về việc tuyển sinh hệ song bằng THPT cho năm học tới.|giáo dục|thanhnien.vn|06:01 08/06/2022
Tin tức giáo dục đặc biệt 8.6: Để kết quả thi tốt nghiệp THPT đáng tin cậy|https://thanhnien.vn/tin-tuc-giao-duc-dac-biet-8-6-de-ket-qua-thi-tot-nghiep-thpt-dang-tin-cay-post1466556.html|https://image.thanhnien.vn/150x100/Uploaded/2022/bpcgvoiv/2022_06_07/qpny-27-5877.jpg|Cần những lưu ý gì cho kỳ thi tốt nghiệp THPT sắp diễn ra trong tháng 7 để đảm bảo an toàn, tránh tiêu cực là nội dung trọng tâm trong tin tức giáo dục đặc biệt trên báo in Thanh Niên ngày mai (8.6).|giáo dục|thanhnien.vn|22:54 07/06/2022
Bí quyết ôn thi THPT đạt điểm cao: Lý thuyết sinh học trong đề thi ra sao?|https://thanhnien.vn/bi-quyet-on-thi-thpt-dat-diem-cao-ly-thuyet-sinh-hoc-trong-de-thi-ra-sao-post1464407.html|https://image.thanhnien.vn/150x100/Uploaded/2022/kbfwobj/2022_06_03/on-tap-sinh-hoc-642.jpg|Vào lúc 20 giờ 30 hôm nay 7.6, Báo Thanh Niên phát sóng chương trình Bí quyết ôn thi tốt nghiệp THPT đạt điểm cao môn sinh học tại địa chỉ thanhnien.vn, Facebook.com/thanhnien và YouTube Báo Thanh Niên.|giáo dục|thanhnien.vn|20:29 07/06/2022
Bí quyết ôn thi THPT đạt điểm cao: Cách giải nhanh bài hóa học bằng máy tính|https://thanhnien.vn/bi-quyet-on-thi-thpt-dat-diem-cao-cach-giai-nhanh-bai-hoa-hoc-bang-may-tinh-post1464403.html|https://image.thanhnien.vn/150x100/Uploaded/2022/kbfwobj/2022_06_03/lamdethivatly-osfy-3782.jpg|Vào lúc 18 giờ 30 hôm nay 7.6, Báo Thanh Niên phát sóng chương trình Bí quyết ôn thi tốt nghiệp THPT đạt điểm cao môn hóa học tại địa chỉ thanhnien.vn, Facebook.com/thanhnien và YouTube Báo Thanh Niên.|giáo dục|thanhnien.vn|18:28 07/06/2022
Bí quyết ôn thi THPT đạt điểm cao: Công thức nhớ nhanh để làm bài vật lý|https://thanhnien.vn/bi-quyet-on-thi-thpt-dat-diem-cao-cong-thuc-nho-nhanh-de-lam-bai-vat-ly-post1464397.html|https://image.thanhnien.vn/150x100/Uploaded/2022/kbfwobj/2022_06_02/hoc-tieng-anh-3904.jpg|Vào lúc 16 giờ 30 hôm nay 7.6, Báo Thanh Niên phát sóng chương trình Bí quyết ôn thi tốt nghiệp THPT đạt điểm cao môn vật lý tại địa chỉ thanhnien.vn, Facebook.com/thanhnien và YouTube Báo Thanh Niên.|giáo dục|thanhnien.vn|16:29 07/06/2022
Hơn 14.000 thí sinh Cần Thơ bước vào kỳ thi tuyển sinh lớp 10|https://thanhnien.vn/hon-14-000-thi-sinh-can-tho-buoc-vao-ky-thi-tuyen-sinh-lop-10-post1466280.html|https://image.thanhnien.vn/150x100/Uploaded/2022/ayhunaa/2022_06_07/anh-16-9874.jpg|Kỳ thi tuyển sinh lớp 10 tại Cần Thơ diễn ra trong 3 ngày, từ 7 - 9.6, với hơn 14.000 thí sinh tham gia.|giáo dục|thanhnien.vn|12:47 07/06/2022
Đề thi tốt nghiệp THPT cần phân hóa để không còn “mưa điểm 10”|https://thanhnien.vn/de-thi-tot-nghiep-thpt-can-phan-hoa-de-khong-con-mua-diem-10-post1466220.html|https://image.thanhnien.vn/150x100/Uploaded/2022/pwivoviu/2022_06_07/a-1-trang-17-158-2501.jpg|Bộ GD-ĐT đã có nhiều cải tiến tổ chức kỳ thi tốt nghiệp THPT, đặc biệt là khâu đề thi. Tuy nhiên, vẫn còn nhiều băn khoăn về phương thức, yêu cầu đánh giá và tính phân hóa của đề thi.|giáo dục|thanhnien.vn|09:00 07/06/2022
Nên có chính sách tín dụng cho vay thương mại với sinh viên ?|https://thanhnien.vn/nen-co-chinh-sach-tin-dung-cho-vay-thuong-mai-voi-sinh-vien-post1466179.html|https://image.thanhnien.vn/150x100/Uploaded/2022/pwivoviu/2022_06_06/a7-701.jpg|Trong bối cảnh học phí đại học tăng mạnh, việc sửa đổi chính sách vay tín dụng để mở rộng nguồn vay cho người học là vô cùng cần thiết.|giáo dục|thanhnien.vn|06:35 07/06/2022
Tin tức giáo dục đặc biệt 7.6: Nên có 2 đề ngoại ngữ thi tốt nghiệp THPT?|https://thanhnien.vn/tin-tuc-giao-duc-dac-biet-7-6-nen-co-2-de-ngoai-ngu-thi-tot-nghiep-thpt-post1466160.html|https://image.thanhnien.vn/150x100/Uploaded/2022/bpcgvoiv/2022_06_06/tp-9890-1828.jpg|Tình trạng ‘mưa điểm 10’ trong kỳ thi tốt nghiệp THPT những năm gần đây đặt ra vấn đề cải tiến đề thi là nội dung trọng tâm trong tin tức giáo dục đặc biệt trên báo in Thanh Niên ngày mai (7.6).|giáo dục|thanhnien.vn|22:54 06/06/2022
Học sinh TP.HCM sẽ được hỗ trợ học phí từ năm học 2022-2023|https://thanhnien.vn/hoc-sinh-tp-hcm-se-duoc-ho-tro-hoc-phi-tu-nam-hoc-2022-2023-post1466176.html|https://image.thanhnien.vn/150x100/Uploaded/2022/tfxbflu/2022_06_06/img-7498-6866.jpg|UBND TP.HCM giao Sở GD-ĐT TP.HCM chủ trì, phối hợp với các sở Tài chính, LĐ-TB-XH và Tư pháp nghiên cứu xây dựng mức hỗ trợ học phí phù hợp đối với các bậc học (trừ bậc tiểu học).|giáo dục|thanhnien.vn|22:18 06/06/2022
Bí quyết ôn thi tốt nghiệp THPT đạt điểm cao: Lỗi thường gặp trong tiếng Anh|https://thanhnien.vn/bi-quyet-on-thi-tot-nghiep-thpt-dat-diem-cao-loi-thuong-gap-trong-tieng-anh-post1464394.html|https://image.thanhnien.vn/150x100/Uploaded/2022/kbfwobj/2022_06_06/hoc-sinh-lop-12-2189.jpg|Vào lúc 20 giờ 30 hôm nay 6.6, Báo Thanh Niên phát sóng chương trình Bí quyết ôn thi tốt nghiệp THPT đạt điểm cao môn tiếng Anh tại địa chỉ thanhnien.vn, Facebook.com/thanhnien và YouTube Báo Thanh Niên.|giáo dục|thanhnien.vn|20:25 06/06/2022
Bí quyết ôn thi tốt nghiệp THPT đạt điểm cao: Khác biệt của các vùng kinh tế|https://thanhnien.vn/bi-quyet-on-thi-tot-nghiep-thpt-dat-diem-cao-khac-biet-cua-cac-vung-kinh-te-post1464391.html|https://image.thanhnien.vn/150x100/Uploaded/2022/kbfwobj/2022_06_06/thay-tran-ngoc-anh-1442.jpg|Vào lúc 18 giờ 30 hôm nay 6.6, Báo Thanh Niên phát sóng chương trình Bí quyết ôn thi tốt nghiệp THPT đạt điểm cao môn địa lý tại địa chỉ thanhnien.vn, Facebook.com/thanhnien và YouTube Báo Thanh Niên.|giáo dục|thanhnien.vn|18:25 06/06/2022
Bí quyết ôn thi THPT đạt điểm cao: Ứng dụng nhanh phép biến đổi toán học|https://thanhnien.vn/bi-quyet-on-thi-thpt-dat-diem-cao-ung-dung-nhanh-phep-bien-doi-toan-hoc-post1464387.html|https://image.thanhnien.vn/150x100/Uploaded/2022/kbfwobj/2022_06_03/on-tap-sinh-hoc-642.jpg|Vào lúc 16 giờ 30 hôm nay 6.6, Báo Thanh Niên phát sóng chương trình Bí quyết ôn thi tốt nghiệp THPT đạt điểm cao môn toán tại địa chỉ thanhnien.vn, Facebook.com/thanhnien và YouTube Báo Thanh Niên.|giáo dục|thanhnien.vn|16:25 06/06/2022
Nhóm học sinh đánh bạn dã man trong phòng học và quay clip|https://thanhnien.vn/nhom-hoc-sinh-danh-ban-da-man-trong-phong-hoc-va-quay-clip-post1466000.html|https://image.thanhnien.vn/150x100/Uploaded/2022/ayhunaa/2022_06_06/danh-ban-8090.jpg|Một nhóm học sinh đánh bạn ngay tại phòng học trong giờ giải lao, nhiều em khác được cho là đứng xem và dùng điện thoại quay clip nhưng không hề có động thái can ngăn.|giáo dục|thanhnien.vn|13:46 06/06/2022
Đề thi chuyên văn vào lớp 10 Phổ thông Năng khiếu: Khoảnh khắc hạnh phúc|https://thanhnien.vn/de-thi-chuyen-van-vao-lop-10-pho-thong-nang-khieu-khoanh-khac-hanh-phuc-post1465956.html|https://image.thanhnien.vn/150x100/Uploaded/2022/bpcgpivo/2022_06_06/thi1-4813.jpg|Đề thi chuyên văn vào lớp 10 Trường Phổ thông năng khiếu, Đại học Quốc gia TP.HCM, sáng 6.6 khiến nhiều học sinh thích thú, gợi nhiều cảm xúc và có cơ hội viết về khoảnh khắc hạnh phúc đời người.|giáo dục|thanhnien.vn|12:16 06/06/2022
Đại biểu Quốc hội đề xuất ra đề thi tốt nghiệp THPT tránh 'mưa điểm 10'|https://thanhnien.vn/dai-bieu-quoc-hoi-de-xuat-ra-de-thi-tot-nghiep-thpt-tranh-mua-diem-10-post1465958.html|https://image.thanhnien.vn/150x100/Uploaded/2022/bcgmbuiq/2021_07_25/img_2023_kspw.jpg|Đại biểu Quốc hội tỉnh Bắc Ninh cho rằng kỳ thi tốt nghiệp THPT năm qua vẫn tồn tại một số hạn chế như loạn điểm chuẩn, “mưa điểm 10”, dẫn đến học sinh đạt điểm cao vẫn có thể trượt đại học.|giáo dục|thanhnien.vn|11:24 06/06/2022
23 năm phát triển diệu kỳ của trường đại học mang tên Bác|https://thanhnien.vn/23-nam-phat-trien-dieu-ky-cua-truong-dai-hoc-mang-ten-bac-post1465945.html|https://image.thanhnien.vn/150x100/Uploaded/2022/puqgfdmzs-co/2022_06_06/nttu-23-nam-phat-trien-dieu-ki-4584.jpg|Trường ĐH Nguyễn Tất Thành qua 23 năm phát triển đã có những bước chuyển mình mạnh mẽ, từ doanh nghiệp phát triển thành ngôi trường uy tín thu hút hàng ngàn học sinh đăng ký vào học mỗi năm.|giáo dục|thanhnien.vn|10:31 06/06/2022
Hai cô gái ‘song kiếm’ mở lớp chia sẻ kiến thức cho học sinh giỏi văn|https://thanhnien.vn/hai-co-gai-song-kiem-mo-lop-chia-se-kien-thuc-cho-hoc-sinh-gioi-van-post1465896.html|https://image.thanhnien.vn/150x100/Uploaded/2022/kbfwobj/2022_06_06/anh-1-6668.jpg|Phát triển dự án về văn chương trên các nền tảng mạng xã hội, mở lớp ôn thi học sinh giỏi văn quốc gia, biên soạn tài liệu tham khảo là cách hai cô gái sinh năm 2002 nhân rộng tình yêu với môn văn.|giáo dục|thanhnien.vn|09:06 06/06/2022
Bộ GD-ĐT sẽ hướng dẫn điều chỉnh học phí phù hợp|https://thanhnien.vn/bo-gd-dt-se-huong-dan-dieu-chinh-hoc-phi-phu-hop-post1465866.html|https://image.thanhnien.vn/150x100/Uploaded/2022/bpcgvoiv/2022_06_06/dsc05823-1-3468.jpg|Bộ GD-ĐT đã có công văn gửi các bộ, ngành, địa phương đề nghị chỉ đạo các cơ sở giáo dục trực thuộc xác định mức học phí cũng như lộ trình tăng học phí phù hợp. |giáo dục|thanhnien.vn|08:15 06/06/2022
Đủ các loại phí ở trường tư, vì sao?|https://thanhnien.vn/du-cac-loai-phi-o-truong-tu-vi-sao-post1465728.html|https://image.thanhnien.vn/150x100/Uploaded/2022/wsxrxqeiod/2022_06_06/truong-tu-1206.jpg|Đủ các loại phí như phí giữ chỗ, phí xét tuyển, phí kiểm tra đầu vào... của nhiều trường ngoài công lập có mức từ vài triệu lên tới hàng chục triệu đồng khiến nhiều phụ huynh ngỡ ngàng.|giáo dục|thanhnien.vn|07:15 06/06/2022
Kỳ thi tốt nghiệp THPT nên thay đổi theo hướng nào?|https://thanhnien.vn/ky-thi-tot-nghiep-thpt-nen-thay-doi-theo-huong-nao-post1465729.html|https://image.thanhnien.vn/150x100/Uploaded/2022/wsxrxqeiod/2022_06_05/thi-tot-nghiep-141.jpg|Giai đoạn 2017 - 2021 có nhiều thay đổi với kỳ thi tốt nghiệp THPT, bên cạnh những tích cực trong đổi mới thi cử, tác động đến dạy và học, ứng dụng công nghệ thông tin hiệu quả, vẫn còn không ít bất cập cần giải pháp cải tiến.|giáo dục|thanhnien.vn|06:02 06/06/2022
Tin tức giáo dục đặc biệt 6.6: Ngoài học phí, còn những loại phí nào?|https://thanhnien.vn/tin-tuc-giao-duc-dac-biet-6-6-ngoai-hoc-phi-con-nhung-loai-phi-nao-post1465843.html|https://image.thanhnien.vn/150x100/Uploaded/2022/bpcgvoiv/2022_06_05/dsc04380-1-7067.jpg|Rất nhiều loại phí khác nhau mà phụ huynh phải đóng ngay đầu năm học, đặc biệt ở trường tư, là nội dung trọng tâm trong tin tức giáo dục đặc biệt trên báo in Thanh Niên ngày mai (6.6).|giáo dục|thanhnien.vn|22:54 05/06/2022
Thi môn văn vào lớp 10 Trường Phổ thông Năng khiếu: Học sinh bị thu lại đề|https://thanhnien.vn/thi-mon-van-vao-lop-10-truong-pho-thong-nang-khieu-hoc-sinh-bi-thu-lai-de-post1465811.html|https://image.thanhnien.vn/150x100/Uploaded/2022/bpcgpivo/2022_06_05/img-1603-213.jpg|Sáng nay, 5.6 thí sinh thi vào lớp 10 Trường Phổ thông Năng khiếu (ĐH Quốc gia TP.HCM) năm học 2022-2023 làm bài thi môn ngữ văn không chuyên. Học sinh bị thu lại đề sau khi làm bài xong, không được mang ra ngoài phòng thi.|giáo dục|thanhnien.vn|18:15 05/06/2022
Nam sinh chuyên toán chia sẻ bí quyết 8,5 điểm IELTS|https://thanhnien.vn/nam-sinh-chuyen-toan-chia-se-bi-quyet-8-5-diem-ielts-post1465702.html|https://image.thanhnien.vn/150x100/Uploaded/2022/bpcgvoiv/2022_06_05/anh-1-7-8780.jpg|Kiên trì học ngoại ngữ, áp dụng chiến thuật ôn tập phù hợp, Nguyễn Ngọc Tân đạt 8,5 điểm IELTS ngay ở lần thi đầu tiên, trong đó kỹ năng nghe và đọc đạt tuyệt đối với số điểm 9.|giáo dục|thanhnien.vn|15:09 05/06/2022
TP.HCM: Sẽ thí điểm giảng dạy trí tuệ nhân tạo tại một trường THPT trong năm nay|https://thanhnien.vn/tp-hcm-se-thi-diem-giang-day-tri-tue-nhan-tao-tai-mot-truong-thpt-trong-nam-nay-post1465760.html|https://image.thanhnien.vn/150x100/Uploaded/2022/tfxbflu/2022_06_05/ai-1735.png|Đưa nội dung về trí tuệ nhân tạo (AI) vào giảng dạy thí điểm tại Trường THPT chuyên Lê Hồng Phong. Mục tiêu lâu dài là sẽ đưa đào tạo về AI vào các cấp học để từng bước phổ cập kiến thức này.|giáo dục|thanhnien.vn|14:35 05/06/2022
Giáo viên đề xuất Bộ GD-ĐT cách ‘trị’ bệnh thành tích trong giáo dục|https://thanhnien.vn/giao-vien-de-xuat-bo-gd-dt-cach-tri-benh-thanh-tich-trong-giao-duc-post1465674.html|https://image.thanhnien.vn/150x100/Uploaded/2022/bpcgvoiv/2022_06_05/a-tbhd-9158.jpg|Giáo dục là động lực phát triển xã hội. Tuy nhiên đến nay giáo dục vẫn chưa phát huy được vai trò quan trọng bởi mang nặng căn bệnh thành tích.|giáo dục|thanhnien.vn|09:39 05/06/2022
Thông tin mới nhất về tuyển sinh đầu cấp tại Hà Nội|https://thanhnien.vn/thong-tin-moi-nhat-ve-tuyen-sinh-dau-cap-tai-ha-noi-post1465553.html|https://image.thanhnien.vn/150x100/Uploaded/2022/bcgmbuiq/2022_06_04/img-8706-3248.jpg|Ngày 4.6, Sở GD-ĐT Hà Nội vừa công bố kế hoạch tuyển sinh vào trường mầm non, lớp 1, lớp 6 năm học 2022 - 2023 của 30 quận, huyện, thị xã.|giáo dục|thanhnien.vn|19:08 04/06/2022
Thủ tướng yêu cầu Bộ GD-ĐT có giải pháp giảm chi phí sách giáo khoa|https://thanhnien.vn/thu-tuong-yeu-cau-bo-gd-dt-co-giai-phap-giam-chi-phi-sach-giao-khoa-post1465550.html|https://image.thanhnien.vn/150x100/Uploaded/2022/bcgmbuiq/2022_06_04/img-0732-1219.jpg|Thủ tướng giao Bộ GD-ĐT chủ trì, rà soát, nghiên cứu giải pháp phù hợp với các vấn đề liên quan sách giáo khoa theo hướng tạo thuận lợi, tiết kiệm, giảm chi phí, bảo đảm lợi ích chính đáng của học sinh, phụ huynh.|giáo dục|thanhnien.vn|18:59 04/06/2022
Bí quyết ôn thi THPT đạt điểm cao: Trạm văn thực chiến với đề nghị luận|https://thanhnien.vn/bi-quyet-on-thi-thpt-dat-diem-cao-tram-van-thuc-chien-voi-de-nghi-luan-post1464307.html|https://image.thanhnien.vn/150x100/Uploaded/2022/kbfwobj/2022_06_03/on-tap-sinh-hoc-642.jpg|Vào lúc 18 giờ 30 hôm nay 4.6, Báo Thanh Niên phát sóng chương trình Bí quyết ôn thi tốt nghiệp THPT đạt điểm cao môn ngữ văn tại địa chỉ thanhnien.vn, Facebook.com/thanhnien và YouTube Báo Thanh Niên.|giáo dục|thanhnien.vn|18:29 04/06/2022
Trường đại học Văn Lang tuyển sinh khóa đầu tiên ngành Quản lý công nghiệp|https://thanhnien.vn/truong-dai-hoc-van-lang-tuyen-sinh-khoa-dau-tien-nganh-quan-ly-cong-nghiep-post1465541.html|https://image.thanhnien.vn/150x100/Uploaded/2022/bfznsfyr-bn/2022_06_04/anh-1-1001.jpg|Năm 2022, Trường đại học Văn Lang mở thêm ngành Quản lý công nghiệp (mã ngành 7510601), nâng tổng số ngành đại học tuyển sinh lên 61 ngành.|giáo dục|thanhnien.vn|18:06 04/06/2022
Làm 3 bài thi trong 1 buổi sáng để 'đọ sức' vào THPT chuyên Ngoại ngữ|https://thanhnien.vn/lam-3-bai-thi-trong-1-buoi-sang-de-do-suc-vao-thpt-chuyen-ngoai-ngu-post1465519.html|https://image.thanhnien.vn/150x100/Uploaded/2022/bcgmbuiq/2022_06_04/viber-image-2022-06-04-12-43-56-349-3775.jpg|"Trong cái nắng nóng hầm hập sáng nay 4.6, hàng nghìn thí sinh ở các tỉnh phía bắc dự thi vào lớp 10 THPT chuyên Ngoại ngữ (ĐH Quốc gia Hà Nội) đã làm ""một lèo"" 3 bài thi đánh giá năng lực đầy khó khăn."|giáo dục|thanhnien.vn|17:31 04/06/2022
Bí quyết ôn thi THPT đạt điểm cao: Mỹ, Nhật phát triển kinh tế ra sao?|https://thanhnien.vn/bi-quyet-on-thi-thpt-dat-diem-cao-my-nhat-phat-trien-kinh-te-ra-sao-post1464306.html|https://image.thanhnien.vn/150x100/Uploaded/2022/kbfwobj/2022_06_03/lamdethivatly-osfy-3782.jpg|Vào lúc 16 giờ 30 hôm nay 4.6, Báo Thanh Niên phát sóng chương trình Bí quyết ôn thi tốt nghiệp THPT đạt điểm cao môn lịch sử tại địa chỉ thanhnien.vn, Facebook.com/thanhnien và YouTube Báo Thanh Niên.|giáo dục|thanhnien.vn|16:29 04/06/2022
Học sinh phải được làm quen với nghề nghiệp, khởi nghiệp từ cấp tiểu học, trung học|https://thanhnien.vn/hoc-sinh-phai-duoc-lam-quen-voi-nghe-nghiep-khoi-nghiep-tu-cap-tieu-hoc-trung-hoc-post1465486.html|https://image.thanhnien.vn/150x100/Uploaded/2022/tfxbflu/2022_06_04/hs-tieu-hoc-6200.jpeg|Quy định mới của Bộ GD-ĐT yêu cầu ngay từ cấp tiểu học, học sinh phải được làm quen với công tác tư vấn nghề nghiệp, việc làm và hỗ trợ khởi nghiệp thông qua các môn học và hoạt động giáo dục.|giáo dục|thanhnien.vn|16:17 04/06/2022
Phạt 3,75 triệu, xem xét cấm đứng lớp nữ ‘bảo mẫu’ trùm túi ni lông vào đầu trẻ|https://thanhnien.vn/phat-3-75-trieu-xem-xet-cam-dung-lop-nu-bao-mau-trum-tui-ni-long-vao-dau-tre-post1465484.html|https://image.thanhnien.vn/150x100/Uploaded/2022/jbvunat/2022_05_16/1213-3853.jpg|Ngoài xin lỗi công khai, nữ “bảo mẫu” dùng túi ni lông trùm đầu và đánh vào mông trẻ còn bị phạt 3,75 triệu đồng và đang bị xem xét cấm đứng lớp.|giáo dục|thanhnien.vn|15:31 04/06/2022
Trường công tự chủ: 70% sinh viên nông thôn gặp khó khăn tài chính|https://thanhnien.vn/truong-cong-tu-chu-70-sinh-vien-nong-thon-gap-kho-khan-tai-chinh-post1465110.html|https://image.thanhnien.vn/150x100/Uploaded/2022/wsxrxqeiod/2022_06_03/sinh-vien-903.jpg|Tự chủ đại học, đặc biệt là tự chủ tài chính và những chính sách hỗ trợ sinh viên gặp khó khăn về tài chính được đặc biệt quan tâm trong buổi làm việc với Đại học Quốc gia TP.HCM của Bí thư T.Ư Đảng, Trưởng ban Tuyên giáo T.Ư Nguyễn Trọng Nghĩa.|giáo dục|thanhnien.vn|06:00 04/06/2022
Tin tức giáo dục đặc biệt 4.6: Tìm cơ hội học tập khi học phí tăng|https://thanhnien.vn/tin-tuc-giao-duc-dac-biet-4-6-tim-co-hoi-hoc-tap-khi-hoc-phi-tang-post1465300.html|https://image.thanhnien.vn/150x100/Uploaded/2022/bpcgvoiv/2022_06_03/dsc05805-4522.jpg|Làm thế nào để không hạn chế cơ hội học tập của sinh viên khi trường đại học công lập chuyển sang tự chủ tăng mạnh học phí là nội dung trọng tâm trong tin tức giáo dục đặc biệt trên báo in Thanh Niên ngày mai (4.6).|giáo dục|thanhnien.vn|22:54 03/06/2022
Người nghèo giỏi cũng phải trả tiền nếu muốn học trường tốt?|https://thanhnien.vn/nguoi-ngheo-gioi-cung-phai-tra-tien-neu-muon-hoc-truong-tot-post1465196.html|https://image.thanhnien.vn/150x100/Uploaded/2022/mffsm/2022_06_03/img-0671-8508.jpg|Tự chủ đại học (ĐH) và trách nhiệm nhà nước trong tự chủ ĐH là một nội dung đáng chú ý trong buổi làm việc của Trưởng ban Tuyên giáo trung ương với ĐH Quốc gia TP.HCM hôm nay.|giáo dục|thanhnien.vn|20:38 03/06/2022
Bí quyết ôn thi THPT đạt điểm cao: Ôn theo cấu trúc đề thi sinh học|https://thanhnien.vn/bi-quyet-on-thi-thpt-dat-diem-cao-on-theo-cau-truc-de-thi-sinh-hoc-post1464304.html|https://image.thanhnien.vn/150x100/Uploaded/2022/kbfwobj/2022_06_03/on-tap-sinh-hoc-642.jpg|Vào lúc 20 giờ 30 hôm nay 3.6, Báo Thanh Niên phát sóng chương trình Bí quyết ôn thi tốt nghiệp THPT đạt điểm cao môn sinh học tại địa chỉ thanhnien.vn, Facebook.com/thanhnien và YouTube Báo Thanh Niên.|giáo dục|thanhnien.vn|20:25 03/06/2022
Vừa sử dụng đàn piano nổi tiếng thế giới vừa nhận thưởng hàng trăm triệu đồng|https://thanhnien.vn/vua-su-dung-dan-piano-noi-tieng-the-gioi-vua-nhan-thuong-hang-tram-trieu-dong-post1465271.html|https://image.thanhnien.vn/150x100/Uploaded/2022/krlqcqjwq/2022_06_03/hinh-p-9042.jpg|Cuộc thi Piano SIU (SIU Piano Competition) diễn ra ngày 3.6 là cơ hội giới thiệu, kết nối tài năng piano trẻ của Việt Nam với thế giới.|giáo dục|thanhnien.vn|19:36 03/06/2022
Bí quyết ôn thi THPT đạt điểm cao: Cách giải nhanh bài hóa học bằng máy tính|https://thanhnien.vn/bi-quyet-on-thi-thpt-dat-diem-cao-cach-giai-nhanh-bai-hoa-hoc-bang-may-tinh-post1464303.html|https://image.thanhnien.vn/150x100/Uploaded/2022/kbfwobj/2022_06_03/thuc-hanh-hoa-hoc-4350.jpg|Vào lúc 18 giờ 30 hôm nay 3.6, Báo Thanh Niên phát sóng chương trình Bí quyết ôn thi tốt nghiệp THPT đạt điểm cao môn hóa học tại địa chỉ thanhnien.vn, Facebook.com/thanhnien và YouTube Báo Thanh Niên.|giáo dục|thanhnien.vn|18:25 03/06/2022
Tuyển sinh vào lớp 10 Khánh Hòa: Yêu cầu học sinh vào vai sứ giả hòa bình|https://thanhnien.vn/tuyen-sinh-vao-lop-10-khanh-hoa-yeu-cau-hoc-sinh-vao-vai-su-gia-hoa-binh-post1465226.html|https://image.thanhnien.vn/150x100/Uploaded/2022/xbhunwa/2022_06_03/dsc02639-897.jpg|Hôm nay (3.6), hơn 13.500 học sinh trong tỉnh Khánh Hòa (trừ 2 huyện miền núi Khánh Sơn và Khánh Vĩnh) bước vào ngày thi đầu tiên của kỳ thi tuyển lớp 10 THPT công lập năm học 2022-2023. |giáo dục|thanhnien.vn|18:12 03/06/2022
Khi con bị bắt nạt học đường, phụ huynh có bao dung được không?|https://thanhnien.vn/khi-con-bi-bat-nat-hoc-duong-phu-huynh-co-bao-dung-duoc-khong-post1465172.html|https://image.thanhnien.vn/150x100/Uploaded/2022/bpcgvoiv/2022_06_03/541664-baoluchocduong2-1518-3757.png|Bạo lực học đường vẫn là nỗi lo canh cánh bên lòng mẹ cha khi con đến trường. Con có thể là nạn nhân của trò bắt nạt bằng lời nói, bằng hành động tẩy chay, bằng đánh đấm, bằng sự công kích trên mạng xã hội…|giáo dục|thanhnien.vn|17:40 03/06/2022
SNA chính thức trở thành Trường IB Toàn Phần|https://thanhnien.vn/sna-chinh-thuc-tro-thanh-truong-ib-toan-phan-post1465204.html|https://image.thanhnien.vn/150x100/Uploaded/2022/puqgfdmzs-co/2022_06_03/dai-dien-lanh-dao-tap-doan-nhg-va-ban-giam-hieu-truong-sna-tai-buoi-le-236.jpeg|Hệ thống Trường Quốc tế Bắc Mỹ (International Schools Of North America- SNA) chính thức trở thành Trường IB Toàn Phần - IB Continuum School thứ 6 tại Việt Nam.|giáo dục|thanhnien.vn|16:45 03/06/2022
Bí quyết ôn thi THPT điểm cao môn lý: Đề thi thường ra phần lý thuyết nào?|https://thanhnien.vn/bi-quyet-on-thi-thpt-diem-cao-mon-ly-de-thi-thuong-ra-phan-ly-thuyet-nao-post1464297.html|https://image.thanhnien.vn/150x100/Uploaded/2022/kbfwobj/2022_06_03/lamdethivatly-osfy-3782.jpg|Vào lúc 16 giờ 30 hôm nay 3.6, Báo Thanh Niên phát sóng chương trình Bí quyết ôn thi tốt nghiệp THPT đạt điểm cao môn vật lý tại địa chỉ thanhnien.vn, Facebook.com/thanhnien và YouTube Báo Thanh Niên.|giáo dục|thanhnien.vn|16:25 03/06/2022
Thủ tướng yêu cầu các bộ cùng xây dựng văn hóa học đường|https://thanhnien.vn/chinh-phu-yeu-cau-cac-bo-cung-bo-gd-dt-xay-dung-van-hoa-hoc-duong-post1465067.html|https://image.thanhnien.vn/150x100/Uploaded/2022/tfxbflu/2022_06_03/c4891ae4-8c86-458e-9d8c-1d9b3fb7daa3-2312.png|Phó Thủ tướng Vũ Đức Đam ký ban hành Chỉ thị số 08/CT-TTg của Thủ tướng Chính phủ về việc tăng cường triển khai công tác xây dựng văn hóa học đường.|giáo dục|thanhnien.vn|13:00 03/06/2022
Trường ĐH Sư phạm kỹ thuật Vĩnh Long mở ngành Công nghệ kỹ thuật ô tô điện|https://thanhnien.vn/truong-dh-su-pham-ky-thuat-vinh-long-mo-nganh-cong-nghe-ky-thuat-o-to-dien-post1465046.html|https://image.thanhnien.vn/150x100/Uploaded/2022/sfrgm/2022_06_03/img-9653-8075.jpg|Trường ĐH Sư phạm kỹ thuật Vĩnh Long tổ chức lễ bàn giao thiết bị phục vụ đào tạo ngành Công nghệ kỹ thuật ô tô điện - xe điện VF e34, chuẩn bị tuyển sinh khóa đầu tiên.|giáo dục|thanhnien.vn|12:27 03/06/2022
Thông tin mới về vụ cô giáo bị tố đánh trẻ mầm non|https://thanhnien.vn/thong-tin-moi-ve-vu-co-giao-bi-to-danh-tre-mam-non-post1464876.html|https://image.thanhnien.vn/150x100/Uploaded/2022/bzwvovbp/2022_06_02/danh-hoc-sinh-6312.jpg|Ngày 2.6, Phòng GD-ĐT H.Phù Cát (tỉnh Bình Định) yêu cầu Trường mầm non Mai Ca tổ chức kiểm điểm nghiêm túc đối với cô giáo N.L.T trước trường liên quan đến việc cô bị tố đánh trẻ 5 tuổi.|giáo dục|thanhnien.vn|10:21 03/06/2022
Chuyển từ thi sang xét tuyển, đầu vào thạc sĩ có dễ hơn?|https://thanhnien.vn/chuyen-tu-thi-sang-xet-tuyen-dau-vao-thac-si-co-de-hon-post1464893.html|https://image.thanhnien.vn/150x100/Uploaded/2022/pwivoviu/2022_06_02/a8-2962.jpg|Khi Quy chế tuyển sinh và đào tạo thạc sĩ mới có hiệu lực, nhiều trường đại học chuyển từ thi tuyển sang xét tuyển chỉ dựa vào kết quả học tập bậc đại học. Điều này có khiến đầu vào thạc sĩ dễ hơn?|giáo dục|thanhnien.vn|08:01 03/06/2022
Đầu tư giáo dục cho con, nhiều gia đình chọn di cư đến Ireland|https://thanhnien.vn/dau-tu-giao-duc-cho-con-nhieu-gia-dinh-chon-di-cu-den-ireland-post1465004.html|https://image.thanhnien.vn/150x100/Uploaded/2022/qxwpth-zl/2022_06_03/image1-4408.png|Hệ thống giáo dục hàng đầu thế giới cùng những phúc lợi mà chính phủ Ireland dành cho trẻ em là lý do thúc đẩy nhiều nhà đầu tư chọn di cư đến quốc gia này.|giáo dục|thanhnien.vn|07:00 03/06/2022
Sẽ giảm mức điểm ưu tiên tuyển sinh vào đại học|https://thanhnien.vn/se-giam-muc-diem-uu-tien-tuyen-sinh-vao-dai-hoc-post1464983.html|https://image.thanhnien.vn/150x100/Uploaded/2022/pwivoviu/2022_06_03/a-1-trang-17-154-moi-4907.jpg|Qua phân tích dữ liệu thi và kết quả học tập, phổ điểm 4 khu vực tuyển sinh của thí sinh, Bộ GD-ĐT đã nhận ra một số bất hợp lý trong việc cộng điểm ưu tiên khu vực.|giáo dục|thanhnien.vn|06:05 03/06/2022
Tin tức giáo dục đặc biệt 3.6: Những bất ngờ về điểm ưu tiên tuyển sinh ĐH|https://thanhnien.vn/tin-tuc-giao-duc-dac-biet-3-6-nhung-bat-ngo-ve-diem-uu-tien-tuyen-sinh-dh-post1464916.html|https://image.thanhnien.vn/150x100/Uploaded/2022/bpcgvoiv/2022_06_02/hny-1715-2-5299.jpg|Nhiều bất hợp lý trong việc cộng điểm ưu tiên tuyển sinh đại học được nhìn thấy rõ hơn qua phân tích các số liệu là nội dung trọng tâm trong tin tức giáo dục đặc biệt trên báo in Thanh Niên ngày mai (3.6).|giáo dục|thanhnien.vn|22:54 02/06/2022
Bí quyết ôn thi THPT đạt điểm cao: Bớt lo sợ khi yếu vốn từ vựng|https://thanhnien.vn/bi-quyet-on-thi-thpt-dat-diem-cao-bot-lo-so-khi-yeu-von-tu-vung-post1464294.html|https://image.thanhnien.vn/150x100/Uploaded/2022/kbfwobj/2022_06_02/hoc-tieng-anh-3904.jpg|Vào lúc 20 giờ 30 hôm nay 2.6, Báo Thanh Niên phát sóng chương trình Bí quyết ôn thi tốt nghiệp THPT đạt điểm cao môn tiếng Anh tại địa chỉ thanhnien.vn, Facebook.com/thanhnien và YouTube Báo Thanh Niên.|giáo dục|thanhnien.vn|20:29 02/06/2022
Học sinh trường quốc tế đánh nhau: UBND TP.HCM báo cáo kế hoạch xử lý học sinh|https://thanhnien.vn/hoc-sinh-truong-quoc-te-danh-nhau-ubnd-tp-hcm-bao-cao-ke-hoach-xu-ly-hoc-sinh-post1464861.html|https://image.thanhnien.vn/150x100/Uploaded/2022/krlqcqjwq/2022_06_02/hinh-tqt-6965.jpg|Ngày 2.6, UBND TP.HCM đã có văn bản báo cáo Bộ GD-ĐT về vụ việc học sinh trường quốc tế đánh nhau thu hút quan tâm của xã hội trong những ngày gần đây.|giáo dục|thanhnien.vn|19:41 02/06/2022
Bí quyết ôn thi THPT đạt điểm cao: Hệ thống kiến thức địa lý kinh tế|https://thanhnien.vn/bi-quyet-on-thi-thpt-dat-diem-cao-he-thong-kien-thuc-dia-ly-kinh-te-post1464290.html|https://image.thanhnien.vn/150x100/Uploaded/2022/kbfwobj/2022_06_02/thay-tran-ngoc-anh-7682.jpg|Vào lúc 18 giờ 30 hôm nay 2.6, Báo Thanh Niên phát sóng chương trình Bí quyết ôn thi tốt nghiệp THPT đạt điểm cao môn địa lý tại địa chỉ thanhnien.vn, Facebook.com/thanhnien và YouTube Báo Thanh Niên.|giáo dục|thanhnien.vn|18:29 02/06/2022
Thủ tướng yêu cầu Bộ GD-ĐT đề xuất phương án phù hợp về dạy môn lịch sử|https://thanhnien.vn/thu-tuong-yeu-cau-bo-gd-dt-de-xuat-phuong-an-phu-hop-ve-day-mon-lich-su-post1464814.html|https://image.thanhnien.vn/150x100/Uploaded/2022/jopoplb/2022_06_02/1652778873252-01-1190-9168.jpeg|Thủ tướng yêu cầu Bộ GD-ĐT tổ chức hội thảo, thảo luận kỹ lưỡng, đánh giá toàn diện để đề xuất phương án phù hợp về môn lịch sử trong Chương trình giáo dục phổ thông.|giáo dục|thanhnien.vn|17:41 02/06/2022
Bí quyết ôn thi THPT đạt điểm cao: Câu hỏi về đồ thị|https://thanhnien.vn/bi-quyet-on-thi-thpt-dat-diem-cao-cau-hoi-ve-do-thi-post1464288.html|https://image.thanhnien.vn/150x100/Uploaded/2022/krlqcqjwq/2021_09_24/hcg_mbjn.jpg|Vào lúc 16 giờ 30 hôm nay 2.6, Báo Thanh Niên phát sóng chương trình Bí quyết ôn thi tốt nghiệp THPT đạt điểm cao môn toán tại địa chỉ thanhnien.vn, Facebook.com/thanhnien và YouTube  Báo Thanh Niên.|giáo dục|thanhnien.vn|16:29 02/06/2022
Lắng nghe để thấu hiểu những lời con nói|https://thanhnien.vn/lang-nghe-de-thau-hieu-nhung-loi-con-noi-post1464336.html|https://image.thanhnien.vn/150x100/Uploaded/2022/wsxrxqeiod/2022_06_01/lang-nghe-2430.jpg|Đôi khi, con của bạn cũng cảm thấy rằng, cha mẹ của mình bận rộn đến nỗi không có thời gian lắng nghe mỗi khi chúng cần được hỗ trợ để thoát khỏi áp lực học hành hoặc có những băn khoăn mà chúng muốn giãi bày.|giáo dục|thanhnien.vn|09:00 02/06/2022
Các nước thực hiện sách giáo khoa ra sao ?|https://thanhnien.vn/cac-nuoc-thuc-hien-sach-giao-khoa-ra-sao-post1464339.html|https://image.thanhnien.vn/150x100/Uploaded/2022/zsfe/2022_06_02/a-2-trang-17-153-5711.jpg|Những bức xúc về giá sách giáo khoa (SGK) mới tăng cao gần đây cũng như cách thức sử dụng, vận hành SGK hiện nay ở Việt Nam khiến mọi người đặt câu hỏi liệu các nước có những vấn đề này?|giáo dục|thanhnien.vn|08:00 02/06/2022
Bộ trưởng GD-ĐT nói đã có nhiều chỉ đạo để giá sách giáo khoa thấp nhất|https://thanhnien.vn/bo-truong-gd-dt-noi-da-co-nhieu-chi-dao-de-gia-sach-giao-khoa-thap-nhat-post1464340.html|https://image.thanhnien.vn/150x100/Uploaded/2022/wsxrxqeiod/2022_06_01/nguyen-kim-son-5962.jpg|Bộ trưởng Bộ GD-ĐT Nguyễn Kim Sơn khẳng định bộ này đã có nhiều chỉ đạo để giá sách giáo khoa thấp nhất, đồng thời kiên trì kiến nghị đưa SGK vào danh mục nhà nước định giá, trợ giá.|giáo dục|thanhnien.vn|05:55 02/06/2022
Cô gái ‘9.0 điểm IELTS’ đang gây bão: Nhận sai và cầu xin được tha thứ|https://thanhnien.vn/co-gai-9-0-diem-ielts-dang-gay-bao-nhan-sai-va-cau-xin-duoc-tha-thu-post1464541.html|https://image.thanhnien.vn/150x100/Uploaded/2022/bpcgpivo/2022_06_01/tieng-anh-2976.jpg|Tối 1.6, sau những ồn ào, nữ sinh 20 tuổi H.T.T.H, cô gái từng được mệnh danh là 'thí sinh nhỏ tuổi nhất Việt Nam’ được 9.0 IELTS chính thức có lời nhận sai và cầu xin được sự tha thứ từ mọi người.|giáo dục|thanhnien.vn|23:00 01/06/2022
Tin tức giáo dục đặc biệt 2.6: Có thể hạ giá sách giáo khoa được không?|https://thanhnien.vn/tin-tuc-giao-duc-dac-biet-2-6-co-the-ha-gia-sach-giao-khoa-duoc-khong-post1464529.html|https://image.thanhnien.vn/150x100/Uploaded/2022/bpcgvoiv/2022_06_01/20220531-101747-8717.jpg|Sách giáo khoa dù thực hiện xã hội hóa nhưng làm sao để giá không tăng cao là nội dung trọng tâm trong tin tức giáo dục đặc biệt trên báo in Thanh Niên ngày mai (2.6).|giáo dục|thanhnien.vn|22:54 01/06/2022
Bí quyết ôn thi THPT đạt điểm cao môn GDCD: Các quyền tự do cơ bản|https://thanhnien.vn/bi-quyet-on-thi-thpt-dat-diem-cao-mon-gdcd-cac-quyen-tu-do-co-ban-post1464264.html|https://image.thanhnien.vn/150x100/Uploaded/2022/kbfwobj/2022_06_01/on-thi-3795.jpg|Vào lúc 20 giờ 30 hôm nay 1.6, Báo Thanh Niên phát sóng chương trình Bí quyết ôn thi tốt nghiệp THPT đạt điểm cao môn GDCD tại địa chỉ thanhnien.vn, Facebook.com/thanhnien và YouTube Báo Thanh Niên.|giáo dục|thanhnien.vn|20:25 01/06/2022
Cảnh báo tình trạng cha mẹ bị con cái… lừa tiền học phí|https://thanhnien.vn/canh-bao-tinh-trang-cha-me-bi-con-cai-lua-tien-hoc-phi-post1464506.html|https://image.thanhnien.vn/150x100/Uploaded/2022/mffsm/2022_06_01/canh-bao-lua-dao-hoc-phi-7729.jpg|Nhiều chiêu lừa đảo nhằm chiếm đoạt tiền học phí được các trường ĐH cảnh báo trong thời gian gần đây. Đáng chú ý điều này không chỉ dành cho sinh viên mà cả các bậc phụ huynh.|giáo dục|thanhnien.vn|19:57 01/06/2022
TP.HCM: Thí sinh sẽ thi lớp 10 như thế nào trong những ngày tới?|https://thanhnien.vn/tp-hcm-thi-sinh-se-thi-lop-10-nhu-the-nao-trong-nhung-ngay-toi-post1464480.html|https://image.thanhnien.vn/150x100/Uploaded/2022/krlqcqjwq/2022_04_28/l9hvt-615.jpg|Ngày 1.6, ông Lê Hoài Nam, Phó Giám đốc Sở GD-ĐT TP.HCM, thông tin đã cơ bản hoàn tất các khâu chuẩn bị để tổ chức kỳ thi tuyển sinh vào lớp 10 sẽ diễn ra trong 2 ngày 11- 12.6.|giáo dục|thanhnien.vn|18:37 01/06/2022
Bí quyết ôn thi THPT đạt điểm cao: 'Thực chiến' với đề văn|https://thanhnien.vn/bi-quyet-on-thi-thpt-dat-diem-cao-thuc-chien-voi-de-van-post1464261.html|https://image.thanhnien.vn/150x100/Uploaded/2022/krlqcqjwq/2022_05_10/hinh-10-5-6673.jpg|Vào lúc 18 giờ 30 hôm nay 1.6, Báo Thanh Niên phát sóng chương trình Bí quyết ôn thi tốt nghiệp THPT đạt điểm cao môn ngữ văn tại địa chỉ thanhnien.vn, Facebook.com/thanhnien và YouTube Báo Thanh Niên.|giáo dục|thanhnien.vn|18:25 01/06/2022
Vì sao có nhiều người bị nghi ngờ 'gian dối điểm thi' IELTS?|https://thanhnien.vn/vi-sao-co-nhieu-nguoi-bi-nghi-ngo-gian-doi-diem-thi-ielts-post1464432.html|https://image.thanhnien.vn/150x100/Uploaded/2022/kbfwobj/2022_06_01/ielts-score-card-small-7389.jpg|Các vụ việc được cư dân mạng phanh phui gần đây cho thấy nhiều người bị nghi ngờ gian dối kết quả thi IELTS. Điểm thi được photoshop để trở thành 8.0, 8.5 thậm chí 9.0. Vì sao có hiện tượng này?|giáo dục|thanhnien.vn|18:09 01/06/2022
Nhiều học sinh đuối nước, Đà Nẵng yêu cầu nâng cao kỹ năng bơi lội cho trẻ|https://thanhnien.vn/nhieu-hoc-sinh-duoi-nuoc-da-nang-yeu-cau-nang-cao-ky-nang-boi-loi-cho-tre-post1464455.html|https://image.thanhnien.vn/150x100/Uploaded/2022/naejgz/2022_06_01/z3455337573532-cecd284b70df93782ec7d9db172f0007-8182-133.jpg|Vừa bắt đầu kỳ nghỉ hè thì tại TP.Đà Nẵng xảy ra nhiều vụ học sinh bị đuối nước, tử vong. Chính quyền Đà Nẵng yêu cầu các sở ban ngành vào cuộc, nâng cao kỹ năng cho trẻ bơi lội để tránh trường hợp đáng tiếc.|giáo dục|thanhnien.vn|17:48 01/06/2022
TP.HCM: Yêu cầu khẩn trương hỗ trợ học phí cho học sinh|https://thanhnien.vn/tp-hcm-yeu-cau-khan-truong-ho-tro-hoc-phi-cho-hoc-sinh-post1464446.html|https://image.thanhnien.vn/150x100/Uploaded/2022/bpcgvoiv/2022_06_01/dsc01462-4567.jpg|Ngày 1.6, Ban Văn hóa Xã hội, HĐND TP.HCM đã có buổi làm việc với Sở GD-ĐT về tình hình triển khai thực hiện hỗ trợ học phí năm học 2021-2022 cho trẻ mầm non, học sinh phổ thông công lập, ngoài công lập…|giáo dục|thanhnien.vn|16:54 01/06/2022
Bộ trưởng GD-ĐT: Nhiều lần yêu cầu tiết kiệm để giá sách giáo khoa thấp nhất|https://thanhnien.vn/bo-truong-gd-dt-nhieu-lan-yeu-cau-tiet-kiem-de-gia-sach-giao-khoa-thap-nhat-post1464441.html|https://image.thanhnien.vn/150x100/Uploaded/2022/nokvrb/2022_06_01/nguyen-kim-son-9441.jpg|Bộ trưởng GD-ĐT Nguyễn Kim Sơn cho biết, bộ này đã nhiều lần yêu cầu Nhà xuất bản Giáo dục tiết kiệm tối đa, cắt giảm chi phí để đảm bảo giá sách giáo khoa thấp nhất.|giáo dục|thanhnien.vn|16:46 01/06/2022
Đề môn ngữ văn thi vào lớp 10 ở Quảng Ninh: 'Biết sống vì người khác'|https://thanhnien.vn/de-mon-ngu-van-thi-vao-lop-10-o-quang-ninh-biet-song-vi-nguoi-khac-post1464402.html|https://image.thanhnien.vn/150x100/Uploaded/2022/wlyrstlstpf/2022_06_01/1975342-thi-sinh-hdt-thpt-ngo-quyen-dien-thong-tin-vao-giay-thi-07570801-492.jpg|Ngày 1.6, gần 15.000 học sinh ở Quảng Ninh bước vào kỳ thi vào lớp 10. Buổi thi đầu tiên đã diễn ra an toàn, nghiêm túc và không có thí sinh vi phạm quy chế.|giáo dục|thanhnien.vn|16:26 01/06/2022
Bí quyết ôn thi THPT đạt điểm cao: Trung Quốc có những thành tựu khoa học gì?|https://thanhnien.vn/bi-quyet-on-thi-thpt-dat-diem-cao-trung-quoc-co-nhung-thanh-tuu-khoa-hoc-gi-post1464259.html|https://image.thanhnien.vn/150x100/Uploaded/2022/krlqcqjwq/2021_12_24/nk-t-6759.jpg|Vào lúc 16 giờ 30 hôm nay 1.6, Báo Thanh Niên phát sóng chương trình Bí quyết ôn thi tốt nghiệp THPT đạt điểm cao môn lịch sử tại địa chỉ thanhnien.vn, Facebook.com/thanhnien và YouTube Thanh Niên.|giáo dục|thanhnien.vn|16:25 01/06/2022
Phó giám đốc Sở Tài chính giữ chức Hiệu trưởng Trường ĐH Bạc Liêu|https://thanhnien.vn/pho-giam-doc-so-tai-chinh-giu-chuc-hieu-truong-truong-dh-bac-lieu-post1464389.html|https://image.thanhnien.vn/150x100/Uploaded/2022/wovunaa/2022_06_01/truong-dai-hoc-502.jpg|Chủ tịch UBND tỉnh Bạc Liêu vừa quyết định điều động, bổ nhiệm ông Phan Văn Đàn, Phó giám đốc Sở Tài chính, giữ chức Hiệu trưởng Trường ĐH Bạc Liêu.|giáo dục|thanhnien.vn|14:58 01/06/2022
Thủ khoa đánh giá năng lực đợt 2: Thi hai lần đều trên 1.000 điểm|https://thanhnien.vn/thu-khoa-danh-gia-nang-luc-dot-2-thi-hai-lan-deu-tren-1-000-diem-post1464357.html|https://image.thanhnien.vn/150x100/Uploaded/2022/kbfwobj/2022_06_01/thu-khoa-pham-tuan-dat-dgnl-dot-2-7206.jpg|Một nam sinh ở tỉnh Đồng Nai dù không học trường chuyên nhưng trở thành thủ khoa của kỳ thi đánh giá năng lực đợt 2 năm 2022 do ĐH Quốc gia TP.HCM tổ chức, với số điểm 1.107/1.200 điểm.|giáo dục|thanhnien.vn|13:40 01/06/2022
'Thí sinh trẻ tuổi nhất Việt Nam' đạt điểm 9.0 IELTS bị nghi ngờ gian dối|https://thanhnien.vn/thi-sinh-tre-tuoi-nhat-viet-nam-dat-diem-9-0-ielts-bi-nghi-ngo-gian-doi-post1464324.html|https://image.thanhnien.vn/150x100/Uploaded/2022/kbfwobj/2022_06_01/thi-ielts-5405.jpg|Một nữ sinh viên bị nghi chỉnh sửa, 'gắn tên' vào bảng điểm của một thầy giáo để tự nhận mình là 'thí sinh trẻ tuổi nhất Việt Nam' đạt điểm tuyệt đối 9.0 trong kỳ thi tiếng Anh IELTS.|giáo dục|thanhnien.vn|12:56 01/06/2022
Vào TP.HCM thi năng lực, hai cha con đi từ chiều hôm trước, chưa ngủ chút nào|https://thanhnien.vn/vao-tp-hcm-thi-nang-luc-cha-cung-con-di-tu-chieu-hom-truoc-chua-ngu-chut-nao-post1464262.html|https://image.thanhnien.vn/150x100/Uploaded/2022/mffsm/2022_06_01/853309d5-57be-4a46-826d-7afe65fbcb42-4026.jpeg|Lần đầu tiên thí sinh tham dự kỳ thi đánh giá năng lực chuyên biệt trên máy tính do Trường ĐH Sư phạm TP.HCM tổ chức. Có những phụ huynh cùng con rời nhà từ chiều hôm trước để kịp có mặt tại buổi thi sáng nay.|giáo dục|thanhnien.vn|10:33 01/06/2022
HOCMAI phối hợp với Meta triển khai chương trình học trực tuyến về kỹ năng số|https://thanhnien.vn/hocmai-phoi-hop-voi-meta-trien-khai-chuong-trinh-hoc-truc-tuyen-ve-ky-nang-so-post1464112.html|https://image.thanhnien.vn/150x100/Uploaded/2022/puqgfdmzs-co/2022_05_31/hocmai-a-6579.jpg|Chương trình học trực tuyến miễn phí “Tư duy thời đại số” là sự kết hợp giữa HOCMAI và Tập đoàn Meta, nhằm trang bị cho học sinh những kỹ năng số để tham gia môi trường mạng một cách an toàn, tích cực.|giáo dục|thanhnien.vn|08:00 01/06/2022
Bỏ lỡ nhiều cơ hội để người dân mua sách giáo khoa rẻ hơn|https://thanhnien.vn/bo-lo-nhieu-co-hoi-de-nguoi-dan-mua-sach-giao-khoa-re-hon-post1464156.html|https://image.thanhnien.vn/150x100/Uploaded/2022/pwivoviu/2022_06_01/a-1-trang-17-152-4394.jpg|Đã có những cơ hội để giảm bớt chi phí về sách giáo khoa cho người dân nhưng đã bị cơ quan quản lý bỏ lỡ.|giáo dục|thanhnien.vn|06:21 01/06/2022
Tin tức giáo dục đặc biệt 1.6: Vì sao giá sách giáo khoa cao?|https://thanhnien.vn/tin-tuc-giao-duc-dac-biet-1-6-vi-sao-gia-sach-giao-khoa-cao-post1464137.html|https://image.thanhnien.vn/150x100/Uploaded/2022/bpcgvoiv/2022_05_31/20220531-101419-9724.jpg|Giá sách giáo khoa mới cao gấp 2-3 lần sách hiện hành gây bức xúc trong dư luận và câu hỏi vì sao người dân phải mua sách giá cao là nội dung trọng tâm trong tin tức giáo dục đặc biệt trên Thanh Niên ngày mai (1.6).|giáo dục|thanhnien.vn|22:54 31/05/2022
8/8 học sinh Việt Nam đoạt giải tại Olympic vật lý châu Á - Thái Bình Dương|https://thanhnien.vn/8-8-hoc-sinh-viet-nam-doat-giai-tai-olympic-vat-ly-chau-a-thai-binh-duong-post1464126.html|https://image.thanhnien.vn/150x100/Uploaded/2022/bcgmbuiq/2022_05_31/img-0635-2349.jpg|8 thành viên Đội tuyển quốc gia Việt Nam tham dự Olympic vật lý châu Á - Thái Bình Dương (AphO) năm 2022 đều đoạt giải, bao gồm 1 huy chương bạc, 2 huy chương đồng và 5 bằng khen.|giáo dục|thanhnien.vn|20:32 31/05/2022
Bí quyết ôn thi THPT đạt điểm cao: Những dạng bài thường có trong đề thi|https://thanhnien.vn/bi-quyet-on-thi-thpt-dat-diem-cao-nhung-dang-bai-thuong-co-trong-de-thi-post1464031.html|https://image.thanhnien.vn/150x100/Uploaded/2022/krlqcqjwq/2022_01_14/pk-9282.jpg|Vào lúc 20 giờ 30 hôm nay 31.5, Báo Thanh Niên phát sóng chương trình Bí quyết ôn thi tốt nghiệp THPT đạt điểm cao môn sinh học tại địa chỉ thanhnien.vn, Facebook.com/thanhnien và YouTube Báo Thanh Niên.|giáo dục|thanhnien.vn|20:29 31/05/2022
Một học sinh lớp 6 bị đánh hội đồng 3 lần trong nhà vệ sinh của trường|https://thanhnien.vn/mot-hoc-sinh-lop-6-bi-danh-hoi-dong-3-lan-trong-nha-ve-sinh-cua-truong-post1464108.html|https://image.thanhnien.vn/150x100/Uploaded/2022/ayhunaa/2022_05_31/hoc-sinh-8475.jpg|Một học sinh lớp 6 ở Long An bị nhóm bạn cùng trường đánh hội đồng nhiều lần nhưng nhà trường chậm xử lý khiến phụ huynh bức xúc.|giáo dục|thanhnien.vn|19:11 31/05/2022
Cà Mau: Công bố 44 loại sách giáo khoa lớp 3, 7 và 10|https://thanhnien.vn/ca-mau-cong-bo-44-loai-sach-giao-khoa-lop-3-7-va-10-post1464104.html|https://image.thanhnien.vn/150x100/Uploaded/2022/jokvtn/2021_09_17/ca-mau-hoc-truc-tuyen_eomd.jpg|UBND tỉnh Cà Mau vừa phê duyệt danh mục sách giáo khoa lớp 3, 7 và 10 sử dụng trong cơ sở giáo dục phổ thông trên địa bàn tỉnh.|giáo dục|thanhnien.vn|19:10 31/05/2022
Bí quyết ôn thi THPT đạt điểm cao: Cách giải nhanh bài toán hóa học|https://thanhnien.vn/bi-quyet-on-thi-thpt-dat-diem-cao-cach-giai-nhanh-bai-toan-hoa-hoc-post1464030.html|https://image.thanhnien.vn/150x100/Uploaded/2022/krlqcqjwq/2022_05_31/hhhh-2977.jpg|Vào lúc 18 giờ 30 hôm nay 31.5, Báo Thanh Niên phát sóng chương trình Bí quyết ôn thi tốt nghiệp THPT đạt điểm cao môn hóa học tại địa chỉ thanhnien.vn, Facebook.com/thanhnien và YouTube Báo Thanh Niên.|giáo dục|thanhnien.vn|18:29 31/05/2022
Thí sinh 82 tuổi đăng ký dự thi tốt nghiệp THPT năm 2022|https://thanhnien.vn/thi-sinh-82-tuoi-dang-ky-du-thi-tot-nghiep-thpt-nam-2022-post1464074.html|https://image.thanhnien.vn/150x100/Uploaded/2022/bcgmbuiq/2022_05_31/thi-sinh-du-thi-1153.jpg|Theo thông tin từ Sở GD - ĐT Hà Nội, kỳ thi tốt nghiệp THPT năm 2022, trên địa bàn thành phố có một thí sinh 82 tuổi vẫn đăng ký dự thi.|giáo dục|thanhnien.vn|17:42 31/05/2022
Sinh viên ngành dệt may ra trường có thể thu nhập 30 triệu đồng/tháng|https://thanhnien.vn/sinh-vien-nganh-det-may-ra-truong-co-the-thu-nhap-30-trieu-dong-thang-post1464068.html|https://image.thanhnien.vn/150x100/Uploaded/2022/xbfoplu/2022_05_31/phong-hoc-thong-minh-nganh-cong-nghe-may-2566.jpg|Sinh viên các ngành trong lĩnh vực công nghiệp dệt may mới ra trường có thu nhập bình quân 9 triệu đồng/ tháng. Những em tốt nghiệp ngành quản lý công nghiệp chuyên ngành merchandiser thu nhập có thể lên đến trên 30 triệu đồng/tháng.|giáo dục|thanhnien.vn|17:41 31/05/2022
Học sinh trường quốc tế đánh nhau: Trường thông báo kết quả kiểm tra camera an ninh|https://thanhnien.vn/hoc-sinh-truong-quoc-te-danh-nhau-truong-thong-bao-ket-qua-kiem-tra-camera-an-ninh-post1464088.html|https://image.thanhnien.vn/150x100/Uploaded/2022/zsfe/2022_06_01/12-2004.jpg|Chiều 31.5, Trường Quốc tế TP.HCM- Học viện Mỹ (ISHCMC-AA) đưa ra thông cáo báo chí về sự việc học sinh trường này đánh nhau hôm 26.5 và cách ứng xử của các bên liên quan vốn thu hút dư luận xã hội những ngày gần đây.|giáo dục|thanhnien.vn|17:31 31/05/2022
Bí quyết ôn thi THPT đạt điểm cao: Làm quen với dạng bài thi tốt nghiệp THPT|https://thanhnien.vn/bi-quyet-on-thi-thpt-dat-diem-cao-lam-quen-voi-dang-bai-thi-tot-nghiep-thpt-post1464027.html|https://image.thanhnien.vn/150x100/Uploaded/2022/krlqcqjwq/2021_12_13/lhp-1-9514.jpg|Vào lúc 16 giờ 30 hôm nay 31.5, Báo Thanh Niên phát sóng chương trình Bí quyết ôn thi tốt nghiệp THPT đạt điểm cao môn vật lý tại địa chỉ thanhnien.vn, Facebook.com/thanhnien và YouTube Báo Thanh Niên.|giáo dục|thanhnien.vn|16:29 31/05/2022
Thừa Thiên - Huế: nữ sinh nghèo bị đánh chấn động não, tổn thương cơ thể 23%|https://thanhnien.vn/thua-thien-hue-nu-sinh-ngheo-bi-danh-chan-dong-nao-ton-thuong-co-the-23-post1463920.html|https://image.thanhnien.vn/150x100/Uploaded/2022/tngtrn/2022_05_31/4-19-6266-9151.png|Liên quan đến vụ một nữ sinh ở Thừa Thiên - Huế bị bạn cùng trường chặn đánh gây chấn động não, Công an TX.Hương Trà (Thừa Thiên - Huế) đã có kết quả giám định tỷ lệ tổn thương cơ thể của nạn nhân.|giáo dục|thanhnien.vn|15:11 31/05/2022
Công bố điểm thi năng lực đợt 2: 65% thi lại, điểm vẫn thấp hơn năm ngoái|https://thanhnien.vn/cong-bo-diem-thi-nang-luc-dot-2-65-thi-lai-diem-van-thap-hon-nam-ngoai-post1463975.html|https://image.thanhnien.vn/150x100/Uploaded/2022/mffsm/2022_05_31/1653181764816-01-2501.jpeg|Ngày 31.5, ĐH Quốc gia TP.HCM công bố kết quả kỳ thi đánh giá năng lực 2022 đợt 2. Bài thi cao nhất đạt 1.107 trên tổng số 1.200 điểm.|giáo dục|thanhnien.vn|14:04 31/05/2022
Sách giáo khoa mới đắt hơn 2 - 3 lần: 'Khổ to, giấy tốt' càng... khổ?|https://thanhnien.vn/sach-giao-khoa-moi-dat-hon-2-3-lan-kho-to-giay-tot-cang-kho-post1463941.html|https://image.thanhnien.vn/150x100/Uploaded/2022/bcgmbuiq/2022_04_29/sach-3710-2-9392.jpg|Lý giải về giá sách giáo khoa mới đắt hơn ít nhất 2-3 lần so với sách hiện hành từ Bộ trưởng Bộ GD-ĐT chưa thuyết phục được người dân, trái lại còn làm cho những bức xúc trở nên căng thẳng hơn. |giáo dục|thanhnien.vn|12:12 31/05/2022
Bộ GD-ĐT: Thí sinh diện F0 nếu có nguyện vọng thi tốt nghiệp THPT phải làm đơn|https://thanhnien.vn/bo-gd-dt-thi-sinh-dien-f0-neu-co-nguyen-vong-thi-tot-nghiep-thpt-phai-lam-don-post1463960.html|https://image.thanhnien.vn/150x100/Uploaded/2022/bcgmbuiq/2021_07_06/img_1555_aqvj.jpg|Bộ GD-ĐT vừa có công văn gửi UBND cấp tỉnh về việc tổ chức thi tốt nghiệp THPT năm 2022 cho thí sinh bị ảnh hưởng bởi dịch Covid-19|giáo dục|thanhnien.vn|11:43 31/05/2022
Sẽ không còn lạm phát giấy khen học sinh ?|https://thanhnien.vn/se-khong-con-lam-phat-giay-khen-hoc-sinh-post1463609.html|https://image.thanhnien.vn/150x100/Uploaded/2022/wsxrxqeiod/2022_05_30/hoc-sinh-6082.jpg|Theo nhiều giáo viên, Thông tư 22 có nhiều điểm mới tích cực, nhân văn trong việc đánh giá xếp loại học sinh, thay đổi cách tính điểm trung bình môn đã hạn chế phần nào việc lạm phát giấy khen cho học sinh.|giáo dục|thanhnien.vn|10:00 31/05/2022
Thầy giáo Đỗ Đức Anh: Bất ngờ vì bài tập về nhà lại gây 'bão mạng'|https://thanhnien.vn/thay-giao-do-duc-anh-bat-ngo-vi-bai-tap-ve-nha-lai-gay-bao-mang-post1463775.html|https://image.thanhnien.vn/150x100/Uploaded/2022/livospwi/2022_05_30/doducanh-7889.jpeg|Gần đây, trên mạng xã hội lại lan truyền hình ảnh bài tập về nhà của thầy Đỗ Đức Anh, giáo viên ngữ văn, Trường THPT Bùi Thị Xuân. Sau 3 năm, bài tập về nhà này vẫn mang đến cho người đọc vẹn nguyên cảm xúc. |giáo dục|thanhnien.vn|09:00 31/05/2022
Vụ học sinh đánh nhau ở trường quốc tế: Cần thay đổi cách ứng xử|https://thanhnien.vn/vu-hoc-sinh-danh-nhau-o-truong-quoc-te-can-thay-doi-cach-ung-xu-post1463610.html|https://image.thanhnien.vn/150x100/Uploaded/2022/wsxrxqeiod/2022_05_31/hoc-sinh-7070.jpg|Học sinh cự cãi thậm chí đánh nhau không phải câu chuyện xa lạ trong nhà trường. Nhưng để giải tỏa mâu thuẫn, giáo dục và bảo vệ được học trò thì cần những ứng xử văn minh từ nhà trường, phụ huynh và cả xã hội.|giáo dục|thanhnien.vn|07:24 31/05/2022
Tin tức giáo dục đặc biệt 31.5: Học sinh đánh nhau, phụ huynh nên làm gì?|https://thanhnien.vn/tin-tuc-giao-duc-dac-biet-31-5-hoc-sinh-danh-nhau-phu-huynh-nen-lam-gi-post1463819.html|https://image.thanhnien.vn/150x100/Uploaded/2022/bpcgvoiv/2022_05_29/viber-image-2022-05-29-15-09-24-345-5713.jpg|Câu chuyện học sinh một trường quốc tế tại TP.HCM đánh nhau và ứng xử của nhà trường, phụ huynh những ngày gần đây là nội dung trọng tâm trong tin tức giáo dục đặc biệt trên báo in Thanh Niên ngày mai (31.5).|giáo dục|thanhnien.vn|23:09 30/05/2022
Bí quyết ôn thi THPT đạt điểm cao: Cách điền từ trong bài đọc hiểu tiếng Anh|https://thanhnien.vn/bi-quyet-on-thi-thpt-dat-diem-cao-cach-dien-tu-trong-bai-doc-hieu-tieng-anh-post1463716.html|https://image.thanhnien.vn/150x100/Uploaded/2022/bpcgvoiv/2022_05_30/tieng-anh-2997.jpg|Vào lúc 20 giờ 30 hôm nay 30.5, Báo Thanh Niên phát sóng chương trình Bí quyết ôn thi tốt nghiệp THPT đạt điểm cao môn tiếng Anh tại địa chỉ thanhnien.vn, Facebook.com/thanhnien và YouTube Thanh Niên.|giáo dục|thanhnien.vn|20:25 30/05/2022
Học sinh trường quốc tế đánh nhau: Sở GD-ĐT TP.HCM yêu cầu nhà trường những gì?|https://thanhnien.vn/hoc-sinh-truong-quoc-te-danh-nhau-so-gd-dt-tp-hcm-yeu-cau-nha-truong-nhung-gi-post1463778.html|https://image.thanhnien.vn/150x100/Uploaded/2022/krlqcqjwq/2022_05_29/truong-qt-4276.jpg|Chiều ngày 30.5, ông Hồ Tấn Minh, Chánh Văn phòng Sở GD-ĐT TP.HCM, cho hay ngay khi nhận được báo cáo của Trường Quốc tế TP.HCM, Sở đã có buổi làm việc về vụ việc học sinh của trường đánh nhau.|giáo dục|thanhnien.vn|19:09 30/05/2022
Thấy gì qua ‘tỷ lệ chọi’ vào lớp 10 ở Hà Nội năm nay?|https://thanhnien.vn/thay-gi-qua-ty-le-choi-vao-lop-10-o-ha-noi-nam-nay-post1463754.html|https://image.thanhnien.vn/150x100/Uploaded/2022/bcgmbuiq/2021_06_13/img_08682_jmbl.jpg|"Nhiều trường ở khu vực nội thành Hà Nội có ""tỷ lệ chọi"" vào lớp 10 THPT công lập là 1 “chọi” 2 - 3, ngược lại không ít trường ngoại thành số đăng ký dự thi còn thấp hơn chỉ tiêu tuyển sinh."|giáo dục|thanhnien.vn|18:29 30/05/2022
Bí quyết ôn thi THPT đạt điểm cao: So sánh các vùng kinh tế của Việt Nam|https://thanhnien.vn/bi-quyet-on-thi-thpt-dat-diem-cao-so-sanh-cac-vung-kinh-te-cua-viet-nam-post1463712.html|https://image.thanhnien.vn/150x100/Uploaded/2022/bpcgvoiv/2022_05_30/dsc03584-2-8591.jpg|Vào lúc 18 giờ 30 hôm nay 30.5, Báo Thanh Niên phát sóng chương trình Bí quyết ôn thi tốt nghiệp THPT đạt điểm cao môn địa lý tại địa chỉ thanhnien.vn, Facebook.com/thanhnien và YouTube Thanh Niên.|giáo dục|thanhnien.vn|18:25 30/05/2022
Trường ĐH Bách khoa TP.HCM sử dụng điểm kỳ thi đánh giá năng lực ra sao?|https://thanhnien.vn/truong-dh-bach-khoa-tp-hcm-su-dung-diem-ky-thi-danh-gia-nang-luc-ra-sao-post1463733.html|https://image.thanhnien.vn/150x100/Uploaded/2022/mffsm/2022_05_30/279400496-738135794044837-3091368227079290248-n-9856.jpg|Trong vài ngày gần đây, nhiều thí sinh đăng ký xét tuyển vào Trường ĐH Bách khoa TP.HCM bày tỏ sự lo lắng trước cách thức xét tuyển mới liên quan đến điểm kỳ thi đánh giá năng lực năm 2022.|giáo dục|thanhnien.vn|18:03 30/05/2022
Mức học phí ngành y khoa trường công lập phía bắc tối đa 24,5 triệu đồng/năm học|https://thanhnien.vn/muc-hoc-phi-nganh-y-khoa-truong-cong-lap-phia-bac-toi-da-24-5-trieu-dong-nam-hoc-post1463702.html|https://image.thanhnien.vn/150x100/Uploaded/2022/xbfoplu/2022_05_30/truong-dh-y-hn-9885.jpg|Các trường y dược công lập phía bắc vẫn thu học phí theo khung Chính phủ quy định trong Nghị định 81/2021/NĐ-CP, do chưa “tự chủ”, mà chưa thu theo mức hệ số cao như các trường đã tự chủ. Dẫu vậy, có ngành tăng đến 71,33%.|giáo dục|thanhnien.vn|16:26 30/05/2022
Bí quyết ôn thi THPT đạt điểm cao: Cách làm bài toán cực trị|https://thanhnien.vn/bi-quyet-on-thi-thpt-dat-diem-cao-cach-lam-bai-toan-cuc-tri-post1463710.html|https://image.thanhnien.vn/150x100/Uploaded/2022/kbfwobj/2022_05_30/giai-toan-tran-bao-thanh-nien-gcjf-8795.jpg|Vào lúc 16 giờ 30 hôm nay 26.5, Báo Thanh Niên phát sóng chương trình Bí quyết ôn thi tốt nghiệp THPT đạt điểm cao môn toán tại địa chỉ thanhnien.vn, Facebook.com/thanhnien và YouTube Báo Thanh Niên.|giáo dục|thanhnien.vn|16:19 30/05/2022
Vinh danh sinh viên đạt thành tích xuất sắc tại SEA Games 31|https://thanhnien.vn/vinh-danh-sinh-vien-dat-thanh-tich-xuat-sac-tai-sea-games-31-post1463633.html|https://image.thanhnien.vn/150x100/Uploaded/2022/naejgz/2022_05_30/z3453094971185-d1c05557166c4c2c7f17a0ea4c2ffd95-6916.jpg|Ngày 30.5, Trường ĐH Thể dục thể thao Đà Nẵng tổ chức lễ vinh danh sinh viên là vận động viên đạt thành tích xuất sắc tại Đại hội thể thao Đông Nam Á - SEA Games 31.|giáo dục|thanhnien.vn|14:12 30/05/2022
Hà Nội công bố 'tỷ lệ chọi' vào từng trường THPT không chuyên|https://thanhnien.vn/ha-noi-cong-bo-ty-le-choi-vao-tung-truong-thpt-khong-chuyen-post1463591.html|https://image.thanhnien.vn/150x100/Uploaded/2022/bcgmbuiq/2021_11_08/img-4304-9528.jpg|Căn cứ số lượng học sinh đăng ký dự tuyển và chỉ tiêu được giao, học sinh có thể biết được “tỷ lệ chọi” vào lớp 10 của từng trường trung học phổ thông công lập năm học 2022 - 2023. |giáo dục|thanhnien.vn|11:54 30/05/2022
Học sinh trường quốc tế đánh nhau: Thông tin mới nhất từ nhà trường|https://thanhnien.vn/hoc-sinh-truong-quoc-te-danh-nhau-thong-tin-moi-nhat-tu-nha-truong-post1463572.html|https://image.thanhnien.vn/150x100/Uploaded/2022/kbfwobj/2022_05_30/truong-quoc-te-2939.jpg|Ngày 30.5, Trường Quốc tế TP.HCM (ISHCMC) đã báo cáo với Sở GD-ĐT về sự việc học sinh trường quốc tế đánh nhau hôm 26.5.|giáo dục|thanhnien.vn|11:36 30/05/2022
Bắt đầu 'cuộc đua nghẹt thở' vào lớp 10|https://thanhnien.vn/bat-dau-cuoc-dua-nghet-tho-vao-lop-10-post1463385.html|https://image.thanhnien.vn/150x100/Uploaded/2022/fsmim/2022_05_29/anh-kem-bai-9970.jpg|Từ nay đến cuối tháng 6, học sinh và cả các bậc cha mẹ ở Hà Nội bước vào cuộc đua “nghẹt thở” để vào lớp 10 THPT cả chuyên và không chuyên.|giáo dục|thanhnien.vn|08:11 30/05/2022
Chính phủ chỉ đạo về tổ chức thi tốt nghiệp THPT|https://thanhnien.vn/chinh-phu-chi-dao-ve-to-chuc-thi-tot-nghiep-thpt-post1463465.html|https://image.thanhnien.vn/150x100/Uploaded/2022/bpcgvoiv/2022_05_30/hoc-sinh2-784-2717.jpg|Thủ tướng Chính phủ đã ban hành Chỉ thị số 06/CT-TTg về tăng cường chỉ đạo, phối hợp tổ chức kỳ thi tốt nghiệp THPT và tuyển sinh đại học, giáo dục nghề nghiệp năm 2022.|giáo dục|thanhnien.vn|07:15 30/05/2022
Chiến lược “dặm vá” kiến thức chuẩn bị thi cuối cấp|https://thanhnien.vn/chien-luoc-dam-va-kien-thuc-chuan-bi-thi-cuoi-cap-post1463464.html|https://image.thanhnien.vn/150x100/Uploaded/2022/pwivoviu/2022_05_30/a-1-trang-17-150-6828.jpg|Học sinh cuối cấp đang trong giai đoạn nước rút ôn tập thi tuyển sinh lớp 10 và tốt nghiệp THPT xét tuyển ĐH. Do cả học kỳ 1 phải dạy học trực tuyến nên các trường lên kế hoạch cụ thể củng cố kiến thức cho học sinh.|giáo dục|thanhnien.vn|06:05 30/05/2022
Tin tức giáo dục đặc biệt 30.5: Những cách ôn thi cuối cấp hiệu quả|https://thanhnien.vn/tin-tuc-giao-duc-dac-biet-30-5-nhung-cach-on-thi-cuoi-cap-hieu-qua-post1463416.html|https://image.thanhnien.vn/150x100/Uploaded/2022/bpcgvoiv/2022_05_29/dsc07867-4168.jpg|Mất một học kỳ học trực tuyến, vậy để ôn thi cuối cấp hiệu quả, học sinh cần làm gì là một nội dung đáng quan tâm trong tin tức giáo dục đặc biệt trên báo in Thanh Niên ngày mai (30.5).|giáo dục|thanhnien.vn|22:54 29/05/2022
Học sinh trường quốc tế đánh nhau: Phòng Giáo dục TP.Thủ Đức nói gì?|https://thanhnien.vn/hoc-sinh-truong-quoc-te-danh-nhau-phong-giao-duc-tp-thu-duc-noi-gi-post1463390.html|https://image.thanhnien.vn/150x100/Uploaded/2022/krlqcqjwq/2022_05_29/truong-qt-4276.jpg|Lãnh đạo Phòng Giáo dục TP.Thủ Đức (TP.HCM) đã thông tin với phóng viên Báo Thanh Niên về diễn biến vụ việc học sinh trường quốc tế đánh nhau.|giáo dục|thanhnien.vn|18:18 29/05/2022
Olympic toán học sinh viên, học sinh toàn quốc: Một sinh viên suýt đạt điểm tuyệt đối|https://thanhnien.vn/olympic-toan-hoc-sinh-vien-hoc-sinh-toan-quoc-mot-sinh-vien-suyt-dat-diem-tuyet-doi-post1463377.html|https://image.thanhnien.vn/150x100/Uploaded/2022/ycivoxpw/2022_05_29/dsc04897-2450.jpg|Kỳ thi Olympic toán học sinh viên toàn quốc năm nay có 6 sinh viên đạt giải nhất “kép”, đặc biệt có một sinh viên suýt đạt điểm tuyệt đối cả 2 môn thi.|giáo dục|thanhnien.vn|17:49 29/05/2022
Thêm 1 trường của ĐH Quốc gia TP.HCM tự chủ, học phí tăng gấp đôi|https://thanhnien.vn/them-1-truong-cua-dh-quoc-gia-tp-hcm-tu-chu-hoc-phi-tang-gap-doi-post1463376.html|https://image.thanhnien.vn/150x100/Uploaded/2022/mffsm/2022_05_29/img-7843-5259.jpg|Thêm một trường ĐH thành viên thuộc hệ thống ĐH Quốc gia TP.HCM chuyển qua loại hình tự chủ, học phí tăng gấp đôi vào năm học 2022-2023.|giáo dục|thanhnien.vn|17:03 29/05/2022
Bộ GD-ĐT chỉ đạo về việc học sinh trường quốc tế ở TP.HCM đánh nhau|https://thanhnien.vn/bo-gd-dt-chi-dao-ve-viec-hoc-sinh-truong-quoc-te-o-tp-hcm-danh-nhau-post1463331.html|https://image.thanhnien.vn/150x100/Uploaded/2022/bpcgvoiv/2022_05_29/viber-image-2022-05-29-15-09-24-345-5713.jpg|Trước sự việc học sinh trường quốc tế ở TP.HCM đánh nhau, Bộ GD-ĐT đã gửi công văn cho UBND TP. HCM. |giáo dục|thanhnien.vn|12:23 29/05/2022
Tặng quà gì để trẻ mở ra không bị thất vọng?|https://thanhnien.vn/tang-qua-gi-de-tre-mo-ra-khong-bi-that-vong-post1461628.html|https://image.thanhnien.vn/150x100/Uploaded/2022/bpcgvoiv/2022_05_29/dochoi-hnxl-107.jpg|Những dịp như Quốc tế thiếu nhi, trung thu, sinh nhật, tổng kết cuối năm học, lễ tết… trẻ thường được tặng quà. Tuy vậy, để quà tặng có ý nghĩa, phù hợp với lứa tuổi cũng như sở thích của trẻ không phải ai cũng biết.|giáo dục|thanhnien.vn|11:34 29/05/2022
Niềm vui của hai tân tiến sĩ|https://thanhnien.vn/niem-vui-cua-hai-tan-tien-si-post1463104.html|https://image.thanhnien.vn/150x100/Uploaded/2022/wsxrxqeiod/2022_05_28/tien-si-8630.jpg|Hai tân tiến sĩ dược học sau nhiều năm miệt mài học tập cho biết sẽ sớm về lại thăm quê để thắp hương báo cáo với ông bà, tổ tiên.|giáo dục|thanhnien.vn|06:36 29/05/2022
Bí quyết ôn thi THPT đạt điểm cao: Ôn kiến thức về bình đẳng pháp luật|https://thanhnien.vn/bi-quyet-on-thi-thpt-dat-diem-cao-on-kien-thuc-ve-binh-dang-phap-luat-post1462914.html|https://image.thanhnien.vn/150x100/Uploaded/2022/kbfwobj/2022_05_28/gdcd-6897.jpg|Vào lúc 20 giờ 30 hôm nay 28.5, Báo Thanh Niên phát sóng chương trình Bí quyết ôn thi tốt nghiệp THPT đạt điểm cao môn GDCD tại địa chỉ thanhnien.vn, Facebook.com/thanhnien và YouTube Báo Thanh Niên.|giáo dục|thanhnien.vn|20:29 28/05/2022
Gần 2 tỉ đồng hỗ trợ nuôi dạy trẻ khuyết tật|https://thanhnien.vn/gan-2-ti-dong-ho-tro-nuoi-day-tre-khuyet-tat-post1463200.html|https://image.thanhnien.vn/150x100/Uploaded/2022/fsmua/2022_05_28/trung-tam-vhs-be-giang-3-5566.jpg|Sáng 28.5, Trung tâm nuôi dạy trẻ khuyết tật Võ Hồng Sơn (Quảng Ngãi) tổ chức lễ bế giảng năm học 2021 - 2022.|giáo dục|thanhnien.vn|18:46 28/05/2022
Bí quyết ôn thi THPT đạt điểm cao: Chiến thuật viết văn nghị luận xã hội|https://thanhnien.vn/bi-quyet-on-thi-thpt-dat-diem-cao-chien-thuat-viet-van-nghi-luan-xa-hoi-post1462908.html|https://image.thanhnien.vn/150x100/Uploaded/2022/krlqcqjwq/2022_05_11/duc-anh-2408.jpg|Vào lúc 18 giờ 30 hôm nay 28.5, Báo Thanh Niên phát sóng chương trình Bí quyết ôn thi tốt nghiệp THPT đạt điểm cao môn ngữ văn tại địa chỉ thanhnien.vn, Facebook.com/thanhnien và YouTube Báo Thanh Niên.|giáo dục|thanhnien.vn|18:29 28/05/2022
Đi học mỗi tháng tốn hàng chục triệu đồng, sinh viên lo lắng khi học phí tăng|https://thanhnien.vn/di-hoc-moi-thang-ton-hang-chuc-trieu-dong-sinh-vien-lo-lang-khi-hoc-phi-tang-post1463159.html|https://image.thanhnien.vn/150x100/Uploaded/2022/tfxbflu/2022_05_28/tan-sinh-vien-6752.jpeg|Học phí các trường đại học (ĐH) sẽ đồng loạt tăng trong năm học tới khiến nhiều sinh viên và thí sinh xét tuyển vào ĐH cảm thấy lo lắng.|giáo dục|thanhnien.vn|17:00 28/05/2022
Bí quyết ôn thi THPT đạt điểm cao: Hệ thống về trật tự thế giới|https://thanhnien.vn/bi-quyet-on-thi-thpt-dat-diem-cao-he-thong-ve-trat-tu-the-gioi-post1462903.html|https://image.thanhnien.vn/150x100/Uploaded/2022/kbfwobj/2022_05_28/hh-9747-4913.jpg|Vào lúc 16 giờ 30 hôm nay 28.5, Báo Thanh Niên phát sóng chương trình Bí quyết ôn thi tốt nghiệp THPT đạt điểm cao môn lịch sử tại địa chỉ thanhnien.vn, Facebook.com/thanhnien và YouTube Báo Thanh Niên.|giáo dục|thanhnien.vn|16:29 28/05/2022
