HDBank, Sovico tặng 3 nhà cộng đồng tránh lũ trị giá 6,1 tỉ đồng cho Hà Tĩnh|https://thanhnien.vn/hdbank-sovico-tang-3-nha-cong-dong-tranh-lu-tri-gia-6-1-ti-dong-cho-ha-tinh-post1467934.html|https://image.thanhnien.vn/150x100/Uploaded/2022/puqgfdmzs-co/2022_06_12/hdbank-sovico-1-6808.jpg|"Ngày 11.6.2022, HDBank và Tập đoàn Sovico đã tổ chức lễ khánh thành và bàn giao 3 căn nhà cộng đồng tránh lũ ""2 trong 1"" trị giá 6,1 tỉ đồng cho người dân xã Cẩm Thành, huyện Cẩm Xuyên, tỉnh Hà Tĩnh."|đời sống|thanhnien.vn|16:58 12/06/2022
Tin tức đặc biệt trên báo in ngày 12.6.2022|https://thanhnien.vn/tin-tuc-dac-biet-tren-bao-in-ngay-12-6-2022-post1467804.html|https://image.thanhnien.vn/150x100/Uploaded/2022/wpxlcqjwq/2022_06_12/u23-viet-nam-9774.jpg|Tin tức Bệnh viện thiếu thuốc, vật tư vì... sợ mua sắm; Tộc người chỉ có tên, quên họ; U.23 VN sẵn sàng tạo địa chấn... là các thông tin hấp dẫn bạn đọc có thể đón xem trên Báo Thanh Niên số ra ngày 12.6.2022.|đời sống|thanhnien.vn|07:26 12/06/2022
Hương vị quê hương: Cá trèn bầu nhiều chuyện trớt môi|https://thanhnien.vn/huong-vi-que-huong-ca-tren-bau-nhieu-chuyen-trot-moi-post1467079.html|https://image.thanhnien.vn/150x100/Uploaded/2022/wsxrxqeiod/2022_06_09/ca-tren-bau-9404.jpg|Cá trèn là giống cá da trơn bắt nguồn từ châu Á, xuất hiện ở nhiều nơi như Ấn Độ, Bangladesh, Pakistan, Campuchia, Việt Nam… Loài cá này có 3 loại: cá trèn bầu, cá trèn răng, cá trèn kết. Trong đó, cá trèn bầu được tìm thấy rất nhiều ở Biển Hồ (Campuchia) và đồng bằng sông Cửu Long.|đời sống|thanhnien.vn|20:01 11/06/2022
Rơi nước mắt những câu chuyện cha mẹ mất con và hành trình tự chữa lành|https://thanhnien.vn/roi-nuoc-mat-nhung-cau-chuyen-cha-me-mat-con-va-hanh-trinh-tu-chua-lanh-post1467576.html|https://image.thanhnien.vn/150x100/Uploaded/2022/hoktig/2022_06_11/dsc02580-3967.jpg|Cuốn sách “Sống tiếp qua năm đầu tiên mất con: Những câu chuyện của các cha mẹ đang nhớ thương con” vừa được dịch giả Vũ Lan Hương ra mắt chiều nay (11.6), sau khi người mẹ này đã trải qua những ngày đau đớn tột cùng vì mất đứa con trai bé bỏng.|đời sống|thanhnien.vn|18:58 11/06/2022
Kết quả xổ số hôm nay - KQXS - Xổ số trực tiếp thứ Bảy ngày 11.6.2022|https://thanhnien.vn/ket-qua-xo-so-hom-nay-kqxs-xo-so-truc-tiep-thu-bay-ngay-11-6-2022-post1467624.html|https://image.thanhnien.vn/150x100/Uploaded/2022/cqjwqqjwp/2021_12_09/kqxs-7618.jpg|Xem xổ số hôm nay, (KQXS) xổ số miền Bắc (XSMB), xổ số miền Nam (XSMN), xổ số miền Trung (XSMT), xổ số điện toán trực tiếp nhanh hôm nay thứ Bảy ngày 11.6.2022. KQXS TP.HCM, KQXS Long An, KQXS Bình Phước, KQXS Hậu Giang...|đời sống|thanhnien.vn|16:05 11/06/2022
Quán xôi lá sen chỉ bán 3 tiếng, ông chủ dậy sớm 'vất vả nhưng có tiền'|https://thanhnien.vn/quan-xoi-la-sen-chi-ban-3-tieng-ong-chu-day-som-vat-va-nhung-co-tien-post1462557.html|https://image.thanhnien.vn/150x100/Uploaded/2022/qfsiy/2022_05_26/img-7553-copy-5262.jpg|Thay vì đựng trong hộp nhựa, quán xôi trên đường Ngô Thị Minh Thu (Q.Tân Bình) gói trong lá sen. Khách đông, quán hết sạch vỏn vẹn chỉ sau 3 tiếng mở bán buổi sáng.|đời sống|thanhnien.vn|13:32 11/06/2022
Độc đáo chợ nổi lúc mờ sương trên phá Tam Giang, mặt trời lên là... tan|https://thanhnien.vn/doc-dao-cho-noi-luc-mo-suong-tren-pha-tam-giang-mat-troi-len-la-tan-post1448626.html|https://image.thanhnien.vn/150x100/Uploaded/2022/tngtrn/2022_04_15/img-9594-5494.jpg|Khu chợ nổi Ngư Mỹ Thạnh trên phá Tam Giang (xã Quảng Lợi, H.Quảng Điền, Thừa Thiên - Huế) được biết đến với các loại thủy sản vùng nước lợ trù phú. Khi trời sáng, ngư dân đã bán sạch thúng, thu xếp ngư lưới cụ trở về nhà...|đời sống|thanhnien.vn|12:36 11/06/2022
Người dân cồn Sơn kết thuyền bằng chai nhựa để ‘làm đẹp’ môi trường|https://thanhnien.vn/nguoi-dan-con-son-ket-thuyen-bang-chai-nhua-de-lam-dep-moi-truong-post1465284.html|https://image.thanhnien.vn/150x100/Uploaded/2022/ayhunaa/2022_06_03/anh-1-7205.jpg|Với việc ‘hạ thủy’ chiếc thuyền đầu tiên được kết từ hàng trăm vỏ chai nhựa, người dân lan tỏa ý thức bảo vệ môi trường, kêu gọi mọi người chung tay gìn giữ cảnh quan cồn Sơn luôn đẹp đẽ trong mắt khách du lịch.|đời sống|thanhnien.vn|10:18 11/06/2022
Lan tỏa trên mạng xã hội: Chàng trai nuôi tóc dài tặng bệnh nhân ung thư|https://thanhnien.vn/lan-toa-tren-mang-xa-hoi-chang-trai-nuoi-toc-dai-tang-benh-nhan-ung-thu-post1467533.html|https://image.thanhnien.vn/150x100/Uploaded/2022/cqjwqqjwp/2022_06_11/toc-dai-605.jpg|Chứng kiến những người không may mắc bệnh ung thư, Đinh Trọng Đại quyết nuôi tóc dài dành tặng họ. Anh mong việc làm ý nghĩa này được lan tỏa để mọi người cùng chung tay.|đời sống|thanhnien.vn|09:32 11/06/2022
Tin tức đặc biệt trên báo in ngày 11.6.2022|https://thanhnien.vn/tin-tuc-dac-biet-tren-bao-in-ngay-11-6-2022-post1467534.html|https://image.thanhnien.vn/150x100/Uploaded/2022/pwivoviu/2022_06_11/3a5-8997.jpg|Tin tức về Khốn khổ vì “bão” giá vật liệu xây dựng; Lương Ngọc Quyến và giấc mộng lớn không thành; Trung Quốc tăng cường rô bốt hóa tác chiến ở Biển Đông... là các thông tin hấp dẫn bạn đọc có thể đón xem trên Báo Thanh Niên số ra ngày 11.6.2022.|đời sống|thanhnien.vn|07:04 11/06/2022
Từ cậu bé bụi đời, lang thang đánh nhau trở thành ông chủ garage ở TP.HCM có khó không?|https://thanhnien.vn/tu-cau-be-bui-doi-lang-thang-danh-nhau-tro-thanh-ong-chu-garage-o-tp-hcm-co-kho-khong-post1462052.html|https://image.thanhnien.vn/150x100/Uploaded/2022/dcxpcwvo/2022_05_24/bui-doi2-1225.jpg|Cậu bé có tuổi thơ dữ dội với quá khứ là trẻ bụi đời, lang bạt khắp nơi, đánh nhau như cơm bữa, trộm cắp, cướp giật, vào trường giáo dưỡng,…. Đó là quá khứ của hơn 30 năm trước. Năm 2022, 'cậu bé' Phong ngày nào đã trở thành ông chủ garage ở TP.HCM, mua xe hơi, mua nhà.|đời sống|thanhnien.vn|19:31 10/06/2022
Tử vi hàng ngày - Xem tử vi vui 12 con giáp ngày 11.6.2022|https://thanhnien.vn/tu-vi-hang-ngay-xem-tu-vi-vui-12-con-giap-ngay-11-6-2022-post1467137.html|https://image.thanhnien.vn/150x100/Uploaded/2022/cqjwqqjwp/2022_01_26/tu-vi-vui-nham-dan-2528.jpg|Xem tử vi hàng ngày năm 2022, tử vi vui 12 con giáp - tuổi Tí, Sửu, Dần, Mão, Thìn, Tị, Ngọ, Mùi, Thân, Dậu, Tuất và Hợi.|đời sống|thanhnien.vn|19:14 10/06/2022
Lắp camera trong phòng ngủ của khách, một cơ sở lưu trú ở Đà Lạt lên tiếng xin lỗi|https://thanhnien.vn/lap-camera-trong-phong-ngu-cua-khach-mot-co-so-luu-tru-o-da-lat-len-tieng-xin-loi-post1467459.html|https://image.thanhnien.vn/150x100/Uploaded/2022/hotnnz/2022_06_10/screenshot-20220610-170358-zalo-4787.jpg|Một cơ sở lưu trú ở TP.Đà Lạt (Lâm Đồng) đã lắp camera trong phòng ngủ tập thể của khách và cơ quan chức năng đã yêu cầu tháo dỡ.|đời sống|thanhnien.vn|18:47 10/06/2022
Kết quả xổ số hôm nay - KQXS - Xổ số trực tiếp thứ Sáu ngày 10.6.2022|https://thanhnien.vn/ket-qua-xo-so-hom-nay-kqxs-xo-so-truc-tiep-thu-sau-ngay-10-6-2022-post1467379.html|https://image.thanhnien.vn/150x100/Uploaded/2022/cqjwqqjwp/2021_12_09/kqxs-7618.jpg|Xem xổ số hôm nay, (KQXS) xổ số miền Bắc (XSMB), xổ số miền Nam (XSMN), xổ số miền Trung (XSMT), xổ số điện toán trực tiếp nhanh hôm nay thứ Sáu ngày 10.6.2022. KQXS Vĩnh Long, KQXS Bình Dương, KQXS Trà Vinh, KQXS Ninh Thuận...|đời sống|thanhnien.vn|16:05 10/06/2022
Vùng san hô lớn, quý hiếm bị xóa trắng ở Hòn Mun: BQL vịnh Nha Trang nói do thiên tai là chính|https://thanhnien.vn/vung-san-ho-lon-quy-hiem-bi-xoa-trang-o-hon-mun-bql-vinh-nha-trang-noi-do-thien-tai-la-chinh-post1467303.html|https://image.thanhnien.vn/150x100/Uploaded/2022/xbhunwa/2022_06_08/282383947-10159084253736589-9166222619094593016-n-207.jpg|Theo các chuyên gia, nhà khoa học việc tìm ra nguyên nhân khiến khu bảo tồn biển trong vịnh Nha Trang tan hoang cần có một cuộc khảo sát, nghiên cứu và đánh giá cụ thể. Còn hiện tại rất khó để chứng minh là do thiên tai hay do con người tàn phá. |đời sống|thanhnien.vn|15:13 10/06/2022
Nhật ký của cụ ông viết 60 năm trước được con cháu nâng niu như báu vật|https://thanhnien.vn/nhat-ky-cua-cu-ong-viet-60-nam-truoc-duoc-con-chau-nang-niu-nhu-bau-vat-post1467233.html|https://image.thanhnien.vn/150x100/Uploaded/2022/wpxlcqjwq/2022_06_10/nhat-ky-484.jpg|4 quyển nhật ký thời “ông bà anh” đang được chia sẻ chóng mặt trên mạng xã hội vì những dòng chữ đong đầy tình cảm và chứa đựng nhiều thông điệp ý nghĩa. Đây là những trang nhật ký viết từ năm 1961 - 1969 của một cụ ông, được gia đình tìm thấy sau khi ông qua đời cách đây 3 tháng.|đời sống|thanhnien.vn|12:33 10/06/2022
Tử vi hàng ngày - Xem tử vi vui 12 con giáp ngày 11.6.2022|https://thanhnien.vn/tu-vi-hang-ngay-xem-tu-vi-vui-12-con-giap-ngay-11-6-2022-post1467137.html|https://image.thanhnien.vn/150x100/Uploaded/2022/cqjwqqjwp/2022_01_26/tu-vi-vui-nham-dan-2528.jpg|Xem tử vi hàng ngày năm 2022, tử vi vui 12 con giáp - tuổi Tí, Sửu, Dần, Mão, Thìn, Tị, Ngọ, Mùi, Thân, Dậu, Tuất và Hợi.|đời sống|thanhnien.vn|19:14 10/06/2022
Lắp camera trong phòng ngủ của khách, một cơ sở lưu trú ở Đà Lạt lên tiếng xin lỗi|https://thanhnien.vn/lap-camera-trong-phong-ngu-cua-khach-mot-co-so-luu-tru-o-da-lat-len-tieng-xin-loi-post1467459.html|https://image.thanhnien.vn/150x100/Uploaded/2022/hotnnz/2022_06_10/screenshot-20220610-170358-zalo-4787.jpg|Một cơ sở lưu trú ở TP.Đà Lạt (Lâm Đồng) đã lắp camera trong phòng ngủ tập thể của khách và cơ quan chức năng đã yêu cầu tháo dỡ.|đời sống|thanhnien.vn|18:47 10/06/2022
Kết quả xổ số hôm nay - KQXS - Xổ số trực tiếp thứ Sáu ngày 10.6.2022|https://thanhnien.vn/ket-qua-xo-so-hom-nay-kqxs-xo-so-truc-tiep-thu-sau-ngay-10-6-2022-post1467379.html|https://image.thanhnien.vn/150x100/Uploaded/2022/cqjwqqjwp/2021_12_09/kqxs-7618.jpg|Xem xổ số hôm nay, (KQXS) xổ số miền Bắc (XSMB), xổ số miền Nam (XSMN), xổ số miền Trung (XSMT), xổ số điện toán trực tiếp nhanh hôm nay thứ Sáu ngày 10.6.2022. KQXS Vĩnh Long, KQXS Bình Dương, KQXS Trà Vinh, KQXS Ninh Thuận...|đời sống|thanhnien.vn|16:05 10/06/2022
Vùng san hô lớn, quý hiếm bị xóa trắng ở Hòn Mun: BQL vịnh Nha Trang nói do thiên tai là chính|https://thanhnien.vn/vung-san-ho-lon-quy-hiem-bi-xoa-trang-o-hon-mun-bql-vinh-nha-trang-noi-do-thien-tai-la-chinh-post1467303.html|https://image.thanhnien.vn/150x100/Uploaded/2022/xbhunwa/2022_06_08/282383947-10159084253736589-9166222619094593016-n-207.jpg|Theo các chuyên gia, nhà khoa học việc tìm ra nguyên nhân khiến khu bảo tồn biển trong vịnh Nha Trang tan hoang cần có một cuộc khảo sát, nghiên cứu và đánh giá cụ thể. Còn hiện tại rất khó để chứng minh là do thiên tai hay do con người tàn phá. |đời sống|thanhnien.vn|15:13 10/06/2022
Nhật ký của cụ ông viết 60 năm trước được con cháu nâng niu như báu vật|https://thanhnien.vn/nhat-ky-cua-cu-ong-viet-60-nam-truoc-duoc-con-chau-nang-niu-nhu-bau-vat-post1467233.html|https://image.thanhnien.vn/150x100/Uploaded/2022/wpxlcqjwq/2022_06_10/nhat-ky-484.jpg|4 quyển nhật ký thời “ông bà anh” đang được chia sẻ chóng mặt trên mạng xã hội vì những dòng chữ đong đầy tình cảm và chứa đựng nhiều thông điệp ý nghĩa. Đây là những trang nhật ký viết từ năm 1961 - 1969 của một cụ ông, được gia đình tìm thấy sau khi ông qua đời cách đây 3 tháng.|đời sống|thanhnien.vn|12:33 10/06/2022
Nhặt được túi vàng vài trăm triệu giữa chợ, chị lao công mang trả người đánh rơi|https://thanhnien.vn/nhat-duoc-tui-vang-vai-tram-trieu-giua-cho-chi-lao-cong-mang-tra-nguoi-danh-roi-post1467274.html|https://image.thanhnien.vn/150x100/Uploaded/2022/qfrqa/2022_06_10/vang-8900.jpg|Trong lúc dọn dẹp vệ sinh ở chợ, chị lao công ở Đồng Nai đã nhặt được túi vàng trị giá hơn 300 triệu đồng, sau đó mang giao cho công an trả lại cho người đánh rơi.|đời sống|thanhnien.vn|09:48 10/06/2022
Việt Hương trổ tài 'vừa ăn vừa hát', khiến khán giả cười nghiêng ngả|https://thanhnien.vn/viet-huong-tro-tai-vua-an-vua-hat-khien-khan-gia-cuoi-nghieng-nga-post1467138.html|https://image.thanhnien.vn/150x100/Uploaded/2022/puqgfdmzs-co/2022_06_09/toi-yeu-cho-viet-8171.jpg|Tập 3 của gameshow thực tế Tôi yêu chợ Việt mang đến không ít màn tấu hài đặc sắc giữa nghệ sĩ Việt Hương và tiểu thương chợ Phú Quý (Phan Thiết, Bình Thuận).|đời sống|thanhnien.vn|09:00 10/06/2022
Tin tức đặc biệt trên báo in ngày 10.6.2022|https://thanhnien.vn/tin-tuc-dac-biet-tren-bao-in-ngay-10-6-2022-post1467249.html|https://image.thanhnien.vn/150x100/Uploaded/2022/wpxlcqjwq/2022_06_10/tram-thu-phi-bot-bac-thang-long-noi-bai-anh-ngoc-thang-4-7653.jpg|Tin tức về Nhiều dự báo giá vàng; Giảm giá xăng, cần chờ Quốc hội không?; Xử lý BOT “nhầm chỗ”, thu phí không dừng đều chậm… là các thông tin hấp dẫn bạn đọc có thể đón xem trên Báo Thanh Niên số ra ngày 10.6.2022.|đời sống|thanhnien.vn|04:21 10/06/2022
Tử vi hàng ngày - Xem tử vi vui 12 con giáp ngày 10.6.2022|https://thanhnien.vn/tu-vi-hang-ngay-xem-tu-vi-vui-12-con-giap-ngay-10-6-2022-post1466652.html|https://image.thanhnien.vn/150x100/Uploaded/2022/cqjwqqjwp/2022_01_26/tu-vi-vui-nham-dan-2528.jpg|Xem tử vi hàng ngày năm 2022, tử vi vui 12 con giáp - tuổi Tí, Sửu, Dần, Mão, Thìn, Tị, Ngọ, Mùi, Thân, Dậu, Tuất và Hợi.|đời sống|thanhnien.vn|19:14 09/06/2022
Kết quả xổ số hôm nay - KQXS - Xổ số trực tiếp thứ Năm ngày 9.6.2022|https://thanhnien.vn/ket-qua-xo-so-hom-nay-kqxs-xo-so-truc-tiep-thu-nam-ngay-9-6-2022-post1467061.html|https://image.thanhnien.vn/150x100/Uploaded/2022/cqjwqqjwp/2021_12_09/kqxs-7618.jpg|Xem xổ số hôm nay, (KQXS) xổ số miền Bắc (XSMB), xổ số miền Nam (XSMN), xổ số miền Trung (XSMT), xổ số điện toán trực tiếp nhanh hôm nay hôm nay thứ Năm ngày 9.6.2022. KQXS Tây Ninh, KQXS An Giang, KQXS Bình Thuận...|đời sống|thanhnien.vn|16:05 09/06/2022
Bất chấp lệnh cấm, tour du lịch đảo Bình Ba - Bình Hưng vẫn quảng cáo rầm rộ|https://thanhnien.vn/bat-chap-lenh-cam-tour-du-lich-dao-binh-ba-binh-hung-van-quang-cao-ram-ro-post1466040.html|https://image.thanhnien.vn/150x100/Uploaded/2022/xbhunwa/2022_06_09/z3478870328963-dccfbb86beb50f0add51c7f5930a455a-7354.jpg|Mặc dù đã có lệnh cấm tổ chức tour du lịch ra đảo Bình Ba và Bình Hưng nhưng hiện nay nhiều cá nhân, đơn vị vẫn quảng cáo tour du lịch đến 2 đảo này. Du khách chỉ cần chứng minh thư nhân dân hoặc căn cước công dân là sẽ được bảo lãnh để qua vui chơi, nghỉ dưỡng tại đây.|đời sống|thanhnien.vn|15:58 09/06/2022
Chia buồn|https://thanhnien.vn/chia-buon-post1467089.html|https://image.thanhnien.vn/150x100/Uploaded/2022/drkxrdbexq/2021_10_03/chia-buon-7209.jpeg|Được tin Bà Huỳnh Ngọc Hiền (sinh năm 1953, quê quán: Thành phố Cần Thơ), nguyên là CBNV Báo Thanh Niên, là thân mẫu của anh Nguyễn Huỳnh Trường Nghi và anh Nguyễn Huỳnh Đông Nghi - Biên tập viên Bộ phận Công nghệ báo điện tử Thanh Niên, đồng thời là mẹ chồng chị Nguyên Vân - Phóng viên Ban Văn hóa - Văn nghệ Báo Thanh Niên, đã từ trần vào ngày 8 giờ 10 phút ngày 9.6.2022 (nhằm 11 tháng 5 năm Nhâm Dần). Hưởng thọ 70 tuổi.|đời sống|thanhnien.vn|14:59 09/06/2022
Sư thầy gom xe lăn cũ làm mới lại tặng người khuyết tật|https://thanhnien.vn/su-thay-gom-xe-lan-cu-lam-moi-lai-tang-nguoi-khuyet-tat-post1466911.html|https://image.thanhnien.vn/150x100/Uploaded/2022/pwivoviu/2022_06_09/1-63-4994.jpg|7 năm qua, thầy Thích Đức Minh (Q.12, TP.HCM) miệt mài đi tìm xe lăn cũ, mua thêm linh kiện về sửa lại cho mới để tặng những người khuyết tật khắp cả nước.|đời sống|thanhnien.vn|13:32 09/06/2022
Chỉ đạo công an xác minh vụ bé gái 4 tuổi bị đánh ở khu vui chơi|https://thanhnien.vn/chi-dao-cong-an-xac-minh-vu-be-gai-4-tuoi-bi-danh-o-khu-vui-choi-post1467013.html|https://image.thanhnien.vn/150x100/Uploaded/2022/jbvunat/2022_06_09/anh-chup-man-hinh-2022-06-09-luc-11-26-26-1620.jpg|UBND P.Hoàng Liệt (Q.Hoàng Mai, Hà Nội) đã chỉ đạo công an cùng cấp vào cuộc xác minh, làm rõ thông tin bé gái 4 tuổi bị người đàn ông đánh trong khu vui chơi trên địa bàn.|đời sống|thanhnien.vn|12:35 09/06/2022
Vĩnh Phúc: Hàng giả mạo hiệu Chanel, Adidas đổ đống trong sân bán hàng online|https://thanhnien.vn/vinh-phuc-hang-gia-mao-hieu-chanel-adidas-do-dong-trong-san-ban-hang-online-post1467018.html|https://image.thanhnien.vn/150x100/Uploaded/2022/xbfoplu/2022_06_09/hanggia-vinh-phuc-1295.jpg|Đội quản lý thị trường cơ động tỉnh Vĩnh Phúc vừa kiểm tra một hộ kinh doanh bán hàng online ở H.Lập Thạch, phát hiện gần 12.000 sản phẩm quần áo, mũ bảo hiểm có dấu hiệu giả mạo.|đời sống|thanhnien.vn|12:35 09/06/2022
Thực hư chuyện Khu bảo tồn biển Hòn Mun Nha Trang bị tàn phá nghiêm trọng: BQL nói gì?|https://thanhnien.vn/thuc-hu-chuyen-khu-bao-ton-bien-hon-mun-nha-trang-bi-tan-pha-nghiem-trong-bql-noi-gi-post1466469.html|https://image.thanhnien.vn/150x100/Uploaded/2022/xbhunwa/2022_06_08/282753943-10159084251156589-8961863263253356472-n-7927.jpg|Đầu tháng 6.2022, trên mạng xã hội xuất hiện bài viết phản ánh tình trạng Khu bảo tồn biển Hòn Mun, vịnh Nha Trang (Khánh Hòa) bị tàn phá nghiêm trọng. Nguyên nhân là do hành vi “bán bãi, đánh bắt tuyệt diệt”. Thực hư chuyện này như thế nào?|đời sống|thanhnien.vn|12:16 09/06/2022
Chỉ đạo công an xác minh vụ bé gái 4 tuổi bị đánh ở khu vui chơi|https://thanhnien.vn/chi-dao-cong-an-xac-minh-vu-be-gai-4-tuoi-bi-danh-o-khu-vui-choi-post1467013.html|https://image.thanhnien.vn/150x100/Uploaded/2022/jbvunat/2022_06_09/anh-chup-man-hinh-2022-06-09-luc-11-26-26-1620.jpg|UBND P.Hoàng Liệt (Q.Hoàng Mai, Hà Nội) đã chỉ đạo công an cùng cấp vào cuộc xác minh, làm rõ thông tin bé gái 4 tuổi bị người đàn ông đánh trong khu vui chơi trên địa bàn.|đời sống|thanhnien.vn|12:35 09/06/2022
Vĩnh Phúc: Hàng giả mạo hiệu Chanel, Adidas đổ đống trong sân bán hàng online|https://thanhnien.vn/vinh-phuc-hang-gia-mao-hieu-chanel-adidas-do-dong-trong-san-ban-hang-online-post1467018.html|https://image.thanhnien.vn/150x100/Uploaded/2022/xbfoplu/2022_06_09/hanggia-vinh-phuc-1295.jpg|Đội quản lý thị trường cơ động tỉnh Vĩnh Phúc vừa kiểm tra một hộ kinh doanh bán hàng online ở H.Lập Thạch, phát hiện gần 12.000 sản phẩm quần áo, mũ bảo hiểm có dấu hiệu giả mạo.|đời sống|thanhnien.vn|12:35 09/06/2022
Thực hư chuyện Khu bảo tồn biển Hòn Mun Nha Trang bị tàn phá nghiêm trọng: BQL nói gì?|https://thanhnien.vn/thuc-hu-chuyen-khu-bao-ton-bien-hon-mun-nha-trang-bi-tan-pha-nghiem-trong-bql-noi-gi-post1466469.html|https://image.thanhnien.vn/150x100/Uploaded/2022/xbhunwa/2022_06_08/282753943-10159084251156589-8961863263253356472-n-7927.jpg|Đầu tháng 6.2022, trên mạng xã hội xuất hiện bài viết phản ánh tình trạng Khu bảo tồn biển Hòn Mun, vịnh Nha Trang (Khánh Hòa) bị tàn phá nghiêm trọng. Nguyên nhân là do hành vi “bán bãi, đánh bắt tuyệt diệt”. Thực hư chuyện này như thế nào?|đời sống|thanhnien.vn|12:16 09/06/2022
Vinamilk khởi động ngày hội ‘Sống khỏe, sống thanh xuân’ hướng đến người cao tuổi cả nước|https://thanhnien.vn/vinamilk-khoi-dong-ngay-hoi-song-khoe-song-thanh-xuan-huong-den-nguoi-cao-tuoi-ca-nuoc-post1467002.html|https://image.thanhnien.vn/150x100/Uploaded/2022/puqgfdmzs-co/2022_06_09/vinamilk-nguoi-cao-tuoi-2-9509.jpg|Vinamilk tiếp tục hành trình chăm sóc sức khỏe và lan tỏa tinh thần “Sống khỏe, sống thanh xuân” đến NCT với chuỗi Ngày hội chăm sóc sức khỏe cho 10.000 NCT tại 27 tỉnh thành cả nước.|đời sống|thanhnien.vn|11:18 09/06/2022
Nước chấm cá cơm 3 Miền - lựa chọn tin dùng của vua đầu bếp Việt|https://thanhnien.vn/nuoc-cham-ca-com-3-mien-lua-chon-tin-dung-cua-vua-dau-bep-viet-post1466779.html|https://image.thanhnien.vn/150x100/Uploaded/2022/bfznsfyr-bn/2022_06_08/1-kv-promotion-anh-dai-dien-1767.jpg|Từ mâm cơm giản dị đến các món tiệc cao cấp, Nước chấm cá cơm 3 Miền là sự lựa chọn của các đầu bếp danh tiếng giúp chinh phục triệu món ăn, nay tặng thêm 25% dung tích giúp nấu thêm nhiều món ngon.|đời sống|thanhnien.vn|08:00 09/06/2022
Tin tức đặc biệt trên báo in ngày 9.6.2022|https://thanhnien.vn/tin-tuc-dac-biet-tren-bao-in-ngay-9-6-2022-post1466913.html|https://image.thanhnien.vn/150x100/Uploaded/2022/pwivoviu/2022_06_09/img-2233-2408.jpg|Tin tức về Hết niên hạn có mất nhà chung cư?; Hung thần “trâu điên”; Khởi nghĩa bất thành của vua Duy Tân... là các thông tin hấp dẫn bạn đọc có thể đón xem trên Báo Thanh Niên số ra ngày 9.6.2022.|đời sống|thanhnien.vn|04:17 09/06/2022
Người Việt ở Uzbekistan vỡ òa sung sướng khi U.23 Việt Nam giành quyền vào tứ kết|https://thanhnien.vn/nguoi-viet-o-uzbekistan-vo-oa-sung-suong-khi-u-23-viet-nam-gianh-quyen-vao-tu-ket-post1466841.html|https://image.thanhnien.vn/150x100/Uploaded/2022/cqjwqqjwp/2022_06_08/285810229-2582261631907416-4647030837255873975-n-3728.jpg|Trong khuôn khổ Vòng chung kết U.23 châu Á 2022 diễn ra tại Uzbekistan, đội U.23 Việt Nam đã có những trận đấu hay trên sân cỏ khiến người hâm mộ nức lòng. Còn trên khán đài, dù với số lượng ít ỏi nhưng các cổ động viên mặc áo đỏ sao vàng cũng tạo nên nhiều ấn tượng khó phai khi hết mình ủng hộ các tuyển thủ.|đời sống|thanhnien.vn|22:16 08/06/2022
Siêu du thuyền Aviva của tỉ phú Joe Lewis, chủ CLB Tottenham rời Cần Thơ|https://thanhnien.vn/sieu-du-thuyen-aviva-cua-ti-phu-joe-lewis-chu-clb-tottenham-roi-can-tho-post1466844.html|https://image.thanhnien.vn/150x100/Uploaded/2022/abflusk/2022_06_08/img-8135-2354.jpg|Tỉ phú người Anh Joe Lewis, ông chủ CLB Tottenham Hotspur cùng siêu du thuyền Aviva của mình đã rời sông Hậu, chia tay TP.Cần Thơ sau hơn 3 ngày lưu trú.|đời sống|thanhnien.vn|21:02 08/06/2022
Tử vi hàng ngày - Xem tử vi vui 12 con giáp ngày 9.6.2022|https://thanhnien.vn/tu-vi-hang-ngay-xem-tu-vi-vui-12-con-giap-ngay-9-6-2022-post1466471.html|https://image.thanhnien.vn/150x100/Uploaded/2022/cqjwqqjwp/2022_01_26/tu-vi-vui-nham-dan-2528.jpg|Xem tử vi hàng ngày năm 2022, tử vi vui 12 con giáp - tuổi Tí, Sửu, Dần, Mão, Thìn, Tị, Ngọ, Mùi, Thân, Dậu, Tuất và Hợi.|đời sống|thanhnien.vn|19:14 08/06/2022
Công ty Nhiệt điện Mông Dương tổ chức ‘Vui Tết thiếu nhi’ cho con em CBCNV|https://thanhnien.vn/cong-ty-nhiet-dien-mong-duong-to-chuc-vui-tet-thieu-nhi-cho-con-em-cbcnv-post1466768.html|https://image.thanhnien.vn/150x100/Uploaded/2022/puqgfdmzs-co/2022_06_08/1-tang-qua-cho-cac-chau-hoc-sinh-truong-thcs-mong-duong-9893.jpg|Ngày1.6, BCH Công đoàn Công ty Nhiệt điện Mông Dương đã phối hợp với BCH Đoàn TNCS HCM tổ chức “Vui Tết thiếu nhi 1.6” cho các cháu thiếu niên nhi đồng là con của CBCNV trong công ty với mục đích tạo sân chơi bổ ích, lành mạnh, từ đó góp phần bồi dưỡng, giáo dục những đức tính tốt đẹp cho các cháu thiếu nhi.|đời sống|thanhnien.vn|17:00 08/06/2022
Kết quả xổ số hôm nay - KQXS - Xổ số trực tiếp thứ Tư ngày 8.6.2022|https://thanhnien.vn/ket-qua-xo-so-hom-nay-kqxs-xo-so-truc-tiep-thu-tu-ngay-8-6-2022-post1466649.html|https://image.thanhnien.vn/150x100/Uploaded/2022/cqjwqqjwp/2021_12_09/kqxs-7618.jpg|Xem xổ số hôm nay, (KQXS) xổ số miền Bắc (XSMB), xổ số miền Nam (XSMN), xổ số miền Trung (XSMT), xổ số điện toán trực tiếp nhanh hôm nay thứ Tư ngày 8.6.2022. KQXS Đồng Nai, KQXS Cần Thơ, KQXS Sóc Trăng, KQXS Đà Nẵng...|đời sống|thanhnien.vn|16:05 08/06/2022
Trải nghiệm mới Ấn Độ, tận mắt khám phá vạn điều mê hoặc nơi 'đất Phật'|https://thanhnien.vn/trai-nghiem-moi-an-do-tan-mat-kham-pha-van-dieu-me-hoac-noi-dat-phat-post1466733.html|https://image.thanhnien.vn/150x100/Uploaded/2022/puqgfdmzs-co/2022_06_08/1-quan-the-den-chua-mahabodhi-tai-bodh-gaya-8254.png|Từ những trải nghiệm mới lạ về vùng đất, văn hóa, con người - du lịch tâm linh còn mang đến những giá trị tinh thần thiêng liêng, nuôi dưỡng và “vun vén” tâm hồn cho những du khách thập phương.|đời sống|thanhnien.vn|14:58 08/06/2022
Tỉ phú Joe Lewis chủ CLB Tottenham: 'Cập bến Cần Thơ, tôi như về nhà'|https://thanhnien.vn/ti-phu-sieu-du-thuyen-150-trieu-usd-cap-ben-can-tho-toi-nhu-ve-nha-post1466684.html|https://image.thanhnien.vn/150x100/Uploaded/2022/abflusk/2022_06_08/joe-lewis-img-7882-8760.jpg|Đón Chủ tịch UBND TP.Cần Thơ lên siêu du thuyền Aviva, tỉ phú người Anh Joe Lewis, chủ CLB Tottenham đã hết lời khen ngợi sự hiền hòa và lòng hiếu khách của người Tây Đô.|đời sống|thanhnien.vn|12:26 08/06/2022
Trầm trồ cảnh đẹp Hà Nội được vẽ lên ly cà phê trứng, khách không nỡ uống|https://thanhnien.vn/tram-tro-canh-dep-ha-noi-duoc-ve-len-ly-ca-phe-trung-khach-khong-no-uong-post1456763.html|https://image.thanhnien.vn/150x100/Uploaded/2022/qfsiy/2022_05_09/267487951-133263755804282-1038177360263648699-n-3225.jpeg|Nhiều cảnh đẹp đặc trưng của Hà Nội như Tháp Rùa, Cột cờ, phố cổ… được ông Nghĩa vẽ tỉ mỉ, nắn nót lên ly cà phê trứng, khiến thực khách trầm trồ, thích thú.|đời sống|thanhnien.vn|12:12 08/06/2022
Trăm năm giàn rớ Nhật Lệ|https://thanhnien.vn/tram-nam-gian-ro-nhat-le-post1466640.html|https://image.thanhnien.vn/150x100/Uploaded/2022/lxwpcqjwp/2022_06_08/gian-ro-2-tno-4626.jpg|Xuất hiện ở giữa lòng sông Nhật Lệ (TP.Đồng Hới, Quảng Bình) từ đầu thế kỷ 20, đến nay những giàn rớ bắt cá vẫn tồn tại như một “di sản” và cũng là công cụ mưu sinh của những ngư dân luống tuổi…|đời sống|thanhnien.vn|11:33 08/06/2022
Xăng tăng phi mã, TP.Huế xây dựng 'thành phố xe đạp' giống Đan Mạch|https://thanhnien.vn/xang-tang-phi-ma-tp-hue-xay-dung-thanh-pho-xe-dap-giong-dan-mach-post1466481.html|https://image.thanhnien.vn/150x100/Uploaded/2022/tngtrn/2022_06_07/285617209-383278717168927-2628729167611797902-n-8557.jpeg|"Với mong muốn trở thành ""thành phố xe đạp"" trong tương lai, TP.Huế (Thừa Thiên - Huế) tổ chức một loạt chương trình, hợp tác cùng Đại sứ quán Đan Mạch tại Việt Nam để tham khảo mô hình này."|đời sống|thanhnien.vn|10:10 08/06/2022
Trăm năm giàn rớ Nhật Lệ|https://thanhnien.vn/tram-nam-gian-ro-nhat-le-post1466640.html|https://image.thanhnien.vn/150x100/Uploaded/2022/lxwpcqjwp/2022_06_08/gian-ro-2-tno-4626.jpg|Xuất hiện ở giữa lòng sông Nhật Lệ (TP.Đồng Hới, Quảng Bình) từ đầu thế kỷ 20, đến nay những giàn rớ bắt cá vẫn tồn tại như một “di sản” và cũng là công cụ mưu sinh của những ngư dân luống tuổi…|đời sống|thanhnien.vn|11:33 08/06/2022
Xăng tăng phi mã, TP.Huế xây dựng 'thành phố xe đạp' giống Đan Mạch|https://thanhnien.vn/xang-tang-phi-ma-tp-hue-xay-dung-thanh-pho-xe-dap-giong-dan-mach-post1466481.html|https://image.thanhnien.vn/150x100/Uploaded/2022/tngtrn/2022_06_07/285617209-383278717168927-2628729167611797902-n-8557.jpeg|"Với mong muốn trở thành ""thành phố xe đạp"" trong tương lai, TP.Huế (Thừa Thiên - Huế) tổ chức một loạt chương trình, hợp tác cùng Đại sứ quán Đan Mạch tại Việt Nam để tham khảo mô hình này."|đời sống|thanhnien.vn|10:10 08/06/2022
Lần đầu tiên tại Việt Nam có Tour Xe Siêu Địa Hình|https://thanhnien.vn/lan-dau-tien-tai-viet-nam-co-tour-xe-sieu-dia-hinh-post1466541.html|https://image.thanhnien.vn/150x100/Uploaded/2022/puqgfdmzs-co/2022_06_07/h1-hinh-dai-dien-6868.jpg|Đặc biệt tại Việt Nam có Tour Xe Siêu Địa Hình mang đến những trải nghiệm mới rất đặc biệt cho du khách yêu thích du lịch khám phá.|đời sống|thanhnien.vn|08:00 08/06/2022
Tin tức đặc biệt trên báo in ngày 8.6.2022|https://thanhnien.vn/tin-tuc-dac-biet-tren-bao-in-ngay-8-6-2022-post1466594.html|https://image.thanhnien.vn/150x100/Uploaded/2022/wpxlcqjwq/2022_06_08/bat-dong-san-tp-451.jpg|Tin tức về Dự án BĐS tốt, chủ đầu tư uy tín vẫn cho vay bình thường; Bắt tạm giam các ông Nguyễn Thanh Long, Chu Ngọc Anh, Phạm Công Tạc; Trận chiến sống còn của U.23 VN... là các thông tin hấp dẫn bạn đọc có thể đón xem trên Báo Thanh Niên số ra ngày 8.6.2022.|đời sống|thanhnien.vn|04:15 08/06/2022
Tử vi hàng ngày - Xem tử vi vui 12 con giáp ngày 8.6.2022|https://thanhnien.vn/tu-vi-hang-ngay-xem-tu-vi-vui-12-con-giap-ngay-8-6-2022-post1465965.html|https://image.thanhnien.vn/150x100/Uploaded/2022/cqjwqqjwp/2022_01_26/tu-vi-vui-nham-dan-2528.jpg|Xem tử vi hàng ngày năm 2022, tử vi vui 12 con giáp - tuổi Tí, Sửu, Dần, Mão, Thìn, Tị, Ngọ, Mùi, Thân, Dậu, Tuất và Hợi.|đời sống|thanhnien.vn|19:14 07/06/2022
Sau bữa cơm, người cha đột ngột mất tích bí ẩn 12 năm: Con gái mòn mỏi tìm kiếm|https://thanhnien.vn/sau-bua-com-nguoi-cha-dot-ngot-mat-tich-bi-an-12-nam-con-gai-mon-moi-tim-kiem-post1463679.html|https://image.thanhnien.vn/150x100/Uploaded/2022/wovunaa/2022_05_30/tran-van-binh-1365.jpg|Sau buổi cơm chiều, người cha bỗng dưng mất tích bí ẩn. Suốt 12 năm qua, chị Hằng (ngụ Bạc Liêu) rong ruổi khắp nơi tìm kiếm cha với niềm mong mỏi một ngày gia đình được đoàn viên.|đời sống|thanhnien.vn|18:32 07/06/2022
Thái Lan sắp hợp pháp hóa thuốc lá thế hệ mới|https://thanhnien.vn/thai-lan-sap-hop-phap-hoa-thuoc-la-the-he-moi-post1466464.html|https://image.thanhnien.vn/150x100/Uploaded/2022/qxwpth-zl/2022_06_07/legislation-2-9249.png|Được xem như một trong những công cụ giúp đẩy mạnh chiến lược kiểm soát thuốc lá của quốc gia, thuốc lá thế hệ mới ngày càng được nhiều nước công nhận và đưa vào quản lý. Tới đây, Thái Lan sẽ tiến tới hợp pháp hóa việc quản lý sản phẩm này.|đời sống|thanhnien.vn|17:00 07/06/2022
Kết quả xổ số hôm nay - KQXS - Xổ số trực tiếp thứ Ba ngày 7.6.2022|https://thanhnien.vn/ket-qua-xo-so-hom-nay-kqxs-xo-so-truc-tiep-thu-ba-ngay-7-6-2022-post1466454.html|https://image.thanhnien.vn/150x100/Uploaded/2022/cqjwqqjwp/2021_12_09/kqxs-7618.jpg|Xem xổ số hôm nay, (KQXS) xổ số miền Bắc (XSMB), xổ số miền Nam (XSMN), xổ số miền Trung (XSMT), xổ số điện toán trực tiếp nhanh hôm nay thứ Ba ngày 7.6.2022. KQXS Bến Tre, KQXS Vũng Tàu, KQXS Bạc Liêu, KQXS Đắk Lắk...|đời sống|thanhnien.vn|16:05 07/06/2022
Con gái ở Nhật 3 năm về bất ngờ, lén ra sau bếp khiến mẹ mừng rỡ ôm chầm|https://thanhnien.vn/con-gai-o-nhat-3-nam-ve-bat-ngo-len-ra-sau-bep-khien-me-mung-ro-om-cham-post1463962.html|https://image.thanhnien.vn/150x100/Uploaded/2022/qfsiy/2022_05_31/untitled-1-664.jpg|Thấy mọi người thường xuyên làm clip con đi nước ngoài về bất ngờ, chị Lý cũng muốn thực hiện để có kỷ niệm quý giá với mẹ. Nhìn thấy chị, mẹ phấn khởi, mừng rỡ sau 3 năm xa con. Đoạn clip nhận được nhiều lượt chia sẻ từ cư dân mạng.|đời sống|thanhnien.vn|14:19 07/06/2022
Cháy lớn trong đêm, lâm cảnh trắng tay ở tuổi 65 phải dựng lều ở tạm|https://thanhnien.vn/chay-lon-trong-dem-lam-canh-trang-tay-o-tuoi-65-phai-dung-leu-o-tam-post1465949.html|https://image.thanhnien.vn/150x100/Uploaded/2022/tngtrn/2022_06_06/img-4367-1216.jpg|Ngọn lửa bốc cháy dữ dội trong đêm khuya khiến gia đình của người đàn ông tuổi 65 tại Thừa Thiên – Huế lâm cảnh trắng tay. Những ngày này, bà con chòm xóm dựng cho họ một căn lều để ở tạm...|đời sống|thanhnien.vn|13:36 07/06/2022
Vắng bóng nhiều năm, hàng ngàn con cò nhạn quý hiếm bay về VQG Lò Gò - Xa Mát|https://thanhnien.vn/vang-bong-nhieu-nam-hang-ngan-con-co-nhan-quy-hiem-bay-ve-vqg-lo-go-xa-mat-post1466119.html|https://image.thanhnien.vn/150x100/Uploaded/2022/xpcwvoko/2022_06_06/lo-go-xa-mat-6-593.jpg|Hơn 1.000 cá thể cò nhạn quý hiếm bay về trú ngụ tại khu vực trảng Tà Nốt, thuộc Vườn quốc gia (VQG) Lò Gò - Xa Mát (H.Tân Biên, Tây Ninh) sau nhiều năm vắng bóng.|đời sống|thanhnien.vn|13:02 07/06/2022
Việt Nam chờ đón Siêu Trăng Dâu khổng lồ trên bầu trời tháng 6 này|https://thanhnien.vn/viet-nam-cho-don-sieu-trang-dau-khong-lo-tren-bau-troi-thang-6-nay-post1463654.html|https://image.thanhnien.vn/150x100/Uploaded/2022/hoktig/2022_05_30/anh-chup-man-hinh-2022-05-30-luc-14-31-56-1764.png|Theo Hội Thiên văn Hà Nội (HAS), một số hiện tượng thiên văn nổi bật sẽ xuất hiện trong tháng 6.2022. Đáng chú ý là sự xuất hiện của siêu trăng (còn gọi là Trăng Dâu) ngày 14.6.|đời sống|thanhnien.vn|12:48 07/06/2022
Tỉ phú chủ Tottenham rời siêu du thuyền 150 triệu USD đi chợ nổi Cần Thơ mua khóm|https://thanhnien.vn/ti-phu-chu-tottenham-roi-sieu-du-thuyen-150-trieu-usd-di-cho-noi-can-tho-mua-khom-post1466302.html|https://image.thanhnien.vn/150x100/Uploaded/2022/abflusk/2022_06_07/joe-lewis-img-7798-4572.jpg|Rời siêu du thuyền Aviva 150 triệu USD, tỉ phú Joe Lewis, chủ CLB Tottenham đi chợ nổi Cái Răng và mua 2 bao củ hành, 2 bao tỏi, 50 trái khóm.|đời sống|thanhnien.vn|12:22 07/06/2022
Cháu trai mất tích, gia đình ở TP.HCM hứa hậu tạ 200 triệu cho ai tìm thấy|https://thanhnien.vn/chau-trai-mat-tich-gia-dinh-o-tp-hcm-hua-hau-ta-200-trieu-cho-ai-tim-thay-post1466352.html|https://image.thanhnien.vn/150x100/Uploaded/2022/hoktig/2022_06_07/anh-chup-man-hinh-2022-06-07-luc-12-01-52-1791.png|Anh Huỳnh Thanh Đức (26 tuổi, ngụ Q.7, TP.HCM) mất tích hơn 4 tháng qua, gia đình làm mọi cách nhưng vẫn không thể nào tìm thấy. Bác của anh Đức cho biết sẽ hậu tạ 200 triệu cho ai tìm được anh.|đời sống|thanhnien.vn|12:13 07/06/2022
Vụ khởi tố chồng lấy tiền vợ: Tiền chung vợ chồng, lấy xài có phải xin phép?|https://thanhnien.vn/chong-lay-tien-vo-dem-di-bi-khoi-to-tien-nop-cho-vo-giu-lay-xai-phai-xin-phep-post1465717.html|https://image.thanhnien.vn/150x100/Uploaded/2022/dcxpcwvo/2022_06_05/dnt-0199-lgqm-4368.jpg|Câu chuyện chồng chạy két sắt của vợ trộm tiền, vàng rồi bỏ trốn bị khởi tố đã đặt ra tình huống pháp lý về tiền chung, tiền riêng trong hôn nhân của hai vợ chồng. Tiền cất trong nhà của vợ chồng, khi lấy xài có phải xin phép để tránh rắc rối?|đời sống|thanhnien.vn|09:19 07/06/2022
Tin tức đặc biệt trên báo in ngày 7.6.2022|https://thanhnien.vn/tin-tuc-dac-biet-tren-bao-in-ngay-7-6-2022-post1466170.html|https://image.thanhnien.vn/150x100/Uploaded/2022/pwivoviu/2022_06_07/nut-giao-giua-ql1a-cao-toc-my-phuoc-tan-van-va-vanh-dai-3-anh-le-binh-6-1584.jpg|Tin tức về Trường mầm non tiền tỉ xây xong bỏ hoang; Phút sa cơ của hùm thiêng Yên Thế; Vì sao chiến đấu cơ Trung Quốc đe dọa máy bay săn ngầm Úc ở Biển Đông?... là các thông tin hấp dẫn bạn đọc có thể đón xem trên Báo Thanh Niên số ra ngày 7.6.2022.|đời sống|thanhnien.vn|04:13 07/06/2022
Tin tức đặc biệt trên báo in ngày 7.6.2022|https://thanhnien.vn/tin-tuc-dac-biet-tren-bao-in-ngay-7-6-2022-post1466170.html|https://image.thanhnien.vn/150x100/Uploaded/2022/pwivoviu/2022_06_07/nut-giao-giua-ql1a-cao-toc-my-phuoc-tan-van-va-vanh-dai-3-anh-le-binh-6-1584.jpg|Tin tức về Trường mầm non tiền tỉ xây xong bỏ hoang; Phút sa cơ của hùm thiêng Yên Thế; Vì sao chiến đấu cơ Trung Quốc đe dọa máy bay săn ngầm Úc ở Biển Đông?... là các thông tin hấp dẫn bạn đọc có thể đón xem trên Báo Thanh Niên số ra ngày 7.6.2022.|đời sống|thanhnien.vn|04:13 07/06/2022
Chàng trai phượt Bắc - Nam chỉ bằng con Wave: Tự kiếm tiền để được đi|https://thanhnien.vn/chang-trai-phuot-bac-nam-chi-bang-con-wave-tu-kiem-tien-de-duoc-di-post1466171.html|https://image.thanhnien.vn/150x100/Uploaded/2022/dcxpcwvo/2022_04_22/phuot-5-7492.jpg|Bài đăng chia sẻ về chuyến phượt Bắc - Nam trên chiếc Wave của chàng trai 23 tuổi trên mạng xã hội nhận được hàng ngàn lượt yêu thích và bình luận.|đời sống|thanhnien.vn|01:04 07/06/2022
Tử vi hàng ngày - Xem tử vi vui 12 con giáp ngày 7.6.2022|https://thanhnien.vn/tu-vi-hang-ngay-xem-tu-vi-vui-12-con-giap-ngay-7-6-2022-post1465803.html|https://image.thanhnien.vn/150x100/Uploaded/2022/cqjwqqjwp/2022_01_26/tu-vi-vui-nham-dan-2528.jpg|Xem tử vi hàng ngày năm 2022, tử vi vui 12 con giáp - tuổi Tí, Sửu, Dần, Mão, Thìn, Tị, Ngọ, Mùi, Thân, Dậu, Tuất và Hợi.|đời sống|thanhnien.vn|19:14 06/06/2022
Travel Blogger Tô Đi Đâu: ‘Chẳng phải là nơi sinh ra, nhưng coi miền Trung là nhà’|https://thanhnien.vn/travel-blogger-to-di-dau-chang-phai-la-noi-sinh-ra-nhung-coi-mien-trung-la-nha-post1466097.html|https://image.thanhnien.vn/150x100/Uploaded/2022/puqgfdmzs-co/2022_06_06/anh-1-6011.jpg|Blogger du lịch nổi tiếng Tô Thái Hùng chia sẻ mối gắn kết sâu đậm với miền Trung. Không chỉ là một điểm đến, đối với anh, nơi đây chính là nhà.|đời sống|thanhnien.vn|19:00 06/06/2022
Cô gái đi du lịch ở TP.HCM bị cướp giật túi: 'Không giấy tờ để bay về'|https://thanhnien.vn/co-gai-di-du-lich-o-tp-hcm-bi-cuop-giat-tui-khong-giay-to-de-bay-ve-post1466035.html|https://image.thanhnien.vn/150x100/Uploaded/2022/qfsiy/2022_06_06/286155359-3182604942060445-4766498757723285338-n-333.jpeg|Vào TP.HCM du lịch, cô gái trẻ không may bị cướp túi xách, mất tiền và giấy tờ tùy thân nên rất lo lắng, sợ không được đi máy bay để về nhà. Cô đã đăng tải lên mạng xã hội với hy vọng mong manh nếu ai thấy túi sẽ liên hệ trả lại.|đời sống|thanhnien.vn|19:00 06/06/2022
BHXH Việt Nam hỗ trợ người lao động và doanh nghiệp 45.444 tỉ đồng|https://thanhnien.vn/bhxh-viet-nam-ho-tro-nguoi-lao-dong-va-doanh-nghiep-45-444-ti-dong-post1466110.html|https://image.thanhnien.vn/150x100/Uploaded/2022/bfznsfyr-bn/2022_06_06/bhxh-viet-nam-760.jpg|Để tháo gỡ khó khăn cho người lao động và doanh nghiệp bị ảnh hưởng bởi dịch Covid-19, Bảo hiểm xã hội (BHXH) Việt Nam đã giảm đóng vào các quỹ BHXH và chi hỗ trợ với tổng kinh phí trên 45.444 tỉ đồng.|đời sống|thanhnien.vn|18:33 06/06/2022
Vụ nữ hành khách ngang ngược gác chân trên xe buýt: Có quyền từ chối phục vụ|https://thanhnien.vn/vu-nu-hanh-khach-ngang-nguoc-gac-chan-tren-xe-buyt-co-quyen-tu-choi-phuc-vu-post1466087.html|https://image.thanhnien.vn/150x100/Uploaded/2022/tpuoohp/2022_06_06/3-3278.jpg|Đơn vị khai thác tuyến xe buýt số 05 tỉnh Ninh Bình cho biết đã quán triệt, nhắc nhở các lái xe nếu có hành khách không chấp hành sắp xếp của nhân viên nhà xe, làm ảnh hưởng đến người khác thì có quyền từ chối phục vụ.|đời sống|thanhnien.vn|18:02 06/06/2022
Đỡ đẻ cho sản phụ chuyển dạ giữa đường, bé trai chào đời khỏe mạnh|https://thanhnien.vn/do-de-cho-san-phu-chuyen-da-giua-duong-be-trai-chao-doi-khoe-manh-post1466060.html|https://image.thanhnien.vn/150x100/Uploaded/2022/tqjwqqxjw/2022_06_06/anh-do-de-3-5645.jpg|Một sản phụ chuyển dạ khi đang trên đường đi sinh ở Nghệ An đã được nhân viên của trạm và người đi đường hỗ trợ vượt cạn thành công. Bé trai nặng khoảng 3,5 kg chào đời khỏe mạnh.|đời sống|thanhnien.vn|17:00 06/06/2022
Học sinh Hải Phòng nhảy xuống sông cứu cụ bà bị đuối nước: 'Em không sợ!'|https://thanhnien.vn/hoc-sinh-hai-phong-nhay-xuong-song-cuu-cu-ba-bi-duoi-nuoc-em-khong-so-post1466019.html|https://image.thanhnien.vn/150x100/Uploaded/2022/qjyfs/2022_06_06/cuu-3011.jpg|Em Phạm Văn Tú, học sinh lớp 10 ở TP.Hải Phòng, đã không ngại nguy hiểm nhảy xuống sông cứu bà cụ 70 tuổi rồi cùng 2 bạn khác đưa bà cụ lên bờ an toàn.|đời sống|thanhnien.vn|16:22 06/06/2022
Kết quả xổ số hôm nay - KQXS - Xổ số trực tiếp thứ Hai ngày 6.6.2022|https://thanhnien.vn/ket-qua-xo-so-hom-nay-kqxs-xo-so-truc-tiep-thu-hai-ngay-6-6-2022-post1465964.html|https://image.thanhnien.vn/150x100/Uploaded/2022/cqjwqqjwp/2021_12_09/kqxs-7618.jpg|Xem xổ số hôm nay, (KQXS) xổ số miền Bắc (XSMB), xổ số miền Nam (XSMN), xổ số miền Trung (XSMT), xổ số điện toán trực tiếp nhanh hôm nay thứ Hai ngày 6.6.2022. KQXS TP.HCM, KQXS Đồng Tháp, KQXS Cà Mau, KQXS Thừa Thiên - Huế, KQXS Phú Yên...|đời sống|thanhnien.vn|16:05 06/06/2022
Quán ốc khác lạ ở Sài Gòn: Bán theo bịch, không có bàn để khách ngồi ăn|https://thanhnien.vn/quan-oc-khac-la-o-sai-gon-ban-theo-bich-khong-co-ban-de-khach-ngoi-an-post1451781.html|https://image.thanhnien.vn/150x100/Uploaded/2022/qfsiy/2022_04_24/img-6599-9933.jpg|"Quán ốc bịch ở Q.Bình Thạnh (TP.HCM) được nhiều người mê ốc biết đến. Chủ quán tiết lộ, quán đắt khách bởi ốc tươi, nước chấm đặc biệt và thời gian phục vụ thuộc hàng nhanh... ""vô địch""."|đời sống|thanhnien.vn|12:12 06/06/2022
'Đạm Phú Mỹ - Đồng hành sẻ chia': 2 triệu chai dầu ăn tặng bà con nông dân|https://thanhnien.vn/dam-phu-my-dong-hanh-se-chia-2-trieu-chai-dau-an-tang-ba-con-nong-dan-post1465947.html|https://image.thanhnien.vn/150x100/Uploaded/2022/puqgfdmzs-co/2022_06_06/dam-phu-my-dong-hanh-se-chia-a-5552.jpg|Ngày 29.5, Tổng Công ty Phân bón và Hóa chất Dầu khí (PVFCCo - mã chứng khoán DPM, nhà sản xuất kinh doanh phân bón Phú Mỹ) thông báo tổ chức chương trình “Đạm Phú Mỹ - Đồng hành sẻ chia” nhằm hỗ trợ bà con nông dân nhân dịp vụ hè thu/mùa mưa năm nay.|đời sống|thanhnien.vn|10:36 06/06/2022
Nữ hành khách ngang ngược gác chân trên xe buýt còn thách thức: 'Chả ảnh hưởng ai!'`|https://thanhnien.vn/nu-hanh-khach-ngang-nguoc-gac-chan-tren-xe-buyt-con-thach-thuc-cha-anh-huong-ai-post1465916.html|https://image.thanhnien.vn/150x100/Uploaded/2022/tpuoohp/2022_06_06/5-690.jpg|Một nữ hành khách liên tục gác chân lên tay vịn ở cửa lên xuống của xe buýt, khiến nhiều người đi cùng xe phản ứng, yêu cầu bỏ chân xuống, nhưng người này vẫn ngang ngược không thực hiện.|đời sống|thanhnien.vn|09:45 06/06/2022
Chàng kiến trúc sư 'biến hình' phòng cũ kỹ thành căn hộ cao cấp để cưới vợ|https://thanhnien.vn/chang-kien-truc-su-bien-hinh-phong-cu-ky-thanh-can-ho-cao-cap-de-cuoi-vo-post1465867.html|https://image.thanhnien.vn/150x100/Uploaded/2022/wpxlcqjwq/2022_06_06/van-ho2-4074.jpg|Hình ảnh căn phòng cũ kỹ ở TP.HCM được “biến hình” không khác gì một căn hộ cao cấp khiến nhiều cư dân mạng không khỏi trầm trồ thán phục. Ít ai biết, đây là tác phẩm siêu tốc của một chàng kiến trúc sư chuẩn bị để… đưa nàng về dinh.|đời sống|thanhnien.vn|09:12 06/06/2022
Tin tức đặc biệt trên báo in ngày 6.6.2022|https://thanhnien.vn/tin-tuc-dac-biet-tren-bao-in-ngay-6-6-2022-post1465884.html|https://image.thanhnien.vn/150x100/Uploaded/2022/wpxlcqjwq/2022_06_06/thu-tuong-pham-minh-chinh-trao-doi-voi-cac-dai-bieu-du-dien-dan-kinh-te-viet-nam-lan-thu-tu-anh-thanh-nhan-6953.jpg|Tin tức về Tiêm vắc xin Covid-19 nên tự nguyện hay bắt buộc?; Những câu hỏi lớn từ vụ Việt Á; Tàu thuyền Trung Quốc “ăn vạ“ ở Trường Sa... là các thông tin hấp dẫn bạn đọc có thể đón xem trên Báo Thanh Niên số ra ngày 6.6.2022.|đời sống|thanhnien.vn|04:15 06/06/2022
Mùa xơ mít xào|https://thanhnien.vn/mua-xo-mit-xao-post1465592.html|https://image.thanhnien.vn/150x100/Uploaded/2022/pwivoviu/2022_06_04/16b-340.jpg|Mấy hôm nay thời tiết đỏng đảnh. Ðang nắng chang chang bất chợt tối sầm, trời đen sì rồi mưa xối xả.|đời sống|thanhnien.vn|20:35 05/06/2022
Tử vi hàng ngày - Xem tử vi vui 12 con giáp ngày 6.6.2022|https://thanhnien.vn/tu-vi-hang-ngay-xem-tu-vi-vui-12-con-giap-ngay-6-6-2022-post1465494.html|https://image.thanhnien.vn/150x100/Uploaded/2022/cqjwqqjwp/2022_01_26/tu-vi-vui-nham-dan-2528.jpg|Xem tử vi hàng ngày năm 2022, tử vi vui 12 con giáp - tuổi Tí, Sửu, Dần, Mão, Thìn, Tị, Ngọ, Mùi, Thân, Dậu, Tuất và Hợi.|đời sống|thanhnien.vn|19:14 05/06/2022
Những đứa bé năm 2022: Con ở đây, ba mẹ ở đâu?|https://thanhnien.vn/nhung-dua-be-nam-2022-con-o-day-ba-me-o-dau-post1462371.html|https://image.thanhnien.vn/150x100/Uploaded/2022/dcxpcwvo/2022_05_25/go-vap6-3537.jpg|Tiếp nhận cả trăm trẻ sơ sinh bị cha mẹ bỏ rơi mỗi năm, dù hình hài các em có thế nào, những người ‘mẹ chung’ vẫn cùng nhau yêu thương, chăm sóc, dạy dỗ các em trưởng thành suốt gần nửa thế kỷ qua.|đời sống|thanhnien.vn|19:02 05/06/2022
Nhiều người vẫn sẵn sàng chi nhiều tiền đi tour siêu cao cấp, lịch tự do|https://thanhnien.vn/nhieu-nguoi-van-san-sang-chi-nhieu-tien-di-tour-sieu-cao-cap-lich-tu-do-post1464681.html|https://image.thanhnien.vn/150x100/Uploaded/2022/dcxpcwvo/2022_06_02/20210111-152544-lohs-8626.jpg|Sau 2 năm dịch, du khách bây giờ đi tour không chỉ đúng giờ ăn, đúng giờ đi, đúng giờ nghỉ mà sẵn sàng chi nhiều tiền hơn để có những trải nghiệm cao cấp, hưởng thụ với lịch trình tự do.|đời sống|thanhnien.vn|18:45 05/06/2022
Kết quả xổ số hôm nay - KQXS - Xổ số trực tiếp Chủ nhật ngày 5.6.2022|https://thanhnien.vn/ket-qua-xo-so-hom-nay-kqxs-xo-so-truc-tiep-chu-nhat-ngay-5-6-2022-post1465762.html|https://image.thanhnien.vn/150x100/Uploaded/2022/cqjwqqjwp/2021_12_09/kqxs-7618.jpg|Xem xổ số hôm nay, (KQXS) xổ số miền Bắc (XSMB), xổ số miền Nam (XSMN), xổ số miền Trung (XSMT), xổ số điện toán trực tiếp nhanh hôm nay Chủ nhật ngày 5.6.2022. KQXS Tiền Giang, KQXS Kiên Giang, KQXS Đà Lạt, KQXS Khánh Hòa...|đời sống|thanhnien.vn|16:05 05/06/2022
'Địu nước' về làng xa|https://thanhnien.vn/diu-nuoc-ve-lang-xa-post1465571.html|https://image.thanhnien.vn/150x100/Uploaded/2022/lxwpcqjwp/2022_06_04/008a9589-3434.jpg|Ngày 4.6, hai công trình giếng nước sạch đầu tiên thuộc dự án “Địu nước về làng” của tổ chức JCI South Saigon đã chính thức được khánh thành và trao tay cho người dân tại làng A Mơng, xã Ia Mơ Nông, huyện Chư Păh và làng Ar Quát, xã Đê Ar, huyện Mang Yang, tỉnh Gia Lai.|đời sống|thanhnien.vn|15:42 05/06/2022
Đưa con khám bệnh bị taxi 'chém 500.000 đồng', dân mạng góp gần 1 tỉ: Người tốt chở về tận nhà|https://thanhnien.vn/dua-con-kham-benh-bi-taxi-chem-500-000-dong-dan-mang-gop-gan-1-ti-nguoi-tot-cho-ve-tan-nha-post1464733.html|https://image.thanhnien.vn/150x100/Uploaded/2022/qfsiy/2022_06_02/9e8806cca30b63553a1a-2377.jpeg|Vợ chồng người dân tộc Xinh Mun bị taxi “chém 500.000 đồng” khi xuống Hà Nội chữa bệnh cho con sau đó nhiều cư dân mạng chung tay góp gần 1 tỉ mới đây đã được một tài xế tốt bụng chở về nhà miễn phí sau khi ra viện. |đời sống|thanhnien.vn|15:14 05/06/2022
Vì sao tỉ phú Anh chủ Tottenham đưa siêu du thuyền trăm triệu USD đến Cần Thơ tận 3 lần?|https://thanhnien.vn/vi-sao-ti-phu-anh-chu-tottenham-dua-sieu-du-thuyen-tram-trieu-usd-den-can-tho-tan-3-lan-post1465750.html|https://image.thanhnien.vn/150x100/Uploaded/2022/cqjwqqjwp/2022_06_05/z3468808273326-9b1c9898c68930d9c54beed8e3edc4fe-1293.jpg|Nói chuyện với lãnh đạo TP.Cần Thơ cách đây 3 năm, tỉ phú Joe Lewis từng chia sẻ ý tưởng về một cảng du thuyền tại Tây Đô, cùng với đó là một hành trình kết nối xuyên biên giới, ngược dòng Mê Kông.|đời sống|thanhnien.vn|14:03 05/06/2022
Tài xế xe buýt số 8 phóng nhanh vượt đèn đỏ bị CSGT TP.HCM mời lên|https://thanhnien.vn/tai-xe-xe-buyt-so-8-phong-nhanh-vuot-den-do-bi-csgt-tp-hcm-moi-len-post1465749.html|https://image.thanhnien.vn/150x100/Uploaded/2022/dcxpcwvo/2022_06_05/screen-shot-2022-06-05-at-1-25-44-pm-6198.png|Tài xế xe buýt số 8 (Bến xe quận 8 - Đại học quốc gia) ngang nhiên phóng nhanh vượt đèn đỏ trên đường Phạm Văn Đồng bị camera hành trình ghi lại vừa bị tạm đình chỉ, CSGT mời lên làm việc.|đời sống|thanhnien.vn|13:43 05/06/2022
Độc quyền: Siêu du thuyền trăm triệu USD của tỉ phú Anh đến Cần Thơ, buông neo trên sông Hậu|https://thanhnien.vn/doc-quyen-sieu-du-thuyen-cua-ti-phu-anh-den-can-tho-buong-neo-tren-song-hau-post1465701.html|https://image.thanhnien.vn/150x100/Uploaded/2022/cqjwqqjwp/2022_06_05/z3468502668923-5f69f38ed17b34164174ae86b81966e0-291.jpg|Trưa 5.6, siêu du thuyền của tỉ phú người Anh, Joe Lewis đã vào đến Cần Thơ, neo trên sông Hậu đoạn gần cồn Ấu. Đây là lần thứ 3 ông Joe Lewis đến Cần Thơ. Hai lần trước là vào tháng 5 và tháng 6.2019.|đời sống|thanhnien.vn|10:58 05/06/2022
Theo chân U.23 Việt Nam tại U.23 Châu Á: Người Việt ở Uzbekistan sục sôi cùng bóng đá|https://thanhnien.vn/theo-chan-u-23-viet-nam-tai-u-23-chau-a-nguoi-viet-o-uzbekistan-suc-soi-cung-bong-da-post1465243.html|https://image.thanhnien.vn/150x100/Uploaded/2022/cqjwqqjwp/2022_06_03/20220602-204911-7157.jpg|Số là gia đình tôi đang ở Tashkent, Uzbekistan theo một dự án cứu trợ. Tôi chỉ biết việc U.23 Việt Nam đến Uzbekistan thi đấu khi tình cờ bắt gặp chiếc xe buýt dán cờ đỏ sao vàng cùng dòng chữ Việt Nam - AFC 2022 Uzbekistan trên thân xe. Biết ở đây không có nhiều người Việt, tôi lập tức quyết định phải đi xem trận bóng vì niềm tự hào dân tộc.|đời sống|thanhnien.vn|10:30 05/06/2022
Tin tức đặc biệt trên báo in ngày 5.6.2022|https://thanhnien.vn/tin-tuc-dac-biet-tren-bao-in-ngay-5-6-2022-post1465622.html|https://image.thanhnien.vn/150x100/Uploaded/2022/pwivoviu/2022_06_05/anh-le-nam-356.jpg|Tin tức về Để kiểm duyệt phim không “trói” điện ảnh; Bẫy mực trên vịnh Nha Trang; Trung Quốc thúc đẩy năng lực đổ bộ tấn công, Biển Đông thêm rủi ro... là các thông tin hấp dẫn bạn đọc có thể đón xem trên Báo Thanh Niên số ra ngày 05.6.2022.|đời sống|thanhnien.vn|07:26 05/06/2022
Giải cứu cá heo 80 kg mắc cạn ở Vân Đồn|https://thanhnien.vn/giai-cuu-ca-heo-80-kg-mac-can-o-van-don-post1465547.html|https://image.thanhnien.vn/150x100/Uploaded/2022/wlyrstlstpf/2022_06_04/e643add6260be655bf1a-9964.jpg|Một chú cá heo nặng khoảng 80 kg vừa được ngư dân H.Vân Đồn (Quảng Ninh) phát hiện và báo cho lực lượng chức năng đến giải cứu.|đời sống|thanhnien.vn|19:30 04/06/2022
Tử vi hàng ngày - Xem tử vi vui 12 con giáp ngày 5.6.2022|https://thanhnien.vn/tu-vi-hang-ngay-xem-tu-vi-vui-12-con-giap-ngay-5-6-2022-post1465071.html|https://image.thanhnien.vn/150x100/Uploaded/2022/cqjwqqjwp/2022_01_26/tu-vi-vui-nham-dan-2528.jpg|Xem tử vi hàng ngày năm 2022, tử vi vui 12 con giáp - tuổi Tí, Sửu, Dần, Mão, Thìn, Tị, Ngọ, Mùi, Thân, Dậu, Tuất và Hợi.|đời sống|thanhnien.vn|19:14 04/06/2022
Hành khách mòn mỏi đón taxi tại sân bay Tân Sơn Nhất: Đề xuất của chuyên gia|https://thanhnien.vn/hanh-khach-mon-moi-don-taxi-tai-san-bay-tan-son-nhat-de-xuat-cua-chuyen-gia-post1465380.html|https://image.thanhnien.vn/150x100/Uploaded/2022/lxwpcqjwp/2022_06_04/tsn-6726.jpg|Sân bay Tân Sơn Nhất đón bao nhiêu lượt khách không quan trọng, quan trọng là sân bay thể hiện đẳng cấp quốc tế với chất lượng cao và an toàn.|đời sống|thanhnien.vn|19:05 04/06/2022
Kết quả xổ số hôm nay - KQXS - Xổ số trực tiếp thứ Bảy ngày 4.6.2022|https://thanhnien.vn/ket-qua-xo-so-hom-nay-kqxs-xo-so-truc-tiep-thu-bay-ngay-4-6-2022-post1465493.html|https://image.thanhnien.vn/150x100/Uploaded/2022/cqjwqqjwp/2021_12_09/kqxs-7618.jpg|Xem xổ số hôm nay, (KQXS) xổ số miền Bắc (XSMB), xổ số miền Nam (XSMN), xổ số miền Trung (XSMT), xổ số điện toán trực tiếp nhanh hôm nay thứ Bảy ngày 4.6.2022. KQXS TP.HCM, KQXS Long An, KQXS Bình Phước, KQXS Hậu Giang...|đời sống|thanhnien.vn|16:05 04/06/2022
Một ngày ở Tây Ninh: Ngất ngây trước vẻ đẹp 'nàng thơ' của hồ Dầu Tiếng|https://thanhnien.vn/mot-ngay-o-tay-ninh-ngat-ngay-truoc-ve-dep-nang-tho-cua-ho-dau-tieng-post1464080.html|https://image.thanhnien.vn/150x100/Uploaded/2022/xpcwvoko/2022_05_31/ho-dau-tieng-2-1709.jpg|Tháng 6, cái nắng oi nồng ở Tây Ninh hầm hập táp vào mặt. Thế nhưng ở hồ Dầu Tiếng lại khác, không khí ở đây mang hơi thở nhè nhẹ của gió, nước và cỏ cây. Mùa này, hồ Dầu Tiếng khoác trên mình vẻ đẹp lãng mạn như một 'nàng thơ' khiến nhiều du khách đến đây xao xuyến.|đời sống|thanhnien.vn|13:52 04/06/2022
Đau lòng anh trai tâm thần bắt em gái bơi đến kiệt sức, đuối nước tử vong|https://thanhnien.vn/dau-long-anh-trai-tam-than-bat-em-gai-boi-den-kiet-suc-duoi-nuoc-tu-vong-post1465436.html|https://image.thanhnien.vn/150x100/Uploaded/2022/jbvunai/2022_06_04/94528602-101251418245054-3555170771380731904-n-6748.jpg|Anh trai bị tâm thần đi bơi cùng em gái, bắt em bơi đến kiệt sức rồi đuối nước tử vong. Vụ việc đau lòng xảy ra tại Trường tiểu học Đức Ninh (xã Đức Ninh, TP.Đồng Hới).|đời sống|thanhnien.vn|12:30 04/06/2022
Những đứa bé năm 2022: Sống dưới chân cầu Xóm Củi, giữa bãi đất nhếch nhác|https://thanhnien.vn/nhung-dua-be-nam-2022-song-duoi-chan-cau-xom-cui-giua-bai-dat-nhech-nhac-post1462185.html|https://image.thanhnien.vn/150x100/Uploaded/2022/qfsiy/2022_05_25/img-7416-copy-3013.jpg|Tuổi thơ của những đứa trẻ ngay dưới chân cầu Xóm Củi (H.Bình Chánh, TP.HCM) chỉ quanh quẩn những bãi đất nhếch nhác gần nhà. Các em chưa bao giờ được lên thành phố vui chơi, thậm chí đi siêu thị cũng là niềm mong ước xa vời.|đời sống|thanhnien.vn|12:12 04/06/2022
Nữ hành khách đăng mạng xã hội tố bị hành hung, tài xế công nghệ nói gì?|https://thanhnien.vn/nu-hanh-khach-dang-mang-xa-hoi-to-bi-hanh-hung-tai-xe-cong-nghe-noi-gi-post1465409.html|https://image.thanhnien.vn/150x100/Uploaded/2022/cqjwqqjwp/2022_06_04/285650485-527705495753805-3342752231656526491-n-6851.jpg|Mới đây, chị L. đăng lên mạng xã hội tố bị tài xế công nghệ beCar hành hung trong cuốc xe lúc rạng sáng sau khi thắc mắc về lộ trình từ Q.7 về Q.3 (TP.HCM). Những người trong cuộc nói gì?|đời sống|thanhnien.vn|10:44 04/06/2022
Tin tức đặc biệt trên báo in ngày 4.6.2022|https://thanhnien.vn/tin-tuc-dac-biet-tren-bao-in-ngay-4-6-2022-post1465337.html|https://image.thanhnien.vn/150x100/Uploaded/2022/wpxlcqjwq/2022_06_04/551298-dien-thuan-bac-1-754.jpg|Tin tức Cân nhắc với điện hạt nhân; Tận dụng lợi thế xe máy để giảm ùn tắc giao thông?; Nét mới thú vị từ U.23 VN… có thể đón xem trên Báo Thanh Niên số ra ngày 4.6.2022.|đời sống|thanhnien.vn|07:03 04/06/2022
Nuôi tài năng - Tiếp ý chí: Định hướng nào sẽ giúp con thành công?|https://thanhnien.vn/nuoi-tai-nang-tiep-y-chi-dinh-huong-nao-se-giup-con-thanh-cong-post1465198.html|https://image.thanhnien.vn/150x100/Uploaded/2022/qxwpth-zl/2022_06_03/img-5716-9836.png|Tài năng và ý chí từ lâu đã là hai yếu tố quyết định sự thành công của con cái mà nhiều cha mẹ đặc biệt lưu tâm.|đời sống|thanhnien.vn|20:00 03/06/2022
Vụ CSGT TP.HCM bị tố 'lấy 1 triệu đồng': Mời người quay clip đến đội Bến Thành làm việc|https://thanhnien.vn/vu-csgt-tp-hcm-bi-to-lay-1-trieu-dong-moi-nguoi-quay-clip-den-doi-ben-thanh-lam-viec-post1465277.html|https://image.thanhnien.vn/150x100/Uploaded/2022/dcxpcwvo/2022_06_03/749d990ff9c1399f60d0-2432.jpg|Chiều tối 3.6, anh V.T.T - người quay clip tố CSGT TP.HCM 'lấy 1 triệu đồng' cho biết CSGT đã liên lạc mời anh đến trụ sở làm việc vào sáng 4.6, sau khi clip này được đăng tải gây xôn xao mạng xã hội.|đời sống|thanhnien.vn|19:43 03/06/2022
Chàng trai Hà Nội bốc biển số xe ngũ quý 999.99: 'Người ta trả 1 tỉ, tôi không bán'|https://thanhnien.vn/chang-trai-ha-noi-boc-bien-so-xe-ngu-quy-999-99-nguoi-ta-tra-1-ti-toi-khong-ban-post1465274.html|https://image.thanhnien.vn/150x100/Uploaded/2022/qfsiy/2022_06_03/a50c49d86c0dac53f51c-9020.jpeg|Bốc được biển số xe Hà Nội ngũ quý 9 (999.99), có người gọi hỏi mua với giá 1 tỉ nhưng anh Q. chưa bán. Thời gian tới anh sẽ đi làm bằng chiếc xe máy mới mua này và biển số xe ngũ quý 9 làm kỷ niệm. Đáng chú ý là biển số này anh bốc tại trụ sở công an xã. |đời sống|thanhnien.vn|19:30 03/06/2022
Tử vi hàng ngày - Xem tử vi vui 12 con giáp ngày 4.6.2022|https://thanhnien.vn/tu-vi-hang-ngay-xem-tu-vi-vui-12-con-giap-ngay-4-6-2022-post1464757.html|https://image.thanhnien.vn/150x100/Uploaded/2022/cqjwqqjwp/2022_01_26/tu-vi-vui-nham-dan-2528.jpg|Xem tử vi hàng ngày năm 2022, tử vi vui 12 con giáp - tuổi Tí, Sửu, Dần, Mão, Thìn, Tị, Ngọ, Mùi, Thân, Dậu, Tuất và Hợi.|đời sống|thanhnien.vn|19:14 03/06/2022
Cán bộ Sở GTVT lái Audi tông chết 3 người: Nên phạt tù người quá say lái xe dù không gây tai nạn?|https://thanhnien.vn/can-bo-so-gtvt-lai-audi-tong-chet-3-nguoi-nen-phat-tu-nguoi-qua-say-lai-xe-du-khong-gay-tai-nan-post1465251.html|https://image.thanhnien.vn/150x100/Uploaded/2022/drkxrdbexq/2022_06_03/bac-giang-3664.png|Sau vụ cán bộ của Sở GTVT tỉnh Bắc Giang vi phạm nồng độ cồn lái xe Audi tông chết 3 người trong cùng gia đình, gây nên thảm nạn làm con trai nạn nhân mồ côi, mất người thân, nhiều ý kiến đã đề xuất nên chăng cần phạt tù người vi phạm nồng độ cồn quá cao, dù chưa gây ra tai nạn.|đời sống|thanhnien.vn|19:02 03/06/2022
AKYN ký hợp tác với Tập đoàn khách sạn hàng đầu thế giới mang Courtyard by Marriott đến Quy Nhơn|https://thanhnien.vn/akyn-ky-hop-tac-voi-tap-doan-khach-san-hang-dau-the-gioi-mang-courtyard-by-marriott-den-quy-nhon-post1465264.html|https://image.thanhnien.vn/150x100/Uploaded/2022/drkxrdbexq/2022_06_03/danh-dau-su-hop-tac-giua-akyn-va-marriott-6466.jpg|Ngày 3.6, AKYN Hospitality Group đã chính thức ký kết hợp tác với Tập đoàn khách sạn hàng đầu thế giới Marriott International để mang thương hiệu Courtyard by Marriott đến Quy Nhơn, điểm đến đầy triển vọng cho du lịch biển tại khu vực duyên hải miền Trung, Việt Nam.|đời sống|thanhnien.vn|18:48 03/06/2022
Kết quả xổ số hôm nay - KQXS - Xổ số trực tiếp thứ Sáu ngày 3.6.2022|https://thanhnien.vn/ket-qua-xo-so-hom-nay-kqxs-xo-so-truc-tiep-thu-sau-ngay-3-6-2022-post1465065.html|https://image.thanhnien.vn/150x100/Uploaded/2022/cqjwqqjwp/2021_12_09/kqxs-7618.jpg|Xem xổ số hôm nay, (KQXS) xổ số miền Bắc (XSMB), xổ số miền Nam (XSMN), xổ số miền Trung (XSMT), xổ số điện toán trực tiếp nhanh hôm nay thứ Sáu ngày 3.6.2022. KQXS Vĩnh Long, KQXS Bình Dương, KQXS Trà Vinh, KQXS Ninh Thuận...|đời sống|thanhnien.vn|16:05 03/06/2022
Rụng tim với 'siêu phẩm' của học sinh cuối khóa trong lễ tổng kết năm học|https://thanhnien.vn/rung-tim-voi-sieu-pham-cua-hoc-sinh-cuoi-khoa-trong-le-tong-ket-nam-hoc-post1464937.html|https://image.thanhnien.vn/150x100/Uploaded/2022/noktiz/2022_06_02/truong-thpt-kien-an-2-306.png|Tác phẩm Chỉ riêng mình ta do nhóm học sinh cuối khóa trường THPT Kiến An, TP.Hải Phòng thể hiện trong lễ tổng kết cuối khóa cùng vũ điệu trẻ trung, phong cách nhưng rất lịch sự khiến cộng đồng mạng dậy sóng.|đời sống|thanhnien.vn|14:17 03/06/2022
Mẹ lên Chợ Rẫy trị bệnh bỗng mất tích sau 1 tiếng, con trai đau khổ đi tìm cả tháng|https://thanhnien.vn/me-len-cho-ray-tri-benh-bong-mat-tich-sau-1-tieng-con-trai-dau-kho-di-tim-ca-thang-post1465088.html|https://image.thanhnien.vn/150x100/Uploaded/2022/hoktig/2022_06_03/anh-chup-man-hinh-2022-06-03-luc-11-44-31-2723.png|Đưa mẹ từ quê lên Bệnh viện Chợ Rẫy (TP.HCM) trị bệnh về tâm thần, anh Qui bối rối khi bỗng dưng sau 1 tiếng nhập viện, mẹ anh bỗng rời khỏi bệnh viện rồi mất tích từ đó. Suốt 1 tháng nay, anh làm mọi cách để tìm mẹ, nhưng không có kết quả. Anh mong cộng đồng mạng hỗ trợ giúp để tìm mẹ. |đời sống|thanhnien.vn|13:25 03/06/2022
Hứng trận mưa to chiều qua, dự báo TP.HCM chiều nay tiếp tục mưa gây ngập nước|https://thanhnien.vn/hung-tran-mua-to-chieu-qua-du-bao-tp-hcm-chieu-nay-tiep-tuc-mua-gay-ngap-nuoc-post1465055.html|https://image.thanhnien.vn/150x100/Uploaded/2022/qfsiy/2022_06_02/e1bd0f7a4cb98ce7d5a8-8967.jpeg|Cơn mưa to chiều tối qua khiến nhiều khu vực ở TP.HCM bị ngập nước như Q.Gò Vấp, Q.7, Q.1... Dự báo chiều tối nay 3.6, TP.HCM tiếp tục có mưa, người dân cần đề phòng ngập ở các tuyến đường trũng, thấp.|đời sống|thanhnien.vn|13:07 03/06/2022
BIDV MetLife liên tục đổi mới sản phẩm nhằm thêm nhiều giá trị cho khách hàng|https://thanhnien.vn/bidv-metlife-lien-tuc-doi-moi-san-pham-nham-them-nhieu-gia-tri-cho-khach-hang-post1465037.html|https://image.thanhnien.vn/150x100/Uploaded/2022/puqgfdmzs-co/2022_06_03/1-bidv-metlife-471.png|Khái niệm bảo hiểm nhân thọ hiện đang mang giá trị bảo vệ “kép”, bao gồm: bảo vệ sức khỏe thể chất - tinh thần, và bảo vệ sức khỏe tài chính cho người trụ cột và cho cả gia đình. Sản phẩm “Quà Tặng Sức Khỏe” của BIDV MetLife là một minh chứng cụ thể cho điều này.|đời sống|thanhnien.vn|13:00 03/06/2022
Mẹ chồng Củ Chi 'hot nhất mạng xã hội' khiến nhiều cô gái xin làm con dâu|https://thanhnien.vn/me-chong-cu-chi-hot-nhat-mang-xa-hoi-khien-nhieu-co-gai-xin-lam-con-dau-post1464902.html|https://image.thanhnien.vn/150x100/Uploaded/2022/pwivoviu/2022_06_03/1a-1167.jpg|Bằng những cách chia sẻ mẹo vặt, đồ dùng gia đình, mỗi clip của mẹ Hương Hương thu hút cả triệu lượt view, nhiều cư dân mạng là con gái “xin” làm con dâu vì quá mê cô Hương.|đời sống|thanhnien.vn|12:06 03/06/2022
Mẹ chồng Củ Chi 'hot nhất mạng xã hội' khiến nhiều cô gái xin làm con dâu|https://thanhnien.vn/me-chong-cu-chi-hot-nhat-mang-xa-hoi-khien-nhieu-co-gai-xin-lam-con-dau-post1464902.html|https://image.thanhnien.vn/150x100/Uploaded/2022/pwivoviu/2022_06_03/1a-1167.jpg|Bằng những cách chia sẻ mẹo vặt, đồ dùng gia đình, mỗi clip của mẹ Hương Hương thu hút cả triệu lượt view, nhiều cư dân mạng là con gái “xin” làm con dâu vì quá mê cô Hương.|đời sống|thanhnien.vn|12:06 03/06/2022
Xôn xao clip CSGT TP.HCM bị tố 'lấy người vi phạm 1 triệu đồng': PC08 vào cuộc|https://thanhnien.vn/xon-xao-clip-csgt-tp-hcm-bi-to-lay-nguoi-vi-pham-1-trieu-dong-pc08-vao-cuoc-post1465042.html|https://image.thanhnien.vn/150x100/Uploaded/2022/dcxpcwvo/2022_06_03/749d990ff9c1399f60d0-2432.jpg|Mạng xã hội đang lan truyền đoạn clip CSGT TP.HCM bị tố 'lấy 1 triệu đồng' của người vi phạm ở Q.1. Ngay khi nhận tin, Phòng CSGT đường bộ - đường sắt (PC08, Công an TP.HCM) đã vào cuộc xác minh.|đời sống|thanhnien.vn|11:28 03/06/2022
Ngày Tết Đoan Ngọ: Người dân TP.HCM xếp hàng 20-30 phút chờ mua vịt quay, giá không tăng|https://thanhnien.vn/ngay-tet-doan-ngo-nguoi-dan-tp-hcm-xep-hang-20-30-phut-cho-mua-vit-quay-gia-khong-tang-post1465044.html|https://image.thanhnien.vn/150x100/Uploaded/2022/wpxlcqjwq/2022_06_03/mua-vit-quay-3-4675.jpg|“Mới 4 giờ sáng là đã có khách rồi, đỉnh điểm ở cửa hàng tôi là tầm 6 giờ sáng kéo tới 10 giờ sáng” - anh Thịnh nhân viên một cửa hàng bán vịt trên đường Phan Văn Trị - Bùi Hữu Nghĩa (quận 5, TP.HCM) cho biết.|đời sống|thanhnien.vn|11:19 03/06/2022
Hàng chục ngàn cây sâm Ngọc Linh bị chết vì bệnh hại|https://thanhnien.vn/hang-chuc-ngan-cay-sam-ngoc-linh-bi-chet-vi-benh-hai-post1465050.html|https://image.thanhnien.vn/150x100/Uploaded/2022/tngztj/2022_06_03/xuat-hien-sam-bi-benh-hu-chet-3-1429.jpg|Ngành chức năng tỉnh Kon Tum đã thống kê có hơn 31.000 cây sâm Ngọc Linh bị chết do nấm bệnh, sương muối và mưa đá, thiệt hại khoảng 10 tỉ đồng.|đời sống|thanhnien.vn|11:02 03/06/2022
Ngày hội Hiến máu nhân đạo SCTV năm 2022: Ấm áp tình người|https://thanhnien.vn/ngay-hoi-hien-mau-nhan-dao-sctv-nam-2022-am-ap-tinh-nguoi-post1465018.html|https://image.thanhnien.vn/150x100/Uploaded/2022/puqgfdmzs-co/2022_06_03/img-20220603-065026-1928.jpg|Sáng ngày 2.6.2022, Truyền hình cáp SCTV đã tổ chức Ngày hội Hiến máu nhân đạo SCTV năm 2022 tại tòa nhà VP SCTV (Số 100 Võ Chí Công, Thạnh Mỹ Lợi, TP.Thủ Đức).|đời sống|thanhnien.vn|10:00 03/06/2022
Người dân dậy sớm đi chợ mua bánh ú, cơm rượu cúng Tết Đoan Ngọ|https://thanhnien.vn/nguoi-dan-day-som-di-cho-mua-banh-u-com-ruou-cung-tet-doan-ngo-post1465014.html|https://image.thanhnien.vn/150x100/Uploaded/2022/qfsiy/2022_06_03/img-7855-7178.jpg|Từ sáng sớm, nhiều người dân TP.HCM đi chợ mua bánh ú, cơm rượu, bánh trôi nước… cúng Tết Đoan Ngọ (5.5 Âm lịch). Tại chợ Phạm Văn Hai, khách đông nên các tiểu thương bán không nghỉ tay.|đời sống|thanhnien.vn|09:24 03/06/2022
Tết Đoan Ngọ: Người dân TP.HCM đội mưa sắm đồ cúng, chợ tấp nập ban đêm|https://thanhnien.vn/tet-doan-ngo-nguoi-dan-tp-hcm-doi-mua-sam-do-cung-cho-tap-nap-ban-dem-post1464999.html|https://image.thanhnien.vn/150x100/Uploaded/2022/wpxlcqjwq/2022_06_03/anh-7-8593.jpg|Đêm trước ngày Tết Đoan Ngọ, nhiều chợ ở TP.HCM đông đúc người dân đội mưa đến mua đồ cúng sớm. Rượu nếp, trái cây, bánh ú, lá xông là những mặt hàng đắt khách vào ngày “diệt sâu bọ” này.|đời sống|thanhnien.vn|09:05 03/06/2022
Việt Hương khiến khán giả thích thú trong Tôi yêu chợ Việt mùa 7|https://thanhnien.vn/viet-huong-khien-khan-gia-thich-thu-trong-toi-yeu-cho-viet-mua-7-post1464854.html|https://image.thanhnien.vn/150x100/Uploaded/2022/qxwpth-zl/2022_06_02/hih-9342.jpg|Bằng khiếu hài hước của mình, nghệ sĩ Việt Hương đã mang đến nhiều tràng cười sảng khoái cho khán giả của “Tôi yêu chợ Việt” mùa 7.|đời sống|thanhnien.vn|09:00 03/06/2022
Sagrifood đưa vào hoạt động nhà máy giết mổ gia súc triệu USD tiêu chuẩn châu Âu|https://thanhnien.vn/sagrifood-dua-vao-hoat-dong-nha-may-giet-mo-gia-suc-trieu-usd-tieu-chuan-chau-au-post1464729.html|https://image.thanhnien.vn/150x100/Uploaded/2022/bfznsfyr-bn/2022_06_02/sagrifood-8975.jpg|Công ty Chăn nuôi và Chế biến Thực phẩm Sài Gòn (Sagrifood) đã đưa vào hoạt động nhà máy giết mổ gia súc công nghiệp hàng đầu theo tiêu chuẩn châu Âu với chi phí đầu tư hơn 7,5 triệu USD, công suất 240 con/giờ.|đời sống|thanhnien.vn|08:00 03/06/2022
'Bầm dập' vì chứng khoán, nhà đầu tư ‘bẻ lái’ sang BĐS phục vụ nhu cầu thực|https://thanhnien.vn/bam-dap-vi-chung-khoan-nha-dau-tu-be-lai-sang-bds-phuc-vu-nhu-cau-thuc-post1464850.html|https://image.thanhnien.vn/150x100/Uploaded/2022/qxwpth-zl/2022_06_02/39-87.jpg|Những biến động mạnh của thị trường chứng khoán thời gian qua khiến nhiều nhà đầu tư hướng dòng tiền sang kênh đầu tư bất động sản phục vụ nhu cầu ở thực.|đời sống|thanhnien.vn|08:00 03/06/2022
Yêu người miền Tây mến khách, tỉ phú Joe Lewis chủ Tottenham đưa siêu du thuyền quay lại Cần Thơ|https://thanhnien.vn/yeu-nguoi-mien-tay-men-khach-ti-phu-joe-lewis-chu-tottenham-dua-sieu-du-thuyen-quay-lai-can-tho-post1464820.html|https://image.thanhnien.vn/150x100/Uploaded/2022/drkxrdbexq/2022_06_02/joe-lewis-4-3781.jpg|Siêu du thuyền Aviva của tỉ phú người Anh Joe Lewis, chủ CLB Tottenham Hotspur, đang trên đường trở lại sông Hậu thăm TP.Cần Thơ. Lý do đơn giản rằng vì vị tỉ phú này cảm thấy thích thú trước sự mến khách của người miền Tây nên chọn Cần Thơ là điểm đến đầu tiên sau dịch Covid-19. |đời sống|thanhnien.vn|07:35 03/06/2022
Tin tức đặc biệt trên báo in ngày 3.6.2022|https://thanhnien.vn/tin-tuc-dac-biet-tren-bao-in-ngay-3-6-2022-post1464901.html|https://image.thanhnien.vn/150x100/Uploaded/2022/pwivoviu/2022_06_03/bohoang-ds-1-4695.jpg|Tin tức về Vụ Việt Á, lãng phí đất đai làm nóng nghị trường; Các huyện ngoại thành “chạy đua” lên thành phố; Không “siết” vay mua nhà, ngân hàng vẫn khó giải ngân... là các thông tin hấp dẫn bạn đọc có thể đón xem trên Báo Thanh Niên số ra ngày 3.6.2022.|đời sống|thanhnien.vn|06:08 03/06/2022
Mưa quá lớn gây ngập gần cả mét ở TP.HCM: Người dân lội nước, ngăn nước tràn vào nhà|https://thanhnien.vn/mua-qua-lon-gay-ngap-gan-ca-met-o-tp-hcm-nguoi-dan-loi-nuoc-ngan-nuoc-tran-vao-nha-post1464864.html|https://image.thanhnien.vn/150x100/Uploaded/2022/drkxrdbexq/2022_06_02/ee13c1b79f745f2a0665-2244.jpeg|Sau cơn mưa rất lớn kéo dài hơn 4 giờ giờ đồng hồ vào chiều tối nay 2.6 khiến nhiều tuyến đường tại TP.HCM ngập sâu trong biển nước, nhiều nơi nước ngập cả mét tràn vào nhà khiến sinh hoạt của người dân đảo lộn.|đời sống|thanhnien.vn|19:43 02/06/2022
Tử vi hàng ngày - Xem tử vi vui 12 con giáp ngày 3.6.2022|https://thanhnien.vn/tu-vi-hang-ngay-xem-tu-vi-vui-12-con-giap-ngay-3-6-2022-post1464323.html|https://image.thanhnien.vn/150x100/Uploaded/2022/cqjwqqjwp/2022_01_26/tu-vi-vui-nham-dan-2528.jpg|Xem tử vi hàng ngày năm 2022, tử vi vui 12 con giáp - tuổi Tí, Sửu, Dần, Mão, Thìn, Tị, Ngọ, Mùi, Thân, Dậu, Tuất và Hợi.|đời sống|thanhnien.vn|19:14 02/06/2022
Những đứa bé năm 2022: Không hẳn mồ côi nhưng cả tuổi thơ ở trong chùa|https://thanhnien.vn/nhung-dua-be-nam-2022-khong-han-mo-coi-nhung-ca-tuoi-tho-o-trong-chua-post1460431.html|https://image.thanhnien.vn/150x100/Uploaded/2022/dcxpcwvo/2022_05_19/chua-dieu-giac8-9788.jpg|Được bà ngoại đem vào chùa gửi từ năm 4 tuổi rồi mãi không đón về, 30 năm qua chị Huyền được các ni sư ở chùa bảo bọc. Trưởng thành, chị ở lại chùa cùng sư cô chăm sóc những đứa trẻ khác cùng phận bị bỏ rơi.|đời sống|thanhnien.vn|19:03 02/06/2022
Kết quả xổ số hôm nay - KQXS - Xổ số trực tiếp thứ Năm ngày 2.6.2022|https://thanhnien.vn/ket-qua-xo-so-hom-nay-kqxs-xo-so-truc-tiep-thu-nam-ngay-2-6-2022-post1464752.html|https://image.thanhnien.vn/150x100/Uploaded/2022/cqjwqqjwp/2021_12_09/kqxs-7618.jpg|Xem xổ số hôm nay, (KQXS) xổ số miền Bắc (XSMB), xổ số miền Nam (XSMN), xổ số miền Trung (XSMT), xổ số điện toán trực tiếp nhanh hôm nay thứ Năm ngày 2.6.2022. KQXS Tây Ninh, KQXS An Giang, KQXS Bình Thuận...|đời sống|thanhnien.vn|16:05 02/06/2022
TP.HCM chiều tối mưa to khu trung tâm, dự báo một số tuyến đường có thể ngập|https://thanhnien.vn/tp-hcm-chieu-toi-mua-to-khu-trung-tam-du-bao-mot-so-tuyen-duong-co-the-ngap-post1464777.html|https://image.thanhnien.vn/150x100/Uploaded/2022/dcxpcwvo/2022_06_02/anh-mua-3-6232-7901.jpeg|Lúc 15 giờ 40 phút, Đài Khí tượng Thủy văn khu vực Nam bộ cho biết, khu vực trung tâm TP.HCM đang có mưa to, dự kiến kéo dài đến khoảng 17 giờ có thể gây ngập một vài tuyến đường trũng, thấp.|đời sống|thanhnien.vn|16:03 02/06/2022
Bé gái lớp 7 bỏ nhà đi ‘hết hè con về’: Con ở Campuchia, kiếm tiền cho cha mẹ đỡ khổ|https://thanhnien.vn/be-gai-lop-7-bo-nha-di-het-he-con-ve-con-o-campuchia-kiem-tien-cho-cha-me-do-kho-post1464742.html|https://image.thanhnien.vn/150x100/Uploaded/2022/hoktig/2022_06_02/anh-chup-man-hinh-2022-05-31-luc-13-34-30-1254-1959.png|Sau nhiều ngày tìm kiếm, cuối cùng gia đình cũng đã liên lạc được với bé T.T.D (13 tuổi, ngụ Q.Tân Bình). Em cho biết mình đang ở Campuchia, quyết đi làm 6 tháng rồi mới về nhà.|đời sống|thanhnien.vn|15:01 02/06/2022
Ngôi chùa ở TP.HCM do Thiền sư Nhất Hạnh khởi xướng giữ 3 kỷ lục Việt Nam|https://thanhnien.vn/ngoi-chua-o-tp-hcm-do-thien-su-nhat-hanh-khoi-xuong-giu-3-ky-luc-viet-nam-post1464463.html|https://image.thanhnien.vn/150x100/Uploaded/2022/dcxpcwvo/2022_06_01/chua-phap-van14-9366.jpg|Chùa Pháp Vân (quận Tân Phú, TP.HCM) do Thiền sư Nhất Hạnh khởi xướng xây dựng từ năm 1965 hiện đang giữ 3 kỷ lục Việt Nam về tượng Phật, bộ kinh và kỳ lân.|đời sống|thanhnien.vn|13:12 02/06/2022
Đọc xong bài viết, Đàm Vĩnh Hưng 'lén' xuống chợ Tân Định song ca cùng chàng trai khiếm thị|https://thanhnien.vn/doc-xong-bai-viet-dam-vinh-hung-len-xuong-cho-tan-dinh-song-ca-cung-chang-trai-khiem-thi-post1464620.html|https://image.thanhnien.vn/150x100/Uploaded/2022/dcxpcwvo/2022_06_02/1-6118.jpg|Đang bán hàng ở chợ Tân Định, chàng khiếm thị hát y hệt Đàm Vĩnh Hưng ‘dè chừng’ khi nghe giọng hát hay ở kế bên. Anh quay sang hỏi ‘Anh bán gì vậy?’, rồi vỡ òa hạnh phúc khi biết chính là thần tượng của mình.|đời sống|thanhnien.vn|12:40 02/06/2022
Xóm bánh ú bán Tết Đoan Ngọ mùng 5.5 ở TP.HCM: ‘1 – 2 giờ sáng dậy làm mới kịp’|https://thanhnien.vn/xom-banh-u-ban-tet-doan-ngo-mung-5-5-o-tp-hcm-1-2-gio-sang-day-lam-moi-kip-post1464113.html|https://image.thanhnien.vn/150x100/Uploaded/2022/qfsiy/2022_05_31/img-7688-8856.jpg|Trước ngày tết Đoan Ngọ (mùng 5.5 Âm lịch) nhiều người dân ở các con hẻm trên đường Phạm Thế Hiển (Q.8, TP.HCM) phải dậy từ 1 – 2 giờ sáng gói bánh ú (bánh tro) cho ngày Tết Đoan Ngọ (5.5 âm lịch). Trải qua một năm dịch bệnh, được làm bánh bán trở lại với nhiều người đã là một may mắn.|đời sống|thanhnien.vn|12:23 02/06/2022
Tết Đoan Ngọ 2022 mùng 5.5 là ngày nào: Người Việt thường làm gì ngày này?|https://thanhnien.vn/tet-doan-ngo-2022-mung-5-5-la-ngay-nao-nguoi-viet-thuong-lam-gi-ngay-nay-post1464369.html|https://image.thanhnien.vn/150x100/Uploaded/2022/dcxpcwvo/2022_06_01/mon-an-tet-doan-ngo-cho-nguoi-quang-0706201900040122still002-15598843996521925658076-9375.jpg|Tết Đoan Ngọ (mùng 5.5 âm lịch) còn được gọi là Tết nửa năm, tết diệt sâu bọ. Nhiều gia đình thường chuẩn bị mâm cúng có cơm rượu, quả vải, quả mận… hay đi tắm biển đúng giờ Ngọ. Tết Đoan Ngọ 2022 rơi vào ngày 3.6.|đời sống|thanhnien.vn|09:25 02/06/2022
'Thả tim' bộ ảnh kỷ niệm đáng yêu của gia đình có 'ngũ long công chúa'|https://thanhnien.vn/tha-tim-bo-anh-ky-niem-dang-yeu-cua-gia-dinh-co-ngu-long-cong-chua-post1464570.html|https://image.thanhnien.vn/150x100/Uploaded/2022/wpxlcqjwq/2022_06_02/ngu-long-cong-chua-8481.jpg|Bộ ảnh kỷ niệm của gia đình có 5 cô con gái khiến cộng đồng mạng trầm trồ, khen ngợi vì tay nuôi con xịn xò của bậc phụ huynh. Nhiều người gọi đây là minh chứng đầy thuyết phục cho những ai đang còn lăn tăn với suy nghĩ “phải có nếp có tẻ” hay còn nặng nề tư tưởng “trọng nam khinh nữ”.|đời sống|thanhnien.vn|09:11 02/06/2022
Tin tức đặc biệt trên báo in ngày 2.6.2022|https://thanhnien.vn/tin-tuc-dac-biet-tren-bao-in-ngay-2-6-2022-post1464571.html|https://image.thanhnien.vn/150x100/Uploaded/2022/wpxlcqjwq/2022_06_02/cac-lo-dat-dau-gia-o-thu-thiem-mang-ky-hieu-3-5-3-8-3-9-va-3-12-anh-ngoc-duong-8-838.jpg|Tin tức về Có cần thiết ban hành Bộ quy tắc về quấy rối tình dục nơi làm việc?; Cuộc đua huy động vốn tăng tốc; Làm gì để người dân dùng dịch vụ công trực tuyến?... là các thông tin hấp dẫn bạn đọc có thể đón xem trên Báo Thanh Niên số ra ngày 2.6.2022.|đời sống|thanhnien.vn|04:13 02/06/2022
Hương vị quê hương: Bún ốc ngon nức tiếng Thái Bình|https://thanhnien.vn/huong-vi-que-huong-bun-oc-ngon-nuc-tieng-thai-binh-post1464147.html|https://image.thanhnien.vn/150x100/Uploaded/2022/pwivoviu/2022_05_31/15a-1-3152.jpg|Sự hòa quyện giữa nước xương hầm, mắm tôm và giấm bỗng tạo nên nồi bún ốc độc đáo thu hút 300 - 400 thực khách đến ăn mỗi ngày.|đời sống|thanhnien.vn|20:35 01/06/2022
Canh chua cá mú trê|https://thanhnien.vn/canh-chua-ca-mu-tre-post1464148.html|https://image.thanhnien.vn/150x100/Uploaded/2022/pwivoviu/2022_05_31/15b-2160.jpg|Trong các loại cá mú, cá mú trê nấu canh chua ngon hảo hạng. Thịt cá trắng, dai, ngọt, thơm ngon, giá cả phải chăng.|đời sống|thanhnien.vn|20:19 01/06/2022
CSGT TP.HCM tặng quà bệnh nhi ngày Quốc tế thiếu nhi 1.6|https://thanhnien.vn/csgt-tp-hcm-tang-qua-benh-nhi-ngay-quoc-te-thieu-nhi-1-6-post1464507.html|https://image.thanhnien.vn/150x100/Uploaded/2022/dcxpcwvo/2022_06_01/nt-4-5373.jpeg|Trong ngày Quốc tế thiếu nhi 1.6, không khí tại Khoa nhi BV Ung bướu TP.HCM nhộn nhịp, sôi động hơn thường ngày với tiếng cười nói của các em bệnh nhi khi được nhận những phần quà từ các chiến sĩ CSGT TP.HCM.|đời sống|thanhnien.vn|19:44 01/06/2022
Tử vi hàng ngày - Xem tử vi vui 12 con giáp ngày 2.6.2022|https://thanhnien.vn/tu-vi-hang-ngay-xem-tu-vi-vui-12-con-giap-ngay-2-6-2022-post1464010.html|https://image.thanhnien.vn/150x100/Uploaded/2022/cqjwqqjwp/2022_01_26/tu-vi-vui-nham-dan-2528.jpg|Xem tử vi hàng ngày năm 2022, tử vi vui 12 con giáp - tuổi Tí, Sửu, Dần, Mão, Thìn, Tị, Ngọ, Mùi, Thân, Dậu, Tuất và Hợi.|đời sống|thanhnien.vn|19:14 01/06/2022
Kết quả xổ số hôm nay - KQXS - Xổ số trực tiếp thứ Tư ngày 1.6.2022|https://thanhnien.vn/ket-qua-xo-so-hom-nay-kqxs-xo-so-truc-tiep-thu-tu-ngay-1-6-2022-post1464322.html|https://image.thanhnien.vn/150x100/Uploaded/2022/cqjwqqjwp/2021_12_09/kqxs-7618.jpg|Xem xổ số hôm nay, (KQXS) xổ số miền Bắc (XSMB), xổ số miền Nam (XSMN), xổ số miền Trung (XSMT), xổ số điện toán trực tiếp nhanh hôm nay thứ Tư ngày 1.6.2022. KQXS Đồng Nai, KQXS Cần Thơ, KQXS Sóc Trăng, KQXS Đà Nẵng...|đời sống|thanhnien.vn|16:05 01/06/2022
‘Chồng khen hàng xóm trước mặt vợ là bạo lực gia đình’: Người trong cuộc nói gì?|https://thanhnien.vn/chong-khen-hang-xom-truoc-mat-vo-la-bao-luc-gia-dinh-nguoi-trong-cuoc-noi-gi-post1464328.html|https://image.thanhnien.vn/150x100/Uploaded/2022/hoktig/2022_04_26/278058398-647079189816582-7357705183896133450-n-7289.jpg|Quan điểm “Chồng suốt ngày khen hàng xóm xinh đẹp cũng là bạo lực gia đình” đang gây sốt trên mạng xã hội. Vậy, với những “ông chồng, bà vợ”, họ nghĩ sao về ý kiến này?|đời sống|thanhnien.vn|15:46 01/06/2022
Hàn Quốc miễn visa đến đảo Jeju, tỉnh Gangwon: Du khách Việt cần lưu ý gì?|https://thanhnien.vn/han-quoc-mien-phi-visa-cho-dao-jeju-tinh-gangwon-du-khach-viet-can-luu-y-gi-post1464319.html|https://image.thanhnien.vn/150x100/Uploaded/2022/bpcguqmv/2022_06_01/hinh-1-1174.jpg|Sau thông tin của Bộ Tư pháp Hàn Quốc về chương trình miễn visa ở tỉnh Gangwon, Tổng lãnh sự quán Hàn Quốc tại TP.HCM đã cung cấp thêm những chi tiết liên quan đến việc đón khách quốc tế quay lại, trong đó có khách Việt Nam.|đời sống|thanhnien.vn|14:15 01/06/2022
Tết Đoan Ngọ: Gia đình người Hoa ở Sài Gòn nấu bánh bá trạng xuyên đêm|https://thanhnien.vn/tet-doan-ngo-gia-dinh-nguoi-hoa-o-sai-gon-nau-banh-ba-trang-xuyen-dem-post1463892.html|https://image.thanhnien.vn/150x100/Uploaded/2022/dcxpcwvo/2022_05_30/banh-ba-trang-2-3461.jpg|Nửa tháng trước Tết Đoan Ngọ, gia đình đình người Hoa hơn chục thành viên ở Sài Gòn đã tập trung nấu bánh bá trạng xuyên đêm. Không khí một số con hẻm ở Chợ Lớn cũng vì vậy mà rôm rả đón ‘Tết nửa năm’.|đời sống|thanhnien.vn|13:45 01/06/2022
Những đứa bé năm 2022: Nơi nhà trọ công nhân, cha mẹ nghèo quyết ‘củng cố đời con’|https://thanhnien.vn/nhung-dua-be-nam-2022-noi-nha-tro-cong-nhan-cha-me-quyet-cung-co-doi-con-post1462135.html|https://image.thanhnien.vn/150x100/Uploaded/2022/hoktig/2022_05_25/d389d28e76e4b6baeff5-1127.jpg|Chị Kim Ngọc (36 tuổi) cùng chồng và 2 con trai tá túc trong một khu trọ công nhân ở Q.12 (TP.HCM) suốt nhiều năm nay. Thấy con không bằng bạn bằng bè nhưng hiểu chuyện, anh chị càng có thêm động lực, quyết lòng “hy sinh đời bố để củng cố đời con”.|đời sống|thanhnien.vn|12:12 01/06/2022
Bệnh viện Nhi đồng 1 TP.HCM trao hơn 1.300 phần quà cho bệnh nhi dịp 1.6|https://thanhnien.vn/benh-vien-nhi-dong-1-tp-hcm-trao-hon-1-300-phan-qua-cho-benh-nhi-dip-1-6-post1464211.html|https://image.thanhnien.vn/150x100/Uploaded/2022/qfsiy/2022_06_01/img-7622-5685.jpg|Chiều 31.5, BV Nhi đồng 1 TP.HCM phối hợp cùng các nhà hảo tâm tổ chức chương trình văn nghệ và trao hơn 1.300 phần quà cho bệnh nhi đang điều trị tại đây nhằm động viên tinh thần, giúp các bé mau khỏi bệnh.|đời sống|thanhnien.vn|12:05 01/06/2022
Thúng cơm gà lên phố|https://thanhnien.vn/thung-com-ga-len-pho-post1464247.html|https://image.thanhnien.vn/150x100/Uploaded/2022/wpxlcqjwq/2022_06_01/1-ga-tno-2604.jpg|Từ thôn nghèo bên dòng sông Gianh (Quảng Bình), thúng cơm gà Lạc Sơn đã len lỏi khắp công viên, bệnh viện… ở TP.Đồng Hới để viết nên câu chuyện mưu sinh ấm tình đất, tình người.|đời sống|thanhnien.vn|10:18 01/06/2022
Quảng Ninh phê duyệt dự án làm đường tắt 800 tỉ đồng sang Lạng Sơn|https://thanhnien.vn/quang-ninh-phe-duyet-du-an-lam-duong-tat-800-ti-dong-sang-lang-son-post1464122.html|https://image.thanhnien.vn/150x100/Uploaded/2022/wlyrstlstpf/2022_05_31/1949633-hien-trang-tuyen-duong-noi-tu-quoc-lo-279-tai-thon-bang-anh-xa-tan-dan-tp-ha-long-quang-ninh-den-trung-tam-thi-tran-tay-yen-tu-huyen-son-dong-tinh-bac-19174511-669.jpg|Tỉnh Quảng Ninh vừa phê duyệt chủ trương đầu tư cải tạo, nâng cấp đường tỉnh 342 từ TP.Hạ Long đến giáp địa phận tỉnh Lạng Sơn, với tổng mức đầu tư dự kiến khoảng 800 tỉ đồng.|đời sống|thanhnien.vn|10:01 01/06/2022
Bà mẹ đặc biệt của 18 đứa con dù chưa một lần sinh nở|https://thanhnien.vn/ba-me-dac-biet-cua-18-dua-con-du-chua-mot-lan-sinh-no-post1464161.html|https://image.thanhnien.vn/150x100/Uploaded/2022/pwivoviu/2022_06_01/1-3467.jpg|Gần đây, câu chuyện về một bà mẹ đặc biệt ở Quảng Bình được cộng đồng mạng chia sẻ nhiều. Ai nấy đều xúc động trước tình cảm của bà dành cho 18 đứa con suốt 16 năm qua dù giữa họ không có mối quan hệ máu mủ.|đời sống|thanhnien.vn|09:12 01/06/2022
Chuyên gia nước ngoài đề xuất bán vé theo giờ để giảm tải cho vịnh Hạ Long|https://thanhnien.vn/chuyen-gia-nuoc-ngoai-de-xuat-ban-ve-theo-gio-de-giam-tai-cho-vinh-ha-long-post1464071.html|https://image.thanhnien.vn/150x100/Uploaded/2022/wlyrstlstpf/2022_05_31/hl3-flju-2047.jpg|Theo Tiến sĩ Ali Kiran, thuộc Tập đoàn tư vấn Kiran (Mỹ), vịnh Hạ Long cần bán vé theo giờ để giảm sức tải cho các hang động, gánh nặng cho môi trường.|đời sống|thanhnien.vn|08:29 01/06/2022
Tin tức đặc biệt trên báo in ngày 1.6.2022|https://thanhnien.vn/tin-tuc-dac-biet-tren-bao-in-ngay-1-6-2022-post1464214.html|https://image.thanhnien.vn/150x100/Uploaded/2022/pwivoviu/2022_06_01/cau-my-thuan-tien-giang-chup-tu-tren-cao-anh-doc-lap-3-6825.jpg|Tin tức về Cần cơ chế đột phá phát triển cao tốc ĐBSCL; TP.HCM “đòi” vỉa hè, người dân lo không nơi gửi xe; Thái Bình Dương thận trọng chiến lược với Trung Quốc... là các thông tin hấp dẫn bạn đọc có thể đón xem trên Báo Thanh Niên số ra ngày 1.6.2022.|đời sống|thanhnien.vn|04:19 01/06/2022
Tử vi hàng ngày - Xem tử vi vui 12 con giáp ngày 1.6.2022|https://thanhnien.vn/tu-vi-hang-ngay-xem-tu-vi-vui-12-con-giap-ngay-1-6-2022-post1463562.html|https://image.thanhnien.vn/150x100/Uploaded/2022/cqjwqqjwp/2022_01_26/tu-vi-vui-nham-dan-2528.jpg|Xem tử vi hàng ngày năm 2022, tử vi vui 12 con giáp - tuổi Tí, Sửu, Dần, Mão, Thìn, Tị, Ngọ, Mùi, Thân, Dậu, Tuất và Hợi.|đời sống|thanhnien.vn|19:14 31/05/2022
Nữ tài xế ô tô bị 2 nam giới đánh hội đồng|https://thanhnien.vn/nu-tai-xe-o-to-bi-2-nam-gioi-danh-hoi-dong-post1464055.html|https://image.thanhnien.vn/150x100/Uploaded/2022/jbvunat/2022_05_31/anh-chup-man-hinh-2022-05-31-luc-15-56-22-378.png|Sau khi xảy ra va chạm giao thông, nữ tài xế ô tô bị 2 người đàn ông lao vào tát, đấm, đá ngay giữa phố Hà Nội. Công an Q.Thanh Xuân đang vào cuộc làm rõ sự việc này.|đời sống|thanhnien.vn|17:40 31/05/2022
Kết quả xổ số hôm nay - KQXS - Xổ số trực tiếp thứ Ba ngày 31.5.2022|https://thanhnien.vn/ket-qua-xo-so-hom-nay-kqxs-xo-so-truc-tiep-thu-ba-ngay-31-5-2022-post1464009.html|https://image.thanhnien.vn/150x100/Uploaded/2022/cqjwqqjwp/2021_12_09/kqxs-7618.jpg|Xem xổ số hôm nay, (KQXS) xổ số miền Bắc (XSMB), xổ số miền Nam (XSMN), xổ số miền Trung (XSMT), xổ số điện toán trực tiếp nhanh hôm nay thứ Ba ngày 31.5.2022. KQXS Bến Tre, KQXS Vũng Tàu, KQXS Bạc Liêu, KQXS Đắk Lắk...|đời sống|thanhnien.vn|16:05 31/05/2022
Bé gái lớp 7 bỏ nhà đi 'hết hè con về', gia đình cầu cứu dân mạng|https://thanhnien.vn/be-gai-lop-7-bo-nha-di-het-he-con-ve-gia-dinh-cau-cuu-dan-mang-post1464013.html|https://image.thanhnien.vn/150x100/Uploaded/2022/cqjwqqjwp/2022_05_31/anh-chup-man-hinh-2022-05-31-luc-13-34-30-1254.png|Mang theo 3 bộ đồ, em T.T.D. (13 tuổi) để lại cho ba mẹ một bức thư rồi biệt tăm. Trong thư, em viết: “Mẹ ơi con đi làm xa, đừng gọi điện con không nghe máy đâu. Hết hè con về”. Ba mẹ em bỏ hết công việc, trắng đêm tìm con.|đời sống|thanhnien.vn|14:19 31/05/2022
Những đứa bé năm 2022: Nơi Cầu Muối, cô bé 8 tuổi ước được đi Đầm Sen|https://thanhnien.vn/nhung-dua-be-nam-2022-noi-cau-muoi-co-be-8-tuoi-uoc-duoc-di-dam-sen-post1463343.html|https://image.thanhnien.vn/150x100/Uploaded/2022/lxwpcqjwp/2022_05_29/h1-6-9980.jpg|“Con ước được đi Đầm Sen, Suối Tiên chơi và cùng em gái đi biển. Con được đi biển một lần rồi mà em thì chưa”, đó là ước mong của cô bé đã 8 tuổi ở TP.HCM nhưng chưa được đến trường vì hoàn cảnh khó khăn của gia đình. |đời sống|thanhnien.vn|12:12 31/05/2022
TP.HCM, Nam bộ sẽ còn mưa giông, gió giật chiều tối đến hết tuần đầu tháng 6|https://thanhnien.vn/tp-hcm-nam-bo-se-con-mua-giong-gio-giat-chieu-toi-den-het-tuan-dau-thang-6-post1463943.html|https://image.thanhnien.vn/150x100/Uploaded/2022/dcxpcwvo/2022_05_31/anh-mua-10-6607-7943.jpeg|Theo Đài Khí tượng Thủy văn khu vực Nam bộ, mấy ngày qua TP.HCM thường có mưa giông kèm gió giật vào chiều tối là giống mọi năm. Mưa giông, gió giật sẽ còn tiếp diễn ở TP.HCM, Nam bộ đến hết tuần đầu tháng 6. |đời sống|thanhnien.vn|11:58 31/05/2022
Tình bạn gắn kết qua những phần ăn cô gái nấu cho đồng nghiệp mỗi ngày|https://thanhnien.vn/tinh-ban-gan-ket-qua-nhung-phan-an-co-gai-nau-cho-dong-nghiep-moi-ngay-post1463855.html|https://image.thanhnien.vn/150x100/Uploaded/2022/wpxlcqjwq/2022_05_31/phan-com2-535.jpg|Nhìn những hộp cơm “song sinh” vừa chất lượng, vừa ngon miệng của cô gái nấu cho đồng nghiệp ăn cùng, ai nấy đều xuýt xoa khen ngợi. Nhờ những bữa ăn cơm chung, mối quan hệ đồng nghiệp của hai người càng gắn kết hơn.|đời sống|thanhnien.vn|10:54 31/05/2022
Người đào được cây gỗ dưới ruộng có thể bị xử phạt vì tự ý cưa xẻ|https://thanhnien.vn/nguoi-dao-duoc-cay-go-duoi-ruong-co-the-bi-xu-phat-vi-tu-y-cua-xe-post1463897.html|https://image.thanhnien.vn/150x100/Uploaded/2022/tngztj/2022_05_31/z3455433423810-832827011dd6c2bb490c5e96d89c2616-8601.jpg|Theo luật sư, người đào được cây gỗ dưới ruộng nhưng tự ý cưa xẻ có thể bị xử phạt do làm thay đổi hiện trạng của tài sản.|đời sống|thanhnien.vn|10:29 31/05/2022
Trẻ em phố thị vui Tết thiếu nhi trong đô thị triệu cây xanh|https://thanhnien.vn/tre-em-pho-thi-vui-tet-thieu-nhi-trong-do-thi-trieu-cay-xanh-post1463867.html|https://image.thanhnien.vn/150x100/Uploaded/2022/puqgfdmzs-co/2022_05_31/a9-1736.jpg|Cách Hà Nội chỉ 14km, khu đô thị Ecopark có nhiều trải nghiệm thú vị cho trẻ em trong dịp 1/6 như đạp xe, thả diều, ngắm Thiên Nga…|đời sống|thanhnien.vn|09:00 31/05/2022
Trẻ em phố thị vui Tết thiếu nhi trong đô thị triệu cây xanh|https://thanhnien.vn/tre-em-pho-thi-vui-tet-thieu-nhi-trong-do-thi-trieu-cay-xanh-post1463867.html|https://image.thanhnien.vn/150x100/Uploaded/2022/puqgfdmzs-co/2022_05_31/a9-1736.jpg|Cách Hà Nội chỉ 14km, khu đô thị Ecopark có nhiều trải nghiệm thú vị cho trẻ em trong dịp 1/6 như đạp xe, thả diều, ngắm Thiên Nga…|đời sống|thanhnien.vn|09:00 31/05/2022
Tin tức đặc biệt trên báo in ngày 31.5.2022|https://thanhnien.vn/tin-tuc-dac-biet-tren-bao-in-ngay-31-5-2022-post1463856.html|https://image.thanhnien.vn/150x100/Uploaded/2022/wpxlcqjwq/2022_05_31/duong-vanh-dai-3-4-6440.jpg|Tin tức về Kỳ vọng đường Vành đai; Khẩn cấp kìm giá xăng; Khách sạn gần 500 tỉ bỏ hoang giữa lòng thành phố... là các thông tin hấp dẫn bạn đọc có thể đón xem trên Báo Thanh Niên số ra ngày 31.5.2022.|đời sống|thanhnien.vn|04:15 31/05/2022
FE Credit tặng 3 tỉ đồng cho Đội tuyển bóng đá nữ|https://thanhnien.vn/fe-credit-tang-3-ti-dong-cho-doi-tuyen-bong-da-nu-post1463811.html|https://image.thanhnien.vn/150x100/Uploaded/2022/bfznsfyr-bn/2022_05_30/fe-credit-1-6646.jpg|Chiều nay (30.5),Công ty Tài chính TNHH Ngân hàng Việt Nam Thịnh Vượng SMBC (FE Credit) đã có buổi gặp gỡ Ban huấn luyện, đại diện Đội tuyển bóng đá nữ quốc gia tại văn phòng Liên đoàn Bóng đá Việt Nam (VFF), và trực tiếp trao thưởng 3 tỉ đồng cho Đội tuyển nữ như đã cam kết trước đó.|đời sống|thanhnien.vn|21:21 30/05/2022
Người đàn ông vô cớ đánh nhau với phụ nữ khi đi thang máy chung cư|https://thanhnien.vn/nguoi-dan-ong-vo-co-danh-nhau-voi-phu-nu-khi-di-thang-may-chung-cu-post1463790.html|https://image.thanhnien.vn/150x100/Uploaded/2022/rkwagt/2022_05_30/hatecoxuanphuong5-4547.png|Mạng xã hội đang lan truyền đoạn clip ghi lại cảnh người đàn ông vô cớ đẩy, đánh nhau với người phụ nữ sau khi đi chung thang máy tại chung cư Hateco Xuân Phương, Q.Nam Từ Liêm, Hà Nội.|đời sống|thanhnien.vn|20:40 30/05/2022
Hương vị quê hương: Canh rau má đậu phộng, mùi vị ký ức|https://thanhnien.vn/huong-vi-que-huong-canh-rau-ma-dau-phong-mui-vi-ky-uc-post1463113.html|https://image.thanhnien.vn/150x100/Uploaded/2022/wsxrxqeiod/2022_05_28/canh-rau-ma-5482.jpg|Thời khó khăn, má tôi thường thả vào nồi nước đang sôi một mớ rau má mới nhổ ngoài vườn và nấu lên thành canh. Má chỉ cần nêm chút muối và gọi đó là canh rau má “nấu suông”.|đời sống|thanhnien.vn|20:35 30/05/2022
Hương vị quê hương: Lên Tiên Cảnh ăn mít trộn|https://thanhnien.vn/huong-vi-que-huong-len-tien-canh-an-mit-tron-post1463423.html|https://image.thanhnien.vn/150x100/Uploaded/2022/pwivoviu/2022_05_29/15a-3035.jpg|Xin nói rõ, Tiên Cảnh ở đây không phải là chốn “bồng lai” của Từ Thức trong một lần đi lạc lên cõi tiên trong huyền thoại xưa, mà là làng cổ Lộc Yên, thuộc xã Tiên Cảnh, H.Tiên Phước, Quảng Nam.|đời sống|thanhnien.vn|20:05 30/05/2022
Tử vi hàng ngày - Xem tử vi vui 12 con giáp ngày 31.5.2022|https://thanhnien.vn/tu-vi-hang-ngay-xem-tu-vi-vui-12-con-giap-ngay-31-5-2022-post1463119.html|https://image.thanhnien.vn/150x100/Uploaded/2022/cqjwqqjwp/2022_01_26/tu-vi-vui-nham-dan-2528.jpg|Xem tử vi hàng ngày năm 2022, tử vi vui 12 con giáp - tuổi Tí, Sửu, Dần, Mão, Thìn, Tị, Ngọ, Mùi, Thân, Dậu, Tuất và Hợi.|đời sống|thanhnien.vn|19:14 30/05/2022
Lương hưu cao hơn 1,2 triệu đồng so với thu nhập của người dân|https://thanhnien.vn/luong-huu-cao-hon-1-2-trieu-dong-so-voi-thu-nhap-cua-nguoi-dan-post1463765.html|https://image.thanhnien.vn/150x100/Uploaded/2022/bfznsfyr-bn/2022_05_30/traluonghuu-1881.jpg|Hiện cơ quan bảo hiểm xã hội (BHXH) thực hiện chi trả lương hưu cho khoảng gần 2,7 triệu người. Mức hưởng lương hưu trung bình khoảng 5,4 triệu đồng/tháng, cao hơn mức thu nhập bình quân của người dân năm 2021.|đời sống|thanhnien.vn|18:25 30/05/2022
Kết quả xổ số hôm nay - KQXS - Xổ số trực tiếp thứ Hai ngày 30.5.2022|https://thanhnien.vn/ket-qua-xo-so-hom-nay-kqxs-xo-so-truc-tiep-thu-hai-ngay-30-5-2022-post1463561.html|https://image.thanhnien.vn/150x100/Uploaded/2022/cqjwqqjwp/2021_12_09/kqxs-7618.jpg|Xem xổ số hôm nay, (KQXS) xổ số miền Bắc (XSMB), xổ số miền Nam (XSMN), xổ số miền Trung (XSMT), xổ số điện toán trực tiếp nhanh hôm nay thứ Hai ngày 30.5.2022. KQXS TP.HCM, KQXS Đồng Tháp, KQXS Cà Mau, KQXS Thừa Thiên - Huế, KQXS Phú Yên...|đời sống|thanhnien.vn|16:05 30/05/2022
Vì sao khách không được xuống thuyền ở Tuần lễ trái cây 'Trên bến dưới thuyền'?|https://thanhnien.vn/vi-sao-khach-khong-duoc-xuong-thuyen-o-tuan-le-trai-cay-tren-ben-duoi-thuyen-post1463644.html|https://image.thanhnien.vn/150x100/Uploaded/2022/cqjwqqjwp/2022_05_28/283708643-772649223723159-5433966483441543732-n-5084.jpg|Một số người dân TP.HCM đến Tuần lễ trái cây 'Trên bến dưới thuyền' Bến Bình Đông do Q.8 tổ chức thất vọng vì không được xuống thuyền mua bán trái cây, hoạt động mua bán đều ở trên bờ. Ban tổ chức nói gì về điều này?|đời sống|thanhnien.vn|14:26 30/05/2022
Quán cà phê 'độc lạ': Nhân viên thản nhiên lấy đồ, còn đè đầu cưỡi cổ khách|https://thanhnien.vn/quan-ca-phe-doc-la-nhan-vien-than-nhien-lay-do-con-de-dau-cuoi-co-khach-post1450682.html|https://image.thanhnien.vn/150x100/Uploaded/2022/qfsiy/2022_04_20/img-6461-copy-6031.jpg|Với những người yêu mèo ở TP.HCM, quán cà phê đặc biệt này là nơi giúp giải tỏa những mệt mỏi, căng thẳng trong cuộc sống. Khoảng thời gian chơi đùa, vuốt ve những “bé” mèo giúp họ bỏ lại sau lưng những bề bộn và lan tỏa tình yêu động vật.|đời sống|thanhnien.vn|12:47 30/05/2022
Công viên 70 tỉ ở trung tâm Hải Phòng nhếch nhác vì rác thải ùn ứ|https://thanhnien.vn/cong-vien-70-ti-o-trung-tam-hai-phong-nhech-nhac-vi-rac-thai-un-u-post1463566.html|https://image.thanhnien.vn/150x100/Uploaded/2022/qjyfs/2022_05_30/z3452952017398-c60fbc53b4d5441bd3058d2db24aff0f-4122.jpg|Công viên Nguyễn Trãi, công trình được đầu tư đến 70 tỉ đồng để xây dựng tại Hải Phòng, vẫn tái diễn tình trạng rác thải ùn ứ, bẩn thỉu.|đời sống|thanhnien.vn|12:12 30/05/2022
Chuyện tình 'thanh mai trúc mã' gần 20 năm vẫn luôn như ngày đầu|https://thanhnien.vn/chuyen-tinh-thanh-mai-truc-ma-gan-20-nam-van-luon-nhu-ngay-dau-post1462072.html|https://image.thanhnien.vn/150x100/Uploaded/2022/wpxlcqjwq/2022_05_25/thanh-mai-truc-ma2-952.jpg|Những bức ảnh từ lúc mới quen của vợ chồng chị Linh khiến nhiều người không khỏi thích thú về mối tình “thanh mai trúc mã”. Biết nhau từ những năm học cấp 2, sau gần 10 năm họ nên duyên vợ chồng với mái ấm gia đình hạnh phúc.|đời sống|thanhnien.vn|11:09 30/05/2022
Cụ bà đi xin lạc đường bị lừa, cư dân mạng góp sức chở về tận nhà|https://thanhnien.vn/cu-ba-di-xin-lac-duong-bi-lua-cu-dan-mang-gop-suc-cho-ve-tan-nha-post1463449.html|https://image.thanhnien.vn/150x100/Uploaded/2022/pwivoviu/2022_05_30/anh-1-923.jpg|Cụ bà 75 tuổi ở Đồng Tháp đi xin ăn bị người đàn ông chạy xe ôm lừa lấy hết tiền rồi bỏ nạn nhân lạc đường tại H.Bến Lức (Long An). Đang bơ vơ không biết đường về thì cụ được cư dân mạng nhiệt tình giúp đỡ.|đời sống|thanhnien.vn|08:03 30/05/2022
Tin tức đặc biệt trên báo in ngày 30.5.2022|https://thanhnien.vn/tin-tuc-dac-biet-tren-bao-in-ngay-30-5-2022-post1463474.html|https://image.thanhnien.vn/150x100/Uploaded/2022/pwivoviu/2022_05_30/du-an-cao-toc-long-thanh-ben-luc-doan-qua-h-nha-be-anh-ngoc-duong-3-7983.jpg|Tin tức về Vốn công ì ạch, phục hồi kinh tế phập phồng...; Phúc thẩm 3 vụ án liên đới nhiều cựu lãnh đạo TP.HCM; Tổng lực tiếp sức doanh nghiệp… là những thông tin hấp dẫn bạn đọc có thể đón xem trên Báo Thanh Niên số ra ngày 30.5.2022.|đời sống|thanhnien.vn|04:16 30/05/2022
Giấy đi đường, chốt kiểm soát Covid, giấy tiêm vắc xin: Ký ức Covid-19 căng thẳng đều có ở đây|https://thanhnien.vn/giay-di-duong-chot-kiem-soat-covid-giay-tiem-vac-xin-ky-uc-covid-19-cang-thang-deu-co-o-day-post1463387.html|https://image.thanhnien.vn/150x100/Uploaded/2022/lxwpcqjwp/2022_05_29/anh-4-6147.jpeg|Quán cà phê Lúa (đường Nguyễn Văn Trỗi, quận Phú Nhuận, TPHCM) được Quận ủy Phú Nhuận lựa chọn làm nơi tổ chức trưng bày, tái hiện lại không gian của Bệnh viện dã chiến điều trị Covid-19, khắc họa lại hành trình vượt qua đại dịch Covid-19 căng thẳng của đất nước trong năm 2021.|đời sống|thanhnien.vn|19:23 29/05/2022
Tử vi hàng ngày - Xem tử vi vui 12 con giáp ngày 30.5.2022|https://thanhnien.vn/tu-vi-hang-ngay-xem-tu-vi-vui-12-con-giap-ngay-30-5-2022-post1462774.html|https://image.thanhnien.vn/150x100/Uploaded/2022/cqjwqqjwp/2022_01_26/tu-vi-vui-nham-dan-2528.jpg|Xem tử vi hàng ngày năm 2022, tử vi vui 12 con giáp - tuổi Tí, Sửu, Dần, Mão, Thìn, Tị, Ngọ, Mùi, Thân, Dậu, Tuất và Hợi.|đời sống|thanhnien.vn|19:14 29/05/2022
Nhiều tuyến phố Hà Nội ngập sâu sau mưa lớn|https://thanhnien.vn/nhieu-tuyen-pho-ha-noi-ngap-sau-sau-mua-lon-post1463378.html|https://image.thanhnien.vn/150x100/Uploaded/2022/jbvunat/2022_05_29/z3451524180664-539b778bdb361675f5bbaaddd644f064-1560.jpg|Sau cơn mưa lớn, nhiều tuyến phố ở Hà Nội ngập sâu trong nước, nhiều phương tiện chết máy, phải dắt bộ để thoát ra khỏi khu vực ngập.|đời sống|thanhnien.vn|17:48 29/05/2022
Kết quả xổ số hôm nay - KQXS - Xổ số trực tiếp Chủ nhật ngày 29.5.2022|https://thanhnien.vn/ket-qua-xo-so-hom-nay-kqxs-xo-so-truc-tiep-chu-nhat-ngay-29-5-2022-post1463337.html|https://image.thanhnien.vn/150x100/Uploaded/2022/cqjwqqjwp/2021_12_09/kqxs-7618.jpg|Xem xổ số hôm nay, (KQXS) xổ số miền Bắc (XSMB), xổ số miền Nam (XSMN), xổ số miền Trung (XSMT), xổ số điện toán trực tiếp nhanh hôm nay Chủ nhật ngày 29.5.2022. KQXS Tiền Giang, KQXS Kiên Giang, KQXS Đà Lạt, KQXS Khánh Hòa...|đời sống|thanhnien.vn|16:05 29/05/2022
Lão nông tố tiêu cực trong thi công đường cao tốc Đà Nẵng-Quảng Ngãi được khen thưởng|https://thanhnien.vn/lao-nong-to-tieu-cuc-trong-thi-cong-duong-cao-toc-da-nang-quang-ngai-duoc-khen-thuong-post1463364.html|https://image.thanhnien.vn/150x100/Uploaded/2022/fsmua/2022_05_29/khen-thuong-lao-nong-1-3322.jpg|Nhờ tố cáo những tiêu cực trong thi công đường cao tốc Đà Nẵng - Quảng Ngãi, lão nông Phạm Tấn Lực (63 tuổi), trú thôn Phú Lễ 2, xã Bình Trung, H.Bình Sơn (Quảng Ngãi) vừa được Chủ tịch UBND tỉnh Quảng Ngãi tặng bằng khen.|đời sống|thanhnien.vn|15:24 29/05/2022
Người phụ nữ Việt lỡ một lần đò lấy chồng Tây U.70: ‘Anh như chàng trai 16’|https://thanhnien.vn/nguoi-phu-nu-viet-lo-mot-lan-do-lay-chong-tay-u-70-anh-nhu-chang-trai-16-post1452479.html|https://image.thanhnien.vn/150x100/Uploaded/2022/hoktig/2022_04_26/278980290-10158495958547441-8858587396888151111-n-3853.jpg|‘Lỡ một lần đò’ và có 2 con riêng, chị Lan Phùng vẫn có một cuộc hôn nhân không thể viên mãn hơn với chồng Tây ở TP.Melbourne (Úc) xinh đẹp nhờ app hẹn hò. Gần 10 năm góp gạo thổi cơm chung, tình cảm của họ vẫn mặn nồng như thuở ban đầu và còn lãi thêm một cậu nhóc đẹp trai, kháu khỉnh.|đời sống|thanhnien.vn|12:35 29/05/2022
Quán bún bò 'độc nhất’ TP.HCM: Chủ không cần lời, khách vừa ăn vừa… thắp đèn dầu|https://thanhnien.vn/quan-bun-bo-doc-nhat-tp-hcm-chu-ban-khong-can-loi-khach-vua-an-vua-thap-den-dau-post1462853.html|https://image.thanhnien.vn/150x100/Uploaded/2022/hoktig/2022_05_27/c277e9539851580f0140-9016.jpg|Ngay trung tâm TP.HCM có một quán bún bò mới mở gần 3 tháng nay, nhưng được nhiều khách “mê” vì được vừa ăn bún bò vừa… chong, thắp đèn dầu. Ít ai biết, chủ quán là một MC điển trai bán vì đam mê, “không cần lời”.|đời sống|thanhnien.vn|12:19 29/05/2022
Bệnh viện Nhi đồng 2 trao hơn 1000 phần quà tặng bệnh nhi nhân dịp 1.6|https://thanhnien.vn/benh-vien-nhi-dong-2-trao-hon-1000-phan-qua-tang-benh-nhi-nhan-dip-1-6-post1463302.html|https://image.thanhnien.vn/150x100/Uploaded/2022/qfsiy/2022_05_29/228b0127a435646b3d24-1526.jpeg|Chiều 28.5, Bệnh viện Nhi đồng 2 TP.HCM tổ chức chương trình vui chơi và trao quà cho các bệnh nhi nhân dịp ngày Quốc tế thiếu nhi 1.6.|đời sống|thanhnien.vn|10:16 29/05/2022
Tin tức đặc biệt trên báo in ngày 29.5.2022|https://thanhnien.vn/tin-tuc-dac-biet-tren-bao-in-ngay-29-5-2022-post1463259.html|https://image.thanhnien.vn/150x100/Uploaded/2022/wpxlcqjwq/2022_05_29/nhung-nguoi-ban-dong-hanh-cung-con-4932.jpg|Tin tức Để trẻ không bị sang chấn tâm lý sau đại dịch; Chủ tịch nước và câu chuyện của bóng đá VN; Tăng cường xuất khẩu vũ khí, Nhật Bản không chỉ kiếm tiền... là các thông tin hấp dẫn bạn đọc có thể đón xem trên Báo Thanh Niên số ra ngày 29.5.2022.|đời sống|thanhnien.vn|07:22 29/05/2022
Kết quả xổ số hôm nay - KQXS - Xổ số trực tiếp thứ Bảy ngày 28.5.2022|https://thanhnien.vn/ket-qua-xo-so-hom-nay-kqxs-xo-so-truc-tiep-thu-bay-ngay-28-5-2022-post1463118.html|https://image.thanhnien.vn/150x100/Uploaded/2022/cqjwqqjwp/2021_12_09/kqxs-7618.jpg|Xem xổ số hôm nay, (KQXS) xổ số miền Bắc (XSMB), xổ số miền Nam (XSMN), xổ số miền Trung (XSMT), xổ số điện toán trực tiếp nhanh hôm nay thứ Bảy ngày 28.5.2022. KQXS TP.HCM, KQXS Long An, KQXS Bình Phước, KQXS Hậu Giang...|đời sống|thanhnien.vn|16:05 28/05/2022
Gánh hàng rong mưu sinh của cụ bà U80: Kiếm tiền để đưa con về gần|https://thanhnien.vn/ganh-hang-rong-muu-sinh-cua-cu-ba-u80-kiem-tien-de-dua-con-ve-gan-post1462163.html|https://image.thanhnien.vn/150x100/Uploaded/2022/lxwpcqjwp/2022_05_25/anh-1-4325.jpg|Tuổi đã cao nhưng cụ Hoa được trời thương cho sức khỏe ổn định, tâm trí minh mẫn để tiếp tục mưu sinh với gánh hàng rong. Nhưng sự cô quạnh khi phải lủi thủi một mình sau cái chết của con trai khiến cụ nhiều đêm chạnh lòng khi sống một mình ở TP.HCM, tủi thân rơi nước mắt.|đời sống|thanhnien.vn|12:12 28/05/2022
Tuần lễ trái cây 'Trên bến dưới thuyền' Bến Bình Đông: Ngày đầu nhộn nhịp mua sắm|https://thanhnien.vn/tuan-le-trai-cay-tren-ben-duoi-thuyen-ben-binh-dong-ngay-dau-nhon-nhip-mua-sam-post1463081.html|https://image.thanhnien.vn/150x100/Uploaded/2022/dcxpcwvo/2022_05_28/6-6507.jpg|Ngày đầu tiên của tuần lễ trái cây 'Trên bến dưới thuyền' trên tuyến đường Bến Bình Đông (P.13 và P.14, Q.8, TP.HCM) đã thu hút khá đông các gia đình đưa con nhỏ đến tham quan, mua sắm, trải nghiệm trò chơi dân gian.|đời sống|thanhnien.vn|11:30 28/05/2022
Lan tỏa trên mạng xã hội: Ngưỡng mộ chàng trai 100 lần hiến máu|https://thanhnien.vn/lan-toa-tren-mang-xa-hoi-nguong-mo-chang-trai-100-lan-hien-mau-post1463034.html|https://image.thanhnien.vn/150x100/Uploaded/2022/pwivoviu/2022_05_28/anh-1-3545.jpeg|Câu chuyện chàng trai duy trì thói quen hiến máu suốt 8 năm qua để góp sức giúp đỡ người bệnh được cộng đồng mạng chia sẻ nhiều gần đây.|đời sống|thanhnien.vn|09:47 28/05/2022
Tin tức đặc biệt trên báo in ngày 28.5.2022|https://thanhnien.vn/tin-tuc-dac-biet-tren-bao-in-ngay-28-5-2022-post1463013.html|https://image.thanhnien.vn/150x100/Uploaded/2022/pwivoviu/2022_05_28/hanh-khach-lam-thu-tuc-nhap-canh-tai-cang-hang-khong-quoc-te-tan-son-nhat-anh-ngoc-duong-29-4639.jpg|Tin tức về Rà soát các dự án FDI “xí” đất; Ngôi đền thờ Hindu siêu lớn; Cuộc cạnh tranh ảnh hưởng ở các tiền đồn Thái Bình Dương... là các thông tin hấp dẫn bạn đọc có thể đón xem trên Báo Thanh Niên số ra ngày 28.5.2022.|đời sống|thanhnien.vn|07:07 28/05/2022
Báo Thanh Niên, nữ CSGT TP.HCM mang Tết thiếu nhi sớm đến nhà nuôi trẻ mồ côi|https://thanhnien.vn/bao-thanh-nien-nu-csgt-tp-hcm-mang-tet-thieu-nhi-som-den-nha-nuoi-tre-mo-coi-post1462972.html|https://image.thanhnien.vn/150x100/Uploaded/2022/dcxpcwvo/2022_05_27/chi-doan-13-6923.jpeg|Đón nhận những phần quà Tết thiếu nhi sớm từ Báo Thanh Niên và nữ CSGT TP.HCM, các em nhỏ ở nhà nuôi trẻ mồ côi chùa Diệu Giác cười giòn tan, lễ phép cảm ơn khiến nhiều người xúc động.|đời sống|thanhnien.vn|20:20 27/05/2022
EVN và UBND tỉnh Ninh Bình bàn cách gỡ vướng mắc các dự án điện|https://thanhnien.vn/evn-va-ubnd-tinh-ninh-binh-ban-cach-go-vuong-mac-cac-du-an-dien-post1462141.html|https://image.thanhnien.vn/150x100/Uploaded/2022/bfznsfyr-bn/2022_06_07/evnlamviecvoitinhninhbinh27522-8478.jpeg|Chiều 27.5, tại tỉnh Ninh Bình, lãnh đạo Tập đoàn Điện lực Việt Nam (EVN) có buổi làm việc với lãnh đạo UBND tỉnh Ninh Bình để tháo gỡ khó khăn, vướng mắc trong triển khai các dự án điện trên địa bàn tỉnh.|đời sống|thanhnien.vn|20:00 27/05/2022
Tử vi hàng ngày - Xem tử vi vui 12 con giáp ngày 28.5.2022|https://thanhnien.vn/tu-vi-hang-ngay-xem-tu-vi-vui-12-con-giap-ngay-28-5-2022-post1462649.html|https://image.thanhnien.vn/150x100/Uploaded/2022/cqjwqqjwp/2022_01_26/tu-vi-vui-nham-dan-2528.jpg|Xem tử vi hàng ngày năm 2022, tử vi vui 12 con giáp - tuổi Tí, Sửu, Dần, Mão, Thìn, Tị, Ngọ, Mùi, Thân, Dậu, Tuất và Hợi.|đời sống|thanhnien.vn|19:14 27/05/2022
