'Sao đẹp nhất hành tinh' gợi cảm với áo quây ngực|https://vnexpress.net/sao-dep-nhat-hanh-tinh-goi-cam-voi-ao-quay-nguc-4475139.html|https://i1-giaitri.vnecdn.net/2022/06/12/lisa-mac-dep.jpg?w=220&h=132&q=100&dpr=1&fit=crop&s=EH8E8vOl9FqyZC5u21BiXg|"Lisa - ""Sao đẹp nhất hành tinh"" - được Vogue chọn vào nhóm sao mặc đẹp tuần qua với áo quây ngực hở eo."|giải trí|vnexpress.net|unknow
Phong cách hoa hậu Thái Lan khi công tác Việt Nam|https://vnexpress.net/phong-cach-hoa-hau-thai-lan-khi-cong-tac-viet-nam-4475169.html|https://i1-giaitri.vnecdn.net/2022/06/12/Hoa-hau-Hoan-vu-Thai-land-3-7539-1655034285-jpeg.jpg?w=220&h=132&q=100&dpr=1&fit=crop&s=KrbRg3GedGX_-H04bU3Wtg|Amanda Obdam - Hoa hậu Hoàn vũ Thái Lan 2020 - mặc phong cách trẻ trung, năng động khi công tác TP HCM.|giải trí|vnexpress.net|unknow
Đen Vâu viết rap nhắc bản thân tránh ảo tưởng|https://vnexpress.net/den-vau-viet-rap-nhac-ban-than-tranh-ao-tuong-4475031.html|https://i1-giaitri.vnecdn.net/2022/06/11/denvau1top-1654962073-16549620-6706-6841-1654962328.jpg?w=220&h=132&q=100&dpr=1&fit=crop&s=lh63ExYPMDcDxk0NMQBaAA|"Đen Vâu ra mắt MV ""Ai muốn nghe không"", nhắc bản thân ""học cách chấp nhận lời mai mỉa"" để tránh ảo tưởng."|giải trí|vnexpress.net|unknow
Đám cưới không người thân của Britney Spears|https://vnexpress.net/dam-cuoi-khong-nguoi-than-cua-britney-spears-4475163.html|https://i1-giaitri.vnecdn.net/2022/06/12/britney-spears-m-1655006969-3578-1655007117.png?w=220&h=132&q=100&dpr=1&fit=crop&s=bIKKFQfVGbHRoWpFYTcwvA|Mẹ Britney Spears chúc mừng con gái dù không được mời tới đám cưới còn hai con trai không đến dự vì đang ở với chồng cũ của cô.|giải trí|vnexpress.net|unknow
Chồng cũ bị cấm đến gần Britney Spears|https://vnexpress.net/chong-cu-bi-cam-den-gan-britney-spears-4475119.html|https://i1-giaitri.vnecdn.net/2022/06/12/Britney20901655004634-16550050-1613-1127-1655005075.png?w=220&h=132&q=100&dpr=1&fit=crop&s=McjFsjrEaUKHJoRxXciyiA|MỸ Tòa ra lệnh cấm Jason Alexander đến gần Britney Spears sau khi anh này đột nhập phá đám cưới của cô.|giải trí|vnexpress.net|unknow
Top 8 'Người đẹp bản lĩnh' của Hoa hậu Hoàn vũ Việt Nam|https://vnexpress.net/top-8-nguoi-dep-ban-linh-cua-hoa-hau-hoan-vu-viet-nam-4475094.html|https://i1-giaitri.vnecdn.net/2022/06/12/Top-8-Nguoi-dep-ban-linh11.jpg?w=220&h=132&q=100&dpr=1&fit=crop&s=RicBxkqKWzjejaeaDCYPKQ|"TP HCM Ngọc Châu, Thảo Nhi Lê, Quỳnh Hoa... vào Top 8 ""Người đẹp bản lĩnh"" - phần thi phụ Hoa hậu Hoàn vũ Việt Nam 2022, ngày 11/6."|giải trí|vnexpress.net|unknow
Bình An, Phương Nga cán đích cự ly 5 km tại VM Quy Nhơn|https://vnexpress.net/binh-an-phuong-nga-can-dich-cu-ly-5-km-tai-vm-quy-nhon-4475078.html|https://i1-thethao.vnecdn.net/2022/06/12/z34857214219639a9c6ad8dc8a86ab-3447-3639-1654991068.jpg?w=220&h=132&q=100&dpr=1&fit=crop&s=a3CduDgkV9lC04VreE8MhA|Diễn viên Bình An và vợ sắp cưới Phương Nga nắm tay tươi cười bước qua vạch đích sau khi hoàn thành 5 km tại VnExpress Marathon Sparkling Quy Nhơn 2022.|giải trí|vnexpress.net|unknow
Tặng quà phim 'Jurassic World: Dominion'|https://vnexpress.net/tang-qua-phim-jurassic-world-dominion-4475195.html|https://i1-giaitri.vnecdn.net/2022/06/12/JurassicWorldDominion-16550194-3024-2307-1655019453.png?w=220&h=132&q=100&dpr=1&fit=crop&s=VHDQOAuEQ8ot0fc-Onn2JQ|"VnExpress tặng độc giả hai phần quà từ phim khoa học viễn tưởng ""Jurassic World: Dominion""."|giải trí|vnexpress.net|unknow
Hương Tràm 'lột xác' phong cách|https://vnexpress.net/huong-tram-lot-xac-phong-cach-4474441.html|https://i1-giaitri.vnecdn.net/2022/06/10/Huong-Tram-15-JPG.jpg?w=220&h=132&q=100&dpr=1&fit=crop&s=3wGpAN-1g8Wr2Kxsj0bGlg|Ca sĩ Hương Tràm thay đổi phong cách từ nhẹ nhàng sang gợi cảm, thể hiện qua cách chọn váy áo, trang điểm khi sống ở Mỹ.|giải trí|vnexpress.net|unknow
Elizabeth Hurley chuộng mặc hở ở tuổi 56|https://vnexpress.net/elizabeth-hurley-chuong-mac-ho-o-tuoi-56-4474914.html|https://i1-giaitri.vnecdn.net/2022/06/11/Elizabeth-Hurley-100-1654920535.jpg?w=220&h=132&q=100&dpr=1&fit=crop&s=hxjLudodlBY9FN5Iuz0wMw|Diễn viên Elizabeth Hurley thường diện váy ngắn, xẻ ngực theo phong cách đơn sắc, giúp cô trẻ trung ở tuổi 56.|giải trí|vnexpress.net|unknow
Kịch 'Alô, lộ hàng': Mặt trái showbiz|https://vnexpress.net/kich-alo-lo-hang-mat-trai-showbiz-4471341.html|https://i1-giaitri.vnecdn.net/2022/06/11/alo-1-1654923089-3866-1654924824.jpg?w=220&h=132&q=100&dpr=1&fit=crop&s=Dk7Rq6gSoU3kqK1Me0cXnw|"Trong ""Alô, lộ hàng"" - vở kịch có Thành Lộc góp mặt, nhân vật chính là một ngôi sao có nguy cơ sụp đổ sự nghiệp vì lộ video sex."|giải trí|vnexpress.net|unknow
Diễn viên 'Tiếu ngạo giang hồ' TVB qua đời|https://vnexpress.net/dien-vien-tieu-ngao-giang-ho-tvb-qua-doi-4474949.html|https://i1-giaitri.vnecdn.net/2022/06/11/topthamuy1-1654935351-7376-1654936062.jpg?w=220&h=132&q=100&dpr=1&fit=crop&s=0uNEOJF7JYVDiAcXfNgzSA|"Thẩm Uy, đóng thần y phim ""Tiếu ngạo giang hồ"" của TVB, qua đời ở tuổi 71."|giải trí|vnexpress.net|unknow
Phương Uyên: 'Thanh Hà chạm trái tim tôi'|https://vnexpress.net/phuong-uyen-thanh-ha-cham-trai-tim-toi-4474866.html|https://i1-giaitri.vnecdn.net/2022/06/11/phuonguyen-1654923737-5764-1654924348.jpg?w=220&h=132&q=100&dpr=1&fit=crop&s=-PrmFO8Vkosw-rOMSOTcYQ|TP HCM Nhạc sĩ Phương Uyên nói chưa có ai bằng giọng hát chạm tới trái tim mình như ca sĩ Thanh Hà.|giải trí|vnexpress.net|unknow
Trần Hiểu - bạn diễn ăn ý của Lưu Diệc Phi|https://vnexpress.net/tran-hieu-ban-dien-an-y-cua-luu-diec-phi-4474802.html|https://i1-giaitri.vnecdn.net/2022/06/11/topdiecphi2-1654905608-8244-1654905645.jpg?w=220&h=132&q=100&dpr=1&fit=crop&s=17_X2UHKs_OK0K0qXU3F0A|"Tài tử Trần Hiểu được nhiều khán giả khen nam tính, kết đôi ngọt ngào với Lưu Diệc Phi trong ""Mộng hoa lục""."|giải trí|vnexpress.net|unknow
Justin Bieber bị liệt nửa mặt|https://vnexpress.net/justin-bieber-bi-liet-nua-mat-4474888.html|https://i1-giaitri.vnecdn.net/2022/06/11/JustinBieber-1654919012-5365-1654919062.png?w=220&h=132&q=100&dpr=1&fit=crop&s=d7TZNqYlNVYfOkCH8j8oEw|Justin Bieber tiết lộ mắc hội chứng Ramsay Hunt, khiến nửa mặt bị liệt và không thể nháy mắt hoặc cười.|giải trí|vnexpress.net|unknow
Đầm cưới tốn 700 giờ thực hiện của Britney Spears|https://vnexpress.net/dam-cuoi-ton-700-gio-thuc-hien-cua-britney-spears-4474856.html|https://i1-giaitri.vnecdn.net/2022/06/11/britneyspearsvaycuoi1-16549143-4853-4431-1654914550.jpg?w=220&h=132&q=100&dpr=1&fit=crop&s=Xow89qZdsH7lJC0-1I5edw|Britney Spears diện váy cưới Versace, tốn 700 giờ hoàn thiện, ở hôn lễ với Sam Asghari, tại Los Angeles, Mỹ.|giải trí|vnexpress.net|unknow
Trân Đài: 'Tôi đặt mục tiêu Top 3 Hoa hậu Chuyển giới Quốc tế'|https://vnexpress.net/tran-dai-toi-dat-muc-tieu-top-3-hoa-hau-chuyen-gioi-quoc-te-4474724.html|https://i1-giaitri.vnecdn.net/2022/06/10/PhungTruongTranDai-1654861202-5142-1654861746.jpg?w=220&h=132&q=100&dpr=1&fit=crop&s=fYSzYiR18ve2ln_ebsMOzQ|Trân Đài cải thiện sức khỏe sau mắc Covid-19, luyện tiếng Anh, Thái, đặt mục tiêu vào Top 3 khi thi Hoa hậu Chuyển giới Quốc tế 2022.|giải trí|vnexpress.net|unknow
Hà Trần, Uyên Linh hát dưới mưa|https://vnexpress.net/ha-tran-uyen-linh-hat-duoi-mua-4474850.html|https://i1-giaitri.vnecdn.net/2022/06/11/ha-tran-2-3933-1654922058-1654-4747-4974-1654927905.jpg?w=220&h=132&q=100&dpr=1&fit=crop&s=w5b9on_KLVvqxHiHt_xlfg|VĨNH PHÚC Hà Trần, Uyên Linh vừa hát vừa che ô tránh mưa trong đêm nhạc diễn ra tại rừng thông ở Đại Lải.|giải trí|vnexpress.net|unknow
Ngô Diệc Phàm ra tòa|https://vnexpress.net/ngo-diec-pham-ra-toa-4474779.html|https://i1-giaitri.vnecdn.net/2022/06/11/topdiecpham1-1654901925-2217-1654902079.jpg?w=220&h=132&q=100&dpr=1&fit=crop&s=jaFOpozKRClIq7WhO-0jcQ|Ngô Diệc Phàm - ca sĩ người Canada gốc Trung Quốc - ra tòa vì cáo buộc cưỡng dâm.|giải trí|vnexpress.net|unknow
Phụ nữ Việt trong tranh các danh họa thời Đông Dương|https://vnexpress.net/phu-nu-viet-trong-tranh-cac-danh-hoa-thoi-dong-duong-4472763.html|https://i1-giaitri.vnecdn.net/2022/06/11/tranh-tho-i-dong-duong-2.png?w=220&h=132&q=100&dpr=1&fit=crop&s=j0Dp1W08HPANneX5ZmFl2g|Aguttes giới thiệu tranh vẽ phụ nữ Việt Nam trong tà áo dài của danh họa Mai Trung Thứ, Vũ Cao Đàm, Lê Phổ...|giải trí|vnexpress.net|unknow
5 họa sĩ thể hiện thế giới nội tâm qua tranh lụa|https://vnexpress.net/5-hoa-si-the-hien-the-gioi-noi-tam-qua-tranh-lua-4473240.html|https://i1-giaitri.vnecdn.net/2022/06/07/trien-lam-lua-ava-JPG.jpg?w=220&h=132&q=100&dpr=1&fit=crop&s=EBwoTy_cdFop0lqwCQmSBg|Năm họa sĩ khắc họa thế giới nội tâm qua những bức tranh lụa vẽ mặt nạ, phụ nữ...|giải trí|vnexpress.net|unknow
Dàn sao tổng duyệt trước đêm khai mạc VM Quy Nhơn|https://vnexpress.net/dan-sao-tong-duyet-truoc-dem-khai-mac-vm-quy-nhon-4474984.html|https://i1-thethao.vnecdn.net/2022/06/11/282279610442203813906602531548-3810-5794-1654945147.jpg?w=220&h=132&q=100&dpr=1&fit=crop&s=bjfM0N6ujBkRyx4kaoBsTA|Châu Đăng Khoa, Sofia, Đức Tuấn... có mặt từ chiều 11/6 để tổng duyệt, chuẩn bị cho khai mạc VnExpress Marathon Sparkling Quy Nhơn diễn ra lúc 19h30.|giải trí|vnexpress.net|unknow
Bình An, Phương Nga lần đầu chạy bộ cùng VnExpress Marathon|https://vnexpress.net/binh-an-phuong-nga-lan-dau-chay-bo-cung-vnexpress-marathon-4474947.html|https://i1-thethao.vnecdn.net/2022/06/11/1-1654932930-1654932938-4270-1654933040.png?w=220&h=132&q=100&dpr=1&fit=crop&s=VpDQvBZG1I7WNZPgJkO4Hw|BÌNH ĐỊNH Cặp đôi Bình An, Phương Nga chạy cự ly 5 km ở VnExpress Marathon Quy Nhơn sẽ diễn ra sáng 12/6, dự tính hoàn thành trong 35 phút.|giải trí|vnexpress.net|unknow
Britney Spears hôn Madonna trong đám cưới|https://vnexpress.net/britney-spears-hon-madonna-trong-dam-cuoi-4474767.html|https://i1-giaitri.vnecdn.net/2022/06/11/britney-spears-madonna-93-8478-1616-5167-1654908436.jpg?w=220&h=132&q=100&dpr=1&fit=crop&s=-Ywb9J4ctfTGkH2z_PdoCw|MỸ Britney Spears tái hiện nụ hôn năm 2003 cùng Madonna trong đám cưới với tình trẻ Sam Asghari, hôm 10/6.|giải trí|vnexpress.net|unknow
Angelina Jolie đạo diễn phim của Salma Hayek|https://vnexpress.net/angelina-jolie-dao-dien-phim-cua-salma-hayek-4474674.html|https://i1-giaitri.vnecdn.net/2022/06/10/jolie-1654866208-4994-1654866250.png?w=220&h=132&q=100&dpr=1&fit=crop&s=H3UemFJi5ZPO51aqSYSZ6A|"Angelina Jolie đạo diễn kiêm viết kịch bản dự án điện ảnh ""Without Blood"" do Salma Hayek đóng chính."|giải trí|vnexpress.net|unknow
Mốt diện đồ khoe miếng dán ngực|https://vnexpress.net/mot-dien-do-khoe-mieng-dan-nguc-4474030.html|https://i1-giaitri.vnecdn.net/2022/06/10/mot-khoe-mieng-dan-nguc-1654749790-jpeg.jpg?w=220&h=132&q=100&dpr=1&fit=crop&s=N-HsgIc57Vrkkl7Gb8-8Sw|Cách mặc đồ lộ miếng dán ngực đang được nhiều người nổi tiếng như Bella Hadid, Doja Cat ưa chuộng.|giải trí|vnexpress.net|unknow
Họa tiết cánh bướm hot trở lại|https://vnexpress.net/hoa-tiet-canh-buom-hot-tro-lai-4474597.html|https://i1-giaitri.vnecdn.net/2022/06/10/hoa-tiet-buom-hot-tro-lai.jpg?w=220&h=132&q=100&dpr=1&fit=crop&s=S9evX8VqtEWVMvGEPCtN0Q|Hình ảnh loài bướm tràn ngập trên sàn diễn mùa mốt Xuân Hè 2022, báo hiệu họa tiết này là xu hướng nổi bật.|giải trí|vnexpress.net|unknow
Cuộc sống Trịnh Sảng sau khi bị 'phong sát'|https://vnexpress.net/cuoc-song-trinh-sang-sau-khi-bi-phong-sat-4474590.html|https://i1-giaitri.vnecdn.net/2022/06/10/sang6-1654848623-5245-1654849117.jpg?w=220&h=132&q=100&dpr=1&fit=crop&s=AjZ8WVX23qzUy8Pd4ROZWQ|Diễn viên Trịnh Sảng ở Mỹ học cách làm mẹ, dự định làm YouTuber, sau một năm rưỡi bị cấm hoạt động ở showbiz Trung Quốc.|giải trí|vnexpress.net|unknow
Lưu Diệc Phi tận hưởng cuộc sống độc thân tuổi 35|https://vnexpress.net/luu-diec-phi-tan-huong-cuoc-song-doc-than-tuoi-34-4474063.html|https://i1-giaitri.vnecdn.net/2022/06/09/luudiecphiava-1654749289-8690-1654749308.jpg?w=220&h=132&q=100&dpr=1&fit=crop&s=dxeZEmtcIXTv_MJO7iT1zQ|"""Thần tiên tỷ tỷ"" Lưu Diệc Phi nuôi thú cưng, đi du lịch, tận hưởng cuộc sống độc thân ở tuổi 35."|giải trí|vnexpress.net|unknow
Thanh Hà, Phương Uyên hát về tình yêu|https://vnexpress.net/thanh-ha-phuong-uyen-hat-ve-tinh-yeu-4474385.html|https://i1-giaitri.vnecdn.net/2022/06/10/phuonguyentop-1654827311-1925-1654827800.jpg?w=220&h=132&q=100&dpr=1&fit=crop&s=AU82_V6kOyXbVSApmicVPQ|"Thanh Hà, Phương Uyên thể hiện tình yêu đôi lứa trong MV ""Có nhau có cả thế giới""."|giải trí|vnexpress.net|unknow
Chồng cũ phá đám cưới của Britney Spears|https://vnexpress.net/chong-cu-pha-dam-cuoi-cua-britney-spears-4474386.html|https://i1-giaitri.vnecdn.net/2022/06/10/BritneySpearssam-1654824689-6625-1654824749.png?w=300&h=180&q=100&dpr=1&fit=crop&s=P8X1abWh7gIjRkpVk43Q0g|MỸ Chồng cũ Britney Spears - Jason Alexander - đến phá đám cưới của cô, khiến cảnh sát địa phương phải can thiệp.|giải trí|vnexpress.net|unknow
'The Northman': Cuộc báo thù đậm chất Viking|https://vnexpress.net/giai-tri/phim/thu-vien-phim/the-northman-444?fbclid=IwAR3CsXueAwloY7jZmy-UmScAiBubedHGfIMkGi3FRqYfdvhuoegiLlAT5rQ|https://i1-giaitri.vnecdn.net/2022/06/08/the-northman-1654655346-6552-1654678512.jpg?w=300&h=180&q=100&dpr=1&fit=crop&s=y2jvbBjgewHjyYKltm7oDQ|"Dựa trên truyền thuyết về cuộc báo thù của hoàng tử Amleth, ""The Northman"" được đánh giá là một trong những phim xuất sắc về người Viking."|giải trí|vnexpress.net|unknow
Bức vẽ hòa thượng của Đường Bá Hổ giá gần 14 triệu USD|https://vnexpress.net/buc-ve-hoa-thuong-cua-duong-ba-ho-gia-gan-14-trieu-usd-4474112.html|https://i1-giaitri.vnecdn.net/2022/06/09/toptranh1-1654765396-7832-1654765632.jpg?w=300&h=180&q=100&dpr=1&fit=crop&s=Ab4DqRytaGj5texhi-jXcw|Tranh hòa thượng Nguyệt Tuyền của Đường Bá Hổ - nhân tài nức danh thời Minh - trị giá 92 triệu nhân dân tệ (13,7 triệu USD).|giải trí|vnexpress.net|unknow
Hoàng Duyên hát cùng thần tượng âm nhạc người Anh|https://vnexpress.net/hoang-duyen-hat-cung-than-tuong-am-nhac-nguoi-anh-4474422.html|https://i1-giaitri.vnecdn.net/2022/06/10/HoangDuyen-1654859889-1468-1654859943.png?w=300&h=180&q=100&dpr=1&fit=crop&s=Q4okAR3uwyM47uztPxv3uA|"Hoàng Duyên và ca sĩ người Anh Calcum Scott hòa giọng ca khúc ""Heaven"", ra mắt ngày 10/6."|giải trí|vnexpress.net|unknow
Britney Spears cưới|https://vnexpress.net/britney-spears-cuoi-4474482.html|https://i1-giaitri.vnecdn.net/2022/06/10/rs-898x1024-210425102852-898-b-1249-3906-1654836139.jpg?w=300&h=180&q=100&dpr=1&fit=crop&s=JI1ks9dF6TKWqP-j_aytkA|MỸ Ca sĩ Britney Spears tổ chức lễ cưới tại biệt thự với tình trẻ Sam Asghari, mời 60 khách trong đó có Drew Barrymore, Paris Hilton...|giải trí|vnexpress.net|unknow
'Biểu tượng thời trang Mỹ' diện đầm vintage trên thảm đỏ|https://vnexpress.net/bieu-tuong-thoi-trang-my-dien-dam-vintage-tren-tham-do-4474473.html|https://i1-giaitri.vnecdn.net/2022/06/10/zendayathamdo-1654831762-3712-1654831893.jpg?w=300&h=180&q=100&dpr=1&fit=crop&s=l0lc0v9NTmx8uAGUDGTV5g|"MỸ Zendaya - ""Biểu tượng thời trang Mỹ"" 2021 - diện đầm vintage của Bob Mackie dự sự kiện của tạp chí Time ở New York."|giải trí|vnexpress.net|unknow
Người đẹp nổi bật với làn da nâu ở Miss Universe Vietnam|https://vnexpress.net/nguoi-dep-noi-bat-voi-lan-da-nau-o-miss-universe-vietnam-4473668.html|https://i1-giaitri.vnecdn.net/2022/06/08/NgoBaoNgoc25-1654677684-4844-1654679753.jpg?w=300&h=180&q=100&dpr=1&fit=crop&s=A_hBbDT5yOJZ-9-NePqf1w|"Ngô Bảo Ngọc - Top 5 ""Người đẹp biển"" ở Miss Universe Vietnam 2022 - gây chú ý với làn da nâu, hình thể gợi cảm."|giải trí|vnexpress.net|unknow
Trân Đài: 'Tôi vượt nỗi đau bị kỳ thị nhờ tình yêu của cha mẹ'|https://vnexpress.net/tran-dai-toi-vuot-noi-dau-bi-ky-thi-nho-tinh-yeu-cua-cha-me-4473958.html|https://i1-giaitri.vnecdn.net/2022/06/09/PhungTruongTranDai4-1654740881-6924-1654741575.jpg?w=300&h=180&q=100&dpr=1&fit=crop&s=KpF890_WYN1BKf6Pqei3Lg|Trân Đài từng giấu giới tính, bị bạn bè kỳ thị, nhờ bố mẹ yêu thương, cô vượt mặc cảm, chuyển giới thành công.|giải trí|vnexpress.net|unknow
Lý Nhược Đồng luyện cơ bắp ở tuổi 56|https://vnexpress.net/ly-nhuoc-dong-luyen-co-bap-o-tuoi-56-4474079.html|https://i1-giaitri.vnecdn.net/2022/06/09/topnhuocdong279281654763644-16-2916-5081-1654763834.jpg?w=300&h=180&q=100&dpr=1&fit=crop&s=MdJb_KMxlkcjDq3_kGkbcg|Diễn viên Hong Kong Lý Nhược Đồng được khán giả ví như lực sĩ khi khoe cơ bắp tuổi 56.|giải trí|vnexpress.net|unknow
Amber Heard lo lắng về tương lai|https://vnexpress.net/amber-heard-lo-lang-ve-tuong-lai-4474050.html|https://i1-giaitri.vnecdn.net/2022/06/09/AmberHeard-1654751874-5466-1654752022.png?w=300&h=180&q=100&dpr=1&fit=crop&s=F4SZcRaFo5xf3mzhAreJKg|Diễn viên Amber Heard lo lắng về tình hình tài chính sau khi bị tòa tuyên phạt 10,35 triệu USD vì thua kiện chồng cũ Johnny Depp.|giải trí|vnexpress.net|unknow
Hoài Linh tái xuất đóng tuồng cổ|https://vnexpress.net/hoai-linh-tai-xuat-dong-tuong-co-4473950.html|https://i1-giaitri.vnecdn.net/2022/06/09/hoai-linh-3-9978-1654751507-16-4639-3567-1654755418.jpg?w=300&h=180&q=100&dpr=1&fit=crop&s=cUZADsTQJ53O3-74emuo-A|"Nghệ sĩ Hoài Linh đóng vai phản diện Dung Ma Ma trong ""Hoàn Châu cách cách"" - vở cải lương tuồng cổ do Hữu Quốc đạo diễn."|giải trí|vnexpress.net|unknow
'Em và Trịnh': Hình ảnh cảm xúc, kịch bản ôm đồm|https://vnexpress.net/giai-tri/phim/thu-vien-phim/em-va-trinh-446?fbclid=IwAR3xlw3rWTnUCHzFA9Z4t50lMPos4eyYoT55eCv3pKAUzqeOzmkVlECIM_w|https://i1-giaitri.vnecdn.net/2022/06/09/trinhcongsonemvatrinh-16547467-9710-4556-1654746766.jpg?w=300&h=180&q=100&dpr=1&fit=crop&s=QBvhgekZFT8yXPv8KXUlNQ|"""Em và Trịnh"" - phim về Trịnh Công Sơn - giàu cảm xúc nhờ hình ảnh, âm nhạc song ôm đồm tình tiết."|giải trí|vnexpress.net|unknow
Đỗ Mạnh Cường gợi ý 12 kiểu phối đồ trắng|https://vnexpress.net/do-manh-cuong-goi-y-12-kieu-phoi-do-trang-4474134.html|https://i1-giaitri.vnecdn.net/2022/06/09/do-manh-cuong-sixdo.jpg?w=300&h=180&q=100&dpr=1&fit=crop&s=bygdUNWmaYO54INLivfwhA|Nhà thiết kế Đỗ Mạnh Cường giới thiệu cách phối đồ trắng tôn mọi vóc dáng theo phong cách thanh lịch.|giải trí|vnexpress.net|unknow
Tùng Dương hát về hy vọng|https://vnexpress.net/tung-duong-hat-ve-hy-vong-4474097.html|https://i1-giaitri.vnecdn.net/2022/06/09/tungduongtop-1654760074-2127-1654760442.jpg?w=300&h=180&q=100&dpr=1&fit=crop&s=lkipw7Y-ynMaPY1eWfLjLg|"Tùng Dương thể hiện niềm tin vào những điều tốt đẹp sau khi con người trải qua nhiều biến cố của cuộc sống trong MV ""Hope""."|giải trí|vnexpress.net|unknow
Trang phục cảm hứng gốm sứ của Lưu Diệc Phi|https://vnexpress.net/trang-phuc-cam-hung-gom-su-cua-luu-diec-phi-4473982.html|https://i1-giaitri.vnecdn.net/2022/06/09/topdiecphi1-1654745857-1638-1654745921.jpg?w=300&h=180&q=100&dpr=1&fit=crop&s=Q19qAy44408lXwiHtk3fIQ|"Lưu Diệc Phi diện loạt trang phục cảm hứng gốm sứ thời Tống, trong phim ""Mộng hoa lục""."|giải trí|vnexpress.net|unknow
Harvey Weinstein bị buộc tội quấy rối tình dục|https://vnexpress.net/harvey-weinstein-bi-buoc-toi-quay-roi-tinh-duc-4473961.html|https://i1-giaitri.vnecdn.net/2022/06/09/HarveyWeistein-1654742405-6863-1654742605.png?w=300&h=180&q=100&dpr=1&fit=crop&s=22gOaWFU4TEEY8za8-jbAA|"ANH ""Ông trùm Hollywood"" bị tòa án buộc tội quấy rối tình dục một phụ nữ ở London năm 1996."|giải trí|vnexpress.net|unknow
Thiều Bảo Trâm: 'Tôi không còn ngốc khi yêu'|https://vnexpress.net/thieu-bao-tram-toi-khong-con-ngoc-khi-yeu-4473580.html|https://i1-giaitri.vnecdn.net/2022/06/09/CasiThieuBaoTram477101654-1654-4839-7594-1654744948.jpg?w=300&h=180&q=100&dpr=1&fit=crop&s=ZlK_D2YtSOiQ7BN7UNfEhg|Ca sĩ Thiều Bảo Trâm nói ở tuổi 28 cô không ngốc nghếch trong tình yêu như thời đôi mươi, thay vào đó trân quý bản thân hơn.|giải trí|vnexpress.net|unknow
Đan Trường, Thủy Tiên: Sau ly hôn là tình bạn|https://vnexpress.net/dan-truong-thuy-tien-sau-ly-hon-la-tinh-ban-4473043.html|https://i1-giaitri.vnecdn.net/2022/06/07/dantruongtop-1654578853-6830-1654581476.jpg?w=300&h=180&q=100&dpr=1&fit=crop&s=Rvr_V3vbDcn43ytitpnfQw|Ca sĩ Đan Trường và doanh nhân Thủy Tiên đồng hành trong công việc, cùng chăm sóc con trai - bé Thiên Từ, sau ly hôn.|giải trí|vnexpress.net|unknow
Mũ đĩa bay - phụ kiện ấn tượng ở Đại lễ Bạch kim|https://vnexpress.net/mu-dia-bay-phu-kien-an-tuong-o-dai-le-bach-kim-4473738.html|https://i1-giaitri.vnecdn.net/2022/06/08/mudiabay2-1654679780-2402-1654681169.jpg?w=300&h=180&q=100&dpr=1&fit=crop&s=6do9oYY7OPVzIs4pnHYkXA|Mũ hình đĩa bay trong Đại lễ Bạch kim được Guardian đánh giá là phụ kiện mang dấu ấn của giới thượng lưu.|giải trí|vnexpress.net|unknow
Bảo Quốc làm liveshow 60 năm vào nghề|https://vnexpress.net/bao-quoc-lam-liveshow-60-nam-vao-nghe-4473673.html|https://i1-giaitri.vnecdn.net/2022/06/08/ns-bao-quoc-1-1654675102-4170-1654675366.jpg?w=300&h=180&q=100&dpr=1&fit=crop&s=ho0z4H_RokGPUGtQllVF8w|Nghệ sĩ Bảo Quốc làm show kỷ niệm 60 năm theo nghề, mời loạt gương mặt gạo cội như Bạch Tuyết, Ngọc Giàu, Lệ Thủy...|giải trí|vnexpress.net|unknow
Tóc chó sói vào nhóm xu hướng gây sốt hè 2022|https://vnexpress.net/toc-cho-soi-vao-nhom-xu-huong-gay-sot-he-2022-4473244.html|https://i1-giaitri.vnecdn.net/2022/06/08/toc-cho-soi-1.jpg?w=300&h=180&q=100&dpr=1&fit=crop&s=12mVNsBi-pfi1__o-M_XLw|Tóc chó sói là một trong những kiểu gây sốt mùa hè này, mang tới vẻ phóng khoáng.|giải trí|vnexpress.net|unknow
'Thương ngày nắng về' tháo gỡ bi kịch|https://vnexpress.net/thuong-ngay-nang-ve-thao-go-bi-kich-4473453.html|https://i1-giaitri.vnecdn.net/2022/06/08/thuongngaynangvetap29-16546624-7158-3169-1654663093.jpg?w=300&h=180&q=100&dpr=1&fit=crop&s=47ZMn4Kjcu1H3mhcewFq1A|Sau thời gian dài bị vu oan, Khánh (Lan Phương) được em gái tìm ra video cô bị Thương chuốc thuốc mê, đưa vào nhà nghỉ.|giải trí|vnexpress.net|unknow
Amber Heard chỉ trích Johnny Depp|https://vnexpress.net/amber-heard-chi-trich-johnny-depp-4473487.html|https://i1-giaitri.vnecdn.net/2022/06/08/JohnnyDeppmzxnx-1654657325-6570-1654657466.jpg?w=300&h=180&q=100&dpr=1&fit=crop&s=qT5-Xwp9TRcPIAG1T93ANw|"Amber Heard nói Johnny Depp đưa ra thông điệp cho thấy ""bước lùi của nữ quyền"" trong video đầu tiên tài tử đăng TikTok sau thắng kiện."|giải trí|vnexpress.net|unknow
Cơ hội nào cho Amber Heard nếu kháng kiện?|https://vnexpress.net/co-hoi-nao-cho-amber-heard-neu-khang-kien-4473205.html|https://i1-giaitri.vnecdn.net/2022/06/07/AmberHeardtoptop-1654597398-8174-1654597474.jpg?w=300&h=180&q=100&dpr=1&fit=crop&s=3iTmYj8Oaz1V2r10REqcSA|Chuyên gia luật cho rằng các phiên tòa phúc thẩm ở Mỹ chỉ có tỷ lệ thành công từ 10-30% nhưng khuyên Amber Heard kháng kiện.|giải trí|vnexpress.net|unknow
Phương Oanh gợi ý phối đồ công sở|https://vnexpress.net/phuong-oanh-goi-y-phoi-do-cong-so-4473507.html|https://i1-giaitri.vnecdn.net/2022/06/08/phuong-oanh-1_1654657822.jpg?w=300&h=180&q=100&dpr=1&fit=crop&s=j6VrOvwbAYQzmKQCGefcEw|Phương Oanh chuộng họa tiết hoa nhí, caro, các chất liệu mỏng, hướng tới vẻ thanh lịch, trẻ trung khi diện đồ công sở.|giải trí|vnexpress.net|unknow
Sao 'Inventing Anna' được mời đóng Madonna|https://vnexpress.net/sao-inventing-anna-duoc-moi-dong-madonna-4473658.html|https://i1-giaitri.vnecdn.net/2022/06/08/Madonna-1654681415-5619-1654681540.jpg?w=300&h=180&q=100&dpr=1&fit=crop&s=e_dqhkuqPcEhOzr_kN_KDA|"Hãng Universal mời Julia Garner - nữ chính series ""Inventing Anna"" - đóng vai ngôi sao nhạc pop Madonna trong phim về cuộc đời danh ca."|giải trí|vnexpress.net|unknow
'Joker' có phần hai|https://vnexpress.net/joker-co-phan-hai-4473541.html|https://i1-giaitri.vnecdn.net/2022/06/08/Joker2-1654663954-3556-1654664056.jpg?w=300&h=180&q=100&dpr=1&fit=crop&s=e3uznvzfz10eZoZQ761jbA|"Êkíp ""Joker"" xác định bom tấn tỷ USD sẽ có phần hai, tài tử đoạt tượng vàng Oscar Joaquin Phoenix tiếp tục giữ vai chính."|giải trí|vnexpress.net|unknow
Miss Grand Thailand 2022 trình diễn áo dài|https://vnexpress.net/miss-grand-thailand-2022-trinh-dien-ao-dai-4473452.html|https://i1-giaitri.vnecdn.net/2022/06/08/TOP-10-MISS-GRAND-THAILAND-202-8.jpg?w=300&h=180&q=100&dpr=1&fit=crop&s=2Z_V-Mh4zkeEdzaS5UOWSQ|TP HCM Engfa Waraha - Miss Grand Thailand 2022 - cùng Thùy Tiên trình diễn áo dài cách điệu của Lê Long Dũng và Thân Nguyễn An Kha.|giải trí|vnexpress.net|unknow
Hoàng Thùy Linh biểu diễn khai mạc VM Quy Nhơn|https://vnexpress.net/hoang-thuy-linh-bieu-dien-khai-mac-vm-quy-nhon-4473224.html|https://i1-giaitri.vnecdn.net/2022/06/07/thuy-linh-1-5979-1645375528-16-5606-8499-1654588361.jpg?w=300&h=180&q=100&dpr=1&fit=crop&s=TlVi0s8Ktc9w1p6W0-SOlA|Ca sĩ Hoàng Thùy Linh sẽ hát loạt hit sôi động tại Lễ khai mạc giải chạy VnExpress Marathon Sparkling Quy Nhơn 2022, tối 11/6.|giải trí|vnexpress.net|unknow
Thời trang giúp Công nương Kate ghi điểm ở Đại lễ Bạch kim|https://vnexpress.net/thoi-trang-giup-cong-nuong-kate-ghi-diem-o-dai-le-bach-kim-4473275.html|https://i1-giaitri.vnecdn.net/2022/06/07/Kate-Middleton-thoi-trang-2.jpg?w=300&h=180&q=100&dpr=1&fit=crop&s=o4OKJNBeNcKZW0bVyGN4hQ|Công nương Kate Middleton liên tục được các tạp chí khen ngợi về những bộ cánh thanh lịch trong Đại lễ Bạch kim.|giải trí|vnexpress.net|unknow
Johnny Depp gây sốt khi lập tài khoản TikTok|https://vnexpress.net/johnny-depp-gay-sot-khi-lap-tai-khoan-tiktok-4473252.html|https://i1-giaitri.vnecdn.net/2022/06/07/deppsauvageava-1654592052-3917-1654592061.jpg?w=300&h=180&q=100&dpr=1&fit=crop&s=0MBXh_XFavtjvDlZfsgSqg|Tài khoản TikTok của Johnny Depp đạt 2,5 triệu lượt theo dõi sau 12 tiếng lập dù chưa đăng bài.|giải trí|vnexpress.net|unknow
Brad Pitt tố cáo Angelina Jolie phá chuyện kinh doanh|https://vnexpress.net/brad-pitt-to-cao-angelina-jolie-pha-chuyen-kinh-doanh-4473241.html|https://i1-giaitri.vnecdn.net/2022/06/07/AngelinaJOlieBradPittsmsm-1654-7084-2049-1654592291.jpg?w=300&h=180&q=100&dpr=1&fit=crop&s=F1WQBeGrFCt2tZIb3Zcu6A|MỸ Brad Pitt cho rằng vợ cũ Angelina Jolie muốn hạ thấp danh tiếng điền trang của hai người khi bán cổ phần của cô cho người lạ.|giải trí|vnexpress.net|unknow
Amber Heard tập trung chăm con sau khi thua kiện|https://vnexpress.net/amber-heard-tap-trung-cham-con-sau-khi-thua-kien-4473130.html|https://i1-giaitri.vnecdn.net/2022/06/07/download-jpeg-1654577370-4288-1654577537.jpg?w=300&h=180&q=100&dpr=1&fit=crop&s=1kGLtwFnBnc_nAvqC8Cb5g|Amber Heard muốn dành thời gian chăm con gái Oonagh Paige sau phiên tòa với Johnny Depp.|giải trí|vnexpress.net|unknow
Tiểu Vy diện 10 bộ đầm cưới của Lê Thanh Hòa|https://vnexpress.net/tieu-vy-dien-10-bo-dam-cuoi-cua-le-thanh-hoa-4473114.html|https://i1-giaitri.vnecdn.net/2022/06/07/Tieu-Vy-vay-cuoi-le-thanh-hoa.jpg?w=300&h=180&q=100&dpr=1&fit=crop&s=Fta3HSK42bHfStK0PMY--g|Hoa hậu Tiểu Vy thể hiện 10 mẫu đầm cưới trong bộ sưu tập mới của Lê Thanh Hòa.|giải trí|vnexpress.net|unknow
Kaity Nguyễn: 'Tôi gợi cảm hơn thời đóng Em chưa 18'|https://vnexpress.net/kaity-nguyen-toi-goi-cam-hon-thoi-dong-em-chua-18-4471054.html|https://i1-giaitri.vnecdn.net/2022/06/07/kaitynguyen1-1654534319-4070-1654534800.jpg?w=300&h=180&q=100&dpr=1&fit=crop&s=PgIrIURru7a5m20LCPPo4g|"Kaity Nguyễn muốn rũ bỏ nét ngây thơ sau khi đóng ""Em chưa 18"", chọn phong cách gợi cảm, trưởng thành hơn."|giải trí|vnexpress.net|unknow
Dàn mỹ nhân mặc đầm ánh kim dự công bố Miss Grand Vietnam|https://vnexpress.net/dan-my-nhan-mac-dam-anh-kim-du-cong-bo-miss-grand-vietnam-4473370.html|https://i1-giaitri.vnecdn.net/2022/06/07/Dan-my-nhan.jpg?w=300&h=180&q=100&dpr=1&fit=crop&s=Lam-JbCG8zGBfvnM_Kq22Q|TP HCM Hoa hậu Thùy Tiên, Tiểu Vy, Đỗ Hà, Lương Thùy Linh... mặc thiết kế ánh kim, cắt xẻ dự họp báo công bố Miss Grand Vietnam 2022, chiều 7/6.|giải trí|vnexpress.net|unknow
Mộng và thực trong tranh trừu tượng của Trần Quang Huy|https://vnexpress.net/mong-va-thuc-trong-tranh-truu-tuong-cua-tran-quang-huy-4473015.html|https://i1-giaitri.vnecdn.net/2022/06/07/trienlammongduava-1654566672-3517-1654566721.jpg?w=300&h=180&q=100&dpr=1&fit=crop&s=HNtS9dx3yoFihlJeTvFWYw|"Triển lãm ""Mộng du"" giới thiệu những tác phẩm trừu tượng ra đời dựa trên thực tại và mộng tưởng của họa sĩ Trần Quang Huy."|giải trí|vnexpress.net|unknow
Hai diễn viên thiệt mạng vì cảnh đánh nhau trên thuyền|https://vnexpress.net/hai-dien-vien-thiet-mang-vi-canh-danh-nhau-tren-thuyen-4473176.html|https://i1-giaitri.vnecdn.net/2022/06/07/tainan2-1654585653-5838-1654585853.jpg?w=300&h=180&q=100&dpr=1&fit=crop&s=YHNjLSJ5ZLJx7MfXnv3T8w|"TRUNG QUỐC Nhà sản xuất phim ""Nhất lộ hướng tiền"" thuật lại tình hình buổi quay phim trên sông khiến hai người chết."|giải trí|vnexpress.net|unknow
Lý do 'Mộng hoa lục' của Lưu Diệc Phi gây tiếng vang|https://vnexpress.net/ly-do-mong-hoa-luc-cua-luu-diec-phi-gay-tieng-vang-4472700.html|https://i1-giaitri.vnecdn.net/2022/06/07/topldp-1654573884-3462-1654574168.jpg?w=300&h=180&q=100&dpr=1&fit=crop&s=igjoYj7N2Fej2IBB-FoNlA|"""Mộng hoa lục"", phim do Lưu Diệc Phi đóng chính, được khen khi truyền tải thông điệp ""phụ nữ như nước""."|giải trí|vnexpress.net|unknow
Keanu Reeves nắm tay bạn gái dự sự kiện|https://vnexpress.net/keanu-reeves-nam-tay-ban-gai-du-su-kien-4473054.html|https://i1-giaitri.vnecdn.net/2022/06/07/KeanuReevesbangai-1654570885-6697-1654571502.jpg?w=300&h=180&q=100&dpr=1&fit=crop&s=0mQdokck__qwLfB-8lDLzg|MỸ Tài tử Keanu Reeves nắm tay người tình tri kỷ Alexandra Grant tại MOCA Gala 2022 ở Los Angeles.|giải trí|vnexpress.net|unknow
Johnny Depp mở tiệc sau thắng kiện|https://vnexpress.net/johnny-depp-mo-tiec-sau-thang-kien-4473030.html|https://i1-giaitri.vnecdn.net/2022/06/07/JohnnyDeppmsms86711654571634-1-4760-5892-1654571864.jpg?w=300&h=180&q=100&dpr=1&fit=crop&s=z2wBtoyT8GIP9K3V3KEXRA|ANH Tài tử Johnny Depp mời bạn bè ăn tối sau khi thắng kiện Amber Heard tội phỉ báng.|giải trí|vnexpress.net|unknow
Camila Cabello khoe đường cong với đầm Công Trí|https://vnexpress.net/camila-cabello-khoe-duong-cong-voi-dam-cong-tri-4473011.html|https://i1-giaitri.vnecdn.net/2022/06/07/camilacapellocongtri-165456608-2026-3568-1654566400.jpg?w=300&h=180&q=100&dpr=1&fit=crop&s=o66Go_cshvUqM9MW7r-8sA|Ca sĩ Camila Cabello khoe hình thể trong bộ đầm đan móc của Công Trí khi biểu diễn ở Mỹ.|giải trí|vnexpress.net|unknow
Đoàn Hồng Trang diện váy thổ cẩm tại Miss Global|https://vnexpress.net/doan-hong-trang-dien-vay-tho-cam-tai-miss-global-4472527.html|https://i1-giaitri.vnecdn.net/2022/06/06/doanhongtrangava-1654481511-7939-1654481629.jpg?w=300&h=180&q=100&dpr=1&fit=crop&s=j1gIcMjh97NTgQEsw8rZzw|Đoàn Hồng Trang sẽ diện thiết kế thổ cẩm lấy cảm hứng từ váy của người H'Mông và áo dài thi trang phục dân tộc tại Miss Global 2022.|giải trí|vnexpress.net|unknow
Huỳnh Dịch: 'Con là chỗ dựa của tôi'|https://vnexpress.net/huynh-dich-con-la-cho-dua-cua-toi-4472931.html|https://i1-giaitri.vnecdn.net/2022/06/07/tophd1-1654555526-1607-1654556373.jpg?w=300&h=180&q=100&dpr=1&fit=crop&s=s055HeutIe-6DcoUoxWEVw|"Huỳnh Dịch, sao ""Lên nhầm kiệu hoa được chồng như ý"", nói con gái là chỗ dựa tinh thần khi cô làm mẹ đơn thân."|giải trí|vnexpress.net|unknow
Kelly Pang, Kiệt Quách lần đầu thiết kế ốp điện thoại|https://vnexpress.net/kelly-pang-kiet-quach-lan-dau-thiet-ke-op-dien-thoai-4469743.html|https://i1-giaitri.vnecdn.net/2022/06/07/z3431255737732-416ba29e8f649bf-9508-9892-1654591732.jpg?w=300&h=180&q=100&dpr=1&fit=crop&s=YL97ccEEUYTHe1--BwAUSQ|Chuyên gia Kelly Pang dùng kỹ thuật vẽ nail; NTK Kiệt Quách phối vải tweed, ngọc trai... biến ốp lưng thành túi xách mini trong bộ sưu tập Flex your way.|giải trí|vnexpress.net|unknow
Ngày cuối mua vé ưu đãi show âm nhạc In The Mirror|https://vnexpress.net/ngay-cuoi-mua-ve-uu-dai-show-am-nhac-in-the-mirror-4473346.html|https://i1-giaitri.vnecdn.net/2022/06/07/283927193-131820342837316-7551-6074-1604-1654604423.jpg?w=300&h=180&q=100&dpr=1&fit=crop&s=lB0aknPYxt16cfSljz1WLQ|Người hâm mộ chỉ còn vài tiếng để mua vé xem trực tuyến show nhạc có sự tham gia của Văn Mai Hương và Lân Nhã với mức ưu đãi 199.000 đồng.|giải trí|vnexpress.net|unknow
Loạt sao tham gia giải chạy VM Quy Nhơn|https://vnexpress.net/loat-sao-tham-gia-giai-chay-vm-quy-nhon-4472683.html|https://i1-giaitri.vnecdn.net/2022/06/07/ipiccyimage4-1654494994-2292-1-9976-9477-1654565010.jpg?w=300&h=180&q=100&dpr=1&fit=crop&s=iWMm4YD0V9OI_vbv801yYQ|Hoàng Thùy Linh, Châu Đăng Khoa, Sofia sẽ biểu diễn tại đêm khai mạc VM Quy Nhơn, trong khi cặp đôi Phương Nga - Bình An lần đầu chinh phục đường chạy.|giải trí|vnexpress.net|unknow
5 thí sinh diễn áo tắm đẹp nhất Miss Universe Vietnam|https://vnexpress.net/5-thi-sinh-dien-ao-tam-dep-nhat-miss-universe-vietnam-4472909.html|https://i1-giaitri.vnecdn.net/2022/06/06/NgipbinHongPhng-1654532404-5021-1654532531.jpg?w=300&h=180&q=100&dpr=1&fit=crop&s=V-JuPJyVPzzXqt-JuqI_0w|"Hoàng Phương, Thúy Quỳnh, Bảo Ngọc, Tuyết Như, Thu Huyền được chọn tranh danh hiệu ""Người đẹp biển"" Miss Universe Vietnam 2022."|giải trí|vnexpress.net|unknow
Karen Nguyễn chụp ảnh cưới|https://vnexpress.net/karen-nguyen-chup-anh-cuoi-4472752.html|https://i1-giaitri.vnecdn.net/2022/06/06/KarenNguyenchupanhcuoi5-165450-9931-3387-1654506046.jpg?w=300&h=180&q=100&dpr=1&fit=crop&s=s8zG8QWI_PXOkZgK2gOfkQ|"Karen Nguyễn - diễn viên phim ""Người cần quên phải nhớ"" - chụp ảnh cưới trước hôn lễ giữa tháng 6."|giải trí|vnexpress.net|unknow
Phong độ Johnny Depp qua 38 năm|https://vnexpress.net/phong-do-johnny-depp-qua-38-nam-4472767.html|https://i1-giaitri.vnecdn.net/2022/06/06/johnny-depp-qua-thoi-gian.jpg?w=300&h=180&q=100&dpr=1&fit=crop&s=lmCV5xo1DP8sfDlS8gwQLA|Johnny Depp thích để tóc dài, đeo khuyên tai, râu Van Dyke, diện nhiều bộ đồ đậm chất rock trong 38 năm vào nghề.|giải trí|vnexpress.net|unknow
Phim 'Maika' lỗ hàng chục tỷ đồng|https://vnexpress.net/phim-maika-lo-hang-chuc-ty-dong-4472672.html|https://i1-giaitri.vnecdn.net/2022/06/06/maika1top-1654494412-7017-1654494729.jpg?w=300&h=180&q=100&dpr=1&fit=crop&s=caca8ZT3d4WXTkbeGV4ZvA|"""Maika: Cô bé đến từ hành tinh khác"" - phim giả tưởng Việt - lỗ hàng chục tỷ dù được khen về nội dung."|giải trí|vnexpress.net|unknow
Jennifer Lopez diện đầm xẻ ngực bên dàn sao|https://vnexpress.net/jennifer-lopez-dien-dam-xe-nguc-ben-dan-sao-4472536.html|https://i1-giaitri.vnecdn.net/2022/06/06/jennifer-lopez-tham-do.jpg?w=300&h=180&q=100&dpr=1&fit=crop&s=-_OXkRpV_tXq1WtJYJ1PDA|MỸ Jennifer Lopez chọn corset cùng đầm xẻ ngực, khoe sắc vóc tuổi 52 ở MTV Movie & TV Awards, tối 5/6 tại California.|giải trí|vnexpress.net|unknow
Minh Hằng giữ kín nơi tổ chức hôn lễ|https://vnexpress.net/minh-hang-giu-kin-noi-to-chuc-hon-le-4472811.html|https://i1-giaitri.vnecdn.net/2022/06/06/minhhangtop1653637598625416536-2036-6670-1654508821.jpg?w=300&h=180&q=100&dpr=1&fit=crop&s=S4nLTj2AQuWaaNBQ0tphTQ|Minh Hằng gửi thiệp cưới cho bạn bè nhưng không ghi nơi tổ chức, chỉ nhắn riêng cho từng người để đảm bảo riêng tư.|giải trí|vnexpress.net|unknow
'Người Nhện 3' thắng lớn tại giải MTV|https://vnexpress.net/nguoi-nhen-3-thang-lon-tai-giai-mtv-4472645.html|https://i1-giaitri.vnecdn.net/2022/06/06/spiderman7-1654504508-3735-1654504671.png?w=300&h=180&q=100&dpr=1&fit=crop&s=OGZMmWxt0RA0UlWyRl4Wyw|"""Spider-Man: No Way Home"" thắng hạng mục quan trọng nhất MTV Movie and TV Award 2022 trong khi dàn sao của phim đoạt nhiều giải lớn khác."|giải trí|vnexpress.net|unknow
Gấu Paddington - bảo vật nước Anh|https://vnexpress.net/gau-paddington-bao-vat-nuoc-anh-4472599.html|https://i1-giaitri.vnecdn.net/2022/06/06/ga-u-paddington-2-1135-1654497-5076-6652-1654506693.png?w=300&h=180&q=100&dpr=1&fit=crop&s=oY7ylUWQ7jlakTn8K-NEQg|Gấu Paddington là nhân vật hoạt hình đầu tiên xuất hiện trong một video cùng Nữ hoàng Anh, có hơn 50 bức tượng ở khắp London.|giải trí|vnexpress.net|unknow
Catriona Gray chấm chung kết Miss Universe Vietnam|https://vnexpress.net/catriona-gray-cham-chung-ket-miss-universe-vietnam-4472699.html|https://i1-giaitri.vnecdn.net/2022/06/06/CatrionaGray-1654500150-8507-1654500948.jpg?w=300&h=180&q=100&dpr=1&fit=crop&s=OzTZzilB2l7tN1B9xtQpoQ|Miss Universe 2018 - Catriona Gray - là giám khảo chung kết, cùng H'Hen Niê chấm thi Hoa hậu Hoàn vũ Việt Nam.|giải trí|vnexpress.net|unknow
An Dĩ Hiên ốm yếu sau khi chồng ngồi tù|https://vnexpress.net/an-di-hien-om-yeu-sau-khi-chong-ngoi-tu-4472681.html|https://i1-giaitri.vnecdn.net/2022/06/06/dihien-1654495655-2896-1654495770.jpg?w=300&h=180&q=100&dpr=1&fit=crop&s=6v_HPmd1RXwlVxAVLmoIwA|Minh tinh Đài Loan An Dĩ Hiên sức khỏe kém, thường bỏ ăn sau khi chồng - doanh nhân Trần Vinh Luyện - bị bắt.|giải trí|vnexpress.net|unknow
'Top Gun 2' của Tom Cruise dẫn đầu phòng vé|https://vnexpress.net/top-gun-2-cua-tom-cruise-dan-dau-phong-ve-4472535.html|https://i1-giaitri.vnecdn.net/2022/06/06/TomCruiseTopGunMaverick-165448-5641-2134-1654484967.jpg?w=300&h=180&q=100&dpr=1&fit=crop&s=j5P859OFNrPUc5Az8FaBWQ|"""Top Gun: Maverick"" là phim doanh thu cao nhất trong sự nghiệp của Tom Cruise tại thị trường Bắc Mỹ, sau hai tuần công chiếu."|giải trí|vnexpress.net|unknow
Hai thành viên đoàn phim chết trên trường quay|https://vnexpress.net/hai-thanh-vien-doan-phim-chet-tren-truong-quay-4472427.html|https://i1-giaitri.vnecdn.net/2022/06/06/tainan1-1654471404-6378-1654471502.jpg?w=300&h=180&q=100&dpr=1&fit=crop&s=q5HIPTGar2kTHEb-LAp5dw|"TRUNG QUỐC Hai nhân viên tổ võ thuật của đoàn phim ""Nhất lộ hướng tiền"" thiệt mạng do đuối nước."|giải trí|vnexpress.net|unknow
Queen, Adam Lambert biểu diễn mừng Nữ hoàng Anh|https://vnexpress.net/queen-adam-lambert-bieu-dien-mung-nu-hoang-anh-4472408.html|https://i1-giaitri.vnecdn.net/2022/06/06/queen1-1654448322-2442-1654448402.jpg?w=300&h=180&q=100&dpr=1&fit=crop&s=ih2nPJRNOVucUg8ZMFUFEQ|LONDON Queen, Adam Lambert và nhiều nghệ sĩ nổi tiếng biểu diễn trong hòa nhạc Platinum Jubilee, kỷ niệm 70 năm Nữ hoàng Elizabeth trị vì, hôm 4/6.|giải trí|vnexpress.net|unknow
Cuộc sống nàng thơ 'Đơn giản tôi là Maria'|https://vnexpress.net/cuoc-song-nang-tho-don-gian-toi-la-maria-4470184.html|https://i1-giaitri.vnecdn.net/2022/06/05/mariaJPG-1654434227-4620-1654434298.jpg?w=300&h=180&q=100&dpr=1&fit=crop&s=pMxS8VKEgt7LrzitFppdBQ|"Victoria Ruffo - nữ chính ""Đơn giản tôi là Maria"" - hạnh phúc bên chồng chính trị gia và ba con, đóng phim mới ở tuổi 60."|giải trí|vnexpress.net|unknow
Phim của Lưu Diệc Phi gây sốt|https://vnexpress.net/phim-cua-luu-diec-phi-gay-sot-4472421.html|https://i1-giaitri.vnecdn.net/2022/06/06/luudiecphitranhieu-1654468439-8965-1654468787.jpg?w=300&h=180&q=100&dpr=1&fit=crop&s=Xk1r-mKv0pw1z1GQYYcvrw|"""Mộng hoa lục"", phim truyền hình Lưu Diệc Phi đóng chính, được khán giả khen hay nhất Trung Quốc những năm gần đây."|giải trí|vnexpress.net|unknow
In The Mirror lần đầu đón khán giả xem trực tiếp|https://vnexpress.net/in-the-mirror-lan-dau-don-khan-gia-xem-truc-tiep-4471537.html|https://i1-kinhdoanh.vnecdn.net/2022/06/03/283927193-131820342837316-7551-6541-2156-1654224320.jpg?w=300&h=180&q=100&dpr=1&fit=crop&s=Rib50KHxNKErQaswrVDgIQ|Khán giả có thể mua vé để theo dõi trực tiếp show âm nhạc In The Mirror 2 với sự góp mặt của hai ca sĩ Văn Mai Hương và Lân Nhã diễn ra ngày 2/7, tại Hà Nội.|giải trí|vnexpress.net|unknow
Dàn nghệ sĩ dự lễ cưới của Mạc Văn Khoa|https://vnexpress.net/dan-nghe-si-du-le-cuoi-cua-mac-van-khoa-4472076.html|https://i1-giaitri.vnecdn.net/2022/06/05/285291531373104518136569285414-7484-2335-1654441058.jpg?w=300&h=180&q=100&dpr=1&fit=crop&s=_2_dAqyTZzz4wNM3UGK5aA|TP HCM Nghệ sĩ Hoài Linh, vợ chồng Lý Hải, Trường Giang - Nhã Phương... chúc phúc diễn viên hài Mạc Văn Khoa, tối 5/6.|giải trí|vnexpress.net|unknow
Bảo Thy theo đuổi phong cách gợi cảm|https://vnexpress.net/bao-thy-theo-duoi-phong-cach-goi-cam-4471522.html|https://i1-giaitri.vnecdn.net/2022/06/03/baothytop-1654222379-1953-1654222406.jpg?w=300&h=180&q=100&dpr=1&fit=crop&s=XzTMMxrChDuPgg95CJQQ9Q|Ca sĩ Bảo Thy theo đuổi phong cách quyến rũ với váy xẻ ngực, cut-out ở tuổi 34.|giải trí|vnexpress.net|unknow
Con gái Cindy Crawford ăn vận đồng điệu với bạn trai|https://vnexpress.net/con-gai-cindy-crawford-an-van-dong-dieu-voi-ban-trai-4472364.html|https://i1-giaitri.vnecdn.net/2022/06/05/austin-butler-kaia-gerber-thoi-trang-cap-doi.jpg?w=300&h=180&q=100&dpr=1&fit=crop&s=bmDoYUQob54FKISoLvT-SQ|Kaia Gerger - con gái Cindy Crawford - và bạn trai Austin Butler mặc đồng điệu khi sánh đôi.|giải trí|vnexpress.net|unknow
Công nương Kate mặc đẹp với đầm thắt eo|https://vnexpress.net/cong-nuong-kate-mac-dep-voi-dam-that-eo-4472328.html|https://i1-giaitri.vnecdn.net/2022/06/05/kate-middleton-dep-nhat-tuan.jpg?w=300&h=180&q=100&dpr=1&fit=crop&s=NWBr2fsdfBGmKPmGn9eMtw|Công nương Kate Middleton được Vogue chọn vào nhóm sao mặc đẹp tuần qua với đầm cổ điển thắt eo.|giải trí|vnexpress.net|unknow
Hoa hậu Thu Ngân ly hôn|https://vnexpress.net/hoa-hau-thu-ngan-ly-hon-4472299.html|https://i1-giaitri.vnecdn.net/2022/06/05/ThuNgan1-1654407126-5238-1654407140.jpg?w=300&h=180&q=100&dpr=1&fit=crop&s=CeKt_kyC4ICXxyZifLkIOA|Hoa hậu Bản sắc Việt toàn cầu 2016 Thu Ngân ly hôn chồng doanh nhân từ năm ngoái nhưng đến nay mới công bố.|giải trí|vnexpress.net|unknow
11 năm bên nhau của Shakira - Pique|https://vnexpress.net/11-nam-ben-nhau-cua-shakira-pique-4472226.html|https://i1-giaitri.vnecdn.net/2022/06/05/shakira1-1654397745-6740-1654397822.png?w=300&h=180&q=100&dpr=1&fit=crop&s=ggfoDmX-U3WmMiHHNsNHjw|Shakira, Pique chung sống hòa hợp 11 năm, có hai con trai trước khi chia tay đầu tháng 6.|giải trí|vnexpress.net|unknow
Thí sinh Hoa hậu Hoàn vũ Việt Nam khoe dáng với áo tắm|https://vnexpress.net/thi-sinh-hoa-hau-hoan-vu-viet-nam-khoe-dang-voi-ao-tam-4472305.html|https://i1-giaitri.vnecdn.net/2022/06/05/MUV-JPG.jpg?w=300&h=180&q=100&dpr=1&fit=crop&s=vJz2tjuvYx9UYfX-A3a5IA|Top 46 thí sinh Hoa hậu Hoàn vũ Việt Nam mặc áo tắm, đọ vóc dáng trong bộ ảnh thời trang.|giải trí|vnexpress.net|unknow
Sắc vóc Suzy tuổi 28|https://vnexpress.net/sac-voc-suzy-tuoi-28-4472170.html|https://i1-giaitri.vnecdn.net/2022/06/05/ca-si-die-n-vie-n-suzyimg-3316-jpg-1651341108-1651341119-jpeg.jpg?w=300&h=180&q=100&dpr=1&fit=crop&s=b0osC4rstbqwfX5uIXUNqA|"Ca sĩ, diễn viên Suzy - biệt danh ""Tình đầu quốc dân"" Hàn Quốc - được khen sắc vóc, làn da ở tuổi 28."|giải trí|vnexpress.net|unknow
Nhạc sĩ Cung Tiến qua đời|https://vnexpress.net/nhac-si-cung-tien-qua-doi-4472147.html|https://i1-giaitri.vnecdn.net/2022/06/05/cung-tien-1-5800-1654388716-16-3772-1992-1654389422.jpg?w=300&h=180&q=100&dpr=1&fit=crop&s=0EDYYX5KZnBD3gy1F7KGYw|"MỸ Nhạc sĩ Cung Tiến - tác giả của loạt tình khúc kinh điển ""Hương xưa"", ""Hoài cảm""... - qua đời ở tuổi 84."|giải trí|vnexpress.net|unknow
Con gái Phi Nhung 'hát' cùng mẹ|https://vnexpress.net/con-gai-phi-nhung-hat-cung-me-4472060.html|https://i1-giaitri.vnecdn.net/2022/06/04/phinhung-1654331779-6215-1654334203.jpg?w=300&h=180&q=100&dpr=1&fit=crop&s=sAFHPPknOpWXSNifLm1HVw|"MỸ Con gái Phi Nhung - Wendy Phạm - hòa theo giọng mẹ trong bản ghi âm ca khúc ""Mẹ là quê hương"", ở đêm nhạc thiện nguyện."|giải trí|vnexpress.net|unknow
Bùi Bài Bình đóng xe ôm|https://vnexpress.net/bui-bai-binh-dong-xe-om-4472268.html|https://i1-giaitri.vnecdn.net/2022/06/05/bui-bai-binh-1654414146-165441-8203-3299-1654414334.jpg?w=300&h=180&q=100&dpr=1&fit=crop&s=M1KNtfk5JZcFDOKpFOu1Vw|"Nghệ sĩ Bùi Bài Bình đóng vai ông xe ôm sống cô đơn trong phim ""Lối nhỏ vào đời"", phát sóng từ ngày 8/6."|giải trí|vnexpress.net|unknow
'Người đàn ông quyến rũ nhất thế giới' 2020 chia tay bạn gái|https://vnexpress.net/nguoi-dan-ong-quyen-ru-nhat-the-gioi-2020-chia-tay-ban-gai-4472316.html|https://i1-giaitri.vnecdn.net/2022/06/05/MichaelBJordanchiatayLoriHarve-7462-7509-1654411903.jpg?w=300&h=180&q=100&dpr=1&fit=crop&s=y3rdWjwFTTS8-GagB3H88w|"Michael B. Jordan - ""Người đàn ông quyến rũ nhất thế giới"" 2020 - chia tay Lori Harvey sau một năm hẹn hò."|giải trí|vnexpress.net|unknow
Người mẫu Nga rơi từ ban công tầng 8|https://vnexpress.net/nguoi-mau-nga-roi-tu-ban-cong-tang-8-4472309.html|https://i1-giaitri.vnecdn.net/2022/06/05/EvgeniaSmirnovaquadoi-16544096-4912-5093-1654409797.jpg?w=300&h=180&q=100&dpr=1&fit=crop&s=8xoFeEraZiQaPaYQOAGCuQ|THÁI LAN Người mẫu Nga Evgenia Smirnova qua đời ở tuổi 37 sau khi rơi từ ban công tầng tám của khu nghỉ dưỡng Patong ở Phuket hôm 3/6.|giải trí|vnexpress.net|unknow
Váy áo họa tiết chuồn chuồn, hoa giấy|https://vnexpress.net/vay-ao-hoa-tiet-chuon-chuon-hoa-giay-4472249.html|https://i1-giaitri.vnecdn.net/2022/06/05/262-vtby-vungocson-foto-kiengcan-jpeg-1654400588-1654400608.jpg?w=300&h=180&q=100&dpr=1&fit=crop&s=7GWDOSQRzp98JZKCKGsgDw|"Vũ Ngọc và Son tiếp tục lăng xê màu nổi, nhấn vào họa tiết chuồn chuồn, hoa giấy trong bộ sưu tập ""Resort 2022""."|giải trí|vnexpress.net|unknow
Bảo Yến hát trên sông Hoài|https://vnexpress.net/bao-yen-hat-tren-song-hoai-4472004.html|https://i1-giaitri.vnecdn.net/2022/06/05/006VTBYVUNGOCSONfotoKIENGCAN-1-1788-4081-1654396082.jpg?w=300&h=180&q=100&dpr=1&fit=crop&s=xzoNJ1NEkHfL1DH2PVdOqA|"QUẢNG NAM Danh ca Bảo Yến ngồi thuyền trên sông Hoài hát ""Tình em xứ Quảng"", ở show diễn của Vũ Ngọc và Son."|giải trí|vnexpress.net|unknow
Dàn sao diện sắc hồng xem thời trang|https://vnexpress.net/dan-sao-dien-sac-hong-xem-thoi-trang-4472139.html|https://i1-giaitri.vnecdn.net/2022/06/05/hain4787-1654383462-8891-1654384598.jpg?w=300&h=180&q=100&dpr=1&fit=crop&s=7h_jMlcJx5U8wAKtP5ME2w|"QUẢNG NAM Ánh Tuyết, Hà Kiều Anh, Anh Thư... diện gam hồng xem show ""Vùng trời bình yên"" của Vũ Ngọc và Son ở phố cổ Hội An, chiều 4/6."|giải trí|vnexpress.net|unknow
Shakira chia tay Pique sau 11 năm|https://vnexpress.net/shakira-chia-tay-pique-sau-11-nam-4472132.html|https://i1-giaitri.vnecdn.net/2022/06/04/ShakiraPique-1654345995-5058-1654346187.png?w=300&h=180&q=100&dpr=1&fit=crop&s=FTvNtRHi1dIeNySbrKy1lw|Ca sĩ Shakira và Pique thông báo chia tay, vài ngày sau tin đồn cầu thủ ngoại tình.|giải trí|vnexpress.net|unknow
Mặt mộc của Jang Nara tuổi tứ tuần|https://vnexpress.net/mat-moc-cua-jang-nara-tuoi-tu-tuan-4471892.html|https://i1-giaitri.vnecdn.net/2022/06/04/topnara2-1654294672-5829-1654294845.jpg?w=300&h=180&q=100&dpr=1&fit=crop&s=YAbkQ9tnfzt-CxBcUzayCA|Diễn viên Hàn Quốc Jang Nara, 41 tuổi, được nhiều khán giả nhận xét trẻ lâu, tươi tắn khi để mặt mộc.|giải trí|vnexpress.net|unknow
'Em và Trịnh' hé lộ chuyện tình Trịnh Công Sơn và nữ sinh Nhật|https://vnexpress.net/em-va-trinh-he-lo-chuyen-tinh-trinh-cong-son-va-nu-sinh-nhat-4472064.html|https://i1-giaitri.vnecdn.net/2022/06/04/tcstop3-1654335074-4600-1654335227.jpg?w=300&h=180&q=100&dpr=1&fit=crop&s=fPbRwi-unu6Ui_0jXTCpAw|"Phim ""Em và Trịnh"" tung trailer chuyện tình nữ sinh Nhật từng lỡ duyên kết hôn nhạc sĩ Trịnh Công Sơn."|giải trí|vnexpress.net|unknow
Những kiểu diện quần đũi tôn dáng ngày hè|https://vnexpress.net/nhung-kieu-dien-quan-dui-ton-dang-ngay-he-4472041.html|https://i1-giaitri.vnecdn.net/2022/06/04/quan-dui-mix-do.jpg?w=300&h=180&q=100&dpr=1&fit=crop&s=0a9tLQTed0KhwaZD6dEu4g|Quần đũi có thể kết hợp đa dạng với sơ mi, crop top, phù hợp với mọi dáng người.|giải trí|vnexpress.net|unknow
Nữ luật sư 'gây sốt' sau phiên tòa Johnny Depp|https://vnexpress.net/nu-luat-su-gay-sot-sau-phien-toa-johnny-depp-4471995.html|https://i1-giaitri.vnecdn.net/2022/06/04/JOhnnyDeppcamillevasquez-16543-4978-3086-1654316463.png?w=300&h=180&q=100&dpr=1&fit=crop&s=5EDEL7G1E1A2QRUfriDbXg|Video màn đối tụng của nữ luật sư Camille Vasquez tại phiên tòa giữa Johnny Depp - Amber Heard thu hút gần một tỷ lượt xem.|giải trí|vnexpress.net|unknow
Ba thí sinh nổi bật ở Miss Universe Vietnam đọ sắc|https://vnexpress.net/ba-thi-sinh-noi-bat-o-miss-universe-vietnam-do-sac-4471987.html|https://i1-giaitri.vnecdn.net/2022/06/04/TOP-3.jpg?w=300&h=180&q=100&dpr=1&fit=crop&s=CKjnlA3p-l_wQSqj21g-QA|Hoàng Phương, Hương Ly, Ngọc Châu - được đánh giá cao ở Miss Universe Vietnam 2022 - cùng chụp ảnh bộ gợi cảm.|giải trí|vnexpress.net|unknow
Bom tấn của Ma Dong Seok gây sốt phòng vé|https://vnexpress.net/bom-tan-cua-ma-dong-seok-gay-sot-phong-ve-4472000.html|https://i1-giaitri.vnecdn.net/2022/06/04/mv5bndfmotjhngitnjziyi00ywrmlw-6043-1714-1654316126.jpg?w=300&h=180&q=100&dpr=1&fit=crop&s=8hs3OQJVPfusSwZyRVs7cA|"""The Outlaws 2"" - bom tấn hành động của Ma Dong Seok - vượt 8 triệu vé sau 18 ngày công chiếu tại Hàn."|giải trí|vnexpress.net|unknow
Báo Mỹ đính chính bài viết 'bôi nhọ Johnny Depp'|https://vnexpress.net/bao-my-dinh-chinh-bai-viet-boi-nho-johnny-depp-4471943.html|https://i1-giaitri.vnecdn.net/2022/06/04/JohnnyDepp1314-1654309240-5364-1654309402.png?w=300&h=180&q=100&dpr=1&fit=crop&s=gnBGx3g0XTa4yhyksl4BWA|Tờ Washington Post thêm đoạn chú thích rằng bài viết của Amber Heard năm 2018 có nội dung bôi nhọ Johnny Depp, sau khi tài tử thắng kiện.|giải trí|vnexpress.net|unknow
Sách lý giải hiện tượng Murakami|https://vnexpress.net/sach-ly-giai-hien-tuong-murakami-4470629.html|https://i1-giaitri.vnecdn.net/2022/06/01/TCBCHarukiMurakamivaamnhaccuan-1333-6894-1654056224.jpg?w=300&h=180&q=100&dpr=1&fit=crop&s=Tc2eF6IF5PDUfynLqGtv1A|"Cuốn ""Haruki Murakami và âm nhạc của ngôn từ"" (tác giả Jay Rubin) điểm lại tiểu sử, sự nghiệp của Murakami, phân tích bút pháp nghệ thuật của ông."|giải trí|vnexpress.net|unknow
Lý do hai phiên tòa của Johnny Depp có kết quả đối lập|https://vnexpress.net/ly-do-hai-phien-toa-cua-johnny-depp-co-ket-qua-doi-lap-4471612.html|https://i1-giaitri.vnecdn.net/2022/06/03/2022-05-27t145251z-1-lynxnpei4-4372-6465-1654249441.jpg?w=300&h=180&q=100&dpr=1&fit=crop&s=7Kidy-5VbOYsZQvJSDv_Pw|"Hai năm trước khi thắng kiện Amber Heard, Johnny Depp bị thẩm phán ở Anh kết luận là ""kẻ đánh vợ""."|giải trí|vnexpress.net|unknow
Cường Đàm làm show thời trang trong hầm|https://vnexpress.net/cuong-dam-lam-show-thoi-trang-trong-ham-4472015.html|https://i1-giaitri.vnecdn.net/2022/06/04/cuongdam1-1654325130-6241-1654325157.jpg?w=300&h=180&q=100&dpr=1&fit=crop&s=1dSSKcLA4L_YgNgZw3ykRQ|Nhà thiết kế Cường Đàm tổ chức show diễn phong cách vị lai trong hầm một tòa nhà ở Hà Nội, ngày 13/6.|giải trí|vnexpress.net|unknow
So Ji Sub ra mắt phim mới|https://vnexpress.net/so-ji-sub-ra-mat-phim-moi-4471965.html|https://i1-giaitri.vnecdn.net/2022/06/04/285262350419200266880507242227-6503-4926-1654311316.jpg?w=300&h=180&q=100&dpr=1&fit=crop&s=IM0ZyWuP3VlJhdDZzj2ZYA|"HÀN QUỐC So Ji Sub, Shin Sung Rok và Im Soo Hyang... giới thiệu phim truyền hình ""Doctor Lawyer"" tại Seoul, chiều 3/6."|giải trí|vnexpress.net|unknow
Gil Lê, Duy Khánh tung hứng ở game show ẩm thực|https://vnexpress.net/gil-le-duy-khanh-tung-hung-o-game-show-am-thuc-4471486.html|https://i1-giaitri.vnecdn.net/2022/06/03/duy-khanh-va-gil-le-jpg-165422-8555-4947-1654225037.jpg?w=300&h=180&q=100&dpr=1&fit=crop&s=BE8LdKRlfoGNvihfUp9EuQ|"TP HCM Nghệ sĩ Gil Lê, Duy Khánh tự tin thấu hiểu nhau nên làm việc ăn ý trong vai trò host của game show ""Đẳng cấp thực khách""."|giải trí|vnexpress.net|unknow
Bí quyết giúp Tom Cruise 'trẻ mãi không già'|https://vnexpress.net/bi-quyet-giup-tom-cruise-tre-mai-khong-gia-4471755.html|https://i1-giaitri.vnecdn.net/2022/06/03/TomCruisegiudang-1654246996-5456-1654247166.jpg?w=300&h=180&q=100&dpr=1&fit=crop&s=JXiKOpZO800YLDTz665KCw|Tài tử Tom Cruise thực hiện đều đặn quy trình chăm sóc da đặc biệt cùng chế độ tập luyện, ăn uống, giúp cơ thể trẻ lâu và sung sức.|giải trí|vnexpress.net|unknow
Phim mới của Lưu Diệc Phi hút khán giả|https://vnexpress.net/phim-moi-cua-luu-diec-phi-hut-khan-gia-4471754.html|https://i1-giaitri.vnecdn.net/2022/06/03/topdiecphi1-1654245992-9234-1654247277.jpg?w=300&h=180&q=100&dpr=1&fit=crop&s=hviXe2csKcm-mGVbinXWcg|"TRUNG QUỐC ""Mộng hoa lục"", tác phẩm do Lưu Diệc Phi và Trần Hiểu đóng chính, thu hút hơn 200 triệu lượt xem ngày đầu ra mắt."|giải trí|vnexpress.net|unknow
Lý Hải khởi động phim 'Lật mặt 6'|https://vnexpress.net/ly-hai-khoi-dong-phim-lat-mat-6-4471339.html|https://i1-giaitri.vnecdn.net/2022/06/03/lyhaitop1-1654244700-8596-1654244869.jpg?w=300&h=180&q=100&dpr=1&fit=crop&s=MR23fRIzhaNwkkHJkAf8hw|"Đạo diễn Lý Hải hoàn thành kịch bản phim ""Lật mặt 6"", lên kế hoạch đi tiền trạm, chọn bối cảnh để bấm máy cho tác phẩm mới."|giải trí|vnexpress.net|unknow
Ba năm Johnny Depp đi kiện|https://vnexpress.net/ba-nam-johnny-depp-di-kien-4471349.html|https://i1-giaitri.vnecdn.net/2022/06/03/JohnnyDepp123213-1654229570-8504-1654229690.png?w=300&h=180&q=100&dpr=1&fit=crop&s=pJGC5CAfnaZSlq-Hnpsnhw|Dù hôn nhân với Amber Heard chỉ kéo dài vài tháng, Johnny Depp mất nhiều năm đấu tranh để phủ nhận các cáo buộc bạo hành từ vợ cũ.|giải trí|vnexpress.net|unknow
Lý Nhã Kỳ phối đồ ngẫu hứng dạo phố châu Âu|https://vnexpress.net/ly-nha-ky-phoi-do-ngau-hung-dao-pho-chau-au-4471592.html|https://i1-giaitri.vnecdn.net/2022/06/03/Ly-Nha-Ky-dao-pho-chau-Au-38_1654228299.jpg?w=300&h=180&q=100&dpr=1&fit=crop&s=3K0-tqxzJG1cVbfOV0s4rQ|Diễn viên Lý Nhã Kỳ chọn phong cách đơn giản, năng động khi dạo phố ở Pháp, Italy.|giải trí|vnexpress.net|unknow
Ý nghĩa sắc xanh lam trong trang phục của Nữ hoàng Anh|https://vnexpress.net/y-nghia-sac-xanh-lam-trong-trang-phuc-cua-nu-hoang-anh-4471557.html|https://i1-giaitri.vnecdn.net/2022/06/03/nu-hoang-anh-5853-1654225619-1-9229-5130-1654228274.jpg?w=300&h=180&q=100&dpr=1&fit=crop&s=dZDaXZ1-b2hTkWr-CKh2pw|ANH Nữ hoàng Anh và con cháu chọn trang phục màu xanh lam ở Đại lễ Bạch kim hôm 2/6.|giải trí|vnexpress.net|unknow
Jang Nara kết hôn|https://vnexpress.net/jang-nara-ket-hon-4471488.html|https://i1-giaitri.vnecdn.net/2022/06/03/top1-1654219364-8063-1654219583.jpg?w=300&h=180&q=100&dpr=1&fit=crop&s=_EVMTDKP3uuwQ8nOUPWp0g|Diễn viên Hàn Quốc Jang Nara, 41 tuổi, cho biết sắp kết hôn với bạn trai kém cô sáu tuổi.|giải trí|vnexpress.net|unknow
Ngô Thanh Vân tung võ trong 'The Princess'|https://vnexpress.net/ngo-thanh-van-tung-vo-trong-the-princess-4470523.html|https://i1-giaitri.vnecdn.net/2022/06/03/the-princess-joey-king-veronic-6034-3560-1654217513.jpg?w=300&h=180&q=100&dpr=1&fit=crop&s=qsDRqRrPSMOD4AB5M-5x1w|"Ngô Thanh Vân hóa thân nhân vật giỏi võ thuật, kề cận công chúa (Joey King) trong phim Hollywood ""The Princess""."|giải trí|vnexpress.net|unknow
Hậu trường phim 'Tây du ký 1986' gây chú ý|https://vnexpress.net/hau-truong-phim-tay-du-ky-1986-gay-chu-y-4471239.html|https://i1-giaitri.vnecdn.net/2022/06/02/toptdy-1654160552-9154-1654161030.jpg?w=300&h=180&q=100&dpr=1&fit=crop&s=cbmcKkzn7tal-xnC_nQXaA|"Khi quay đoạn ""Thu phục thỏ ngọc ở Thiên Trúc', Lý Linh Ngọc không biết bơi khiến đoàn phim ""Tây Du Ký"" rơi vào cảnh dở khóc dở cười."|giải trí|vnexpress.net|unknow
Tường San làm nàng thơ của Lê Thanh Hòa|https://vnexpress.net/tuong-san-lam-nang-tho-cua-le-thanh-hoa-4471254.html|https://i1-giaitri.vnecdn.net/2022/06/02/tuong-san-le-thanh-hoa.jpg?w=300&h=180&q=100&dpr=1&fit=crop&s=k0txNM_9wD-m2Fr6lTuAPQ|Á hậu Tường San thể hiện 11 mẫu đầm thuộc bộ sưu tập Resort 2022 của Lê Thanh Hòa.|giải trí|vnexpress.net|unknow
Nhạc kịch biến tấu truyện 'Ông lão đánh cá và con cá vàng'|https://vnexpress.net/nhac-kich-bien-tau-truyen-ong-lao-danh-ca-va-con-ca-vang-4471579.html|https://i1-giaitri.vnecdn.net/2022/06/03/onglaoanhcavaconcamapJPG-16542-3705-4366-1654232533.jpg?w=300&h=180&q=100&dpr=1&fit=crop&s=xI4cMyWU4X65_fD14nZ6SQ|"Trong vở ""Ông lão đánh cá và con Cá Mập"" (Đinh Tiến Dũng viết kịch bản), cá vàng không có phép thuật còn bà lão thực dụng, ham tiền."|giải trí|vnexpress.net|unknow
Thiều Bảo Trâm dùng cảm xúc chia tay để thu album|https://vnexpress.net/thieu-bao-tram-dung-cam-xuc-chia-tay-de-thu-album-4471113.html|https://i1-giaitri.vnecdn.net/2022/06/02/AYTS3a-1654150349-8044-1654151301.jpg?w=300&h=180&q=100&dpr=1&fit=crop&s=yR7kNg2ApXjP9iTUJJg6oA|"Ca sĩ Thiều Bảo Trâm dùng cảm xúc hạnh phúc, đau khổ trong tình yêu để thực hiện album ""after YOU""."|giải trí|vnexpress.net|unknow
Victor Vũ quay phim trinh thám ở Lâm Đồng|https://vnexpress.net/victor-vu-quay-phim-trinh-tham-o-lam-dong-4467945.html|https://i1-giaitri.vnecdn.net/2022/05/26/PhimTraihoado3-1653548120-1598-1653549112.jpg?w=300&h=180&q=100&dpr=1&fit=crop&s=xSpl7i7nw-YLdU9G9aRPxg|"Phim dài tập thể loại trinh thám pha kinh dị của Victor Vũ - ""Trại hoa đỏ"" - quay ở 20 địa điểm hoang vắng thuộc tỉnh Lâm Đồng."|giải trí|vnexpress.net|unknow
Đạo diễn 'Em chưa 18' làm phim kinh dị sinh tồn|https://vnexpress.net/dao-dien-em-chua-18-lam-phim-kinh-di-sinh-ton-4471352.html|https://i1-giaitri.vnecdn.net/2022/06/03/lethanhson1-1654239318-6988-1654239421.jpg?w=300&h=180&q=100&dpr=1&fit=crop&s=qoOZr7jIIeh3rnv-6kXeqA|"Lê Thanh Sơn - đạo diễn ""Em chưa 18"" - thử sức thể loại kinh dị, sinh tồn với phim ""Móng vuốt"", mời Kaity Nguyễn, Tuấn Trần đóng chính."|giải trí|vnexpress.net|unknow
Jeannie Mai lần đầu khoe con gái|https://vnexpress.net/jeannie-mai-lan-dau-khoe-con-gai-4471512.html|https://i1-giaitri.vnecdn.net/2022/06/03/JeanieMai-1654222186-6741-1654222250.png?w=300&h=180&q=100&dpr=1&fit=crop&s=101HNHuFnbVe7Y6Ct9WSww|MỸ MC gốc Việt Jeannie Mai lần đầu công khai hình ảnh con gái đầu lòng 5 tháng tuổi.|giải trí|vnexpress.net|unknow
Amber Heard thua kiện - đòn giáng vào phong trào MeToo|https://vnexpress.net/amber-heard-thua-kien-don-giang-vao-phong-trao-metoo-4466640.html|https://i1-giaitri.vnecdn.net/2022/06/01/amberheard45-1654072290-9019-1654072459.png?w=300&h=180&q=100&dpr=1&fit=crop&s=McIr2-CsUzxWX25MUMA8bA|"Amber Heard từng dùng phong trào MeToo làm ""bệ đỡ"" sau ly hôn Johnny Depp, nhưng nhận phản ứng ngược khi ra tòa."|giải trí|vnexpress.net|unknow
Trình Mỹ Duyên đóng phim truyền hình đầu tay|https://vnexpress.net/trinh-my-duyen-dong-phim-truyen-hinh-dau-tay-4470923.html|https://i1-giaitri.vnecdn.net/2022/06/02/trinhmyduyen-1654160643-7529-1654160719.jpg?w=300&h=180&q=100&dpr=1&fit=crop&s=5_xx1sP-APqfJ8HraFTwbw|"Trình Mỹ Duyên - từng đóng phim ""Kiều"" - hóa thân cô gái yêu người có vợ trong phim truyền hình đầu tay ""Anh yêu em được bao lâu?""."|giải trí|vnexpress.net|unknow
Không gian âm nhạc giàu cảm xúc của In The Mirror|https://vnexpress.net/khong-gian-am-nhac-giau-cam-xuc-cua-in-the-mirror-4471299.html|https://i1-giaitri.vnecdn.net/2022/06/02/tung-duong-2-1642657723-7765-1-7999-2877-1654165481.jpg?w=300&h=180&q=100&dpr=1&fit=crop&s=1Vfe4t0yJUF8MrRuTlhrxg|In The Mirror số đầu tiên với sự tham gia của Tùng Dương và Bùi Anh Tuấn để lại nhiều dấu ấn về sân khấu trực tuyến hiện đại cùng màn hoán đổi ca khúc độc đáo.|giải trí|vnexpress.net|unknow
Khả năng nộp phạt của Amber Heard|https://vnexpress.net/kha-nang-nop-phat-cua-amber-heard-4471261.html|https://i1-giaitri.vnecdn.net/2022/06/02/2022-06-01t213355z-1205685045-9920-6992-1654163552.jpg?w=300&h=180&q=100&dpr=1&fit=crop&s=zrQfRoDWHC9hiYEG7dS0TQ|MỸ Amber Heard sở hữu khối tài sản ròng khoảng 2,5 đến 8 triệu USD, bị tòa tuyên án phạt hơn 10 triệu USD vì thua kiện Johnny Depp.|giải trí|vnexpress.net|unknow
Dàn thí sinh Miss Hong Kong 2022|https://vnexpress.net/dan-thi-sinh-miss-hong-kong-2022-4471142.html|https://i1-giaitri.vnecdn.net/2022/06/02/hoahau-1654151978-8368-1654152111.jpg?w=300&h=180&q=100&dpr=1&fit=crop&s=9q8uSLhwV0NlxfX-_X8O8g|Cuộc thi Miss Hong Kong 2022 thu hút các cô gái làm việc nhiều lĩnh vực như thời trang, kiểm toán, giáo dục.|giải trí|vnexpress.net|unknow
Dàn sao xem phim của 'Ảnh đế' Song Kang Ho|https://vnexpress.net/dan-sao-xem-phim-cua-anh-de-song-kang-ho-4471385.html|https://i1-giaitri.vnecdn.net/2022/06/02/bia-1654180607-9610-1654180943.png?w=300&h=180&q=100&dpr=1&fit=crop&s=M-gPWjV1bB2E04-4krYBzw|"HÀN QUỐC Lee Byung Hun, Bi Rain, Lee Min Ho... dự ra mắt ""Broker"" - phim giúp Song Kang Ho đoạt ""Nam chính xuất sắc"" ở Cannes, chiều 2/6."|giải trí|vnexpress.net|unknow
Mai Phương Thúy diện váy xếp ly tôn dáng|https://vnexpress.net/mai-phuong-thuy-dien-vay-xep-ly-ton-dang-4471305.html|https://i1-giaitri.vnecdn.net/2022/06/02/Mai-Phuong-Thuy-13.jpg?w=300&h=180&q=100&dpr=1&fit=crop&s=r1N4Txm1vva9yO6f6PjwhA|Hoa hậu Mai Phương Thúy khoe sắc vóc qua các kiểu váy xếp ly phom đơn giản ở bộ ảnh thời trang mới.|giải trí|vnexpress.net|unknow
Lưu Diệc Phi - 'thần tiên tỉ tỉ' dòng phim cổ trang|https://vnexpress.net/luu-diec-phi-than-tien-ti-ti-dong-phim-co-trang-4471036.html|https://i1-giaitri.vnecdn.net/2022/06/02/diecphi-1654141856-2765-1654142318.jpg?w=300&h=180&q=100&dpr=1&fit=crop&s=jOso5nrPmI_hxLM7IHGumA|"Lưu Diệc Phi lưu dấu ấn với vẻ đẹp thoát tục, được nhà văn Kim Dung công nhận là hiện thân của ""thần tiên tỉ tỉ""."|giải trí|vnexpress.net|unknow
Mốt vẽ henna lên mặt bị chỉ trích|https://vnexpress.net/mot-ve-henna-len-mat-bi-chi-trich-4471101.html|https://i1-giaitri.vnecdn.net/2022/06/02/vehennalenmat1-1654144994-4397-1654145185.jpg?w=300&h=180&q=100&dpr=1&fit=crop&s=9IVA2kZTyn6RAR-03pmqnA|Nhiều người dân châu Á phản đối mốt chấm tàn nhang chi chít lên mặt bằng màu vẽ henna.|giải trí|vnexpress.net|unknow
Đỗ Hải Yến tri ân điện ảnh|https://vnexpress.net/do-hai-yen-tri-an-dien-anh-4470640.html|https://i1-giaitri.vnecdn.net/2022/06/02/nhu-quynh-do-hai-yen-6290-1654-5507-5152-1654147475.jpg?w=300&h=180&q=100&dpr=1&fit=crop&s=CldUQjeEkG4gyJirfuKuqg|TP HCM Đỗ Hải Yến cùng êkíp chọn năm tác phẩm điện ảnh Việt trình chiếu trong chuỗi hoạt động giao lưu do chị tổ chức.|giải trí|vnexpress.net|unknow
Vợ Will Smith mong chồng và Chris Rock làm lành|https://vnexpress.net/vo-will-smith-mong-chong-va-chris-rock-lam-lanh-4471039.html|https://i1-giaitri.vnecdn.net/2022/06/02/jada-smit-1654141282-2696-1654141377.png?w=300&h=180&q=100&dpr=1&fit=crop&s=c9FcqqA4-zODivuTgHZsXQ|Jada Pinkett hy vọng chồng cô - Will Smith - và danh hài Chris Rock hòa giải sau cú tát ở Oscar 2022.|giải trí|vnexpress.net|unknow
Hoàng Thùy Linh hòa giọng Thanh Lam, Tùng Dương|https://vnexpress.net/hoang-thuy-linh-hoa-giong-thanh-lam-tung-duong-4470998.html|https://i1-giaitri.vnecdn.net/2022/06/02/thuy-linh-1-1654136177-3982-1654136256.jpg?w=300&h=180&q=100&dpr=1&fit=crop&s=Fzga80w0yJRJEcWhva4J5Q|"Ca sĩ Hoàng Thùy Linh mất hai năm thực hiện MV ""Đánh đố"", lần đầu hát chung Thanh Lam, Tùng Dương."|giải trí|vnexpress.net|unknow
Johnny Depp: 'Tòa đã trả lại cuộc sống cho tôi'|https://vnexpress.net/johnny-depp-toa-da-tra-lai-cuoc-song-cho-toi-4470973.html|https://i1-giaitri.vnecdn.net/2022/06/02/deppava1-1654133172-5927-1654133191.jpg?w=300&h=180&q=100&dpr=1&fit=crop&s=CmP3kMsm3us_dKAnnu-v9Q|MỸ Johnny Depp cho rằng phán quyết của tòa mở ra chương mới cho cuộc đời anh sau thời gian dài vướng kiện tụng với vợ cũ.|giải trí|vnexpress.net|unknow
Johnny Depp thắng kiện Amber Heard|https://vnexpress.net/johnny-depp-thang-kien-amber-heard-4470915.html|https://i1-giaitri.vnecdn.net/2022/06/02/JohnnyDeppHeardtop-1654130546-9836-1654130941.jpg?w=300&h=180&q=100&dpr=1&fit=crop&s=qOoCC3Gf0q57xOMplGHHxQ|MỸ Tòa tuyên bố Johnny Depp thắng kiện, Amber Heard phải trả chồng cũ 15 triệu USD bồi thường thiệt hại, ngày 1/6.|giải trí|vnexpress.net|unknow
Amber Heard và định kiến 'nạn nhân hoàn hảo'|https://vnexpress.net/amber-heard-va-dinh-kien-nan-nhan-hoan-hao-4470763.html|https://i1-giaitri.vnecdn.net/2022/06/01/AmberHEard12123123-1654091695-9549-1654091819.png?w=300&h=180&q=100&dpr=1&fit=crop&s=qTcp0w7KHt_nBFXH7HbIlQ|Nhiều chuyên gia cho rằng vụ kiện giữa Amber Heard và Johnny Depp có thể để lại hệ quả lâu dài với những nạn nhân của bạo hành gia đình.|giải trí|vnexpress.net|unknow
Loạt phim ra rạp tháng 6|https://vnexpress.net/loat-phim-ra-rap-thang-6-4470613.html|https://i1-giaitri.vnecdn.net/2022/06/01/EmvaTrinh-1654060943-9556-1654061060.png?w=300&h=180&q=100&dpr=1&fit=crop&s=ymFuN2GZfEJQlQ51je8H7A|Hai phiên bản điện ảnh về Trịnh Công Sơn cùng nhiều bom tấn Hollywood ra rạp phục vụ khán giả cả nước trong tháng 6.|giải trí|vnexpress.net|unknow
Đào Thị Hà chấm thi Hoa hậu Du lịch Biển Việt Nam|https://vnexpress.net/dao-thi-ha-cham-thi-hoa-hau-du-lich-bien-viet-nam-4469816.html|https://i1-giaitri.vnecdn.net/2022/06/02/DaoThiHa1-1654155375-6480-1654155385.jpg?w=300&h=180&q=100&dpr=1&fit=crop&s=m3xpOs6FGlCtjT4tVa86Ww|Top 5 Hoa hậu Hoàn vũ 2019 Đào Thị Hà chấm sơ khảo, hướng dẫn catwalk cho các thí sinh Hoa hậu Du lịch Biển Việt Nam 2022.|giải trí|vnexpress.net|unknow
Tặng vé xem phim 'Jurassic World: Dominion'|https://vnexpress.net/tang-ve-xem-phim-jurassic-world-dominion-4471102.html|https://i1-giaitri.vnecdn.net/2022/06/02/ChrisPratt-1654143912-4679-1654144052.png?w=300&h=180&q=100&dpr=1&fit=crop&s=09SVg53Nr0zPkjYgt56K_w|"VnExpress tặng độc giả bốn cặp vé buổi công chiếu phim ""Jurassic World: Dominion""."|giải trí|vnexpress.net|unknow
Đỗ Kim Phúc, Bảo Ngọc tham gia Kun Marathon Quy Nhơn|https://vnexpress.net/do-kim-phuc-bao-ngoc-tham-gia-kun-marathon-quy-nhon-4470279.html|https://i1-thethao.vnecdn.net/2022/06/02/z3327290407979-2f57e8d772b1225-6594-9530-1654140422.jpg?w=300&h=180&q=100&dpr=1&fit=crop&s=dUd9EavL9qOAKj_1_-76fg|Dàn khách mời như Đỗ Kim Phúc, Bảo Ngọc, Ngân Chi, Bối Bối... sẽ giao lưu với các runner nhí Kun Marathon Quy Nhơn ngày 11/6.|giải trí|vnexpress.net|unknow
Minh Tú theo mốt xuyên thấu|https://vnexpress.net/minh-tu-theo-mot-xuyen-thau-4470280.html|https://i1-giaitri.vnecdn.net/2022/05/31/Minh-Tu-5.jpg?w=300&h=180&q=100&dpr=1&fit=crop&s=h6EqfkFj4I0TYqX_7R-3Pg|Người mẫu Minh Tú phối đồ xuyên thấu với xu hướng hở vai, cut-out khi làm giám khảo, dự sự kiện thời trang...|giải trí|vnexpress.net|unknow
Những đại hiệp Kiều Phong trên màn ảnh|https://vnexpress.net/nhung-dai-hiep-kieu-phong-tren-man-anh-4467922.html|https://i1-giaitri.vnecdn.net/2022/06/01/topkp-1654074761-4440-1654075185.jpg?w=300&h=180&q=100&dpr=1&fit=crop&s=tZzaZ9S8Ab2_OQFQ0FqPKA|"Hồ Quân được nhà văn Kim Dung khen diễn hay, Chung Hán Lương bị khán giả chê khi đóng Kiều Phong ""Thiên Long Bát Bộ""."|giải trí|vnexpress.net|unknow
Phan Hiển: 'Tôi làm đám cưới để Khánh Thi có danh phận'|https://vnexpress.net/phan-hien-toi-lam-dam-cuoi-de-khanh-thi-co-danh-phan-4470664.html|https://i1-giaitri.vnecdn.net/2022/06/01/khanhthitop-1654067610-9014-1654068581.jpg?w=300&h=180&q=100&dpr=1&fit=crop&s=B3UkuGHaWvEldLQNtT5OYA|Phan Hiển nói muốn Khánh Thi mặc váy cô dâu bước vào lễ đường, sau 12 năm cả hai chung sống.|giải trí|vnexpress.net|unknow
Chồng cũ xin lỗi Từ Hy Viên|https://vnexpress.net/chong-cu-xin-loi-tu-hy-vien-4470407.html|https://i1-giaitri.vnecdn.net/2022/06/01/tophyv1-1654043655-8657-1654043859.jpg?w=300&h=180&q=100&dpr=1&fit=crop&s=Qh_W13frNQA7R7IwaOtQmg|"Doanh nhân Uông Tiểu Phi xin lỗi Từ Hy Viên vì nói cô ""sử dụng thuốc cấm""."|giải trí|vnexpress.net|unknow
BTS gặp tổng thống Biden|https://vnexpress.net/bts-gap-tong-thong-biden-4470684.html|https://i1-giaitri.vnecdn.net/2022/06/01/top1-1654066164-5172-1654066398.jpg?w=300&h=180&q=100&dpr=1&fit=crop&s=oiJvtYW6A1UaD0PMSnbUgg|Nhóm nhạc Hàn Quốc BTS gặp tổng thống Mỹ Joe Biden tại Nhà Trắng, phát biểu về nạn thù ghét người gốc Á.|giải trí|vnexpress.net|unknow
Dàn hoa hậu catwalk cùng mẫu nhí|https://vnexpress.net/dan-hoa-hau-catwalk-cung-mau-nhi-4470545.html|https://i1-giaitri.vnecdn.net/2022/06/01/khanhvantop-1654054811-6223-1654057199.jpg?w=300&h=180&q=100&dpr=1&fit=crop&s=YtvkfCf_6MeoI3sb8QGcbQ|TP HCM Hoa hậu Đỗ Thị Hà, Khánh Vân, Lương Thùy Linh catwalk cùng người mẫu nhí trong chương trình thời trang, tối 31/5.|giải trí|vnexpress.net|unknow
Sách về trẻ thơ thời Covid-19 đoạt giải Dế Mèn|https://vnexpress.net/sach-ve-tre-tho-thoi-covid-19-doat-giai-de-men-4470600.html|https://i1-giaitri.vnecdn.net/2022/06/01/3PhamHuyThong16540579371642165-2086-4593-1654059552.jpg?w=300&h=180&q=100&dpr=1&fit=crop&s=wH1KSeVDntYSY1Dmh_sOLA|"Cuốn ""Cơ Bản là Cơ Bản"" (tác giả Phạm Huy Thông) nhận giải thưởng thiếu nhi Dế Mèn, tối 31/5."|giải trí|vnexpress.net|unknow
Tòa hoãn phán quyết vụ kiện Depp - Heard|https://vnexpress.net/toa-hoan-phan-quyet-vu-kien-depp-heard-4470441.html|https://i1-giaitri.vnecdn.net/2022/06/01/2022-05-31t090639z-1-lynxmpei4-9146-1761-1654049839.jpg?w=300&h=180&q=100&dpr=1&fit=crop&s=pD19WGLQOd7JRzZitGybNQ|MỸ Thẩm phán kết thúc phiên thảo luận hôm 31/5 nhưng không đưa ra phán quyết cho vụ kiện Johnny Depp - Amber Heard.|giải trí|vnexpress.net|unknow
Địch Lệ Nhiệt Ba phủ nhận hẹn hò Lộc Hàm|https://vnexpress.net/dich-le-nhiet-ba-phu-nhan-hen-ho-loc-ham-4470538.html|https://i1-giaitri.vnecdn.net/2022/06/01/nhietba-1654054136-6128-1654054584.jpg?w=300&h=180&q=100&dpr=1&fit=crop&s=7w0naCJIXGk9J4IF8wpIdA|Diễn viên Trung Quốc Địch Lệ Nhiệt Ba bác tin đồn dan díu với ca sĩ Lộc Hàm - bạn trai của Quan Hiểu Đồng.|giải trí|vnexpress.net|unknow
Hòa Minzy chuộng đầm công chúa|https://vnexpress.net/hoa-minzy-chuong-dam-cong-chua-4470253.html|https://i1-giaitri.vnecdn.net/2022/06/01/Hoa-Mizy-don-tuoi-moi-5435-16540.jpg?w=300&h=180&q=100&dpr=1&fit=crop&s=v0ckDifQoEyLFJd96IIKRQ|Ca sĩ Hòa Minzy thường chọn các mẫu đầm cúp ngực, đính hoa, nơ theo phong cách công chúa ở tuổi 27.|giải trí|vnexpress.net|unknow
Ngô Mai Trang chụp ảnh bầu|https://vnexpress.net/ngo-mai-trang-chup-anh-bau-4470113.html|https://i1-giaitri.vnecdn.net/2022/05/31/kiwitop-1653970082-3447-1653970147.jpg?w=300&h=180&q=100&dpr=1&fit=crop&s=Ffx_Fo_IlJ-qu8_nJQBg2A|Ngô Mai Trang mang thai lần bốn, tạo dáng bên chồng và ba con trai.|giải trí|vnexpress.net|unknow
Đan Trường hát cùng con trai|https://vnexpress.net/dan-truong-hat-cung-con-trai-4470389.html|https://i1-giaitri.vnecdn.net/2022/06/01/thientuava-1654034145-6068-1654034244.jpg?w=300&h=180&q=100&dpr=1&fit=crop&s=KDE07nKc3KQt0hZ6RKZ3aw|"HÀ NỘI Đan Trường và con trai Thiên Từ, 5 tuổi, hát ca khúc ""Thanh xuân của tôi"" trong buổi giao lưu ra mắt sách, tối 31/5."|giải trí|vnexpress.net|unknow
Ấn ngọc triều Nguyễn - bảo vật quốc gia|https://vnexpress.net/an-ngoc-trieu-nguyen-bao-vat-quoc-gia-4462689.html|https://i1-giaitri.vnecdn.net/2022/05/21/anngocbaovatquocgiaava-1653113-4940-2568-1653114500.jpg?w=300&h=180&q=100&dpr=1&fit=crop&s=LVBiLP_VujtyzG_hLtYNvg|"""Ấn Đại Nam thụ thiên vĩnh mệnh truyền quốc tỷ"" - bảo vật quốc gia - được vua Thiệu Trị sai chế tác từ khối bạch ngọc trong một năm."|giải trí|vnexpress.net|unknow
H'Hen Niê tặng giếng cho người dân|https://vnexpress.net/h-hen-nie-tang-gieng-cho-nguoi-dan-4470425.html|https://i1-giaitri.vnecdn.net/2022/06/01/Henhuongdanbacondunggui-165404-2618-6060-1654049597.jpg?w=300&h=180&q=100&dpr=1&fit=crop&s=i0I9EQG4GzhDniwtolzlhQ|GIA LAI Hoa hậu H'Hen Niê cùng các nhà hảo tâm tặng nhiều giếng nước sạch cho người Gia Rai, xã Ia Phí, huyện Chư Păh.|giải trí|vnexpress.net|unknow
Tặng quà phim 'Top Gun: Maverick'|https://vnexpress.net/tang-qua-phim-top-gun-maverick-4470357.html|https://i1-giaitri.vnecdn.net/2022/05/31/TomCruiseTopGunMaverick-165400-6848-7885-1654007279.png?w=300&h=180&q=100&dpr=1&fit=crop&s=h008w5_PPgX8jR4cEsYm7w|"VnExpress tặng độc giả các phần quà từ bom tấn hành động ""Top Gun: Maverick"" do Tom Cruise đóng chính."|giải trí|vnexpress.net|unknow
Những bức vẽ đầu người giá hàng trăm triệu USD|https://vnexpress.net/nhung-buc-ve-dau-nguoi-gia-hang-tram-trieu-usd-4467541.html|https://i1-giaitri.vnecdn.net/2022/05/24/jeanmichel-basquiat-1653382998.jpg?w=300&h=180&q=100&dpr=1&fit=crop&s=9reCVRddKcitiqPXbP8VFw|Những bức vẽ đầu người khổ lớn của Jean-Michel Basquiat bán giá từ 35 đến 110 triệu USD.|giải trí|vnexpress.net|unknow
Tạo hình dàn sao 'Mộng hoa lục'|https://vnexpress.net/tao-hinh-dan-sao-mong-hoa-luc-4469813.html|https://i1-giaitri.vnecdn.net/2022/05/31/topphiphi-1653983239-6275-1653983439.jpg?w=300&h=180&q=100&dpr=1&fit=crop&s=ukVwTsR2nUfZR5Ze8PtN9A|"Lưu Diệc Phi, Trần Hiểu - diễn viên chính ""Mộng hoa lục"" - được nhiều khán giả khen đẹp đôi trong phim."|giải trí|vnexpress.net|unknow
Cẩm Vân xúc động khi có hit ở tuổi 63|https://vnexpress.net/cam-van-xuc-dong-khi-co-hit-o-tuoi-63-4470012.html|https://i1-giaitri.vnecdn.net/2022/05/31/cam-van-1-1653963351-6623-1653963492.jpg?w=300&h=180&q=100&dpr=1&fit=crop&s=2ZEkybfgrQKNueVSMF2Bbw|"Ca sĩ Cẩm Vân, 63 tuổi, bất ngờ khi ""Một ngày tôi quên hết"" - ca khúc về bệnh nhân Alzheimer - thành hit, được công chúng yêu mến."|giải trí|vnexpress.net|unknow
'Doraemon 41': Tình bạn xuyên vũ trụ|https://vnexpress.net/giai-tri/phim/thu-vien-phim/doraemon-nobita-va-cuoc-chien-vu-tru-ti-hon-2021-445?fbclid=IwAR0hy2ojIGk38hSrPY2kc_olXZprGaBGuCVbrjY6lvLx86yY2QKoqPxb9_g|https://i1-giaitri.vnecdn.net/2022/05/31/doraemon-m-1653999941-2909-1654000060.png?w=300&h=180&q=100&dpr=1&fit=crop&s=DVSbdjfQ4YZNz9SIiDMFEg|"Trong ""Doraemon: Nobita's Little Star Wars 2021"", Nobita quen người bạn đến từ hành tinh khác và bắt đầu cuộc phiêu lưu ngoài vũ trụ."|giải trí|vnexpress.net|unknow
Bạn diễn của Châu Tinh Trì vượt bạo bệnh|https://vnexpress.net/ban-dien-cua-chau-tinh-tri-vuot-bao-benh-4470160.html|https://i1-giaitri.vnecdn.net/2022/05/31/kiennhan5-1653979007-6593-1653979702.jpg?w=300&h=180&q=100&dpr=1&fit=crop&s=3m6n9YD0iH5e151m_r_W1w|Lý Kiện Nhân, đóng nhiều phim hài Châu Tinh Trì, nỗ lực rèn luyện để có thể tự đi lại, sau tai biến mạch máu não.|giải trí|vnexpress.net|unknow
Trang Phượng triển lãm ký họa thời chiến|https://vnexpress.net/trang-phuong-trien-lam-ky-hoa-thoi-chien-4469444.html|https://i1-giaitri.vnecdn.net/2022/05/29/trang-phuong-1-1653826366-1564-1653826762.jpg?w=300&h=180&q=100&dpr=1&fit=crop&s=Hm24gED8gPLjXaVeG-Zz3w|TP HCM Họa sĩ Trang Phượng triển lãm gần 100 ký họa được thực hiện trong giai đoạn kháng chiến chống Mỹ.|giải trí|vnexpress.net|unknow
Trương Quỳnh Anh mở tiệc sinh nhật con trai|https://vnexpress.net/truong-quynh-anh-mo-tiec-sinh-nhat-con-trai-4470040.html|https://i1-giaitri.vnecdn.net/2022/05/31/ContraiTruongQuynhAnhdonsinhnh-7734-1910-1653968820.jpg?w=300&h=180&q=100&dpr=1&fit=crop&s=TeKbdapa5zjgVUSDz-cjBQ|TP HCM Diễn viên Trương Quỳnh Anh cùng bố mẹ từ Mỹ về tổ chức tiệc sinh nhật cho con trai - bé Sushi - lên 10 tuổi ngày 31/5.|giải trí|vnexpress.net|unknow
Con gái Johnny Depp đón tuổi 23|https://vnexpress.net/con-gai-johnny-depp-don-tuoi-23-4470014.html|https://i1-giaitri.vnecdn.net/2022/05/31/congaijohnnydepp-1653965408-8464-1653965592.png?w=300&h=180&q=100&dpr=1&fit=crop&s=Pugy405LgUJM5oXWG4qqAg|Diễn viên Lily-Rose Depp - con gái tài tử Johnny Depp - tổ chức tiệc đón tuổi 23 khi đang quay phim mới.|giải trí|vnexpress.net|unknow
Từ Hy Viên đau lòng vì chồng cũ|https://vnexpress.net/tu-hy-vien-dau-long-vi-chong-cu-4469967.html|https://i1-giaitri.vnecdn.net/2022/05/31/tophyvien1-1653961189-8847-1653961895.jpg?w=300&h=180&q=100&dpr=1&fit=crop&s=LBZp5hGEkA3NbGvXZhm6MA|Mẹ của diễn viên Từ Hy Viên nói con gái đau lòng, tức giận vì chồng cũ tung tin thất thiệt về cô.|giải trí|vnexpress.net|unknow
Hoa hậu Indonesia thưởng thức cà phê trứng, cốm Hà Nội|https://vnexpress.net/hoa-hau-indonesia-thuong-thuc-ca-phe-trung-com-ha-noi-4470228.html|https://i1-giaitri.vnecdn.net/2022/05/31/HoahauPriciliaCarlaYulest2-165-5726-6056-1653993432.jpg?w=300&h=180&q=100&dpr=1&fit=crop&s=Hhl3nIiyqNF2HeMFjNogVQ|Pricilia Carla Yules - Hoa hậu Indonesia từng vào Top 6 Miss World 2021 - thưởng thức cà phê trứng, cốm Hà Nội.|giải trí|vnexpress.net|unknow
Park Shin Hye sinh con|https://vnexpress.net/park-shin-hye-sinh-con-4470250.html|https://i1-giaitri.vnecdn.net/2022/05/31/cuoi-1653988188-1484-1653988295.jpg?w=300&h=180&q=100&dpr=1&fit=crop&s=cgymeUGty1_89Mw_Rf5u-w|Diễn viên Hàn Quốc Park Shin Hye sinh con trai đầu lòng với tài tử Choi Tae Joon, sáng 31/5.|giải trí|vnexpress.net|unknow
Show âm nhạc 'In The Mirror' số hai mở bán vé|https://vnexpress.net/show-am-nhac-in-the-mirror-so-hai-mo-ban-ve-4470246.html|https://i1-giaitri.vnecdn.net/2022/05/31/lnhorz-1653986056-2454-1653986-6730-5625-1653990936.jpg?w=300&h=180&q=100&dpr=1&fit=crop&s=so35C8Y5MhzU7kYyL0e-nw|"""In the Mirror"" số thứ hai, có Văn Mai Hương và Lân Nhã góp mặt, bán vé xem trực tiếp và online từ hôm nay, 31/5, với giá sớm ưu đãi."|giải trí|vnexpress.net|unknow
Lương Đình Dũng: 'Nếu phim 578 dở, hãy để nó tự chết'|https://vnexpress.net/luong-dinh-dung-neu-phim-578-do-hay-de-no-tu-chet-4469832.html|https://i1-giaitri.vnecdn.net/2022/05/30/luongdinhdung-1653909971-5697-1653910640.jpg?w=300&h=180&q=100&dpr=1&fit=crop&s=hzhwGiXyzsFl25oPBkdkJA|"Lương Đình Dũng nói phim ""578"" đầu tư 60 tỷ đồng, sau ba ngày thu khoảng 5 tỷ vì chiếu trùng SEA Games 31 và nhiều lý do khách quan."|giải trí|vnexpress.net|unknow
Tuần Thời trang Quốc tế Việt Nam 2022: Vũ điệu của phế liệu|https://vnexpress.net/tuan-thoi-trang-quoc-te-viet-nam-2022-vu-dieu-cua-phe-lieu-4469684.html|https://i1-giaitri.vnecdn.net/2022/05/30/anhthuhoangminhha-1653909441-5446-1653909931.jpg?w=300&h=180&q=100&dpr=1&fit=crop&s=utYR3MXWwguIfsH9xjX8zg|Váy áo làm từ vải sợi cà phê, vỏ hàu của Võ Công Khanh, Nguyễn Tiến Truyển... được giới thiệu ở Tuần lễ thời trang Quốc tế Việt Nam 2022.|giải trí|vnexpress.net|unknow
Johnny Depp gây sốt khi trình diễn ở show nhạc|https://vnexpress.net/johnny-depp-gay-sot-khi-trinh-dien-o-show-nhac-4469883.html|https://i1-giaitri.vnecdn.net/2022/05/30/johnny-depp-1653919198-4168-1653919266.jpg?w=300&h=180&q=100&dpr=1&fit=crop&s=TFYa4JRmeELiVGBYG0YYvQ|ANH Tài tử Johnny Depp bất ngờ biểu diễn ở show của Jeff Beck sau khi vụ kiện với Amber Heard kết thúc đối tụng.|giải trí|vnexpress.net|unknow
Khánh Vân - hoa hậu diễn vedette nhiều nhất tuần thời trang|https://vnexpress.net/khanh-van-hoa-hau-dien-vedette-nhieu-nhat-tuan-thoi-trang-4469713.html|https://i1-giaitri.vnecdn.net/2022/05/30/Khanh-Van.jpg?w=300&h=180&q=100&dpr=1&fit=crop&s=efOWyjUyKlJ9AkCt8d1KXg|Hoa hậu Khánh Vân ba lần diễn vedette, một màn first face tại Tuần thời trang Quốc tế Việt Nam 2022, từ ngày 25 đến 29/5.|giải trí|vnexpress.net|unknow
Tranh 'Mona Lisa' bị tạt kem|https://vnexpress.net/tranh-mona-lisa-bi-tat-kem-4469715.html|https://i1-giaitri.vnecdn.net/2022/05/30/toplisa1-1653896816-7276-1653897132.jpg?w=300&h=180&q=100&dpr=1&fit=crop&s=JJpDYfZaHCt2cvQASkuY2g|"PHÁP Một khách tham quan cố phá hủy tấm kính bảo vệ kiệt tác ""Mona Lisa"" nhưng bất thành, sau đó tạt kem bên ngoài bức tranh."|giải trí|vnexpress.net|unknow
Phương Thanh: 'Tôi và Doãn Chí Kiên rất hợp nhau'|https://vnexpress.net/phuong-thanh-toi-va-doan-chi-kien-rat-hop-nhau-4469556.html|https://i1-giaitri.vnecdn.net/2022/05/30/phuongthanh12-1653876444-5143-1653877476.jpg?w=300&h=180&q=100&dpr=1&fit=crop&s=P1LSXpiZlIPQ8c8s6_pW0w|Phương Thanh nói Chí Kiên - chàng trai 9x đóng MV của chị - hiền lành, ân cần, khiến cả hai hợp nhau.|giải trí|vnexpress.net|unknow
'Công chúa Huawei' gây tranh cãi khi đoạt giải ở Cannes|https://vnexpress.net/cong-chua-huawei-gay-tranh-cai-khi-doat-giai-o-cannes-4469528.html|https://i1-giaitri.vnecdn.net/2022/05/30/anns-1653878994-4249-1653879498.jpg?w=300&h=180&q=100&dpr=1&fit=crop&s=UCPRfeTIbZDHyt50PDJnUg|Annabel Yao, con gái nhà sáng lập Huawei Nhậm Chính Phi, gây tranh cãi khi phim ngắn cô đóng thắng giải ở Cannes.|giải trí|vnexpress.net|unknow
Tiểu Vy diện váy áo họa tiết chuồn chuồn|https://vnexpress.net/tieu-vy-dien-vay-ao-hoa-tiet-chuon-chuon-4469913.html|https://i1-giaitri.vnecdn.net/2022/05/30/CHA0228-copy.jpg?w=300&h=180&q=100&dpr=1&fit=crop&s=GjYLMv7ctFD75O0H8LhdNg|Hoa hậu Tiểu Vy diện sáu thiết kế họa tiết chuồn chuồn của Vũ Ngọc và Son trong bộ ảnh chụp ở Hội An.|giải trí|vnexpress.net|unknow
Mẫu nhí 5 lần mở màn tuần thời trang|https://vnexpress.net/mau-nhi-5-lan-mo-man-tuan-thoi-trang-4469789.html|https://i1-giaitri.vnecdn.net/2022/05/30/Bao-Ha-2.jpg?w=300&h=180&q=100&dpr=1&fit=crop&s=kw59cUrRIi610gRghOATMA|Bảo Hà - 13 tuổi - năm lần diễn first face trong tổng 18 bộ sưu tập, gây ấn tượng ở Tuần thời trang Quốc tế Việt Nam 2022.|giải trí|vnexpress.net|unknow
Phim 'Em và Trịnh' chiếu cùng lúc hai phiên bản|https://vnexpress.net/phim-em-va-trinh-chieu-cung-luc-hai-phien-ban-4469634.html|https://i1-giaitri.vnecdn.net/2022/05/30/emvatrinhtop1-1653907708-7970-1653907904.jpg?w=300&h=180&q=100&dpr=1&fit=crop&s=VSiLHng_MOc2tUOyWxjmSw|"""Em và Trịnh"" - phim điện ảnh về Trịnh Công Sơn và những nàng thơ - sẽ ra rạp với hai bản 136 phút và 95 phút."|giải trí|vnexpress.net|unknow
FBI điều tra nghi vấn bảo tàng triển lãm tranh giả|https://vnexpress.net/fbi-dieu-tra-nghi-van-bao-tang-trien-lam-tranh-gia-4469555.html|https://i1-giaitri.vnecdn.net/2022/05/30/jeanmichelbasquiatava-16538929-7846-3978-1653893024.jpg?w=300&h=180&q=100&dpr=1&fit=crop&s=w75BVA_BkKsSxBzA5dU6Eg|MỸ FBI điều tra nguồn gốc tác phẩm của danh họa Jean-Michel Basquiat ở triển lãm tại Bảo tàng Nghệ thuật Orlando.|giải trí|vnexpress.net|unknow
Triệu Lệ Dĩnh - 'nữ hoàng giải trí' Trung Quốc|https://vnexpress.net/trieu-le-dinh-nu-hoang-giai-tri-trung-quoc-4469688.html|https://i1-giaitri.vnecdn.net/2022/05/30/topledinh1-1653890301-4005-1653891690.jpg?w=300&h=180&q=100&dpr=1&fit=crop&s=pRY55SEGT0KeT9bUxASVfA|"Triệu Lệ Dĩnh được mệnh danh ""Nữ hoàng giải trí"" Trung Quốc vì có người xem nhiều nhất trên nền tảng video."|giải trí|vnexpress.net|unknow
H'Hen Niê diện váy cưới đính hàng nghìn viên đá|https://vnexpress.net/h-hen-nie-dien-vay-cuoi-dinh-hang-nghin-vien-da-4469603.html|https://i1-giaitri.vnecdn.net/2022/05/30/BST-Motherland-15-JPG.jpg?w=300&h=180&q=100&dpr=1&fit=crop&s=TbjPhEaXALbQZJUReL_N7A|"Hoa hậu H'Hen Niê hóa cô dâu trong thiết kế đính đá, diễn kết màn bộ sưu tập ""Motherland"" của Linh San."|giải trí|vnexpress.net|unknow
'Top Gun: Maverick' thu 248 triệu USD tuần đầu|https://vnexpress.net/top-gun-maverick-thu-248-trieu-usd-tuan-dau-4469573.html|https://i1-giaitri.vnecdn.net/2022/05/30/TomCruise123-1653879055-7971-1653879135.jpg?w=300&h=180&q=100&dpr=1&fit=crop&s=Qx-DSXQJ1tVeX-Pni-brNw|"""Top Gun: Maverick"" thu 248 triệu USD sau tuần công chiếu, thành tích phim mở màn tốt nhất sự nghiệp của Tom Cruise."|giải trí|vnexpress.net|unknow
Dàn mỹ nhân diện sắc đen dự bế mạc tuần thời trang|https://vnexpress.net/dan-my-nhan-dien-sac-den-du-be-mac-tuan-thoi-trang-4469486.html|https://i1-giaitri.vnecdn.net/2022/05/30/thm17-1653868140-4190-1653868631.jpg?w=300&h=180&q=100&dpr=1&fit=crop&s=RP5vzjI4IqKBPAS76in-Kg|TP HCM Đỗ Thị Hà, Diễm Trang, Phương Nga... cùng diện váy đen tôn dáng, dự thảm đỏ bế mạc Tuần thời trang Quốc tế Việt Nam 2022.|giải trí|vnexpress.net|unknow
Thùy Tiên ngã trên sàn catwalk|https://vnexpress.net/thuy-tien-nga-tren-san-catwalk-4469517.html|https://i1-giaitri.vnecdn.net/2022/05/30/nguyenthucthuytienngakhicawalk-8679-1407-1653872103.jpg?w=300&h=180&q=100&dpr=1&fit=crop&s=4MLcltrowxu2fYKK0QUUsg|TP HCM Hoa hậu Nguyễn Thúc Thùy Tiên ngã khi catwalk ở show của nhà thiết kế Hoàng Hải, hôm 29/5.|giải trí|vnexpress.net|unknow
'One for the Road': Ký ức tình yêu|https://vnexpress.net/giai-tri/phim/thu-vien-phim/one-for-the-road-442?fbclid=IwAR35OS3Jf6R8WdnZBV4Ag7DrjhsUF9MS1Kts7Q5vNx9mGnllkUQlHNXiDMU|https://i1-giaitri.vnecdn.net/2022/05/18/onefortheroad-1652860255-7115-1652866443.jpg?w=300&h=180&q=100&dpr=1&fit=crop&s=KKRR3-4tzqovu9MBK5ECgA|"Aood bị ung thư bạch cầu, đi khắp Thái Lan gặp người yêu cũ lần cuối trước khi qua đời, trong phim ""One for the Road""."|giải trí|vnexpress.net|unknow
Tiến Luật áp lực khi đóng cha đơn thân|https://vnexpress.net/tien-luat-ap-luc-khi-dong-cha-don-than-4469673.html|https://i1-giaitri.vnecdn.net/2022/05/30/tien-luat-1-1653887681-8689-1653887835.jpg?w=300&h=180&q=100&dpr=1&fit=crop&s=VFk_bregQR2DEj6HLfW0SQ|"Diễn viên Tiến Luật từng từ chối khi vợ - Thu Trang - thuyết phục đóng phim ""Dân chơi không sợ con rơi""."|giải trí|vnexpress.net|unknow
Nguyễn Phi Hùng hát về Trường Sa|https://vnexpress.net/nguyen-phi-hung-hat-ve-truong-sa-4468703.html|https://i1-giaitri.vnecdn.net/2022/05/27/nguyenphihungtop-1653625405-5062-1653625498.jpg?w=300&h=180&q=100&dpr=1&fit=crop&s=Gn6lKwWvPiNjYubQxnZkNw|"Nguyễn Phi Hùng thực hiện MV ""Lời gửi Trường Sa"", tặng các chiến sĩ đang ngày đêm bảo vệ biển đảo."|giải trí|vnexpress.net|unknow
