Điểm sâu nhất Nam Đại Dương|https://vnexpress.net/diem-sau-nhat-nam-dai-duong-4475312.html|https://i1-vnexpress.vnecdn.net/2022/06/13/VNESpotJPG-1655089698-3143-1655089766.jpg?w=220&h=132&q=100&dpr=1&fit=crop&s=IZMDXGqG_l0nXoC32oTC0g|Một nhóm nhà khoa học công bố bản đồ chi tiết nhất của đáy biển Nam Đại Dương bao quanh Nam Cực rộng 48 triệu km cùng với điểm sâu nhất trong vùng.|khoa học|vnexpress.net|unknow
Kính thiên văn gương lỏng đầu tiên trên thế giới|https://vnexpress.net/kinh-thien-van-guong-long-dau-tien-tren-the-gioi-4475233.html|https://i1-vnexpress.vnecdn.net/2022/06/12/Kinhthienvanset-1655029835-5185-1655030390.jpg?w=220&h=132&q=100&dpr=1&fit=crop&s=yxGW1d-zRVqHx5WGCz5N1A|ẤN ĐỘKính viễn vọng ILMT chứa hơn 50 lít thủy ngân, tương đương gần 700 kg, và dự kiến tạo ra 10 - 15 GB dữ liệu mỗi đêm.|khoa học|vnexpress.net|unknow
Trung Quốc xây 'ngân hàng gene' gốm sứ cổ đại|https://vnexpress.net/trung-quoc-xay-ngan-hang-gene-gom-su-co-dai-4475323.html|https://i1-vnexpress.vnecdn.net/2022/06/13/nganhanggomsucodai-1655091994-9427-1655093681.jpg?w=220&h=132&q=100&dpr=1&fit=crop&s=_es4VdMck-QgSuKg3Nd2zw|Ngân hàng gene nằm ở thị trấn Cảnh Đức Trấn, tỉnh Giang Tây, sẽ lưu trữ dữ liệu của gần 20 triệu mảnh gốm sứ từ thời cổ đại.|khoa học|vnexpress.net|unknow
Sóc đất Bắc Cực tìm bạn tình sau 8 tháng ngủ đông|https://vnexpress.net/soc-dat-bac-cuc-tim-ban-tinh-sau-8-thang-ngu-dong-4475108.html|https://i1-vnexpress.vnecdn.net/2022/06/12/Socdatset-1655034933-2354-1655035611.jpg?w=220&h=132&q=100&dpr=1&fit=crop&s=qhF6KvvOn_AI8IS2Pi9Edg|ALASKAThức dậy sau giấc ngủ đông dài, sóc đực vừa phải đánh đuổi những kẻ xâm lược lãnh thổ, vừa phải gấp rút tìm bạn tình.|khoa học|vnexpress.net|unknow
Turbine khí đầu tiên trên thế giới chạy hoàn toàn bằng hydro|https://vnexpress.net/turbine-khi-dau-tien-tren-the-gioi-chay-hoan-toan-bang-hydro-4475089.html|https://i1-vnexpress.vnecdn.net/2022/06/12/Turbinekhiset-1655024668-4298-1655025187.jpg?w=220&h=132&q=100&dpr=1&fit=crop&s=XjCYdg7jBms4l695lUoSiA|NA UYNhóm chuyên gia tại Đại học Stavanger tạo ra turbine khí chạy bằng hydro 100%, giúp tận dụng được cơ sở hạ tầng cũ, đồng thời không thải CO2.|khoa học|vnexpress.net|unknow
Tinh thể băng xuất hiện trên cửa sổ trạm vũ trụ|https://vnexpress.net/tinh-the-bang-xuat-hien-tren-cua-so-tram-vu-tru-4475085.html|https://i1-vnexpress.vnecdn.net/2022/06/12/Tinhthebangset-1655009963-5630-1655010400.jpg?w=220&h=132&q=100&dpr=1&fit=crop&s=EBHBtZBFmx2ZNuddUSuwSw|Phi hành gia trên Trạm Vũ trụ Quốc tế (ISS) chụp ảnh tinh thể băng trông như trăng lưỡi liềm trên kính cửa sổ với Trái Đất bên dưới.|khoa học|vnexpress.net|unknow
Lắp ghép hai mảnh kiếm Viking sau 1.200 năm chia tách|https://vnexpress.net/lap-ghep-hai-manh-kiem-viking-sau-1-200-nam-chia-tach-4474361.html|https://i1-vnexpress.vnecdn.net/2022/06/12/KiemViking-1655001649-6963-1655002171.jpg?w=220&h=132&q=100&dpr=1&fit=crop&s=JcZ3ElPN9JHG-IqeWTQMbg|NA UYThanh kiếm cổ bị thiếu lưỡi nhưng có chuôi trang trí kỳ công với nhiều hình khắc tinh xảo và những chi tiết bằng vàng, bạc.|khoa học|vnexpress.net|unknow
Tàu NASA sắp bay qua khí quyển địa ngục của sao Kim|https://vnexpress.net/tau-nasa-sap-bay-qua-khi-quyen-dia-nguc-cua-sao-kim-4475011.html|https://i1-vnexpress.vnecdn.net/2022/06/11/VNEVenus-1654946207-2328-1654946246.jpg?w=220&h=132&q=100&dpr=1&fit=crop&s=nlftfAvrNdUM6xF5MzG-4Q|NASA sẽ phóng một nhiệm vụ bay qua sao Kim và lao xuyên qua khí quyển khắc nghiệt của hành tinh này vào năm 2029.|khoa học|vnexpress.net|unknow
Tàu điện sức kéo 70 tấn sau một lần sạc|https://vnexpress.net/tau-dien-suc-keo-70-tan-sau-mot-lan-sac-4474822.html|https://i1-vnexpress.vnecdn.net/2022/06/11/Taukeoset-1654917407-5355-1654917739.jpg?w=220&h=132&q=100&dpr=1&fit=crop&s=eJ2RvCq9w7GnnSHLrNNLYw|NEW ZEALANDTàu kéo chạy hoàn toàn bằng điện Sparky dự kiến có tuổi thọ 25 năm và giúp giảm khoảng 465 tấn khí thải CO2 mỗi năm.|khoa học|vnexpress.net|unknow
Màu nào hiếm nhất trong tự nhiên?|https://vnexpress.net/mau-nao-hiem-nhat-trong-tu-nhien-4474771.html|https://i1-vnexpress.vnecdn.net/2022/06/10/mau-nao-hiem-nhat-trong-tu-nhien.jpg?w=220&h=132&q=100&dpr=1&fit=crop&s=VuD9JJgzYZTDqdlVK04qJQ|Màu xanh lam nhạt, đỏ óng ánh và tím ít gặp nhất trong thế giới tự nhiên do cách bước sóng ánh sáng tương tác với vật thể.|khoa học|vnexpress.net|unknow
Loài thú có túi đáng sợ nhất từng sống ở Australia|https://vnexpress.net/loai-thu-co-tui-dang-so-nhat-tung-song-o-australia-4474833.html|https://i1-vnexpress.vnecdn.net/2022/06/11/thucotuiThylacoleo-1654945310-6536-1654945679.jpg?w=220&h=132&q=100&dpr=1&fit=crop&s=5jhAraj3o2WEc69jHsC-LQ|Với kích thước tương đương báo đốm và lực cắn mạnh ngang sư tử châu Phi, Thylacoleo từng là nỗi khiếp sợ ở Australia cho đến khi tuyệt chủng.|khoa học|vnexpress.net|unknow
Tàu không người lái 200 tấn lần đầu thử nghiệm trên biển|https://vnexpress.net/tau-khong-nguoi-lai-200-tan-lan-dau-thu-nghiem-tren-bien-4474366.html|https://i1-vnexpress.vnecdn.net/2022/06/11/Taubienset-1654945589-2866-1654946139.jpg?w=220&h=132&q=100&dpr=1&fit=crop&s=J6YivVRPn3qOl3hSIj3adg|Tàu không người lái do Trung Quốc sản xuất dài hơn 40 m, có tốc độ tối đa khoảng 37 km/h và có thể chạy khi biển động.|khoa học|vnexpress.net|unknow
Lỗ hổng ở từ trường Trái Đất sắp biến mất|https://vnexpress.net/lo-hong-o-tu-truong-trai-dat-sap-bien-mat-4474988.html|https://i1-vnexpress.vnecdn.net/2022/06/11/VNEPole-1654939704-9782-1654939823.jpg?w=220&h=132&q=100&dpr=1&fit=crop&s=f3xSMo8GEckdXubnhJUb3Q|Các nhà nghiên cứu dự đoán vùng dị thường ở từ trường Trái Đất sẽ biến mất trong 300 năm tới và hiện tượng đảo cực từ sẽ không xảy ra.|khoa học|vnexpress.net|unknow
Phát hiện loạt mộ cổ chứa gần 200 hiện vật văn hóa|https://vnexpress.net/phat-hien-loat-mo-co-chua-gan-200-hien-vat-van-hoa-4474819.html|https://i1-vnexpress.vnecdn.net/2022/06/11/mocotrungquoc-1654922124-2467-1654922904.jpg?w=220&h=132&q=100&dpr=1&fit=crop&s=Tq2kQddioM2Y-8qB_c41kg|TRUNG QUỐCCác nhà khảo cổ công bố phát hiện hơn 30 ngôi mộ chứa số lượng lớn hiện vật từ nhiều triều đại khác nhau trong lịch sử.|khoa học|vnexpress.net|unknow
Nhật Bản chế tạo robot nhân mã thám hiểm Mặt Trăng|https://vnexpress.net/nhat-ban-che-tao-robot-nhan-ma-tham-hiem-mat-trang-4474358.html|https://i1-vnexpress.vnecdn.net/2022/06/11/RobotMatTrangnhanma-1654928212-7912-1654929101.jpg?w=220&h=132&q=100&dpr=1&fit=crop&s=MRKFrf3Fu4WxGIp5BDQ7kw|Nguyên mẫu robot R1 trang bị 4 chân gắn bánh xe, 2 camera quan sát và 2 tay giống chiếc kẹp có thể thực hiện các động tác linh hoạt.|khoa học|vnexpress.net|unknow
Radar thế hệ mới nhìn xuyên tường|https://vnexpress.net/radar-the-he-moi-nhin-xuyen-tuong-4474806.html|https://i1-vnexpress.vnecdn.net/2022/06/11/VNERadar-1654921382-5238-1654921442.jpg?w=220&h=132&q=100&dpr=1&fit=crop&s=9ZgTXg3BDATIpIYS-k4mRw|ISRAELCông ty Camero-Tech tạo ra thiết bị chụp ảnh di động thế hệ mới với hiệu suất cao, có thể nhìn xuyên tường nhờ công nghệ AI và 3D.|khoa học|vnexpress.net|unknow
Phát hiện xác tàu chiến từng chở vị vua tương lai|https://vnexpress.net/phat-hien-xac-tau-chien-tung-cho-vi-vua-tuong-lai-4474823.html|https://i1-vnexpress.vnecdn.net/2022/06/11/taudam3copy-1654916254-9436-1654916964.jpg?w=220&h=132&q=100&dpr=1&fit=crop&s=k3YmqIIq7YZ5eR_lA1ESqw|ANHViệc tìm thấy con tàu Gloucester bị đắm khi đang chở vị vua tương lai của Anh là một trong những phát hiện hàng hải quan trọng nhất lịch sử.|khoa học|vnexpress.net|unknow
Máy bay vũ trụ tốc độ 11.113 km/h|https://vnexpress.net/may-bay-vu-tru-toc-do-11-113-km-h-4474805.html|https://i1-vnexpress.vnecdn.net/2022/06/11/VNEMach-1654917692-6333-1654917796.jpg?w=220&h=132&q=100&dpr=1&fit=crop&s=W_0wmqTtZwiwsmpnAjM2sA|MỸTại hội nghị UP Summit ở Bentonville, Arkansas, công ty khởi nghiệp Venus Aerospace giới thiệu thiết kế phương tiện siêu thanh đầu tiên mang tên Stargazer.|khoa học|vnexpress.net|unknow
Phát hiện vi nhựa trong tuyết Nam Cực|https://vnexpress.net/phat-hien-vi-nhua-trong-tuyet-nam-cuc-4473940.html|https://i1-vnexpress.vnecdn.net/2022/06/10/Vinhuaset-1654855014-5327-1654855736.jpg?w=220&h=132&q=100&dpr=1&fit=crop&s=3DrlrWJKwgmUFV7ehrGc7g|Các nhà nghiên cứu phát hiện hạt vi nhựa, thứ có thể độc hại với động vật và thực vật, trong 19 mẫu tuyết thu thập ở thềm băng Ross, Nam Cực.|khoa học|vnexpress.net|unknow
Biên phòng 'giải cứu' khỉ mốc và tê tê quý hiếm|https://vnexpress.net/bien-phong-giai-cuu-khi-moc-va-te-te-quy-hiem-4475015.html|https://i1-vnexpress.vnecdn.net/2022/06/11/bienphonggiaicuu-1654947292-4746-1654947467.jpg?w=220&h=132&q=100&dpr=1&fit=crop&s=nwOA7MvK_aKhTx8fzmAdIA|HÀ TĨNHKhỉ mốc và tê tê được Bộ đội Biên phòng Hà Tĩnh giải cứu từ thợ săn, bàn giao cho vườn quốc gia Vũ Quang thả về tự nhiên, chiều 11/6.|khoa học|vnexpress.net|unknow
Gấu mẹ tử chiến với đồng loại để bảo vệ con|https://vnexpress.net/gau-me-tu-chien-voi-dong-loai-de-bao-ve-con-4474362.html|https://i1-vnexpress.vnecdn.net/2022/06/10/VNEBearJPG-1654855407-2513-1654855516.jpg?w=220&h=132&q=100&dpr=1&fit=crop&s=y20qbeJKrK8tpDL2Hmbi7Q|TÂY BAN NHATrong cuộc chiến nhằm bảo vệ con, gấu mẹ và con đực nặng hơn 2 tạ cùng rơi từ độ cao hơn 30 m xuống đất nhưng may mắn sống sót.|khoa học|vnexpress.net|unknow
Cụm 735 hang động Phật giáo trên sa mạc|https://vnexpress.net/cum-735-hang-dong-phat-giao-tren-sa-mac-4474365.html|https://i1-vnexpress.vnecdn.net/2022/06/10/hangdongnghinphat-1654853233-5564-1654853432.jpg?w=220&h=132&q=100&dpr=1&fit=crop&s=DOzkW_lTxyAM-axJeXA_-g|TRUNG QUỐCThiên Phật Động ở tỉnh Cam Túc được mệnh danh là kho báu lớn nhất và phong phú nhất thế giới về nghệ thuật Phật giáo.|khoa học|vnexpress.net|unknow
Đường hầm có thể tạo ra gió mạnh 370 km/h|https://vnexpress.net/duong-ham-co-the-tao-ra-gio-manh-370-km-h-4473899.html|https://i1-vnexpress.vnecdn.net/2022/06/10/VNEMIT-1654857636-9455-1654857681.jpg?w=220&h=132&q=100&dpr=1&fit=crop&s=-VEzr7vJ7AfC7d8rrfSzqQ|MỸViện Công nghệ Massachusetts (MIT) hôm 8/10 công bố đường hầm gió mới hiện đại thay thế phiên bản tiền nhiệm đã 80 năm tuổi.|khoa học|vnexpress.net|unknow
Airbus dự định xây nhà máy vệ tinh trên vũ trụ|https://vnexpress.net/airbus-du-dinh-xay-nha-may-ve-tinh-tren-vu-tru-4473900.html|https://i1-vnexpress.vnecdn.net/2022/06/10/Nhamayvutru-1654848487-1568-1654849139.jpg?w=220&h=132&q=100&dpr=1&fit=crop&s=h7SUJgKIyGXTFUsCywlXfQ|Airbus sẽ phóng máy in 3D kim loại đầu tiên lên Trạm Vũ trụ Quốc tế năm sau, mở đầu cho kế hoạch thành lập nhà máy ngoài không gian.|khoa học|vnexpress.net|unknow
Lưu trữ năng lượng tái tạo bằng pin CO2|https://vnexpress.net/luu-tru-nang-luong-tai-tao-bang-pin-co2-4474351.html|https://i1-vnexpress.vnecdn.net/2022/06/10/VNEDomeJPG-1654843441-1788-1654843500.jpg?w=220&h=132&q=100&dpr=1&fit=crop&s=B3fwd5Ha51vnKOOSQU4agg|ITALYPin CO2 này có thể lưu trữ năng lượng tái tạo trong thời gian dài và giải phóng nhanh chóng ở chi phí chưa đến một nửa so với pin lithium cỡ lớn.|khoa học|vnexpress.net|unknow
Ngón tay robot bọc da sống|https://vnexpress.net/ngon-tay-robot-boc-da-song-4473901.html|https://i1-vnexpress.vnecdn.net/2022/06/10/Robotdasong-1654837870-2999-1654838747.jpg?w=220&h=132&q=100&dpr=1&fit=crop&s=z0tWBVr7OzRjh-whMmhMNg|NHẬT BẢNNhóm chuyên gia tại Đại học Tokyo chế tạo da từ tế bào sống của người, mang lại cho ngón tay robot cảm giác giống thật hơn.|khoa học|vnexpress.net|unknow
NASA bắt đầu nghiên cứu UFO|https://vnexpress.net/nasa-bat-dau-nghien-cuu-ufo-4474350.html|https://i1-vnexpress.vnecdn.net/2022/06/10/VNEUFOJPG-1654836249-2810-1654836372.jpg?w=220&h=132&q=100&dpr=1&fit=crop&s=JKFmSUfG-iyOFQtQ6YnN9g|MỸNASA thông báo kế hoạch nghiên cứu UFO theo hướng khoa học trước khi công bố phát hiện trong một báo cáo công khai.|khoa học|vnexpress.net|unknow
Hóa thạch khủng long mặt cá sấu dài hơn 10 m|https://vnexpress.net/hoa-thach-khung-long-mat-ca-sau-dai-hon-10-m-4474349.html|https://i1-vnexpress.vnecdn.net/2022/06/10/CaptureJPG-1654829733-1176-1654829814.jpg?w=220&h=132&q=100&dpr=1&fit=crop&s=a0RN_2h5hYabmqv2CcQSOg|Một loài khủng long xương gai khổng lồ từng lang thang kiếm ăn ở khu vực ngày nay là nước Anh cách đây 125 triệu năm là động vật ăn thịt lớn nhất châu Âu.|khoa học|vnexpress.net|unknow
Kính cửa sổ trên tàu Thần Châu 14|https://vnexpress.net/kinh-cua-so-tren-tau-than-chau-14-4474369.html|https://i1-vnexpress.vnecdn.net/2022/06/10/Kinhcuasoset-1654831488-3848-1654831661.jpg?w=220&h=132&q=100&dpr=1&fit=crop&s=JQaBT90arMqUgNaYAaSDUg|TRUNG QUỐCCửa sổ của tàu Thần Châu 14 được làm từ loại kính đặc biệt với khả năng chịu được mức nhiệt 1.000 độ C và lượng bức xạ lớn.|khoa học|vnexpress.net|unknow
Lần đầu theo dõi trọn vẹn cuộc di cư của cá voi trơn|https://vnexpress.net/lan-dau-theo-doi-tron-ven-cuoc-di-cu-cua-ca-voi-tron-4474380.html|https://i1-vnexpress.vnecdn.net/2022/06/10/cavoidicu-1654831208-1749-1654831431.jpg?w=220&h=132&q=100&dpr=1&fit=crop&s=OqgcEMSXhY4p0RwLC6ppng|Cuộc di cư dài 18.087 km của mẹ con cá voi trơn phương nam được kể lại trong báo cáo mới của Hiệp hội Bảo tồn Động vật Hoang dã.|khoa học|vnexpress.net|unknow
Những bản sao AI 'hồi sinh' người đã chết|https://vnexpress.net/nhung-ban-sao-ai-hoi-sinh-nguoi-da-chet-4472477.html|https://i1-vnexpress.vnecdn.net/2022/06/09/Chatbotset-1654772846-7504-1654775635.jpg?w=300&h=180&q=100&dpr=1&fit=crop&s=pm_YsJnD8NNwo83BzsAeJg|Công nghệ AI phát triển có thể tạo ra những bản sao thay người đã chết sống tiếp, trò chuyện với người thân hay thậm chí điều hành công ty.|khoa học|vnexpress.net|unknow
Sáng chế cần gạt nước ôtô nhờ cái chớp mắt|https://vnexpress.net/sang-che-can-gat-nuoc-oto-nho-cai-chop-mat-4474204.html|https://i1-vnexpress.vnecdn.net/2022/06/09/cangatmua-1654765413-1275-1654765430.jpg?w=300&h=180&q=100&dpr=1&fit=crop&s=10yH1Tmvc2Y0fu5HNzQ5NA|MỸKỹ sư Robert Kearns (1927-2005) đã sáng chế ra cần gạt nước ôtô nhờ quan sát chuyển động của đôi mắt và từng dành phần lớn cuộc đời mình để đòi lại bản quyền.|khoa học|vnexpress.net|unknow
Kết nối 5 tỉnh Tây Nguyên đưa sản phẩm nông sản ra thị trường|https://vnexpress.net/ket-noi-5-tinh-tay-nguyen-dua-san-pham-nong-san-ra-thi-truong-4473645.html|https://i1-vnexpress.vnecdn.net/2022/06/10/thu-hoach-cafe-1654844184-8295-1654844258.jpg?w=300&h=180&q=100&dpr=1&fit=crop&s=-pfQwEClmIRxdXTrc-XfWw|Diễn đàn Đổi mới sáng tạo cụm khu vực Tây Nguyên khai mạc ngày 10/6 nhằm tìm kiếm giải pháp cho các ngành nông nghiệp tại Đắk Lắk, Đắk Nông, Gia Lai, Kon Tum và Lâm Đồng.|khoa học|vnexpress.net|unknow
Phát hiện hành vi giao phối bầy đàn ở côn trùng|https://vnexpress.net/phat-hien-hanh-vi-giao-phoi-bay-dan-o-con-trung-4473916.html|https://i1-vnexpress.vnecdn.net/2022/06/09/phudugiaophoicopy-1654771765-9454-1654772471.jpg?w=300&h=180&q=100&dpr=1&fit=crop&s=3IhAYh1gino-quXKWk15MQ|Các nhà khoa học Trung Quốc hôm 7/6 công bố phát hiện bằng chứng sớm nhất về hành vi giao phối bầy đàn ở côn trùng trong hóa thạch 180 triệu năm.|khoa học|vnexpress.net|unknow
Đo tuổi cây già nhất thế giới|https://vnexpress.net/do-tuoi-cay-gia-nhat-the-gioi-4473923.html|https://i1-vnexpress.vnecdn.net/2022/06/09/caygianhatgranabuelo-165476523-1821-2782-1654766345.jpg?w=300&h=180&q=100&dpr=1&fit=crop&s=5KSUb8WBdEp6HPNZxEEj9A|CHILENghiên cứu mới cho thấy cây bách cổ thụ Gran Abuelo trong Vườn quốc gia Alerce Costero có thể đã nảy mầm từ 5.400 năm trước.|khoa học|vnexpress.net|unknow
Tàu 5 tấn lái bằng AI vượt qua Đại Tây Dương|https://vnexpress.net/tau-5-tan-lai-bang-ai-vuot-qua-dai-tay-duong-4473904.html|https://i1-vnexpress.vnecdn.net/2022/06/09/VNEMay-1654767835-1215-1654767898.jpg?w=300&h=180&q=100&dpr=1&fit=crop&s=aVgY1vlD4PkrqKxkJSIMAA|Sau một số trục trặc kỹ thuật, tàu nghiên cứu tự động Mayflower đã vượt Đại Tây Dương thành công, hoàn thành hành trình 5.600 km và cập bờ tại Halifax, Nova Scotia, vào ngày 5/6.|khoa học|vnexpress.net|unknow
Tượng Phật nghìn năm mạ vàng bạc|https://vnexpress.net/tuong-phat-nghin-nam-ma-vang-bac-4473917.html|https://i1-vnexpress.vnecdn.net/2022/06/09/CaptureJPG-1654750462-9286-1654750584.jpg?w=300&h=180&q=100&dpr=1&fit=crop&s=O-kcyLJ8IX_bWFX0URKI1w|TRUNG QUỐCCác nhà khảo cổ học nhận thấy pho tượng Đại Phật Như Lai khổng lồ trong hang đá Long Môn ở Hà Nam có thể từng được mạ vàng, bạc và nạm thủy tinh màu.|khoa học|vnexpress.net|unknow
Ngà voi ma mút cổ đại nhô ra khỏi bờ sông|https://vnexpress.net/nga-voi-ma-mut-co-dai-nho-ra-khoi-bo-song-4473902.html|https://i1-vnexpress.vnecdn.net/2022/06/09/Ngavoimamutset-1654750177-4118-1654750699.jpg?w=300&h=180&q=100&dpr=1&fit=crop&s=vE7mO8Dqk4TKLMCbTBEtDg|MỸNgà voi ma mút lông xoăn, loài vật tuyệt chủng khoảng 3.600 năm trước, nằm ở vị trí bấp bênh và được quấn dây thừng để tránh rơi xuống nước.|khoa học|vnexpress.net|unknow
Trung Quốc công bố bản đồ Mặt Trăng chi tiết nhất|https://vnexpress.net/trung-quoc-cong-bo-ban-do-mat-trang-chi-tiet-nhat-4473912.html|https://i1-vnexpress.vnecdn.net/2022/06/09/BandoMTset-1654743867-9683-1654744144.jpg?w=300&h=180&q=100&dpr=1&fit=crop&s=zkZBDRQOqrHkBehfK2Cnrg|Trung Quốc tung ra bản đồ địa hình Mặt Trăng mới với tỷ lệ 1:2.500.000 chi tiết nhất đến nay, hé lộ nhiều loại đá và hố va chạm.|khoa học|vnexpress.net|unknow
Thiên thạch đâm trúng kính viễn vọng James Webb|https://vnexpress.net/thien-thach-dam-trung-kinh-vien-vong-james-webb-4473894.html|https://i1-vnexpress.vnecdn.net/2022/06/09/VNEWebbJPG-1654744851-1521-1654744897.jpg?w=300&h=180&q=100&dpr=1&fit=crop&s=foLSZi44fczXWAG7umZ_JQ|Kính viễn vọng không gian James Webb của NASA trải qua hai vụ va chạm liên tiếp với những mẩu thiên thạch nhỏ trong lúc chuẩn bị quan sát khoa học.|khoa học|vnexpress.net|unknow
Hơn 150 triệu con bướm thoát khỏi kén|https://vnexpress.net/hon-150-trieu-con-buom-thoat-khoi-ken-4473911.html|https://i1-vnexpress.vnecdn.net/2022/06/09/buomthoatrakhoiken-1654743128-6069-1654743227.jpg?w=300&h=180&q=100&dpr=1&fit=crop&s=gteLGfBnAHmjNewiN9rH5g|TRUNG QUỐCVào tháng 5 và tháng 6 hàng năm, số lượng bướm tăng đột biến dưới một thung lũng ở tỉnh Vân Nam, tạo nên cảnh tượng rất ngoạn mục.|khoa học|vnexpress.net|unknow
Phòng lab Việt kiều|https://vnexpress.net/phong-lab-viet-kieu-4472037.html|https://i1-vnexpress.vnecdn.net/2022/06/04/11JPG-1654321600-8155-1654322045.jpg?w=300&h=180&q=100&dpr=1&fit=crop&s=aJT8tjeGXczT_L23WDq-GQ|TP HCMMô hình phòng Lab do Công viên phần mềm Quang Trung mở ra thu hút các nhà khoa học Việt kiều phát triển công nghệ, thương mại hóa sản phẩm.|khoa học|vnexpress.net|unknow
Điều gì sẽ xảy ra nếu Mặt Trời biến thành sao xanh?|https://vnexpress.net/dieu-gi-se-xay-ra-neu-mat-troi-bien-thanh-sao-xanh-4472989.html|https://i1-vnexpress.vnecdn.net/2022/06/07/mattroibienthanhsaoxanh-165459-4489-1505-1654596324.jpg?w=300&h=180&q=100&dpr=1&fit=crop&s=mhFF_VdVcHY0JSiETHoocA|Nếu Mặt Trời của chúng ta trở thành ngôi sao xanh khổng lồ, nhiệt độ và bức xạ cực tím của nó sẽ hủy diệt sự sống trên Trái Đất.|khoa học|vnexpress.net|unknow
Bẫy nhựa trên sông ô nhiễm|https://vnexpress.net/bay-nhua-tren-song-o-nhiem-4473908.html|https://i1-vnexpress.vnecdn.net/2022/06/09/bayracthainhuatrenconsongonhie-6036-3606-1654749431.jpg?w=300&h=180&q=100&dpr=1&fit=crop&s=ot2oO2jur9MhnaBgXqknZA|GUATEMALATổ chức The Ocean Cleanup của Hà Lan đang tìm cách giữ lại hàng nghìn tấn nhựa chảy vào biển Caribe mỗi năm qua sông Las Vacas.|khoa học|vnexpress.net|unknow
Volocopter thử nghiệm thành công taxi bay chặng dài|https://vnexpress.net/volocopter-thu-nghiem-thanh-cong-taxi-bay-chang-dai-4473414.html|https://i1-vnexpress.vnecdn.net/2022/06/08/VNEVoloJPG-1654684427-9353-1654684720.jpg?w=300&h=180&q=100&dpr=1&fit=crop&s=edvMrehybcAyK0ZLk3OcyQ|ĐỨCMẫu taxi bay điện cất hạ cánh thẳng đứng VoloConnect do công ty Volocopter ở Bruchsal thực hiện thành công chuyến bay đầu tiên vào tháng trước.|khoa học|vnexpress.net|unknow
Startup Trung Quốc hé lộ nguyên mẫu taxi bay 300 km/h|https://vnexpress.net/startup-trung-quoc-he-lo-nguyen-mau-taxi-bay-300-km-h-4472971.html|https://i1-vnexpress.vnecdn.net/2022/06/08/Videotaxibay-1654658612-7946-1654659306.jpg?w=300&h=180&q=100&dpr=1&fit=crop&s=-OnWYao6DrVtWXt94f3X-g|Nguyên mẫu taxi bay với kích thước bằng 1/2 phiên bản thật của công ty Pantuo Aviation hoàn thành các thử nghiệm về thiết kế và hệ thống bay.|khoa học|vnexpress.net|unknow
Người hùng thầm lặng trong sứ mệnh Apollo lịch sử|https://vnexpress.net/nguoi-hung-tham-lang-trong-su-menh-apollo-lich-su-4473431.html|https://i1-vnexpress.vnecdn.net/2022/06/08/margarethamiltoncovere15647288-4282-1957-1654689294.jpg?w=300&h=180&q=100&dpr=1&fit=crop&s=LweKd9Fpp2-X5tv-yTtAVw|Kỹ sư phần mềm Margaret Hamilton có công rất lớn giúp các phi hành gia Apollo 11 hạ cánh xuống Mặt Trăng và trở về Trái Đất an toàn.|khoa học|vnexpress.net|unknow
Phát hiện dòng sông dài 10,5 km chứa đầy sinh vật dưới băng|https://vnexpress.net/phat-hien-dong-song-dai-10-5-km-chua-day-sinh-vat-duoi-bang-4473416.html|https://i1-vnexpress.vnecdn.net/2022/06/08/SongbangNamCuc-1654682614-5216-1654683368.jpg?w=300&h=180&q=100&dpr=1&fit=crop&s=15IfCbtQ4uzk5DESmfm2Mg|CHÂU NAM CỰCKhi đưa camera xuống độ sâu hàng trăm m dưới thềm băng, các chuyên gia kinh ngạc phát hiện nhiều sinh vật sống ở nơi tối tăm này.|khoa học|vnexpress.net|unknow
Viện Hải dương học Nha Trang lai tạo thành công cá hề nemo|https://vnexpress.net/vien-hai-duong-hoc-nha-trang-lai-tao-thanh-cong-ca-he-nemo-4473761.html|https://i1-vnexpress.vnecdn.net/2022/06/08/canemo-2-1654680821-1654680863-8569-1654681071.jpg?w=300&h=180&q=100&dpr=1&fit=crop&s=QQ9dTbgtOncgFwpCrFCBBw|KHÁNH HÒALần đầu tiên các nhà nghiên cứu trong nước lai tạo thành công đàn cá nemo, trong đó có những dòng đột biến bán 300.000 - 1 triệu đồng mỗi con.|khoa học|vnexpress.net|unknow
Nguyên mẫu motor bay tốc độ 805 km/h|https://vnexpress.net/nguyen-mau-motor-bay-toc-do-805-km-h-4473215.html|https://i1-vnexpress.vnecdn.net/2022/06/08/VNEMaymanJPG-1654670553-6177-1654670650.jpg?w=300&h=180&q=100&dpr=1&fit=crop&s=8pH-5wsMVZbtukv1pKRDSg|Nguyên mẫu P2 Speeder của JetPack Aviation có thể mang tới 450 kg hàng hóa qua quãng đường dài, hứa hẹn nhiều ứng dụng trong quốc phòng, chở hàng, cứu hỏa và cứu trợ.|khoa học|vnexpress.net|unknow
Thước phim chưa từng có về con tàu đắm chứa đầy báu vật|https://vnexpress.net/thuoc-phim-chua-tung-co-ve-con-tau-dam-chua-day-bau-vat-4473421.html|https://i1-vnexpress.vnecdn.net/2022/06/08/TAUDAM-1654673417-2637-1654674115.jpg?w=300&h=180&q=100&dpr=1&fit=crop&s=oW8iA03kXx8h-xe0vCPbhQ|Colombia hôm 6/6 tiết lộ những cảnh quay chưa từng được công bố về con tàu đắm San Jose huyền thoại, mang theo của cải trị giá hàng tỷ USD.|khoa học|vnexpress.net|unknow
Sói cái trốn đàn để ghép đôi|https://vnexpress.net/soi-cai-tron-dan-de-ghep-doi-4472980.html|https://i1-vnexpress.vnecdn.net/2022/06/08/Soicaiducset-1654664673-3881-1654664923.jpg?w=300&h=180&q=100&dpr=1&fit=crop&s=oiJUZ-CtYpMXIHw4_qwJow|Tranh thủ lúc cả đàn mải đối phó với bò rừng bison, sói cái lẻn ra ngoài để ghép đôi với con đực nhưng sau đó bị phát hiện.|khoa học|vnexpress.net|unknow
Nhà máy điện mặt trời đầu tiên trong vũ trụ|https://vnexpress.net/nha-may-dien-mat-troi-dau-tien-trong-vu-tru-4473216.html|https://i1-vnexpress.vnecdn.net/2022/06/08/CaptureJPG-1654658339-8197-1654658412.jpg?w=300&h=180&q=100&dpr=1&fit=crop&s=IWVbzuP4Dv8bJ0hJ6tZlUw|Trung Quốc lên kế hoạch xây dựng nhà máy điện mặt trời trong không gian vào năm 2028, truyền điện không dây từ độ cao 400 km.|khoa học|vnexpress.net|unknow
Phát hiện mộ quý tộc chứa hài cốt phụ nữ mang thai|https://vnexpress.net/phat-hien-mo-quy-toc-chua-hai-cot-phu-nu-mang-thai-4473424.html|https://i1-vnexpress.vnecdn.net/2022/06/08/langmochuahaicotphunumangthaic-6402-7523-1654657723.jpg?w=300&h=180&q=100&dpr=1&fit=crop&s=kghaGoDH-X4Q_ezkvF5kEw|Các nhà khảo cổ Trung Quốc công bố phát hiện một lăng mộ có niên đại cách đây khoảng 2.500 năm ở huyện Tương Phần, tỉnh Sơn Tây.|khoa học|vnexpress.net|unknow
Giáo sư người Việt được Hiệp hội Hóa học Hoàng gia Anh vinh danh|https://vnexpress.net/giao-su-nguoi-viet-duoc-hiep-hoi-hoa-hoc-hoang-gia-anh-vinh-danh-4473298.html|https://i1-vnexpress.vnecdn.net/2022/06/07/ipiccyimage1-1654599759-165459-5476-8594-1654600107.jpg?w=300&h=180&q=100&dpr=1&fit=crop&s=l2Sq703THYfHKHpKp0U4UA|GS Nguyễn Thị Kim Thanh là một trong ba nhà khoa học giành giải thưởng Interdisciplinary Prize 2022 với đóng góp liên ngành trong nghiên cứu về ứng dụng y sinh.|khoa học|vnexpress.net|unknow
Bắc Cực hay Nam Cực lạnh hơn?|https://vnexpress.net/bac-cuc-hay-nam-cuc-lanh-hon-4472464.html|https://i1-vnexpress.vnecdn.net/2022/06/06/VNEPoleJPG-1654490318-8396-1654490543.jpg?w=300&h=180&q=100&dpr=1&fit=crop&s=UYP6YdSDScgsO2nvVFYIKg|Bắc Cực và Nam Cực đều có khí hậu lạnh lẽo nhưng Nam Cực vẫn lạnh hơn cả với nhiệt độ trung bình từ -28 độ C đến -60 độ C.|khoa học|vnexpress.net|unknow
Báo săn non bắt chước cách săn mồi của mẹ|https://vnexpress.net/bao-san-non-bat-chuoc-cach-san-moi-cua-me-4472978.html|https://i1-vnexpress.vnecdn.net/2022/06/07/VNECub-1654593057-5723-1654593250.jpg?w=300&h=180&q=100&dpr=1&fit=crop&s=zWbrxpXrrC-UQNjqr18l9g|ZAMBIATrước khi con non trưởng thành, báo mẹ đã dạy cho nó tất cả kỹ năng săn mồi cần thiết để sinh tồn.|khoa học|vnexpress.net|unknow
Tái tạo kỹ thuật sản xuất dầu olive của người Ai Cập cổ đại|https://vnexpress.net/tai-tao-ky-thuat-san-xuat-dau-olive-cua-nguoi-ai-cap-co-dai-4472966.html|https://i1-vnexpress.vnecdn.net/2022/06/07/VNEOilJPG-1654596836-8055-1654596925.jpg?w=300&h=180&q=100&dpr=1&fit=crop&s=lRTWnSAC0m_NA81IBrcvsg|Các nhà nghiên cứu tạo ra được một loại dầu olive giống dầu chất lượng cao ngày nay bằng phương pháp vặn xoắn cách đây hơn 4.000 năm.|khoa học|vnexpress.net|unknow
Trực thăng NASA chống chọi với mùa đông sao Hỏa|https://vnexpress.net/truc-thang-nasa-chong-choi-voi-mua-dong-sao-hoa-4472965.html|https://i1-vnexpress.vnecdn.net/2022/06/07/CaptureJPG-1654577810-3479-1654577886.jpg?w=300&h=180&q=100&dpr=1&fit=crop&s=b2RqKmu2huaV5VJuVaFjaQ|Mùa đông khắc nghiệt trên sao Hỏa khiến trực thăng Ingenuity không thể sạc đầy bộ pin và các kỹ sư NASA đang tìm cách giúp phương tiện tiếp tục hoạt động.|khoa học|vnexpress.net|unknow
Tại sao Leonard da Vinci vừa là nhà khoa học vừa là nghệ sĩ?|https://vnexpress.net/tai-sao-leonard-da-vinci-vua-la-nha-khoa-hoc-vua-la-nghe-si-4472816.html|https://i1-vnexpress.vnecdn.net/2022/06/06/LeonarddaVinci-1654507585-2687-1654507622.jpg?w=300&h=180&q=100&dpr=1&fit=crop&s=FJ78sZOo4yW4AEEbyfOV6A|ITALYLeonard da Vinci không chỉ là nghệ sĩ vĩ đại mà còn là nhà khoa học bởi các tác phẩm của ông có sự kết hợp các lĩnh vực toán học, vật lý, hóa, sinh học...|khoa học|vnexpress.net|unknow
Tảng đá kẹt trong robot thăm dò sao Hỏa suốt 4 tháng|https://vnexpress.net/tang-da-ket-trong-robot-tham-do-sao-hoa-suot-4-thang-4472979.html|https://i1-vnexpress.vnecdn.net/2022/06/07/robotsaohoa2-1654575064-2078-1654575343.jpg?w=300&h=180&q=100&dpr=1&fit=crop&s=SuJMYeZiIC5cJKLsG8c1YA|Một tảng đá nhỏ đã lọt vào bánh trước của robot thăm dò Perseverance và trở thành bạn đồng hành trong suốt hành trình dài hơn 8,5 km.|khoa học|vnexpress.net|unknow
Tòa văn phòng 40 triệu USD phủ kín pin mặt trời|https://vnexpress.net/toa-van-phong-40-trieu-usd-phu-kin-pin-mat-troi-4472969.html|https://i1-vnexpress.vnecdn.net/2022/06/07/Toavanphong-1654572974-8845-1654573249.jpg?w=300&h=180&q=100&dpr=1&fit=crop&s=Kj4M15mINqlNPiJjuBA1mg|Tòa văn phòng 8 tầng phủ đầy pin mặt trời đầu tiên ở Australia dự kiến mở cửa giữa năm 2023, giúp giảm 77 tấn CO2 mỗi năm.|khoa học|vnexpress.net|unknow
Lóa Mặt Trời lớn gấp 19 lần Trái Đất|https://vnexpress.net/loa-mat-troi-lon-gap-19-lan-trai-dat-4472964.html|https://i1-vnexpress.vnecdn.net/2022/06/07/VNEFlare-1654571855-3251-1654571899.jpg?w=300&h=180&q=100&dpr=1&fit=crop&s=HybkkVVTUXniribbmW7B3g|Video timelapse của một nhiếp ảnh gia người Mỹ ghi lại 2 vết lóa cực mạnh xuất hiện trên bề mặt Mặt Trời.|khoa học|vnexpress.net|unknow
Trung Quốc dẫn đầu thế giới về bằng sáng chế 5G|https://vnexpress.net/trung-quoc-dan-dau-the-gioi-ve-bang-sang-che-5g-4472976.html|https://i1-vnexpress.vnecdn.net/2022/06/07/bangsangche-1654569334-2252-1654569740.jpg?w=300&h=180&q=100&dpr=1&fit=crop&s=MxXhmy5jEb0He99Xpj2ZaA|Các tuyên bố bằng sáng chế thiết yếu tiêu chuẩn 5G của Trung Quốc hiện chiếm gần 40% tổng số toàn cầu, theo một báo cáo hôm 6/6.|khoa học|vnexpress.net|unknow
Tê giác tiền sử khổng lồ có sừng dài tới 3 m|https://vnexpress.net/te-giac-tien-su-khong-lo-co-sung-dai-toi-3-m-4472484.html|https://i1-vnexpress.vnecdn.net/2022/06/06/tegiackhonglo-1654513019-2527-1654513048.jpg?w=300&h=180&q=100&dpr=1&fit=crop&s=HRXrD5x2Ce22XIWsEmzhzw|Với chiếc sừng lớn nhất trong tất cả các loài tê giác, Elasmotherium sẵn sàng chiến đấu với mọi kẻ săn mồi để bảo vệ con non.|khoa học|vnexpress.net|unknow
PGS Việt phát triển thiết bị giao tiếp cho người mất khả năng nói|https://vnexpress.net/pgs-viet-phat-trien-thiet-bi-giao-tiep-cho-nguoi-mat-kha-nang-noi-4471747.html|https://i1-vnexpress.vnecdn.net/2022/06/03/img6552-1654254632-1654254647-3639-1654255319.jpg?w=300&h=180&q=100&dpr=1&fit=crop&s=OKbBuR_kmcsmMmka0zbwgg|PGS Lê Thanh Hà (42 tuổi) cùng cộng sự phát triển hệ thống BLife giúp bệnh nhân dùng mắt điều khiển thiết bị để giao tiếp khi không thể nói và cử động.|khoa học|vnexpress.net|unknow
Có nên tắm khi giông sét?|https://vnexpress.net/co-nen-tam-khi-giong-set-4472489.html|https://i1-vnexpress.vnecdn.net/2022/06/06/Bontamsetdanh-1654510450-3629-1654511595.jpg?w=300&h=180&q=100&dpr=1&fit=crop&s=bMs6oSINkArxfMENlCHJCw|Khi tắm trong nhà, con người không thể bị sét đánh trực tiếp nhưng vẫn có nguy cơ bị tấn công qua các đường ống nước.|khoa học|vnexpress.net|unknow
Cú tuyết và cáo săn chuột lemming|https://vnexpress.net/cu-tuyet-va-cao-san-chuot-lemming-4472348.html|https://i1-vnexpress.vnecdn.net/2022/06/05/VNEHunt-1654424298-3156-1654424319.jpg?w=300&h=180&q=100&dpr=1&fit=crop&s=MW9l3kcyoDh7isOJKTMz2g|Nhờ số lượng chuột lemming dồi dào vào đúng mùa sinh sản, cú tuyết và cáo có thể sống sót qua mùa đông khắc nghiệt ở Bắc Cực và kiếm đủ thức ăn cho đàn con.|khoa học|vnexpress.net|unknow
Robot nano tiêu diệt vi khuẩn quanh vết thương|https://vnexpress.net/robot-nano-tieu-diet-vi-khuan-quanh-vet-thuong-4472462.html|https://i1-vnexpress.vnecdn.net/2022/06/06/VNEBot-1654510935-5813-1654511079.jpg?w=300&h=180&q=100&dpr=1&fit=crop&s=QupAKnvA4e3UxkF9jPkIBQ|Các nhà nghiên cứu tạo ra những hạt tự động di chuyển nhờ motor protein giúp vận chuyển thuốc qua dịch cơ thể.|khoa học|vnexpress.net|unknow
Đường cao tốc 'không carbon' xuyên sa mạc lớn nhất Trung Quốc|https://vnexpress.net/duong-cao-toc-khong-carbon-xuyen-sa-mac-lon-nhat-trung-quoc-4471460.html|https://i1-vnexpress.vnecdn.net/2022/06/06/duongcaotoctrunghoacarboncopy-5630-6113-1654505321.jpg?w=300&h=180&q=100&dpr=1&fit=crop&s=dd31ltexd6flfBk18LknGw|Vành đai cây xanh được tưới nước bằng hệ thống bơm điện mặt trời giúp trung hòa khí thải từ phương tiện trên đường cao tốc xuyên sa mạc Taklimakan.|khoa học|vnexpress.net|unknow
NASA sẽ nghiên cứu vòm đá bí ẩn trên Mặt Trăng|https://vnexpress.net/nasa-se-nghien-cuu-vom-da-bi-an-tren-mat-trang-4472463.html|https://i1-vnexpress.vnecdn.net/2022/06/06/VNEDome-1654505279-8075-1654505338.jpg?w=300&h=180&q=100&dpr=1&fit=crop&s=UIHflCZuBEMLSNq1CBCQ7A|NASA sẽ điều khiển thiết bị thăm dò khám phá vòm đá tạo thành từ magma ở Mặt Trăng có cấu tạo khác hẳn khu vực xung quanh, theo thông báo hôm 2/6.|khoa học|vnexpress.net|unknow
Trung Quốc trồng hơn 6.500 kg hạt giống cây ở mỏ đá|https://vnexpress.net/trung-quoc-trong-hon-6-500-kg-hat-giong-cay-o-mo-da-4472482.html|https://i1-vnexpress.vnecdn.net/2022/06/06/Modacayxanh-1654500619-8216-1654501269.jpg?w=300&h=180&q=100&dpr=1&fit=crop&s=IgRgXZhOeUhYMToCWZlrrw|Sau thời gian khai thác đá ảnh hưởng nghiêm trọng đến môi trường, mỏ đá ở núi Tần Lĩnh được lấp đất trồng cây nhằm cải thiện sinh thái.|khoa học|vnexpress.net|unknow
Rùa khổng lồ bạch tạng quý hiếm|https://vnexpress.net/rua-khong-lo-bach-tang-quy-hiem-4472472.html|https://i1-vnexpress.vnecdn.net/2022/06/06/ruakhonglobachtang-1654491131-1863-1654491511.jpg?w=300&h=180&q=100&dpr=1&fit=crop&s=Mmp3QC1EWU0SeoOIl6FDrw|THỤY SĨVườn bách thú Tropiquarium hôm 3/6 ra mắt công chúng một con rùa khổng lồ Galapagos có cơ thể màu trắng hiếm thấy.|khoa học|vnexpress.net|unknow
Nồng độ CO2 trong khí quyển tăng cao kỷ lục|https://vnexpress.net/nong-do-co2-trong-khi-quyen-tang-cao-ky-luc-4472470.html|https://i1-vnexpress.vnecdn.net/2022/06/06/CO2copy-1654484312-2530-1654484706.jpg?w=300&h=180&q=100&dpr=1&fit=crop&s=cSOjfC4Ow4kketRVmaWYTg|Nghiên cứu mới cho thấy nồng độ CO2 trong khí quyển vào tháng 5 đã đạt ngưỡng 420 ppm, cao hơn 50% so với thời kỳ tiền công nghiệp.|khoa học|vnexpress.net|unknow
Tàu chở khí đốt 122.000 tấn tự lái qua Thái Bình Dương|https://vnexpress.net/tau-cho-khi-dot-122-000-tan-tu-lai-qua-thai-binh-duong-4472488.html|https://i1-vnexpress.vnecdn.net/2022/06/06/CaptureJPG-1654484481-5879-1654484543.jpg?w=300&h=180&q=100&dpr=1&fit=crop&s=xhN_I8ab6NWudWdFumXRqg|HD Hyundai thông báo Prism Courage, tàu siêu nặng chở khí tự nhiên do công ty con Avikus vận hành, trở thành tàu lớn đầu tiên chạy tự động hơn 10.000 km trên đại dương.|khoa học|vnexpress.net|unknow
Cá chuồn bay chạy trốn cốc biển và cá nục|https://vnexpress.net/ca-chuon-bay-chay-tron-coc-bien-va-ca-nuc-4472341.html|https://i1-vnexpress.vnecdn.net/2022/06/05/VNEFish-1654422619-8197-1654423010.jpg?w=300&h=180&q=100&dpr=1&fit=crop&s=AUBZ9LwigT7r9CxappKktg|Đàn cá chuồn mượn sức gió bơi lên không trung để tránh cá nục heo cờ nhưng lại dễ dàng trở thành con mồi cho chim cốc biển.|khoa học|vnexpress.net|unknow
Đường tàu 'lộn ngược' có tuổi thọ hơn 100 năm|https://vnexpress.net/duong-tau-lon-nguoc-co-tuoi-tho-hon-100-nam-4472361.html|https://i1-vnexpress.vnecdn.net/2022/06/05/VNETrain-1654426965-6708-1654427040.jpg?w=300&h=180&q=100&dpr=1&fit=crop&s=og3-NK5rO_T7tNGhBHIyPg|ĐỨCWuppertal Schwebebahn là tuyến đường sắt lâu đời nhất thế giới với các toa tàu được treo ngược trên cao.|khoa học|vnexpress.net|unknow
Báo săn mạo hiểm tấn công linh dương đầu bò|https://vnexpress.net/bao-san-mao-hiem-tan-cong-linh-duong-dau-bo-4472340.html|https://i1-vnexpress.vnecdn.net/2022/06/05/Prey-1654422714-9735-1654422743.jpg?w=300&h=180&q=100&dpr=1&fit=crop&s=GpGscNf2UwX2R6xWvOBthg|Nhờ sức mạnh và kinh nghiệm, báo săn cái có thể một mình hạ gục linh dương đầu bò lớn gấp 3 lần trên đồng cỏ Zambia mà không bị thương.|khoa học|vnexpress.net|unknow
Trung Quốc phóng tàu chở phi hành gia Thần Châu 14|https://vnexpress.net/trung-quoc-phong-tau-cho-phi-hanh-gia-than-chau-14-4472215.html|https://i1-vnexpress.vnecdn.net/2022/06/05/VNEChina-1654407304-4834-1654407331.jpg?w=300&h=180&q=100&dpr=1&fit=crop&s=OdvTaGS8tEyIt45ceg90xA|Tàu chở người Thiên Châu 14 đưa 3 phi hành gia lên trạm Thiên Cung trong nhiệm vụ 6 tháng để hoàn thành xây dựng tổ hợp trên quỹ đạo.|khoa học|vnexpress.net|unknow
Những cột đá nhọn kỳ lạ trên sao Hỏa|https://vnexpress.net/nhung-cot-da-nhon-ky-la-tren-sao-hoa-4472211.html|https://i1-vnexpress.vnecdn.net/2022/06/05/CaptureJPG-1654398405-5668-1654398497.jpg?w=300&h=180&q=100&dpr=1&fit=crop&s=3Tj1FOzj_WvRWgZkN1uUXA|"Robot tự hành Curiosity phát hiện những khối đá ""gân guốc"" hôm 15/5, theo hình ảnh gửi về Trái Đất."|khoa học|vnexpress.net|unknow
Kính viễn vọng tìm kiếm 'bản sao' Trái Đất|https://vnexpress.net/kinh-vien-vong-tim-kiem-ban-sao-trai-dat-4472126.html|https://i1-vnexpress.vnecdn.net/2022/06/04/VNESearchJPG-1654343013-2359-1654343081.jpg?w=300&h=180&q=100&dpr=1&fit=crop&s=yMTtjDDfE5PbL_DaheYyDg|Một nhóm nhà nghiên cứu Trung Quốc đề xuất phóng kính viễn vọng không gian để tìm kiếm bản sao của Trái Đất trong phạm vi 32 năm ánh sáng quanh hệ Mặt Trời.|khoa học|vnexpress.net|unknow
Giải mã chiếc mào dài hơn cơ thể của 'chúa tể bầu trời'|https://vnexpress.net/giai-ma-chiec-mao-dai-hon-co-the-cua-chua-te-bau-troi-4471942.html|https://i1-vnexpress.vnecdn.net/2022/06/04/maodauthanlanbay-1654338668-4424-1654338781.jpg?w=300&h=180&q=100&dpr=1&fit=crop&s=7d4KR0bJ8K-56bbcehXGrw|Một số loài thằn lằn bay khổng lồ có chiếc mào dài đáng kinh ngạc trên đỉnh đầu, khiến các nhà khoa học bối rối về vai trò của nó.|khoa học|vnexpress.net|unknow
Loài kỳ giông chuyên nhảy dù từ cây cao nhất thế giới|https://vnexpress.net/loai-ky-giong-chuyen-nhay-du-tu-cay-cao-nhat-the-gioi-4472111.html|https://i1-vnexpress.vnecdn.net/2022/06/04/CaptureJPG-1654338498-5898-1654338922.jpg?w=300&h=180&q=100&dpr=1&fit=crop&s=BpDI7myVzoXZQI58OsZdvA|Các nhà nghiên cứu phát hiện kỳ giông lang thang có thể nhảy từ cây cao như hồng sam xuống đất an toàn nhờ điều khiển chuyển động cơ thể.|khoa học|vnexpress.net|unknow
Drone chịu được sức gió của 1.200 chiếc quạt|https://vnexpress.net/drone-chiu-duoc-suc-gio-cua-1-200-chiec-quat-4472089.html|https://i1-vnexpress.vnecdn.net/2022/06/04/Dronegiomanh-1654335630-5788-1654335776.jpg?w=300&h=180&q=100&dpr=1&fit=crop&s=coIYZCTGVop9V3KC25a4Fg|MỸViện Công nghệ California phát triển mẫu drone nặng 2,3 kg trang bị AI, có thể bay tự động trong điều kiện gió mạnh.|khoa học|vnexpress.net|unknow
Ấm lên toàn cầu đổi màu dãy Alps|https://vnexpress.net/am-len-toan-cau-doi-mau-day-alps-4471930.html|https://i1-vnexpress.vnecdn.net/2022/06/04/Alps-1654317139-3333-1654317516.jpg?w=300&h=180&q=100&dpr=1&fit=crop&s=BnzfzUiAOvKcvHzTgLY_BQ|Ảnh hưởng của khí hậu ấm lên đến dãy Alps có thể nhìn thấy từ không gian, khi những ngọn núi tuyết trắng ngày càng bị cây xanh xâm chiếm.|khoa học|vnexpress.net|unknow
Thu giữ CO2 - chìa khóa chống biến đổi khí hậu|https://vnexpress.net/thu-giu-co2-chia-khoa-chong-bien-doi-khi-hau-4472030.html|https://i1-vnexpress.vnecdn.net/2022/06/04/thu-giu-co2.jpg?w=300&h=180&q=100&dpr=1&fit=crop&s=x167BzK1Q2YcTtdIVsbwUg|Công nghệ thu giữ CO2 trực tiếp trong không khí là giải pháp khí hậu đầy hứa hẹn những vẫn còn nhiều thách thức để mở rộng quy mô.|khoa học|vnexpress.net|unknow
Trung Quốc muốn tăng gấp đôi điện gió và điện mặt trời|https://vnexpress.net/trung-quoc-muon-tang-gap-doi-dien-gio-va-dien-mat-troi-4471473.html|https://i1-vnexpress.vnecdn.net/2022/06/04/diengiodienmattroi-1654311908-4276-1654312184.jpg?w=300&h=180&q=100&dpr=1&fit=crop&s=4gPizYvY0hdAQR5eOTmPZg|Quốc gia phát thải lớn nhất thế giới đặt mục tiêu tăng gấp đôi sản lượng điện gió và mặt trời vào năm 2025 để chống biến đổi khí hậu.|khoa học|vnexpress.net|unknow
Nhật thử nghiệm turbine sản xuất điện từ dòng hải lưu sâu|https://vnexpress.net/nhat-thu-nghiem-turbine-san-xuat-dien-tu-dong-hai-luu-sau-4471932.html|https://i1-vnexpress.vnecdn.net/2022/06/04/VNETurbine-1654313469-7853-1654313542.jpg?w=300&h=180&q=100&dpr=1&fit=crop&s=1fj6QMVW0BD4FLbKWKdGUw|Một công ty Nhật Bản thử nghiệm thành công nguyên mẫu máy phát điện ở một trong những dòng hải lưu mạnh nhất thế giới.|khoa học|vnexpress.net|unknow
Khai mạc ngày hội Khởi nghiệp đổi mới sáng tạo Sơn La|https://vnexpress.net/khai-mac-ngay-hoi-khoi-nghiep-doi-moi-sang-tao-son-la-4471946.html|https://i1-vnexpress.vnecdn.net/2022/06/04/8eb705ba096bc935907a-165431221-5292-3879-1654312332.jpg?w=300&h=180&q=100&dpr=1&fit=crop&s=_T1JLRAvIL05mSoU0dBcTg|"Ngày hội khởi nghiệp đổi mới sáng tạo tỉnh Sơn La lần thứ nhất năm 2022 (Techfest Sơn La) khai mạc sáng 4/6 với chủ đề ""Bứt phá giữa đại ngàn""."|khoa học|vnexpress.net|unknow
Hỗ trợ doanh nghiệp nông nghiệp để phát triển sản phẩm chủ lực|https://vnexpress.net/ho-tro-doanh-nghiep-nong-nghiep-de-phat-trien-san-pham-chu-luc-4471860.html|https://i1-vnexpress.vnecdn.net/2022/06/03/botruonghuynhthanhdatst-165426-3478-5868-1654268507.jpg?w=300&h=180&q=100&dpr=1&fit=crop&s=9p_HXVjcpDmOwmP9P11HdA|Góp ý về cơ chế ưu tiên cho doanh nghiệp, nhà khoa học cho rằng Việt Nam là nước nông nghiệp nên cần đầu tư công nghệ, thuế, vốn... cho doanh nghiệp lĩnh vực này.|khoa học|vnexpress.net|unknow
'Kho báu tự nhiên' dưới đáy biển Tunisia|https://vnexpress.net/kho-bau-tu-nhien-duoi-day-bien-tunisia-4471827.html|https://i1-vnexpress.vnecdn.net/2022/06/03/cobienkhobautunisia-1654251285-1748-1654251492.jpg?w=300&h=180&q=100&dpr=1&fit=crop&s=682n9Ymk5QRxprPkiDVIkw|Nền kinh tế Tunisia phụ thuộc nhiều vào thảm cỏ biển lớn nhất Địa Trung Hải, nhưng kho báu tự nhiên này đang bị đe dọa nghiêm trọng.|khoa học|vnexpress.net|unknow
'Bức tường gió' có thể thổi bay cả ngôi nhà|https://vnexpress.net/buc-tuong-gio-co-the-thoi-bay-ca-ngoi-nha-4471458.html|https://i1-vnexpress.vnecdn.net/2022/06/03/VNEWall-1654242879-3307-1654243118.jpg?w=300&h=180&q=100&dpr=1&fit=crop&s=0S7q6hGqHTSpveCp_Donbg|"MỸ""Bức tường gió"" ở Đại học Quốc tế Florida được tái dựng giúp những kỹ sư kiểm tra độ kiên cố của công trình xây dựng trước sức gió lên tới 257 km/h."|khoa học|vnexpress.net|unknow
'Thu tiền rác theo túi để giảm rác tại nguồn'|https://vnexpress.net/thu-tien-rac-theo-tui-de-giam-rac-tai-nguon-4471616.html|https://i1-vnexpress.vnecdn.net/2022/06/03/rac-thai-1654250558-2178-1654250715.jpg?w=300&h=180&q=100&dpr=1&fit=crop&s=VIYS41_ywnFPg1yp9OffgA|Cơ chế thu tiền rác theo túi, dựa trên khối lượng thay vì đầu người được các chuyên gia đề xuất nhằm khuyến khích người dân phân loại rác.|khoa học|vnexpress.net|unknow
Hóa thạch tiết lộ họ hàng 'cổ ngắn' của hươu cao cổ|https://vnexpress.net/hoa-thach-tiet-lo-ho-hang-co-ngan-cua-huou-cao-co-4471470.html|https://i1-vnexpress.vnecdn.net/2022/06/03/huoucaococopy-1654242278-8554-1654242731.jpg?w=300&h=180&q=100&dpr=1&fit=crop&s=bXKBy1FO5zZ0KFujpTmyGg|Gần 17 triệu năm trước, một họ hàng của hươu cao cổ nhưng có chiếc cổ ngắn và hộp sọ dày đã sống lang thang ở miền bắc Trung Quốc.|khoa học|vnexpress.net|unknow
Nhật Bản lập kỷ lục tốc độ truyền dữ liệu|https://vnexpress.net/nhat-ban-lap-ky-luc-toc-do-truyen-du-lieu-4471150.html|https://i1-vnexpress.vnecdn.net/2022/06/03/VNEFlip-1654230156-3029-1654230241.jpg?w=300&h=180&q=100&dpr=1&fit=crop&s=VuNx3M4cNxF1zAMyrO8cwQ|Các nhà nghiên cứu thiết lập kỷ lục mới về tốc độ truyền dữ liệu với 1,02 petabit/giây (Pb/s) bằng cáp quang tương thích với cơ sở hạ tầng hiện nay.|khoa học|vnexpress.net|unknow
Ngũ hành tinh thẳng hàng trên bầu trời trong tháng 6|https://vnexpress.net/ngu-hanh-tinh-thang-hang-tren-bau-troi-trong-thang-6-4471476.html|https://i1-vnexpress.vnecdn.net/2022/06/03/nguhanhtinhthanghang2copy-1654-7877-9123-1654229664.jpg?w=300&h=180&q=100&dpr=1&fit=crop&s=f1hW7GJjzSlgUz1Fog6BIg|Bắt đầu từ ngày 3/6, sao Thủy, sao Kim, sao Hỏa, sao Mộc và sao Thổ có thể được nhìn thấy xếp thẳng hàng trên bầu trời bằng mặt thường.|khoa học|vnexpress.net|unknow
Tiểu hành tinh to bằng cá voi xanh đến gần Trái Đất|https://vnexpress.net/tieu-hanh-tinh-to-bang-ca-voi-xanh-den-gan-trai-dat-4471459.html|https://i1-vnexpress.vnecdn.net/2022/06/03/CaptureJPG-1654225340-8150-1654225391.jpg?w=300&h=180&q=100&dpr=1&fit=crop&s=dMwhR04EhhHe4FtiSMGidg|Một tiểu hành tinh lớn ít nhất bằng một con cá voi xanh sẽ lướt qua Trái Đất với vận tốc hơn 26.000 km/h, theo NASA.|khoa học|vnexpress.net|unknow
Căng dây điện vượt sông trên tháp truyền tải cao 385 m|https://vnexpress.net/cang-day-dien-vuot-song-tren-thap-truyen-tai-cao-385-m-4471462.html|https://i1-vnexpress.vnecdn.net/2022/06/03/thaptruyentaidiencaonhat-16542-3710-7976-1654224133.jpg?w=300&h=180&q=100&dpr=1&fit=crop&s=Eeb7LF-BQGLrxD4V3JWB5A|Trung Quốc hôm 2/6 bắt đầu quy trình căng dây điện bắc qua sông Trường Giang trên hai tháp truyền tải cao nhất thế giới.|khoa học|vnexpress.net|unknow
Chuột hamster hung dữ và tranh cãi về biến đổi gene động vật|https://vnexpress.net/chuot-hamster-hung-du-va-tranh-cai-ve-bien-doi-gene-dong-vat-4471372.html|https://i1-vnexpress.vnecdn.net/2022/06/03/chuot-hamster-1654218659-7815-1654218916.jpg?w=300&h=180&q=100&dpr=1&fit=crop&s=cgznOXLod3DGnDrkNbcyJQ|"Bằng công nghệ chỉnh sửa gene, các nhà khoa học Mỹ loại bỏ hormone trong tế bào thần kinh để chuột hamster thân thiện hơn, nhưng nó lại trở thành ""quái vật hung dữ""."|khoa học|vnexpress.net|unknow
Vẻ đẹp kỳ vĩ của 'hẻm núi vua'|https://vnexpress.net/ve-dep-ky-vi-cua-hem-nui-vua-4469625.html|https://i1-vnexpress.vnecdn.net/2022/06/02/hemnui-1654166329-3405-1654166428.jpg?w=300&h=180&q=100&dpr=1&fit=crop&s=LDEcNejcsdTUHkn6dv3AYA|TRUNG QUỐCHẻm núi Tomur Grand Canyon trải rộng 200 km2 trên dãy Thiên Sơn là kỳ quan tự nhiên được tạo nên bởi quá trình phong hóa và xói mòn.|khoa học|vnexpress.net|unknow
Loài thằn lằn có thể đổi giới tính trong bụng mẹ|https://vnexpress.net/loai-than-lan-co-the-doi-gioi-tinh-trong-bung-me-4470952.html|https://i1-vnexpress.vnecdn.net/2022/06/02/Thanlanbong-1654163445-6248-1654164309.jpg?w=300&h=180&q=100&dpr=1&fit=crop&s=hbcnz50VnaTmjV1x1vDpTQ|AUSTRALIAKhi nằm trong bụng mẹ, thằn lằn bóng đốm cái có khả năng chuyển giới và chào đời với cơ thể của con đực do nhiệt độ.|khoa học|vnexpress.net|unknow
Senegal xây nhà máy khử mặn 100.000 m3 nước mỗi ngày|https://vnexpress.net/senegal-xay-nha-may-khu-man-100-000-m3-nuoc-moi-ngay-4470946.html|https://i1-vnexpress.vnecdn.net/2022/06/02/nhamaykhumuoisenegal-165415840-9827-5205-1654158857.jpg?w=300&h=180&q=100&dpr=1&fit=crop&s=4JqBR6rx2l5F-Lx5QGJuQQ|Senegal hôm 31/5 khởi công xây dựng nhà máy khử muối đầu tiên của nước này nhằm giảm bớt tình trạng thiếu nước kinh niên ở thủ đô Dakar.|khoa học|vnexpress.net|unknow
Tàu đệm từ chạy trên đường ray 'lộn ngược'|https://vnexpress.net/tau-dem-tu-chay-tren-duong-ray-lon-nguoc-4470937.html|https://i1-vnexpress.vnecdn.net/2022/06/02/CaptureJPG-1654162265-3149-1654162349.jpg?w=300&h=180&q=100&dpr=1&fit=crop&s=I4rHUxFCVhAE5a8XT0kfmw|Trung Quốc sắp thử nghiệm tàu đệm từ chở khách chạy trên đường ray đơn trên cao với tốc độ tối đa 120 km/h.|khoa học|vnexpress.net|unknow
Thụy Điển muốn hợp tác phát triển công nghệ xanh tại Việt Nam|https://vnexpress.net/thuy-dien-muon-hop-tac-phat-trien-cong-nghe-xanh-tai-viet-nam-4471292.html|https://i1-vnexpress.vnecdn.net/2022/06/02/12JPG-1654162673-4177-1654162711.jpg?w=300&h=180&q=100&dpr=1&fit=crop&s=nuVFXQj_S-eaDYLaIHM_vw|Các giải pháp tái chế vỏ hộp giấy, vải… được doanh nghiệp Thụy Điển giới thiệu và mong muốn tìm kiếm đối tác tại Việt Nam.|khoa học|vnexpress.net|unknow
Biến thức ăn thừa thành xi măng ăn được|https://vnexpress.net/bien-thuc-an-thua-thanh-xi-mang-an-duoc-4470949.html|https://i1-vnexpress.vnecdn.net/2022/06/02/CaptureJPG-1654157664-2774-1654157755.jpg?w=300&h=180&q=100&dpr=1&fit=crop&s=XAxN-jlOsEh-Iz35o-KTKA|NHẬT BẢNNhóm nghiên cứu Kota Machida và Yuya Sakai ở Đại học Tokyo phát triển công nghệ biến đổi thức ăn thừa thành xi măng có thể ăn được nhằm phục vụ xây dựng.|khoa học|vnexpress.net|unknow
Arab Saudi sẽ xây nhà chọc trời lớn nhất thế giới|https://vnexpress.net/arab-saudi-se-xay-nha-choc-troi-lon-nhat-the-gioi-4470935.html|https://i1-vnexpress.vnecdn.net/2022/06/02/VNELine-1654145382-4531-1654145478.jpg?w=300&h=180&q=100&dpr=1&fit=crop&s=LgwO9UlFEW3srWb-NciwEQ|Arab Saudi đang lên kế hoạch xây dựng tòa nhà lớn nhất thế giới ở khu vực dân cư thưa thớt trong dự án phát triển mang tên Neom trị giá 500 tỷ USD.|khoa học|vnexpress.net|unknow
Lắp đặt dầm cầu nặng 480 tấn trên sông Trường Giang|https://vnexpress.net/lap-dat-dam-cau-nang-480-tan-tren-song-truong-giang-4470940.html|https://i1-vnexpress.vnecdn.net/2022/06/02/lapdamcautrensongtruonggiang-1-5236-3455-1654145780.jpg?w=300&h=180&q=100&dpr=1&fit=crop&s=1FHjI7i_SVVYKmvUwZ6H0w|Trung Quốc hôm 31/5 đã lắp xong đốt dầm hộp thép cuối cùng để hợp long cây cầu đường-đường sắt mới bắc qua con sông dài nhất nước này.|khoa học|vnexpress.net|unknow
Tàu nghiên cứu tự động đi xuyên Đại Tây Dương|https://vnexpress.net/tau-nghien-cuu-tu-dong-di-xuyen-dai-tay-duong-4470419.html|https://i1-vnexpress.vnecdn.net/2022/06/02/Tautudongset-1654146001-1834-1654146444.jpg?w=300&h=180&q=100&dpr=1&fit=crop&s=Sa6-hv5S_tbCc7xKaGgFEg|ANHTàu Oceanus chạy bằng điện, trang bị nhiều cảm biến và thiết bị hiện đại để thu thập dữ liệu mà không cần nhà khoa học nào trên tàu.|khoa học|vnexpress.net|unknow
Máy bay hydro lập kỷ lục bay cao 2.203 m|https://vnexpress.net/may-bay-hydro-lap-ky-luc-bay-cao-2-203-m-4470941.html|https://i1-vnexpress.vnecdn.net/2022/06/02/Maybayhydroreal-1654140387-7748-1654141041.jpg?w=300&h=180&q=100&dpr=1&fit=crop&s=HPKHDyavK3LmNdJ68Nq2nw|Máy bay hydro 4 chỗ của startup Đức lập kỷ lục thế giới về độ cao, đồng thời hoàn thành chuyến bay đầu tiên giữa hai sân bay thương mại.|khoa học|vnexpress.net|unknow
Lợn nhân bản bằng robot đầu tiên trên thế giới|https://vnexpress.net/lon-nhan-ban-bang-robot-dau-tien-tren-the-gioi-4470933.html|https://i1-vnexpress.vnecdn.net/2022/06/02/CaptureJPG-1654140124-5039-1654140169.jpg?w=300&h=180&q=100&dpr=1&fit=crop&s=51IcDPWRmz0pjveOwD-OzQ|Các nhà nghiên cứu ở Trung Quốc cho biết họ phát triển một quá trình nhân bản lợn hoàn toàn thông qua sử dụng robot.|khoa học|vnexpress.net|unknow
NASA trao hợp đồng hàng tỷ đô sản xuất bộ đồ vũ trụ|https://vnexpress.net/nasa-trao-hop-dong-hang-ty-do-san-xuat-bo-do-vu-tru-4470944.html|https://i1-vnexpress.vnecdn.net/2022/06/02/bodovutrunasa-1654139335-7440-1654139747.jpg?w=300&h=180&q=100&dpr=1&fit=crop&s=KfWGF-Nb11Picau6Gv-n3w|NASA hôm 1/6 thông báo trao hợp đồng cho hai công ty để phát triển bộ đồ vũ trụ thế hệ mới cho các sứ mệnh ISS và Mặt Trăng.|khoa học|vnexpress.net|unknow
Nghiên cứu tiêm máu trẻ để ngăn lão hóa|https://vnexpress.net/nghien-cuu-tiem-mau-tre-de-ngan-lao-hoa-4470416.html|https://i1-vnexpress.vnecdn.net/2022/06/01/Mauset-1654086170-7394-1654086577.jpg?w=300&h=180&q=100&dpr=1&fit=crop&s=d_2C2aNPnYN1hAWTkzlK4w|TRUNG QUỐCCác nhà khoa học phát hiện, đưa máu trẻ vào chuột già có thể làm trẻ hóa tế bào gốc trưởng thành và tế bào soma xung quanh.|khoa học|vnexpress.net|unknow
Mô phỏng khủng long tí hon săn mối trong thân cây|https://vnexpress.net/mo-phong-khung-long-ti-hon-san-moi-trong-than-cay-4470434.html|https://i1-vnexpress.vnecdn.net/2022/06/01/khunglongsanmoitrensamac-16540-1347-5085-1654075967.jpg?w=300&h=180&q=100&dpr=1&fit=crop&s=v45anif4aSSPVJZc5O-Nlg|Khủng long Mononykus sống trong kỷ Phấn trắng muộn là những chuyên gia săn côn trùng trên sa mạc nhờ sở hữu móng vuốt và chiếc lưỡi đặc biệt.|khoa học|vnexpress.net|unknow
Lý do các ngôi sao không thể chiếu sáng không gian|https://vnexpress.net/ly-do-cac-ngoi-sao-khong-the-chieu-sang-khong-gian-4469873.html|https://i1-vnexpress.vnecdn.net/2022/05/30/vi-sao-khong-gian-toi-den.jpg?w=300&h=180&q=100&dpr=1&fit=crop&s=gRnLzALkXKtUNiNXruAvxw|Sự giãn nở của vũ trụ kéo giãn ánh sáng từ những ngôi sao đến mức mắt người không thể nhìn thấy, làm cho không gian trông tối đen.|khoa học|vnexpress.net|unknow
Khởi động giải Khoa học công nghệ Quả cầu vàng 2022|https://vnexpress.net/khoi-dong-giai-khoa-hoc-cong-nghe-qua-cau-vang-2022-4471094.html|https://i1-vnexpress.vnecdn.net/2022/06/02/69808d7646b286ecdfa3-165414528-7360-4192-1654145545.jpg?w=300&h=180&q=100&dpr=1&fit=crop&s=8-yMORDOTdTV8sHO45IucA|Giải thưởng dành cho các nghiên cứu xuất sắc lĩnh vực công nghệ thông tin, chuyển đổi số và tự động hóa; y dược; công nghệ sinh học, môi trường, vật liệu mới.|khoa học|vnexpress.net|unknow
'Sáng kiến khoa học làm lợi cho Viettel hơn 5.000 tỷ đồng'|https://vnexpress.net/sang-kien-khoa-hoc-lam-loi-cho-viettel-hon-5-000-ty-dong-4471218.html|https://i1-vnexpress.vnecdn.net/2022/06/02/anh-01-1654158117-1654158130-5-1870-3684-1654167154.jpg?w=300&h=180&q=100&dpr=1&fit=crop&s=DT-UticpMPJLRQzW2D2YHw|HÀ NỘIViettel có hơn 79.000 sáng kiến giai đoạn 2011-2021, trong đó có hơn 10.000 phát minh được công nhận, đem lại hơn 5.300 tỷ đồng, theo đại diện tập đoàn.|khoa học|vnexpress.net|unknow
Ra mắt trung tâm công nghệ và giải pháp chuyển đổi số trong giáo dục|https://vnexpress.net/ra-mat-trung-tam-cong-nghe-va-giai-phap-chuyen-doi-so-trong-giao-duc-4470864.html|https://i1-vnexpress.vnecdn.net/2022/06/01/anh-2-1654089965-7184-16540901-1673-9129-1654095187.jpg?w=300&h=180&q=100&dpr=1&fit=crop&s=5guqq0tK5PuZGhtnpgwmPg|Trung tâm EdTech với mô hình hoạt động mở, khuyến khích các nhà khoa học, chuyên gia triển khai các nghiên cứu, ứng dụng trong lĩnh vực chuyển đổi số giáo dục.|khoa học|vnexpress.net|unknow
Người đàn ông để rắn độc cắn hơn 200 lần|https://vnexpress.net/nguoi-dan-ong-de-ran-doc-can-hon-200-lan-4470430.html|https://i1-vnexpress.vnecdn.net/2022/06/01/VNEBite1JPG-1654079106-1339-1654079300.jpg?w=300&h=180&q=100&dpr=1&fit=crop&s=YJyCvRmMEZI-bqvSnFqTgw|Một thợ máy người Mỹ từng kinh qua nhát cắn của những loài rắn độc nhất thế giới để giúp các nhà miễn dịch học tạo ra hợp chất kháng nọc độc.|khoa học|vnexpress.net|unknow
Tàu bệnh viện dân sự lớn nhất thế giới|https://vnexpress.net/tau-benh-vien-dan-su-lon-nhat-the-gioi-4470420.html|https://i1-vnexpress.vnecdn.net/2022/06/01/32BL2WBvid1920x1080i25t0000060-6814-3678-1654072332.jpg?w=300&h=180&q=100&dpr=1&fit=crop&s=LuJpglUjjgpaRsblnYMYKA|SENEGALMột con tàu khổng lồ dài 174 m hôm 27/5 đã cập cảng Senegal để đào tạo các chuyên gia y tế trước khi khám chữa bệnh cho người nghèo.|khoa học|vnexpress.net|unknow
Thủ phạm khiến quái vật biển megalodon tuyệt chủng|https://vnexpress.net/thu-pham-khien-quai-vat-bien-megalodon-tuyet-chung-4470424.html|https://i1-vnexpress.vnecdn.net/2022/06/01/CaptureJPG-1654058157-6715-1654058211.jpg?w=300&h=180&q=100&dpr=1&fit=crop&s=2qBJyQNjEEoQ5iqf5ZYgYA|Cá mập quái vật megalodon với chiều dài 20 m có thể chịu sự cạnh tranh con mồi từ cá mập trắng nhỏ hơn, dẫn tới tuyệt chủng.|khoa học|vnexpress.net|unknow
Nhà máy điện thủy triều - mặt trời rộng 133 ha|https://vnexpress.net/nha-may-dien-thuy-trieu-mat-troi-rong-133-ha-4470426.html|https://i1-vnexpress.vnecdn.net/2022/06/01/DienMTset-1654060444-8845-1654060713.jpg?w=300&h=180&q=100&dpr=1&fit=crop&s=fiJ2w5aJS0pJKMQzBNAFnQ|Nhà máy điện thủy triều - mặt trời đầu tiên của Trung Quốc chính thức hoạt động hôm 30/5, sản lượng hàng năm dự kiến hơn 100 triệu kWh.|khoa học|vnexpress.net|unknow
Hệ thống biến nhà chọc trời thành bộ pin khổng lồ|https://vnexpress.net/he-thong-bien-nha-choc-troi-thanh-bo-pin-khong-lo-4470415.html|https://i1-vnexpress.vnecdn.net/2022/06/01/VNETurnJPG-1654056249-5648-1654056291.jpg?w=300&h=180&q=100&dpr=1&fit=crop&s=36zcL48DEX1jdYTr6YvxDg|ÁOCác nhà nghiên cứu phát triển hệ thống sử dụng nhà chọc trời để tạo ra pin trọng lực, giúp lưu trữ năng lượng tái tạo với chi phí rẻ.|khoa học|vnexpress.net|unknow
Mỹ vượt Nhật Bản về siêu máy tính mạnh nhất thế giới|https://vnexpress.net/my-vuot-nhat-ban-ve-sieu-may-tinh-manh-nhat-the-gioi-4470417.html|https://i1-vnexpress.vnecdn.net/2022/06/01/sieumaytinhmanhnhat-1654056320-1974-1654056686.jpg?w=300&h=180&q=100&dpr=1&fit=crop&s=HiEr9PhGiJkS4e-K9EffEA|Hệ thống Frontier tại Phòng thí nghiệm Quốc gia Oak Ridge ở Mỹ trở thành siêu máy tính đầu tiên vượt ngưỡng một tỷ tỷ phép tính mỗi giây.|khoa học|vnexpress.net|unknow
Phát hiện thực vật lớn nhất thế giới rộng 200 km2|https://vnexpress.net/phat-hien-thuc-vat-lon-nhat-the-gioi-rong-200-km2-4470412.html|https://i1-vnexpress.vnecdn.net/2022/06/01/CObienset-1654052689-2142-1654053032.jpg?w=300&h=180&q=100&dpr=1&fit=crop&s=4D-ARUFUb9gj81t66Z5cxQ|Cánh đồng cỏ biển tại Tây Australia thực chất chỉ do một cây con nhân bản, phát triển bền bỉ qua các thay đổi môi trường trong suốt 4.500 năm.|khoa học|vnexpress.net|unknow
Vì sao nắng nóng ngày càng bất thường?|https://vnexpress.net/vi-sao-nang-nong-ngay-cang-bat-thuong-4469974.html|https://i1-vnexpress.vnecdn.net/2022/05/31/nangnongando-1653996039-8341-1653997531.jpg?w=300&h=180&q=100&dpr=1&fit=crop&s=1r2SGj0zOD_pXxpqj7cgLA|Biến đổi khí hậu và các yếu tố khí quyển địa phương được cho là những nguyên nhân chính gây ra nắng nóng gay gắt ở nhiều nơi, trong đó có các nước Nam Á.|khoa học|vnexpress.net|unknow
Núi lửa hoạt động mạnh nhất thế giới ra đời như thế nào|https://vnexpress.net/nui-lua-hoat-dong-manh-nhat-the-gioi-ra-doi-nhu-the-nao-4469958.html|https://i1-vnexpress.vnecdn.net/2022/05/31/CaptureJPG-1653990065-9493-1653990141.jpg?w=300&h=180&q=100&dpr=1&fit=crop&s=PZL6hxJmYkwr7D5EFYkTRg|MỸNghiên cứu mới hé lộ núi lửa hoạt động mạnh nhất thế giới Kilauea ra đời từ một buồng dung nham ở độ sâu 55 km.|khoa học|vnexpress.net|unknow
Những tàu vũ trụ chở người thành công nhất lịch sử|https://vnexpress.net/nhung-tau-vu-tru-cho-nguoi-thanh-cong-nhat-lich-su-4470294.html|https://i1-vnexpress.vnecdn.net/2022/05/31/Anh-set.jpg?w=300&h=180&q=100&dpr=1&fit=crop&s=Ja8vauwVGCIy3nLGSbPUWg|Hàng thập kỷ sau chuyến tàu chở người đầu tiên của Liên Xô, nhiều mẫu tàu trên thế giới ra đời với sức chở lớn và trang bị hiện đại.|khoa học|vnexpress.net|unknow
Phẫu thuật ghép tim diễn ra như thế nào?|https://vnexpress.net/phau-thuat-ghep-tim-dien-ra-nhu-the-nao-4469844.html|https://i1-vnexpress.vnecdn.net/2022/05/30/ghep-tim.jpg?w=300&h=180&q=100&dpr=1&fit=crop&s=KIxdYypjFA6kMYCNLu5NBA|Ghép tim là một kỹ thuật cực kỳ phức tạp với những yêu cầu khắt khe từ khâu chuẩn bị, đến lúc cấy ghép và theo dõi sau phẫu thuật.|khoa học|vnexpress.net|unknow
Áp dụng công nghệ góp phần chống biến đổi khí hậu|https://vnexpress.net/ap-dung-cong-nghe-gop-phan-chong-bien-doi-khi-hau-4470107.html|https://i1-vnexpress.vnecdn.net/2022/06/01/Image-218348910-ExtractWord-0-7589-4238-1654053858.png?w=300&h=180&q=100&dpr=1&fit=crop&s=7iHoGdw2yQRlC9ZlvEI-pQ|Bên cạnh nâng cao năng lực sản xuất và vận hành, việc áp dụng công nghệ còn hỗ trợ cắt giảm lượng phát thải carbon trong các hoạt động của doanh nghiệp.|khoa học|vnexpress.net|unknow
Lười con gặp lại mẹ sau khi rơi xuống từ cây cao|https://vnexpress.net/luoi-con-gap-lai-me-sau-khi-roi-xuong-tu-cay-cao-4469977.html|https://i1-vnexpress.vnecdn.net/2022/05/31/Luoidoantuset-1653997582-7995-1653998133.jpg?w=300&h=180&q=100&dpr=1&fit=crop&s=gx7OlWiA_FGS08E4y-wNPg|COSTA RICANhân viên cứu hộ giúp lười con đoàn tụ với mẹ khi nó ngã xuống đất còn lười mẹ không thể nghe thấy tiếng con vì cây quá cao.|khoa học|vnexpress.net|unknow
Hệ thống thu giữ CO2 nhanh nhất thế giới.|https://vnexpress.net/he-thong-thu-giu-co2-nhanh-nhat-the-gioi-4469951.html|https://i1-vnexpress.vnecdn.net/2022/05/31/VNECarbonJPG-1653986571-5070-1653986668.jpg?w=300&h=180&q=100&dpr=1&fit=crop&s=kOYFNYiAWMgXbyPXPVmq-g|NHẬT BẢNCác nhà nghiên cứu đến từ Đại học Tokyo Metropolitan phát triển hợp chất mới loại bỏ carbon dioxide trong không khí hiệu quả 99% và nhanh gấp đôi những hệ thống hiện nay.|khoa học|vnexpress.net|unknow
Người Việt chế tạo máy tách vỏ hạt điều năng suất gấp đôi|https://vnexpress.net/nguoi-viet-che-tao-may-tach-vo-hat-dieu-nang-suat-gap-doi-4470218.html|https://i1-vnexpress.vnecdn.net/2022/05/31/4JPG-1653981596-9083-1653983364.jpg?w=300&h=180&q=100&dpr=1&fit=crop&s=RVcRSjMnmfII78hSOu_-Cw|BÌNH PHƯỚCAnh Nguyễn Văn Liền (38 tuổi) chế tạo máy tách vỏ hạt điều cải tiến, dẫn động trực tiếp không dùng nhông xích, cho năng suất 9-10 tấn trong 8 giờ hoạt động.|khoa học|vnexpress.net|unknow
Thành phố 3.400 năm tuổi nhô lên trên sông Tigris|https://vnexpress.net/thanh-pho-3-400-nam-tuoi-nho-len-tren-song-tigris-4469956.html|https://i1-vnexpress.vnecdn.net/2022/05/31/VNECity-1653972016-4224-1653972108.jpg?w=300&h=180&q=100&dpr=1&fit=crop&s=9Ej7l6m5cSPeF5qqe9DYRQ|IRAQMột nhóm nhà khảo cổ học người Đức và Kurd phát hiện thành phố cổ 3.400 năm tuổi từ thời vương quốc Mittani, từng nằm trên sông Tigris.|khoa học|vnexpress.net|unknow
Phát hiện bất ngờ của Archimedes khi đang tắm|https://vnexpress.net/phat-hien-bat-ngo-cua-archimedes-khi-dang-tam-4470186.html|https://i1-vnexpress.vnecdn.net/2022/05/31/Archimedes-1653980165-8821-1653980478.jpg?w=300&h=180&q=100&dpr=1&fit=crop&s=uGhEL_CRG8N0NDrJxfVR_g|Phát hiện của Archimedes chợt đến khi đang tắm đã giúp ông tìm ra cách để chiếc tàu lớn bằng thép, có thể nổi được trên nước dễ dàng như một chiếc thuyền con bằng gỗ.|khoa học|vnexpress.net|unknow
Hàng trăm quan tài Ai Cập cổ đại công khai trước công chúng|https://vnexpress.net/hang-tram-quan-tai-ai-cap-co-dai-cong-khai-truoc-cong-chung-4469960.html|https://i1-vnexpress.vnecdn.net/2022/05/31/aicapquantai-1653972551-5948-1653972742.jpg?w=300&h=180&q=100&dpr=1&fit=crop&s=8GN-vPB3u3v79cPS5kNdNA|"Bộ Du lịch và Cổ vật Ai Cập hôm 30/5 tiết lộ 250 quan tài bằng gỗ chứa xác ướp từ thời Hậu Nguyên, mặt nạ bằng vàng và cả ""Cuốn sách của Người chết""."|khoa học|vnexpress.net|unknow
'Cổng địa ngục' ở Siberia có thể mở rộng do cháy rừng|https://vnexpress.net/cong-dia-nguc-o-siberia-co-the-mo-rong-do-chay-rung-4469952.html|https://i1-vnexpress.vnecdn.net/2022/05/31/VNESiberia-1653967004-7149-1653967081.jpg?w=300&h=180&q=100&dpr=1&fit=crop&s=yMmHA_bUQwRgtXFCz9MTCA|"NGACháy rừng ở Siberia đe dọa ảnh hưởng tới đất đóng băng vĩnh cửu trong vùng, dẫn tới mở rộng miệng hố khổng lồ Batagay hay còn gọi là ""cổng địa ngục""."|khoa học|vnexpress.net|unknow
Hầm chống lụt '2 trong 1'|https://vnexpress.net/ham-chong-lut-2-trong-1-4470106.html|https://i1-vnexpress.vnecdn.net/2022/05/31/Hamchonglutset-1653969789-2778-1653970620.jpg?w=300&h=180&q=100&dpr=1&fit=crop&s=eC9BDBHTdQlaDHwOjNrlEw|MALAYSIAHầm đường bộ SMART ở Kuala Lumpur đưa vào vận hành từ năm 2007 giúp giảm tắc nghẽn giao thông vào ngày thường và biến thành hầm chống lụt trong mùa mưa.|khoa học|vnexpress.net|unknow
Trạm thủy điện lớn thứ hai thế giới vận hành 50% công suất|https://vnexpress.net/tram-thuy-dien-lon-thu-hai-the-gioi-van-hanh-50-cong-suat-4469965.html|https://i1-vnexpress.vnecdn.net/2022/05/31/nhamaythuydienbachhacthan-1653-2579-1222-1653966975.jpg?w=300&h=180&q=100&dpr=1&fit=crop&s=ajTpeebpJpM4V9VdFYj3eQ|TRUNG QUỐCTổ máy số 5 có công suất 1 triệu KW của nhà máy thủy điện Bạch Hạc Than đã đi vào hoạt động chính thức từ hôm 30/5.|khoa học|vnexpress.net|unknow
Quy trình đông lạnh xác chờ hồi sinh|https://vnexpress.net/quy-trinh-dong-lanh-xac-cho-hoi-sinh-4469914.html|https://i1-vnexpress.vnecdn.net/2022/05/30/Dong-lanh-xac-set.jpg?w=300&h=180&q=100&dpr=1&fit=crop&s=lR3W-me5eQV1fPRx1HcS-Q|"Công nghệ hiện đại cho phép bảo quản xác ở mức nhiệt -196 độ C trong các bể chứa đầy nitơ lỏng, chờ cơ hội ""sống lại"" trong tương lai."|khoa học|vnexpress.net|unknow
Tại sao đa số đất tập trung ở nửa phía bắc?|https://vnexpress.net/tai-sao-da-so-dat-tap-trung-o-nua-phia-bac-4469657.html|https://i1-vnexpress.vnecdn.net/2022/05/30/Trai-Dat-map-set.jpg?w=300&h=180&q=100&dpr=1&fit=crop&s=C9x78tksqkgnJmFmFjr3Mw|Nhiều giả thuyết được đưa ra để giải thích cho việc hơn 2/3 đất nằm ở Bắc bán cầu, bao gồm một lục địa ẩn khổng lồ ở phía nam.|khoa học|vnexpress.net|unknow
Tàu Thần Châu 14 sắp chở phi hành gia lên trạm Thiên Cung|https://vnexpress.net/tau-than-chau-14-sap-cho-phi-hanh-gia-len-tram-thien-cung-4469497.html|https://i1-vnexpress.vnecdn.net/2022/05/30/CaptureJPG-1653904850-5180-1653904906.jpg?w=300&h=180&q=100&dpr=1&fit=crop&s=zJnPHtsZLEYCQIVK93Hgpw|Bộ đôi tàu vũ trụ và tên lửa cao 60 m sẽ đưa 3 phi hành gia lên module lõi của trạm vũ trụ Trung Quốc, chuẩn bị ghép nối với module mới.|khoa học|vnexpress.net|unknow
Tàu vũ trụ quay quanh sao Hỏa gặp sự cố|https://vnexpress.net/tau-vu-tru-quay-quanh-sao-hoa-gap-su-co-4469498.html|https://i1-vnexpress.vnecdn.net/2022/05/30/CaptureJPG-1653901573-5166-1653901609.jpg?w=300&h=180&q=100&dpr=1&fit=crop&s=GU6ilUmLwImw8-LRIwjY_g|Trục trặc ở hệ thống định vị mà tàu quay quanh quỹ đạo MAVEN của NASA gặp phải đầu năm nay ngăn tàu nghiên cứu khí quyển sao Hỏa.|khoa học|vnexpress.net|unknow
Loài mèo trông như chồn và rái cá|https://vnexpress.net/loai-meo-trong-nhu-chon-va-rai-ca-4469525.html|https://i1-vnexpress.vnecdn.net/2022/05/30/meocaychaumy-1653897069-9258-1653897192.jpg?w=300&h=180&q=100&dpr=1&fit=crop&s=HO_L4m6MgWWu4llkBNBfGw|Jaguarundi là một thành viên thuộc họ Mèo nhưng vẻ ngoài khác biệt khiến chúng dễ bị nhầm lẫn với rái cá và chồn Tayra.|khoa học|vnexpress.net|unknow
Trung Quốc phát hiện mỏ uranium ở độ sâu chưa từng thấy|https://vnexpress.net/trung-quoc-phat-hien-mo-uranium-o-do-sau-chua-tung-thay-4469501.html|https://i1-vnexpress.vnecdn.net/2022/05/30/CaptureJPG-1653887623-2397-1653887706.jpg?w=300&h=180&q=100&dpr=1&fit=crop&s=TOEns46OK5UgaA7jUZaxUA|Mỏ quặng uranium khổng lồ có thể phục vụ khai thác công nghiệp được phát hiện ở độ sâu hàng nghìn mét, khiến nguồn dự trữ ước tính tăng 10 lần, lên tới 2 triệu tấn.|khoa học|vnexpress.net|unknow
Tại sao không có cây cầu nào bắc qua sông Amazon?|https://vnexpress.net/tai-sao-khong-co-cay-cau-nao-bac-qua-song-amazon-4469496.html|https://i1-vnexpress.vnecdn.net/2022/05/30/VNEAmazon-1653881078-3730-1653881161.jpg?w=300&h=180&q=100&dpr=1&fit=crop&s=KdN4Gqgo7Of1UeZ11lc0wQ|Dù dài gần 7.000 km, sông Amazon không có cây cầu nào do nhu cầu xây dựng không đủ lớn, chi phí và thách thức về kỹ thuật.|khoa học|vnexpress.net|unknow
Phát kiến của người bán xe đạp mở đường cho ngành hàng không|https://vnexpress.net/phat-kien-cua-nguoi-ban-xe-dap-mo-duong-cho-nganh-hang-khong-4469516.html|https://i1-vnexpress.vnecdn.net/2022/05/30/Wright-1653872159-3716-1653872189.jpg?w=300&h=180&q=100&dpr=1&fit=crop&s=LVlb8xyyB0ZCsXAFmaDSSQ|MỸAnh em nhà Wright làm nghề sửa chữa và bán xe đạp, có được đồng vốn kha khá, họ chuyển sang chế tạo tàu lượn, máy bay, trở thành người mở đường cho ngành hàng không thế giới.|khoa học|vnexpress.net|unknow
Pháp thành lập khu bảo tồn sóng đầu tiên|https://vnexpress.net/phap-thanh-lap-khu-bao-ton-song-dau-tien-4469503.html|https://i1-vnexpress.vnecdn.net/2022/05/30/khubaotonsong-1653880329-5236-1653881034.jpg?w=300&h=180&q=100&dpr=1&fit=crop&s=2KgZSfXXEA8h7xIhzOvnGg|"Hội đồng xã Saint-Pierre-Quiberon ở tỉnh Morbihan đã bỏ phiếu thành lập một khu bảo tồn sóng nhằm bảo tồn ""di sản"" này khỏi sự can thiệp của con người."|khoa học|vnexpress.net|unknow
Giả dược đánh lừa bệnh nhân như thế nào?|https://vnexpress.net/gia-duoc-danh-lua-benh-nhan-nhu-the-nao-4469426.html|https://i1-vnexpress.vnecdn.net/2022/05/29/gia-duoc.jpg?w=300&h=180&q=100&dpr=1&fit=crop&s=z5-87akAQ9m041AKiMljvg|Giả dược có thể phát huy tác dụng như thuốc thật bằng cách đánh lừa bộ não tiết ra chất giảm đau tự nhiên và ức chế hormone căng thẳng.|khoa học|vnexpress.net|unknow
Trồng cỏ năng suất cao bằng tháp xoắn ốc|https://vnexpress.net/trong-co-nang-suat-cao-bang-thap-xoan-oc-4468578.html|https://i1-vnexpress.vnecdn.net/2022/05/29/trongcotrenthapxoanoc2-1653811-4926-1703-1653812769.jpg?w=300&h=180&q=100&dpr=1&fit=crop&s=9cIhoVKxHR3ymTf6CJ4ZYw|Trung Quốc đang áp dụng mô hình tháp xoắn ốc để tiết kiệm diện tích và rút ngắn thời gian trồng cỏ làm thức ăn cho gia súc.|khoa học|vnexpress.net|unknow
Lưu trữ tri thức nhân loại trong ống dung nham Mặt Trăng|https://vnexpress.net/luu-tru-tri-thuc-nhan-loai-trong-ong-dung-nham-mat-trang-4467689.html|https://i1-vnexpress.vnecdn.net/2022/05/29/VNEPlan-1653823175-3917-1653823319.jpg?w=300&h=180&q=100&dpr=1&fit=crop&s=ZLRGQO-74KTXTuuMSlD77g|Một công ty Mỹ đang chuẩn bị đưa các trung tâm dữ liệu lên Mặt Trăng để bảo vệ an toàn tri thức của nhân loại.|khoa học|vnexpress.net|unknow
Sức mạnh của loài đại bàng lớn nhất Bắc Mỹ|https://vnexpress.net/suc-manh-cua-loai-dai-bang-lon-nhat-bac-my-4469355.html|https://i1-vnexpress.vnecdn.net/2022/05/29/daibang-1653800317-4424-1653800453.jpg?w=300&h=180&q=100&dpr=1&fit=crop&s=a-z7HO1FTehxbizhLpgBoQ|Sải cánh rộng 2,2 m cùng bộ móng vuốt lớn hơn so với gấu xám biến đại bàng Harpy thành một trong những loài chim săn mồi đáng sợ nhất.|khoa học|vnexpress.net|unknow
Hạ thủy tàu lắp đặt turbine gió ngoài khơi sức nâng 3.000 tấn|https://vnexpress.net/ha-thuy-tau-lap-dat-turbine-gio-ngoai-khoi-suc-nang-3-000-tan-4468588.html|https://i1-vnexpress.vnecdn.net/2022/05/29/taulapdatturbinegio-1653795163-9919-1653795738.jpg?w=300&h=180&q=100&dpr=1&fit=crop&s=lFDVPKo7cJ8yD9bi0JpTBQ|TRUNG QUỐCSau gần một năm chế tạo, tàu vận chuyển và lắp đặt cơ sở hạ tầng điện gió Wudongde đã được xuất xưởng ở tỉnh Giang Tô hôm 25/5.|khoa học|vnexpress.net|unknow
Cánh buồm mặt trời 'bẻ cong' ánh sáng để bay trong vũ trụ|https://vnexpress.net/canh-buom-mat-troi-be-cong-anh-sang-de-bay-trong-vu-tru-4468593.html|https://i1-vnexpress.vnecdn.net/2022/05/29/CaptureJPG-1653761398-2524-1653761466.jpg?w=300&h=180&q=100&dpr=1&fit=crop&s=nOXH81kXMv1cqgjvXbQeOQ|Các nhà nghiên cứu đang phát triển thiết kế cánh buồm mặt trời mới giúp tàu vũ trụ di chuyển trong không gian mà không cần nhiên liệu.|khoa học|vnexpress.net|unknow
Cá voi lưng gù 25 tấn chết do mắc cạn|https://vnexpress.net/ca-voi-lung-gu-25-tan-chet-do-mac-can-4469280.html|https://i1-vnexpress.vnecdn.net/2022/05/29/cavoilunggu-1653791194-5759-1653791843.jpg?w=300&h=180&q=100&dpr=1&fit=crop&s=971zrthCG2lT8IN39geLGQ|TÂY BAN NHACon cá voi lưng gù được giải cứu khỏi lưới đánh cá trôi dạt ngoài khơi đảo Mallorca đã chết trên một bãi biển cách đó 300 km.|khoa học|vnexpress.net|unknow
Trung Quốc vận hành kho trữ năng lượng khí nén|https://vnexpress.net/trung-quoc-van-hanh-kho-tru-nang-luong-khi-nen-4469042.html|https://i1-vnexpress.vnecdn.net/2022/05/28/khotrunangluongkhinentronghang-1827-9642-1653728612.jpg?w=300&h=180&q=100&dpr=1&fit=crop&s=SOewvum63wdmeNbae3iZtA|Kho trữ năng lượng khí nén trong hang muối ở thành phố Thường Châu, tỉnh Giang Tô được đưa vào hoạt động hôm 26/5.|khoa học|vnexpress.net|unknow
Số phận trắc trở của nhà thiên văn học Galileo|https://vnexpress.net/so-phan-trac-tro-cua-nha-thien-van-hoc-galileo-4469222.html|https://i1-vnexpress.vnecdn.net/2022/05/28/SettopGallileo-1653747485-6752-1653747491.jpg?w=300&h=180&q=100&dpr=1&fit=crop&s=mAh42axlM1j91uj0i5JB4g|"ITALYCuộc đời của thiên tài Galileo Galilei (1564-1642) gặp nhiều trắc trở chỉ vì ông tìm ra quy luật ""Trái Đất quay quanh Mặt Trời""."|khoa học|vnexpress.net|unknow
Những báu vật bên trong kim tự tháp Maya|https://vnexpress.net/nhung-bau-vat-ben-trong-kim-tu-thap-maya-4469026.html|https://i1-vnexpress.vnecdn.net/2022/05/28/VNEMayaJPG-1653732154-3908-1653732218.jpg?w=300&h=180&q=100&dpr=1&fit=crop&s=joKITk1kssxNAg9DGTAF4A|Kim tự tháp của người Maya không chỉ là lăng mộ chôn cất hài cốt vua chúa và quý tộc mà còn chứa nhiều đồ vật quý giá từ ngọc thạch và xương cá đuối.|khoa học|vnexpress.net|unknow
Stratolaunch sắp thử nghiệm máy bay siêu thanh|https://vnexpress.net/stratolaunch-sap-thu-nghiem-may-bay-sieu-thanh-4469028.html|https://i1-vnexpress.vnecdn.net/2022/05/28/CaptureJPG-1653734564-3392-1653734624.jpg?w=300&h=180&q=100&dpr=1&fit=crop&s=AMPFwQyoCD2z82iZJo4z1Q|MỸĐầu tuần này, công ty Stratolaunch ở California giới thiệu TA-0, phiên bản thử nghiệm của máy bay siêu thanh Talon-A, được thả từ máy bay lớn nhất thế giới Roc ở độ cao 10.000 m.|khoa học|vnexpress.net|unknow
Voi con mồ côi chật vật sinh tồn trong những tháng đầu đời|https://vnexpress.net/voi-con-mo-coi-chat-vat-sinh-ton-trong-nhung-thang-dau-doi-4468575.html|https://i1-vnexpress.vnecdn.net/2022/05/28/voiconchatvatsinhtontrongnhung-2207-8666-1653712400.jpg?w=300&h=180&q=100&dpr=1&fit=crop&s=GCgPn9QZTrjEHbu5oBNVmw|Mất mẹ ruột khi mới vài ngày tuổi, voi con phải sống phụ thuộc vào nguồn sữa ít ỏi từ mẹ nuôi cho đến khi đủ cứng để gặm cỏ.|khoa học|vnexpress.net|unknow
Trực thăng sao Hỏa lập kỷ lục bay xa và nhanh nhất|https://vnexpress.net/truc-thang-sao-hoa-lap-ky-luc-bay-xa-va-nhanh-nhat-4469046.html|https://i1-vnexpress.vnecdn.net/2022/05/28/TRUCTHANGSAOHoa163521669018761-4802-5530-1653717723.jpg?w=300&h=180&q=100&dpr=1&fit=crop&s=Md9NXPcJF6d3BUI-Jget5g|NASA công bố video ghi lại chuyến bay thứ 25 của trực thăng Ingenuity trên sao Hỏa với quãng đường 704 mét và tốc độ 5,5 mét mỗi giây.|khoa học|vnexpress.net|unknow
Vành đai xanh dài 300 km bảo vệ đường sắt xuyên sa mạc|https://vnexpress.net/vanh-dai-xanh-dai-300-km-bao-ve-duong-sat-xuyen-sa-mac-4469038.html|https://i1-vnexpress.vnecdn.net/2022/05/28/Vanhdaixanh-1653713103-7401-1653713456.jpg?w=300&h=180&q=100&dpr=1&fit=crop&s=gRaND0oH8OfhA2deUqYfCg|TRUNG QUỐCVành đai chắn cát gồm 50 triệu m2 ô cỏ, 13 triệu cây bụi và cây con, chạy dọc theo tuyến đường sắt Hòa Điền - Nhược Khương.|khoa học|vnexpress.net|unknow
Xe tải tự lái luồn lách qua 'mê cung' bình sứ|https://vnexpress.net/xe-tai-tu-lai-luon-lach-qua-me-cung-binh-su-4469039.html|https://i1-vnexpress.vnecdn.net/2022/05/28/Xetaitulai-1653707931-4264-1653708300.jpg?w=300&h=180&q=100&dpr=1&fit=crop&s=6tOKJEB8vspFPDxVpu4GTQ|THỤY ĐIỂNXe tải điện vượt qua bài kiểm tra tự lái giữa những bình sứ dễ vỡ, chứng minh sự kết hợp giữa các hệ thống điều hướng trên xe.|khoa học|vnexpress.net|unknow
Hệ thống địa nhiệt cung cấp điện cho 10 triệu hộ gia đình|https://vnexpress.net/he-thong-dia-nhiet-cung-cap-dien-cho-10-trieu-ho-gia-dinh-4468596.html|https://i1-vnexpress.vnecdn.net/2022/05/28/VNEGeoJPG-1653701473-7376-1653701561.jpg?w=300&h=180&q=100&dpr=1&fit=crop&s=xusaSFgswkFRy_joV36dLA|MỸCác nhà nghiên cứu phát triển một hệ thống khai thác địa nhiệt thông qua bơm chất lỏng xuống độ sâu hơn 1.000 m dưới lòng đất.|khoa học|vnexpress.net|unknow
Công nghệ tái chế nhựa ôtô|https://vnexpress.net/cong-nghe-tai-che-nhua-oto-4468577.html|https://i1-vnexpress.vnecdn.net/2022/05/27/taichenhuafordcopy-1653627003-3956-1653627278.jpg?w=300&h=180&q=100&dpr=1&fit=crop&s=QGgP-RFxuN24qA9hBMRdmg|MỸCác nhà hóa học tìm cách biến rác thải nhựa trong những chiếc ôtô cũ thành vật liệu graphene để tổng hợp bọt polyurethane cao cấp cho các loại xe mới.|khoa học|vnexpress.net|unknow
Cá mập hổ cắn trúng ván chèo|https://vnexpress.net/ca-map-ho-can-trung-van-cheo-4468124.html|https://i1-vnexpress.vnecdn.net/2022/05/27/Camaprua-1653645570-2893-1653646419.jpg?w=300&h=180&q=100&dpr=1&fit=crop&s=mh8i1dBAs-gtO5u-P4erjA|AUSTRALIACá mập hổ truy đuổi rùa biển ngay gần người chèo ván, sau đó lao tới cắn chiếc ván khiến tay chèo ngã xuống nước.|khoa học|vnexpress.net|unknow
Phát hiện 42 hài cốt trong bệnh viện cổ xưa|https://vnexpress.net/phat-hien-42-hai-cot-trong-benh-vien-co-xua-4468580.html|https://i1-vnexpress.vnecdn.net/2022/05/27/haicot00004211Still001-1653645-3733-5670-1653646208.jpg?w=300&h=180&q=100&dpr=1&fit=crop&s=gTpcu85oU3COJpCS6Mwsvw|PERUNhững bộ xương người mới được khai quật tại bệnh viện San Andrés là một phần của nghĩa trang lâu đời nhất ở thủ đô Lima.|khoa học|vnexpress.net|unknow
Bình gốm cổ bán đấu giá 1,8 triệu USD|https://vnexpress.net/binh-gom-co-ban-dau-gia-1-8-trieu-usd-4468586.html|https://i1-vnexpress.vnecdn.net/2022/05/27/bauvatthoinhathanh-1653643082-2957-1653643525.jpg?w=300&h=180&q=100&dpr=1&fit=crop&s=YFhHfICh9rQiKxrX1VEDTA|TRUNG QUỐCMột chiếc bình hoàng gia có liên quan đến vua Càn Long được sơn màu xanh đã bán đấu giá với số tiền gấp 10 lần dự kiến.|khoa học|vnexpress.net|unknow
Trang trại sầu riêng công nghệ cao|https://vnexpress.net/trang-trai-sau-rieng-cong-nghe-cao-4468334.html|https://i1-vnexpress.vnecdn.net/2022/05/27/Trangtraisauriengset-165362324-9712-5077-1653623577.jpg?w=300&h=180&q=100&dpr=1&fit=crop&s=_MKAyf-PXoUvw-4M4hwodw|MALAYSIANhờ sử dụng hệ thống cảm biến, drone, thiết bị tưới bón hiện đại, trang trại Top Fruits tăng sản lượng sầu riêng 40% và giảm 30% nhân công.|khoa học|vnexpress.net|unknow
Kỹ thuật in 3D nhanh gấp 30 lần phương pháp truyền thống|https://vnexpress.net/ky-thuat-in-3d-nhanh-gap-30-lan-phuong-phap-truyen-thong-4468597.html|https://i1-vnexpress.vnecdn.net/2022/05/27/In3D-1653639708-6500-1653640273.jpg?w=300&h=180&q=100&dpr=1&fit=crop&s=U906WqY9RuPqdUG6-1fdFQ|THỤY SĨKỹ thuật in 3D dựa trên ánh sáng có khả năng tạo ra vật thể nhỏ trong vài chục giây với độ phân giải cao.|khoa học|vnexpress.net|unknow
TP HCM đặt hàng nhà khoa học làm giải pháp y tế thông minh|https://vnexpress.net/tp-hcm-dat-hang-nha-khoa-hoc-lam-giai-phap-y-te-thong-minh-4468779.html|https://i1-vnexpress.vnecdn.net/2022/05/27/KyketsoyteJPG-1653626958-1986-1653627357.jpg?w=300&h=180&q=100&dpr=1&fit=crop&s=X-ECw5YN9JQAznUXqBPA7Q|Ngành y tế đặt hàng nhà khoa học nghiên cứu giải pháp khám từ xa (telehealth); ứng dụng AI đọc kết quả X-quang phổi… phục vụ chăm sóc sức khỏe người dân.|khoa học|vnexpress.net|unknow
Robot giun đất kiểm tra động cơ máy bay|https://vnexpress.net/robot-giun-dat-kiem-tra-dong-co-may-bay-4468576.html|https://i1-vnexpress.vnecdn.net/2022/05/27/VNERobotJPG-1653623319-2086-1653623389.jpg?w=300&h=180&q=100&dpr=1&fit=crop&s=Zo3URNq-McToj0PebpNHgQ|TRUNG QUỐCCác nhà nghiên cứu phát triển một mẫu robot tí hon giống giun đất có thể bò trong đường ống ngoằn ngoèo chật hẹp, giúp kiểm tra động cơ máy bay và nhiều máy móc khác.|khoa học|vnexpress.net|unknow
Cá heo chết hàng loạt trên bãi biển|https://vnexpress.net/ca-heo-chet-hang-loat-tren-bai-bien-4468583.html|https://i1-vnexpress.vnecdn.net/2022/05/27/caheochet00010029Still001-1653-9706-3196-1653620629.jpg?w=300&h=180&q=100&dpr=1&fit=crop&s=lLHXMpsUsMHrgAnNBvCa-w|MEXICOÍt nhất 30 con cá heo mõm ngắn đã chết trên bờ biển Cortez ở bang Baja California Sur vào hôm 26/5, các nhà chức trách báo cáo.|khoa học|vnexpress.net|unknow
Trung Quốc trồng 12.000 hạt giống mang về từ vũ trụ|https://vnexpress.net/trung-quoc-trong-12-000-hat-giong-mang-ve-tu-vu-tru-4468102.html|https://i1-vnexpress.vnecdn.net/2022/05/27/VNEBreed-1653620445-7145-1653620515.jpg?w=300&h=180&q=100&dpr=1&fit=crop&s=_dzlMwBD8C5PlrSyv_H-Vw|Những đột biến do tiếp xúc với bức xạ vũ trụ và vi trọng lực có thể giúp tạo ra các giống mới ưu việt hơn.|khoa học|vnexpress.net|unknow
Xây nhà máy sản xuất 13.700 tấn thịt nhân tạo mỗi năm|https://vnexpress.net/xay-nha-may-san-xuat-13-700-tan-thit-nhan-tao-moi-nam-4468335.html|https://i1-vnexpress.vnecdn.net/2022/05/26/thitnhantaoset-1653557455-7368-1653558013.jpg?w=300&h=180&q=100&dpr=1&fit=crop&s=DHoMMpV9MLOBz704D-3o4Q|MỸCông ty Good Meat sẽ xây nhà máy với 10 lò phản ứng sinh học lớn nhất thế giới để nuôi cấy thịt, mỗi lò có dung tích 250.000 lít.|khoa học|vnexpress.net|unknow
Robot cua tí hon có thể tiêu diệt khối u|https://vnexpress.net/robot-cua-ti-hon-co-the-tieu-diet-khoi-u-4468098.html|https://i1-vnexpress.vnecdn.net/2022/05/26/VNERobot-1653557172-9036-1653557375.jpg?w=300&h=180&q=100&dpr=1&fit=crop&s=gCDY8FrwagtGgcQ8OO-NRw|MỸCác kỹ sư ở Đại học Northwestern phát triển robot biết đi điều khiển từ xa nhỏ nhất thế giới có dạng một con cua peekytoe tý hon.|khoa học|vnexpress.net|unknow
Việt Nam có lợi thế vươn lên thị trường vi mạch nghìn tỷ USD|https://vnexpress.net/viet-nam-co-loi-the-vuon-len-thi-truong-vi-mach-nghin-ty-usd-4468456.html|https://i1-vnexpress.vnecdn.net/2022/05/26/diengiast-1653571914-3912-1653575380.jpg?w=300&h=180&q=100&dpr=1&fit=crop&s=5VMwzThivqdJ3OvWyHqvCQ|HÀ NỘIChia sẻ về xu hướng công nghệ thiết kế vi mạch, các chuyên gia cho rằng ngành công nghiệp bán dẫn trên thế giới đang sôi động, mở ra cơ hội cho Việt Nam.|khoa học|vnexpress.net|unknow
Tảng đá nguyên khối hình tê giác uống nước trên biển|https://vnexpress.net/tang-da-nguyen-khoi-hinh-te-giac-uong-nuoc-tren-bien-4468126.html|https://i1-vnexpress.vnecdn.net/2022/05/26/tangdahinhtegiacuongnuoc-16535-6299-4854-1653556753.jpg?w=300&h=180&q=100&dpr=1&fit=crop&s=RZI-OVjJc-VbLhfHXoC6SA|ICELANDHiện tượng xói mòn gây ra bởi nước biển đã khoét thủng hai lỗ dưới chân tảng đá Hvítserkur cao 15 m, tạo nên hình dạng rất độc đáo.|khoa học|vnexpress.net|unknow
Cây đại thụ cổ nhất thế giới đang chết dần|https://vnexpress.net/cay-dai-thu-co-nhat-the-gioi-dang-chet-dan-4468100.html|https://i1-vnexpress.vnecdn.net/2022/05/26/VNETreeJPG-1653561214-8329-1653561276.jpg?w=300&h=180&q=100&dpr=1&fit=crop&s=a6FrudU-_-T3zRvzumyCHw|Cách đây khoảng 5.400 năm, khi con người tiến vào thời Đồ Đồng, một cây bách (Fitzroya cupressoides) có thể bắt đầu mọc ở vùng núi ven biển thuộc Chile ngày nay.|khoa học|vnexpress.net|unknow
Tái chế lốp xe cũ làm mặt đường|https://vnexpress.net/tai-che-lop-xe-cu-lam-mat-duong-4468105.html|https://i1-vnexpress.vnecdn.net/2022/05/26/Caosuvun-1653540898-5112-1653541280.jpg?w=300&h=180&q=100&dpr=1&fit=crop&s=UR8TCnVYtswOV-ru28e7zg|AUSTRALIACác nhà khoa học thêm cao su vụn làm từ lốp xe cũ để tăng gấp đôi khả năng chống chọi với ánh sáng cực tím của mặt đường.|khoa học|vnexpress.net|unknow
Băng tan tạo năng lượng nhiều hơn 10 trạm thủy điện|https://vnexpress.net/bang-tan-tao-nang-luong-nhieu-hon-10-tram-thuy-dien-4467711.html|https://i1-vnexpress.vnecdn.net/2022/05/26/bangtan-1653539398-4346-1653540179.jpg?w=300&h=180&q=100&dpr=1&fit=crop&s=Mgc4CHflmIozxyqRF8rMzw|Băng Greenland đang tan chảy nhiều đến mức lượng nước mà nó tạo ra có thể sản sinh năng lượng hơn 10 dự án thủy điện lớn nhất thế giới.|khoa học|vnexpress.net|unknow
Đôi báo săn tử chiến cách đây 20.000 năm|https://vnexpress.net/doi-bao-san-tu-chien-cach-day-20-000-nam-4468095.html|https://i1-vnexpress.vnecdn.net/2022/05/26/CaptureJPG-1653541132-6042-1653541196.jpg?w=300&h=180&q=100&dpr=1&fit=crop&s=ZHCylipD-UoJDuJXm3cp6Q|MỸNhững vết thương chí mạng từ trận chiến với đồng loại khiến báo săn Mỹ cổ đại rơi xuống nền hang động và tử vong.|khoa học|vnexpress.net|unknow
Chế tạo gương kim cương|https://vnexpress.net/che-tao-guong-kim-cuong-4467691.html|https://i1-vnexpress.vnecdn.net/2022/05/26/Guonglaser-1653535123-3220-1653535511.jpg?w=300&h=180&q=100&dpr=1&fit=crop&s=kTUSZRgomCLwTMCW7sNbtQ|MỸLoại gương mới có độ bền cao được chế tạo hoàn toàn bằng kim cương, có thể sử dụng trong sản xuất chất bán dẫn và truyền tin không gian sâu.|khoa học|vnexpress.net|unknow
Tàu Boeing trở về Trái Đất|https://vnexpress.net/tau-boeing-tro-ve-trai-dat-4468096.html|https://i1-vnexpress.vnecdn.net/2022/05/26/VNEBoeing-1653535504-7550-1653535543.jpg?w=300&h=180&q=100&dpr=1&fit=crop&s=d4ck0xdhmPd6gQeplIc1VA|MỸTàu Starliner mới của Boeing hạ cánh an toàn ở New Mexico hôm 25/5, kết thúc nhiệm vụ thử nghiệm quan trọng tới Trạm Vũ trụ Quốc tế (ISS).|khoa học|vnexpress.net|unknow
Cá mập voi khổng lồ mắc cạn trên bãi biển|https://vnexpress.net/ca-map-voi-khong-lo-mac-can-tren-bai-bien-4468110.html|https://i1-vnexpress.vnecdn.net/2022/05/26/camapvoiPNG-1653534753-2733-1653535009.png?w=300&h=180&q=100&dpr=1&fit=crop&s=01yzzRVJodA9MBz2nC1p4A|INDONESIAMột con cá mập voi dài gần 6 m đã hai lần mắc cạn trên bãi biển Kincie và chết vào hôm 25/5 bất chấp các nỗ lực giải cứu.|khoa học|vnexpress.net|unknow
Màng gel tạo 13 lít nước từ không khí mỗi ngày|https://vnexpress.net/mang-gel-tao-13-lit-nuoc-tu-khong-khi-moi-ngay-4467538.html|https://i1-vnexpress.vnecdn.net/2022/05/25/Manggelset-1653471010-7780-1653471346.jpg?w=300&h=180&q=100&dpr=1&fit=crop&s=8YQjmDhi_ZSWoC4bpf4G_g|MỸNhóm nghiên cứu tại Đại học Texas Austin phát triển màng gel mới với hiệu quả hút nước cao và chi phí sản xuất chỉ 2 USD mỗi kg.|khoa học|vnexpress.net|unknow
Gấu Bắc Cực leo núi tán tỉnh con cái|https://vnexpress.net/gau-bac-cuc-leo-nui-tan-tinh-con-cai-4468016.html|https://i1-vnexpress.vnecdn.net/2022/05/25/GauBC-1653476514-1718-1653478117.jpg?w=300&h=180&q=100&dpr=1&fit=crop&s=yAGZfDObo3OcU-nphQdaWQ|Để được con cái đồng ý ghép đôi, gấu Bắc Cực đực cùng chơi đùa với nó, đồng thời chứng tỏ sự khỏe mạnh của mình.|khoa học|vnexpress.net|unknow
Hóa thạch 'rồng tử thần' có sải cánh 9 m|https://vnexpress.net/hoa-thach-rong-tu-than-co-sai-canh-9-m-4467685.html|https://i1-vnexpress.vnecdn.net/2022/05/25/CaptureJPG-1653472324-1622-1653472397.jpg?w=300&h=180&q=100&dpr=1&fit=crop&s=cNdWOcQ1aFWLHhMeE6hGng|ARGENTINACác nhà nghiên cứu khai quật loài dực long lớn nhất từng được tìm thấy ở Nam Mỹ tại tỉnh Mendoza.|khoa học|vnexpress.net|unknow
Vì sao không nên cho trẻ sơ sinh uống sữa bò?|https://vnexpress.net/vi-sao-khong-nen-cho-tre-so-sinh-uong-sua-bo-4467709.html|https://i1-vnexpress.vnecdn.net/2022/05/25/suabo-1653479218-5841-1653479916.jpg?w=300&h=180&q=100&dpr=1&fit=crop&s=eb9p32NwKTTFIhuU5C4Fsg|Chuyên gia tại Bệnh viện Nhi Cincinnati giải thích lý do không nên dùng sữa bò thay thế sữa mẹ hoặc sữa công thức cho trẻ dưới 12 tháng tuổi.|khoa học|vnexpress.net|unknow
Viettel có thêm hai sáng chế được bảo hộ độc quyền tại Mỹ|https://vnexpress.net/viettel-co-them-hai-sang-che-duoc-bao-ho-doc-quyen-tai-my-4468455.html|https://i1-vnexpress.vnecdn.net/2022/05/26/anh-01-1653570797-5288-1653570893.jpg?w=300&h=180&q=100&dpr=1&fit=crop&s=NAFC_0X0nY13mN6UcwRt_A|Viện Hàng không Vũ trụ Viettel (VTX) nhận giấy chứng nhận bảo hộ độc quyền cho hai công trình thuộc lĩnh vực quang điện tử và công nghiệp vật liệu.|khoa học|vnexpress.net|unknow
Cá sấu sống sót sau khi mất nửa bộ hàm|https://vnexpress.net/ca-sau-song-sot-sau-khi-mat-nua-bo-ham-4467687.html|https://i1-vnexpress.vnecdn.net/2022/05/25/VNEAliJPG-1653474535-5120-1653474635.jpg?w=300&h=180&q=100&dpr=1&fit=crop&s=6xgl-twYUnrE_d6PMntX8w|MỸCon cá sấu dài 2,7 m sinh sống ở vùng đầm lầy Everglades dường như vẫn hoạt động bình thường dù bị mất phần lớn hàm trên.|khoa học|vnexpress.net|unknow
Thợ lặn mạo hiểm giải cứu cá voi mắc lưới đánh cá|https://vnexpress.net/tho-lan-mao-hiem-giai-cuu-ca-voi-mac-luoi-danh-ca-4467703.html|https://i1-vnexpress.vnecdn.net/2022/05/25/giaicuucavoimacluoi-1653473057-2914-1653473458.jpg?w=300&h=180&q=100&dpr=1&fit=crop&s=MoWJp9Fxt9jJkPOqPk9IXg|Các thợ lặn Tây Ban Nha hôm 20/5 đã cứu một con cá voi lưng gù dài 12 m vướng vào lưới đánh cá trôi dạt ngoài khơi đảo Mallorca.|khoa học|vnexpress.net|unknow
Phát hiện nguồn gốc của tín hiệu bí ẩn ngoài hành tinh|https://vnexpress.net/phat-hien-nguon-goc-cua-tin-hieu-bi-an-ngoai-hanh-tinh-4467686.html|https://i1-vnexpress.vnecdn.net/2022/05/25/VNESignal-1653447318-4150-1653447364.jpg?w=300&h=180&q=100&dpr=1&fit=crop&s=V5Nqo0aNxnr01oLgCJhuEQ|Các nhà nghiên cứu có thể xác định được nguồn gốc của tín hiệu ngoài hành tinh Wow! nổi tiếng phát hiện cách đây gần nửa thế kỷ.|khoa học|vnexpress.net|unknow
Tái chế gỗ thành vật liệu chắc chắn hơn thép|https://vnexpress.net/tai-che-go-thanh-vat-lieu-chac-chan-hon-thep-4467035.html|https://i1-vnexpress.vnecdn.net/2022/05/23/Gotaiche-1653297916-4558-1653298172.jpg?w=300&h=180&q=100&dpr=1&fit=crop&s=wOYTNl_r5ki1Kf_jwvZT0Q|Nhóm nghiên cứu tại Đại học British Columbia phát triển kỹ thuật mới giúp biến gỗ thải thành vật liệu bền chắc gấp 5 lần gỗ tự nhiên.|khoa học|vnexpress.net|unknow
Ấu trùng tò vò ăn thịt anh chị em cùng mẹ|https://vnexpress.net/au-trung-to-vo-an-thit-anh-chi-em-cung-me-4465219.html|https://i1-vnexpress.vnecdn.net/2022/05/19/Tovoset-1652930836-1683-1652931241.jpg?w=300&h=180&q=100&dpr=1&fit=crop&s=SyJXMXqemZpiF9yq2ZvU9g|NHẬT BẢNTò vò mẹ đẻ quá nhiều trứng trong khi không cung cấp đủ thức ăn có thể là nguyên nhân khiến các ấu trùng tàn sát nhau.|khoa học|vnexpress.net|unknow
'Sét yêu tinh' trên bầu trời Tây Tạng|https://vnexpress.net/set-yeu-tinh-tren-bau-troi-tay-tang-4467692.html|https://i1-vnexpress.vnecdn.net/2022/05/25/setyeutinhtrenbautroitaytang00-5966-5409-1653457384.jpg?w=300&h=180&q=100&dpr=1&fit=crop&s=7fi_GFbhLCeF8Tx2fjw7kg|Các nhiếp ảnh gia Trung Quốc chụp được những tia sét màu đỏ hiếm gặp trông giống như sợi dây tua rua khổng lồ phía trên dãy Himalaya.|khoa học|vnexpress.net|unknow
Đàn cá mập xâu xé xác cá voi|https://vnexpress.net/dan-ca-map-xau-xe-xac-ca-voi-4467684.html|https://i1-vnexpress.vnecdn.net/2022/05/25/VNEShark-1653453409-3671-1653453605.jpg?w=300&h=180&q=100&dpr=1&fit=crop&s=7Epa5dWBjipn2eBG2VSMww|Thước phim quay bằng drone cho thấy một đàn cá mập san hô tranh nhau xé xác cá voi lưng gù (Megaptera novaeangliae) trôi nổi dọc vùng ven biển Australia.|khoa học|vnexpress.net|unknow
Trạm đổ bộ NASA trên sao Hỏa chụp ảnh selfie cuối cùng|https://vnexpress.net/tram-do-bo-nasa-tren-sao-hoa-chup-anh-selfie-cuoi-cung-4467693.html|https://i1-vnexpress.vnecdn.net/2022/05/25/TramdobosaoHoa-1653454233-4672-1653454563.jpg?w=300&h=180&q=100&dpr=1&fit=crop&s=uuVJBm_1CghbU7y0i4Tx2Q|Trạm đổ bộ InSight gửi về ảnh selfie cho thấy các tấm pin Mặt Trời phủ đầy bụi, ngăn cản nó tiếp tục hoạt động trên sao Hỏa.|khoa học|vnexpress.net|unknow
Bộ đồ phản lực bay cao gần 1.000 m trong 3,5 phút|https://vnexpress.net/bo-do-phan-luc-bay-cao-gan-1-000-m-trong-3-5-phut-4467706.html|https://i1-vnexpress.vnecdn.net/2022/05/25/Bodobay-1653446854-3119-1653447035.jpg?w=300&h=180&q=100&dpr=1&fit=crop&s=-Vummkbn5oglU0oVn6XnKQ|ANHTrong thử nghiệm, bộ đồ phản lực in 3D của công ty Gravity Industries chỉ mất vài phút để đưa nhân viên cứu hộ bay lên đỉnh núi Helveylln.|khoa học|vnexpress.net|unknow
Tìm ra chất vô hiệu hóa nọc độc rắn viper trong trái cây|https://vnexpress.net/tim-ra-chat-vo-hieu-hoa-noc-doc-ran-viper-trong-trai-cay-4467702.html|https://i1-vnexpress.vnecdn.net/2022/05/25/ranviper2copy-1653447728-7773-1653448332.jpg?w=300&h=180&q=100&dpr=1&fit=crop&s=7A5ElHpoFQ_yc2-0tFDisw|Phát hiện mới sẽ giúp giảm nguy cơ tử vong và tổn thương nặng do các vết cắn của một trong những loài rắn độc nguy hiểm nhất Nam Mỹ.|khoa học|vnexpress.net|unknow
Loài voọc được mệnh danh là 'nữ hoàng linh trưởng'|https://vnexpress.net/loai-vooc-duoc-menh-danh-la-nu-hoang-linh-truong-4464635.html|https://i1-vnexpress.vnecdn.net/2022/05/17/chavachandoduocmenhdanhlanuhoa-7373-7966-1652788066.jpg?w=300&h=180&q=100&dpr=1&fit=crop&s=tUUf1c9OhT3ODbPM3pO1Gg|Chà vá chân đỏ là một trong những loài voọc đẹp nhất thế giới nhưng đang có nguy cơ tuyệt chủng do nạn săn bắn và mất môi trường sống.|khoa học|vnexpress.net|unknow
Bác sĩ trẻ nghiên cứu máy đo lực cắn|https://vnexpress.net/bac-si-tre-nghien-cuu-may-do-luc-can-4467150.html|https://i1-vnexpress.vnecdn.net/2022/05/23/Maydoluccan2-1653308738-7645-1653308752.jpg?w=300&h=180&q=100&dpr=1&fit=crop&s=nc6uem9imGx7xmS411skFQ|Nhóm bác sĩ trẻ tại TP HCM nghiên cứu thành công máy đo lực cắn ở người, hỗ trợ điều trị các bệnh lý răng miệng.|khoa học|vnexpress.net|unknow
Máy bay phản lực chở khách nhanh nhất thế giới|https://vnexpress.net/may-bay-phan-luc-cho-khach-nhanh-nhat-the-gioi-4467205.html|https://i1-vnexpress.vnecdn.net/2022/05/24/VNEJetJPG-1653381689-4491-1653381798.jpg?w=300&h=180&q=100&dpr=1&fit=crop&s=4-qNuvlr8Wm384gMD3BV7Q|CANADAHãng Bombardier giới thiệu mẫu máy bay phản lực mới Global 8000 nhanh nhất thế giới chuyên phục vụ giới thương gia với tốc độ 1.152 km/h và chặng bay siêu dài 14.816 km.|khoa học|vnexpress.net|unknow
Vì sao rối loạn ăn uống khó điều trị?|https://vnexpress.net/vi-sao-roi-loan-an-uong-kho-dieu-tri-4467588.html|https://i1-vnexpress.vnecdn.net/2022/05/24/roi-loan-an-uong-PNG.png?w=300&h=180&q=100&dpr=1&fit=crop&s=OlmpMFSTFezVnZSA05RFjw|Do là một bệnh liên quan đến tâm thần vẫn chưa được hiểu rõ, chứng rối loạn ăn uống rất khó xác định và chữa khỏi hoàn toàn.|khoa học|vnexpress.net|unknow
Chim cắt lớn đạp lưng bồ nông giữa không trung|https://vnexpress.net/chim-cat-lon-dap-lung-bo-nong-giua-khong-trung-4467228.html|https://i1-vnexpress.vnecdn.net/2022/05/24/chimcatlonbai1-1653384817-7784-1653385745.jpg?w=300&h=180&q=100&dpr=1&fit=crop&s=WcY0g0oLiyIudlm__y49CQ|MỸThấy bồ nông nâu bay đến quá gần tổ, chim cắt lớn - loài chim nhanh nhất thế giới - lập tức lao ra cảnh cáo.|khoa học|vnexpress.net|unknow
