Tiền đạo Minh Bình: 'Giá mà tôi dứt điểm tốt hơn'|https://vnexpress.net/tien-dao-minh-binh-gia-ma-toi-dut-diem-tot-hon-4475287.html|https://i1-thethao.vnecdn.net/2022/06/13/Untitled-2822-1655058388.jpg?w=220&h=132&q=100&dpr=1&fit=crop&s=RZ-qi5fJBX5eT_KlqRY6IQ|UZBEKISTAN Tiền đạo Lê Minh Bình tiếc nuối khi sút trúng xà, khiến Việt Nam lỡ cơ hội mở tỷ số trong trận tứ kết gặp Saudi Arabia ở U23 châu Á 2022.|thể thao|vnexpress.net|unknow
HLV Saudi Arabia: 'Chúng tôi gặp khó khăn trước khi hạ Việt Nam'|https://vnexpress.net/hlv-saudi-arabia-chung-toi-gap-kho-khan-truoc-khi-ha-viet-nam-4475290.html|https://i1-thethao.vnecdn.net/2022/06/13/ed7acf08a5ab65f53cba-jpeg-1655-6631-5871-1655060975.jpg?w=220&h=132&q=100&dpr=1&fit=crop&s=RYMcmKtxV1cbuyKDrA54mg|UZBEKISTAN Theo HLV Saad Al-Shehri, đội hình của Việt Nam được tổ chức tốt và ít nhiều gây khó dễ cho Saudi Arabia ở tứ kết U23 châu Á 2022.|thể thao|vnexpress.net|unknow
HLV Gong: 'Cầu thủ Việt Nam sẽ trưởng thành sau giải U23 châu Á'|https://vnexpress.net/hlv-gong-cau-thu-viet-nam-se-truong-thanh-sau-giai-u23-chau-a-4475284.html|https://i1-thethao.vnecdn.net/2022/06/13/4ff1c43f539c93c2ca8d-jpeg-1655-6860-9562-1655061428.jpg?w=220&h=132&q=100&dpr=1&fit=crop&s=OE-JxfcjipfnJNyT1W5GAg|UZBEKISTAN Dừng bước trước Saudi Arabia ở tứ kết U23 châu Á tối 12/6, nhưng HLV Gong Oh-kyun vẫn cảm kích trước sự tận hiến của cầu thủ Việt Nam.|thể thao|vnexpress.net|unknow
Giải chạy JEX Running ra mắt huy chương, áo thi đấu|https://vnexpress.net/giai-chay-jex-running-ra-mat-huy-chuong-ao-thi-dau-4474739.html|https://i1-suckhoe.vnecdn.net/2022/06/13/284826622167174393652193672870-7479-3561-1655107697.jpg?w=220&h=132&q=100&dpr=1&fit=crop&s=utbGHvjPy_gU_oPjuMOsHg|Huy chương giải lấy cảm hứng từ sự gắn kết gia đình và các công trình biểu tượng của TP HCM, bên cạnh áo chạy nổi bật với màu cam – xanh.|thể thao|vnexpress.net|unknow
CĐV Thái Lan hả hê khi Việt Nam bị loại|https://vnexpress.net/cdv-thai-lan-ha-he-khi-viet-nam-bi-loai-4475291.html|https://i1-thethao.vnecdn.net/2022/06/13/Untitled-1131-1655061995.jpg?w=220&h=132&q=100&dpr=1&fit=crop&s=2yQllfREu9xHbP6M4c24bw|Trên diễn đàn bóng đá Đông Nam Á, một số CĐV Thái Lan cho rằng trận thua Saudi Arabia chứng tỏ Việt Nam vào tứ kết U23 châu Á 2022 nhờ may mắn.|thể thao|vnexpress.net|unknow
Việt Nam dừng chân ở tứ kết U23 châu Á|https://vnexpress.net/u23-viet-nam-vs-u23-saudi-arabia-4475243-tong-thuat.html|https://i1-thethao.vnecdn.net/2022/06/13/84fb630122a2e2fcbbb3-165508242-1683-3741-1655082481.jpg?w=220&h=132&q=100&dpr=1&fit=crop&s=tf4d8gPCro2bEu0kP1Rddg|UZBEKISTAN Việt Nam thua Saudi Arabia 0-2 và chơi thiếu người trong khoảng 10 phút cuối trận tứ kết U23 châu Á 2022, tối 12/6.|thể thao|vnexpress.net|unknow
Lý Hoàng Nam trở lại top 400 ATP|https://vnexpress.net/ly-hoang-nam-tro-lai-top-400-atp-4475247.html|https://i1-thethao.vnecdn.net/2022/06/12/HongNam2-1655035670-8563-1655035789.jpg?w=220&h=132&q=100&dpr=1&fit=crop&s=u9IsEM7v54h4I7ZdFKT8pw|VIỆT NAM Vô địch liên tiếp hai giải nhà nghề ITF M15 Tây Ninh, Lý Hoàng Nam tiệm cận thứ bậc cao nhất từng có trong sự nghiệp.|thể thao|vnexpress.net|unknow
Nhật Bản biến Hàn Quốc thành cựu vô địch|https://vnexpress.net/nhat-ban-bien-han-quoc-thanh-cuu-vo-dich-4475199-tong-thuat.html|https://i1-thethao.vnecdn.net/2022/06/12/fca5f211ecb12cef75a0-jpeg-1655-4464-2858-1655048694.jpg?w=220&h=132&q=100&dpr=1&fit=crop&s=OhRMsfc3zE8xPQY51xqHJg|UZBEKISTAN Nhật Bản, bằng dàn cầu thủ U21, thắng Hàn Quốc 3-0 tại tứ kết U23 châu Á 2022 ngày 12/6.|thể thao|vnexpress.net|unknow
'Nữ hoàng chân đất' gợi lại vinh quang khi vô địch VM Quy Nhơn|https://vnexpress.net/nu-hoang-chan-dat-goi-lai-vinh-quang-khi-vo-dich-vm-quy-nhon-4475090.html|https://i1-thethao.vnecdn.net/2022/06/12/untitled-6274-1654997887-16550-2500-6990-1655008664.jpg?w=220&h=132&q=100&dpr=1&fit=crop&s=JyiffPMwDUHaiZP8f1vNmA|"BÌNH ĐỊNH Tám năm sau khi thôi thi đấu đỉnh cao, ""Nữ hoàng chân đất"" Phạm Thị Bình mới lại chiến thắng trên đường chạy full marathon."|thể thao|vnexpress.net|unknow
Quang Liêm hoà nhanh kỳ thủ gốc Việt|https://vnexpress.net/quang-liem-hoa-nhanh-ky-thu-goc-viet-4475155.html|https://i1-thethao.vnecdn.net/2022/06/12/lie-m-le-jpeg-1655005394-16550-5646-4914-1655005460.jpg?w=220&h=132&q=100&dpr=1&fit=crop&s=gcqsu2cVakP_OY03nPdpGw|CZECH Lê Quang Liêm cầm quân đen, hòa kỳ thủ Czech gốc Việt Nguyễn Thái Đại Văn ở vòng bốn, để tiếp tục dẫn đầu Prague Masters.|thể thao|vnexpress.net|unknow
Schwartzel 'hốt bạc' khi vô địch sự kiện đầu Invitational Series|https://vnexpress.net/schwartzel-hot-bac-khi-vo-dich-su-kien-dau-invitational-series-4475167.html|https://i1-thethao.vnecdn.net/2022/06/12/h5gb4wnxu5ns7mw5kslmikw5rm-165-7606-9090-1655006022.jpg?w=220&h=132&q=100&dpr=1&fit=crop&s=uE7bASmWVkrYVTyPxb0eOg|ANH Gộp khoản thưởng vô địch cá nhân và nhất đồng đội ngày 11/6, Charl Schwartzel lĩnh cả thảy 4,75 triệu USD tại sự kiện mở màn nhóm giải do Saudi Arabia đầu tư.|thể thao|vnexpress.net|unknow
AFC vinh danh Nguyễn Văn Tùng và Quan Văn Chuẩn|https://vnexpress.net/afc-vinh-danh-nguyen-van-tung-va-quan-van-chuan-4473576.html|https://i1-thethao.vnecdn.net/2022/06/12/74d6994e1a83dadd8392-jpeg-1654-3492-8854-1654990730.jpg?w=220&h=132&q=100&dpr=1&fit=crop&s=72-vGEWv2thM226rr9V5Qw|Tiền đạo Nguyễn Văn Tùng lọt danh sách bàn thắng đẹp nhất, còn thủ môn Quan Văn Chuẩn góp mặt trong mục cứu thua xuất sắc ở vòng bảng U23 châu Á 2022.|thể thao|vnexpress.net|unknow
Uzbekistan vào bán kết dù đá thiếu người hơn 105 phút|https://vnexpress.net/uzbekistan-vao-ban-ket-du-da-thieu-nguoi-hon-105-phut-4471451.html|https://i1-thethao.vnecdn.net/2022/06/12/fu-nqroxeac7ttv-jpeg-165499316-7053-1571-1654993546.jpg?w=220&h=132&q=100&dpr=1&fit=crop&s=5YM7YWi1ArdOgmpvnNsL6A|UZBEKISTAN Mất thủ môn số một Abduvohid Nematov vì thẻ đỏ, chủ nhà hòa Iraq 2-2 qua 120 phút rồi thắng 3-2 trên loạt luân lưu tại tứ kết giải U23 châu Á 2022.|thể thao|vnexpress.net|unknow
HLV Gong căn dặn cầu thủ Việt Nam thế nào|https://vnexpress.net/hlv-gong-can-dan-cau-thu-viet-nam-the-nao-4475181.html|https://i1-thethao.vnecdn.net/2022/06/12/lvt-8438-jpeg-1655013305-7556-1655013621.jpg?w=220&h=132&q=100&dpr=1&fit=crop&s=B6WyLJswiBPQqmMSoP0KEg|UZBEKISTAN Bên cạnh việc rà soát chiến thuật, trong buổi tập tối 11/6 HLV Gong Oh-kyun dành thời gian trò chuyện với các cầu thủ trước trận tứ kết U23 châu Á 2022 với ...|thể thao|vnexpress.net|unknow
10.000 VĐV hoàn thành thử thách tại VM Quy Nhơn 2022|https://vnexpress.net/10-000-vdv-hoan-thanh-thu-thach-tai-vm-quy-nhon-2022-4474427.html|https://i1-thethao.vnecdn.net/2022/06/12/c44520e0947a54240d6b-165500359-4722-5169-1655003612.jpg?w=220&h=132&q=100&dpr=1&fit=crop&s=P5INYxVxfZZaaHQ0YtSfEg|BÌNH ĐỊNH Đóng đường lúc 9h30, giải chạy VnExpress Marathon Quy Nhơn 2022 kết thúc thành công với hầu hết VĐV trong số 10.000 người tham gia hoàn thành cuộc đua.|thể thao|vnexpress.net|unknow
VM Quy Nhơn trao 128 giải thưởng|https://vnexpress.net/vm-quy-nhon-trao-128-giai-thuong-4475099.html|https://i1-thethao.vnecdn.net/2022/06/12/7e2b364215e7d5b98cf6-165500817-2535-9696-1655008289.jpg?w=220&h=132&q=100&dpr=1&fit=crop&s=jZPj5ChbW97RMBJkRK-Kig|Ban tổ chức trao 128 giải thưởng, tổng trị giá hơn một tỷ đồng đến các runner đạt thành tích cao tại VM Quy Nhơn 2022.|thể thao|vnexpress.net|unknow
Việt Nam - Saudi Arabia: Tiếp đà thăng tiến|https://vnexpress.net/viet-nam-saudi-arabia-tiep-da-thang-tien-4475118.html|https://i1-thethao.vnecdn.net/2022/06/12/tua-n-ta-i-jpeg-1655002271-165-2454-6953-1655002319.jpg?w=220&h=132&q=100&dpr=1&fit=crop&s=eqJSPIo7unh13DsXrTWbOw|UZBEKISTAN Với tinh thần lên cao khi qua vòng bảng, Việt Nam đấu ứng viên vô địch Saudi Arabia ở tứ kết U23 châu Á trên sân Lokomotiv hôm nay.|thể thao|vnexpress.net|unknow
Saudi Arabia nguy cơ mất thêm trụ cột khi gặp Việt Nam|https://vnexpress.net/saudi-arabia-nguy-co-mat-them-tru-cot-khi-gap-viet-nam-4475154.html|https://i1-thethao.vnecdn.net/2022/06/12/turki-jpeg-1655003986-5005-1655004136.jpg?w=220&h=132&q=100&dpr=1&fit=crop&s=tU8iJEqIz2qFn8aV_YY_3w|UZBEKISTAN Tiền vệ Turki Al-Ammar nhiều khả năng nghỉ trận tứ kết giải U23 châu Á 2022 gặp Việt Nam hôm nay 12/6 vì chấn thương.|thể thao|vnexpress.net|unknow
Tương quan trước trận Việt Nam - Saudi Arabia|https://vnexpress.net/tuong-quan-truoc-tran-viet-nam-saudi-arabia-4475138.html|https://i1-thethao.vnecdn.net/2022/06/12/Settop-Viet-Nam-Saudi-Arabia-jpeg.jpg?w=220&h=132&q=100&dpr=1&fit=crop&s=6Lnu1eOvSpLCuNiMe9hcYQ|UZBEKISTAN Việt Nam ít kinh nghiệm và bị đánh giá thấp hơn so với Saudi Arabia, trước trận tứ kết giải U23 châu Á 2022 hôm nay 12/6.|thể thao|vnexpress.net|unknow
Những nụ cười trên đường chạy VM Quy Nhơn|https://vnexpress.net/nhung-nu-cuoi-tren-duong-chay-vm-quy-nhon-4475101.html|https://i1-thethao.vnecdn.net/2022/06/12/c3c246088f934fcd1682_1654998172.jpg?w=220&h=132&q=100&dpr=1&fit=crop&s=NYkQrUxMm9iqZtC6MnEwwQ|Chạy marathon là thử thách không dễ dàng, nhưng các vận động viên của VnExpress Marathon vẫn giữ nụ cười trên môi, kể cả khi phải dừng cuộc chơi.|thể thao|vnexpress.net|unknow
HLV Australia xem Việt Nam là đối thủ tiềm ẩn ở bán kết U23 châu Á|https://vnexpress.net/hlv-australia-xem-viet-nam-la-doi-thu-tiem-an-o-ban-ket-u23-chau-a-4475067.html|https://i1-thethao.vnecdn.net/2022/06/12/286397130-984773198892646-2027-5748-8655-1654988307.jpg?w=220&h=132&q=100&dpr=1&fit=crop&s=oq-JHryHF5ELVOK3r31gvw|UZBEKISTAN Theo HLV Trevor Morgan, Việt Nam có thể vượt qua Saudi Arabia để trở thành đối thủ của Australia tại bán kết giải U23 châu Á 2022.|thể thao|vnexpress.net|unknow
Lê Văn Tuấn, Phạm Thị Bình vô địch VM Quy Nhơn|https://vnexpress.net/le-van-tuan-pham-thi-binh-vo-dich-vm-quy-nhon-4475066.html|https://i1-thethao.vnecdn.net/2022/06/12/9f8dc753a0c8609639d9-165498767-4725-1645-1654987740.jpg?w=220&h=132&q=100&dpr=1&fit=crop&s=rX9ufquaQiedAMW9Qk7dKA|Vận động viên 38 tuổi Lê Văn Tuấn bảo vệ thành công chức vô địch, trong khi Phạm Thị Bình lần đầu lên ngôi hậu ở VM Quy Nhơn 2022.|thể thao|vnexpress.net|unknow
Việt Nam vui đùa trước trận Saudi Arabia|https://vnexpress.net/viet-nam-vui-dua-truoc-tran-saudi-arabia-4475060.html|https://i1-thethao.vnecdn.net/2022/06/11/4-1654964852.jpg?w=220&h=132&q=100&dpr=1&fit=crop&s=3ZCLW1iVOK1Zkb-Qa6qZOQ|UZBEKISTAN Trong buổi tập cuối chuẩn bị cho tứ kết U23 châu Á 2022, HLV Gong Oh-kyun tổ chức nhiều trò chơi nhằm giúp các cầu thủ giữ tinh thần lạc quan, vui vẻ.|thể thao|vnexpress.net|unknow
Australia gặp Việt Nam hoặc Saudi Arabia ở bán kết|https://vnexpress.net/u23-australia-vs-u23-turkmenistan-4475001-tong-thuat.html|https://i1-thethao.vnecdn.net/2022/06/11/aus-9-jpeg-1654960164-16549601-4221-2980-1654960339.jpg?w=220&h=132&q=100&dpr=1&fit=crop&s=A19iWQfbXikOqoNzusGo1w|UZBEKISTAN Thắng Turkmenistan 1-0, Australia vào bán kết U23 châu Á và hẹn gặp Saudi Arabia hoặc Việt Nam.|thể thao|vnexpress.net|unknow
Runner top 100 VM giảm 45 kg chỉ sau một năm chạy bộ|https://vnexpress.net/runner-top-100-vm-giam-45-kg-chi-sau-mot-nam-chay-bo-4474961.html|https://i1-thethao.vnecdn.net/2022/06/11/ngth4089-jpeg-1654960630-6275-1654960638.jpg?w=220&h=132&q=100&dpr=1&fit=crop&s=27zYALIdIJESfsbW1ALGGQ|BÌNH ĐỊNH Hoàng Xuân Vân Anh, cô gái từng giảm từ 100kg xuống 55kg nhờ chạy bộ, chia sẻ quá trình tập luyện để đạt thành tích 3 giờ 40 phút chỉ trong một năm rưỡi.|thể thao|vnexpress.net|unknow
Huỳnh Thạnh: 'Chạy bộ như người bạn vô hình'|https://vnexpress.net/huynh-thanh-chay-bo-nhu-nguoi-ban-vo-hinh-4474514.html|https://i1-thethao.vnecdn.net/2022/06/11/282013438-5046615258789800-169-9891-2739-1654939922.jpg?w=220&h=132&q=100&dpr=1&fit=crop&s=k3pBmtYNHpZNvi7JnZxJbw|BÌNH ĐỊNH Runner người Bình Định sinh năm 1993 Huỳnh Thạnh đặt mục tiêu phá kỷ lục cá nhân khi dự VnExpress Marathon Quy Nhơn 2022.|thể thao|vnexpress.net|unknow
Tiền vệ Saudi Arabia quyết không để Việt Nam ghi bàn|https://vnexpress.net/tien-ve-saudi-arabia-quyet-khong-de-viet-nam-ghi-ban-4474981.html|https://i1-thethao.vnecdn.net/2022/06/11/287029308-487419686492165-4799-8091-9140-1654938940.jpg?w=220&h=132&q=100&dpr=1&fit=crop&s=wVprIxHhWOM9L0MicFxTMA|UZBEKISTAN Hamed Al-Ghamdi tự tin Saudi Arabia sẽ kiểm soát trận đấu, đánh bại Việt Nam để đi tiếp, khi hai đội gặp nhau tại tứ kết U23 châu Á 2022.|thể thao|vnexpress.net|unknow
Bùi Hoàng Việt Anh: 'Việt Nam cần bọc lót tốt trước Saudi Arabia'|https://vnexpress.net/bui-hoang-viet-anh-viet-nam-can-boc-lot-tot-truoc-saudi-arabia-4474978.html|https://i1-thethao.vnecdn.net/2022/06/11/508db716238ae3d4ba9b-jpeg-1654-9330-2540-1654937836.jpg?w=220&h=132&q=100&dpr=1&fit=crop&s=7G0c1xn_EFJS6RaiAq7XVg|UZBEKISTAN Trung vệ đội trưởng Bùi Hoàng Việt Anh tin Việt Nam có cách ứng phó tốt với tốc độ và sự khéo léo của cầu thủ Saudi Arabia khi đá tứ kết U23 châu Á 2022.|thể thao|vnexpress.net|unknow
Bỏ việc kỹ sư vì giấc mơ marathon|https://vnexpress.net/bo-viec-ky-su-vi-giac-mo-marathon-4474894.html|https://i1-thethao.vnecdn.net/2022/06/11/116467954-3304722849589424-577-9325-9724-1654931770.jpg?w=220&h=132&q=100&dpr=1&fit=crop&s=ru1JjeIVOpkRBgQAPVKnEw|BÌNH ĐỊNH Đặng Anh Quyết - nổi tiếng với cái tên Đan Quyết - là chân chạy phong trào số một Việt Nam hiện tại khi đến với VnExpress Marathon Quy Nhơn 2022.|thể thao|vnexpress.net|unknow
HLV Saudi Arabia: 'Chúng tôi sẽ khiến Việt Nam gặp vấn đề'|https://vnexpress.net/hlv-saudi-arabia-chung-toi-se-khien-viet-nam-gap-van-de-4474937.html|https://i1-thethao.vnecdn.net/2022/06/11/c0a526d97a45ba1be354-jpeg-1654-6343-3001-1654934909.jpg?w=220&h=132&q=100&dpr=1&fit=crop&s=2RprVX419GVtZT1-qDrrGw|UZBEKISTAN HLV Saad Al-Shehri tự tin sẽ đánh bại Việt Nam để giành vé vào bán kết U23 châu Á 2022.|thể thao|vnexpress.net|unknow
Quang Liêm độc chiếm đỉnh bảng Prague Masters|https://vnexpress.net/quang-liem-doc-chiem-dinh-bang-prague-masters-4474898.html|https://i1-thethao.vnecdn.net/2022/06/11/liem-le-jpeg-1654920269-165492-2857-2724-1654920537.jpg?w=300&h=180&q=100&dpr=1&fit=crop&s=pxewFk-4ACUmChSlGdJoIA|CZECH Kỳ thủ Lê Quang Liêm thắng kỳ thủ số một chủ nhà David Navara ở vòng ba giải cờ tiêu chuẩn Prague Masters, để vươn lên thứ 25 thế giới.|thể thao|vnexpress.net|unknow
Cơ cấu chia thưởng ở LIV Golf Invitational Series|https://vnexpress.net/co-cau-chia-thuong-o-liv-golf-invitational-series-4474989.html|https://i1-thethao.vnecdn.net/2022/06/11/charl-jpeg-1654940668-6150-1654940674.jpg?w=300&h=180&q=100&dpr=1&fit=crop&s=6CJAb2tS_1m7xoX0I8NBLw|Mỗi chặng đấu thuộc nhóm giải do Saudi Arabia đầu tư thưởng đến bốn triệu USD cho nhà vô địch trong khi người về chót được 120.000 USD.|thể thao|vnexpress.net|unknow
LIV Golf Invitational Series được triển khai thế nào|https://vnexpress.net/liv-golf-invitational-series-duoc-trien-khai-the-nao-4474965.html|https://i1-thethao.vnecdn.net/2022/06/11/287023776-119927874061637-8358-3760-3724-1654936185.jpg?w=300&h=180&q=100&dpr=1&fit=crop&s=C9a6F5WNQ5IyTdGzMd_2Fw|Nhóm giải nghịch PGA Tour theo thể thức đấu gậy cá nhân kết hợp tính thành tích đồng đội, nhập cuộc đồng loạt (shot-gun start), mở màn ở London ngày 9/6.|thể thao|vnexpress.net|unknow
Man Utd chia tay 11 cầu thủ|https://vnexpress.net/man-utd-chia-tay-11-cau-thu-4474827.html|https://i1-thethao.vnecdn.net/2022/06/11/23746368-7917989-image-a-47-15-7657-7822-1654909721.jpg?w=300&h=180&q=100&dpr=1&fit=crop&s=Qcvjrr06rcB7Q6N6TDJyyA|ANH Man Utd trải qua đợt cải tổ nhân sự lớn với 11 cầu thủ rời đi khi hết hợp đồng vào cuối tháng 6.|thể thao|vnexpress.net|unknow
Zidane tới Qatar đàm phán với PSG|https://vnexpress.net/zidane-toi-qatar-dam-phan-voi-psg-4474808.html|https://i1-thethao.vnecdn.net/2022/06/11/zidane-1654906808-1848-1654906812.jpg?w=300&h=180&q=100&dpr=1&fit=crop&s=2nr2LH6ExDPZrySoA4JGHw|Theo tờ Mundo Deportivo, HLV Zinedine Zidane sẵn sàng kế nhiệm Mauricio Pochettino khi chuẩn bị tới Qatar để thương thảo hợp đồng với giới chủ PSG.|thể thao|vnexpress.net|unknow
Wichniarek: 'Thái độ của Lewandowski thật đáng xấu hổ'|https://vnexpress.net/wichniarek-thai-do-cua-lewandowski-that-dang-xau-ho-4474546.html|https://i1-thethao.vnecdn.net/2022/06/10/NewProject19-1654840727-4044-1654840766.jpg?w=300&h=180&q=100&dpr=1&fit=crop&s=haLFD6KWEX5B9byT-UGM3A|ĐỨC Theo cựu tuyển thủ Ba Lan, Robert Lewandowski không nên công khai việc không còn muốn chơi cho Bayern.|thể thao|vnexpress.net|unknow
Dụng Quang Nho: ‘U23 Việt Nam có điểm mạnh riêng’|https://vnexpress.net/dung-quang-nho-u23-viet-nam-co-diem-manh-rieng-4474713.html|https://i1-thethao.vnecdn.net/2022/06/11/284632088556241066032145157799-1665-9123-1654909025.jpg?w=300&h=180&q=100&dpr=1&fit=crop&s=y7-_zofoNiXoBy8TLVRaBA|UZBEKISTAN Theo tiền vệ Dụng Quang Nho, Saudi Arabia mạnh nhưng Việt Nam có những ưu điểm nổi trội để sẵn sàng gây bất ngờ tại tứ kết U23 châu Á 2022.|thể thao|vnexpress.net|unknow
U23 Việt Nam luyện không chiến trước tứ kết U23 châu Á|https://vnexpress.net/u23-viet-nam-luyen-khong-chien-truoc-tu-ket-u23-chau-a-4474775.html|https://i1-thethao.vnecdn.net/2022/06/11/vne-10-1654880673.png?w=300&h=180&q=100&dpr=1&fit=crop&s=ICchFsXdkrJb5ZAnsrz7NQ|Sau một ngày nghỉ ngơi, tối 10/6 HLV Gong Oh-kyun và các học trò trở lại sân tập để chuẩn bị cho trận đại chiến U23 Saudi Arabia.|thể thao|vnexpress.net|unknow
VnExpress Marathon Quy Nhơn 2022: Mỗi VĐV là một đại sứ du lịch|https://vnexpress.net/vnexpress-marathon-quy-nhon-2022-moi-vdv-la-mot-dai-su-du-lich-4475022-tong-thuat.html|https://i1-thethao.vnecdn.net/2022/06/12/c935a0dde144211a78553072165495-2169-4885-1654969805.jpg?w=300&h=180&q=100&dpr=1&fit=crop&s=kwVHcFhX-Wu-PN6acDDWLA|Giải chạy VM Quy Nhơn là sự kiện trọng điểm thúc đẩy du lịch địa phương, theo Phó Chủ tịch UBND tỉnh Bình Định, ông Lâm Hải Giang tại lễ khai mạc giải diễn ra tối 12/6.|thể thao|vnexpress.net|unknow
Nhóm runner lớn tuổi nhất giải chạy VM Quy Nhơn|https://vnexpress.net/nhom-runner-lon-tuoi-nhat-giai-chay-vm-quy-nhon-4474908.html|https://i1-startup.vnecdn.net/2022/06/11/49e39e889c175c490506-165493831-7440-9553-1654938479.jpg?w=300&h=180&q=100&dpr=1&fit=crop&s=pUueKAX81OHsxKrbXcZ17Q|BÌNH ĐỊNH 12 runner tuổi từ 60 đến 82, là bạn học thuở nhỏ quyết định cùng nhau tham gia VnExpress Marathon Sparkling Quy Nhơn 2022 để lưu lại những kỷ niệm đẹp.|thể thao|vnexpress.net|unknow
Australia - Turkmenistan: Khó có bất ngờ ở tứ kết U23 châu Á|https://vnexpress.net/australia-turkmenistan-kho-co-bat-ngo-o-tu-ket-u23-chau-a-4474928.html|https://i1-thethao.vnecdn.net/2022/06/11/afcu23asiancup2022match24-1654-5470-2834-1654928563.jpg?w=300&h=180&q=100&dpr=1&fit=crop&s=OVeW5CEr0QVmDb-qEG_lJw|UZBEKISTAN Vượt qua vòng bảng ngay lần đầu dự giải, nhưng Turkmenistan khó viết tiếp câu chuyện cổ tích khi gặp ứng viên vô địch Australia ở tứ kết U23 châu Á 2022 hôm nay.|thể thao|vnexpress.net|unknow
Bảo Ngọc, Đỗ Kim Phúc cổ vũ runner nhí Kun Marathon|https://vnexpress.net/bao-ngoc-do-kim-phuc-co-vu-runner-nhi-kun-marathon-4474913.html|https://i1-thethao.vnecdn.net/2022/06/11/0aad414d84dd44831dcc-165492534-3366-5338-1654925470.jpg?w=300&h=180&q=100&dpr=1&fit=crop&s=oFIoqfyiRtS4RZNhZc0z0Q|BÌNH ĐỊNH Bảo Ngọc, Đỗ Kim Phúc cùng tham gia đường chạy và cổ vũ 2.000 runner nhỏ tuổi tại Kun Marathon Quy Nhơn ngày 11/6.|thể thao|vnexpress.net|unknow
Khoảnh khắc trên đường đua của nhà vô địch Kun Marathon|https://vnexpress.net/khoanh-khac-tren-duong-dua-cua-nha-vo-dich-kun-marathon-4474890.html|https://i1-thethao.vnecdn.net/2022/06/11/e4d2b6c31153d10d8842-4000-1654-7176-1208-1654919965.jpg?w=300&h=180&q=100&dpr=1&fit=crop&s=wcCBaQcKkQnBNJCUg0pYdA|Đình Đạt (6 tuổi) xuất phát sớm nhất và băng băng về đích, trở thành nhà vô địch ở lượt chạy đầu tiên Kun Marathon Quy Nhơn 2022.|thể thao|vnexpress.net|unknow
Những bóng hồng nhận bib tại VM Quy Nhơn 2022|https://vnexpress.net/nhung-bong-hong-nhan-bib-tai-vm-quy-nhon-2022-4474722.html|https://i1-thethao.vnecdn.net/2022/06/10/Nhat-Vy-1-1654857566.jpg?w=300&h=180&q=100&dpr=1&fit=crop&s=YSul_sYz0hYjmT7PHLUw5Q|Nhiều nữ runner xinh đẹp đến nhận bib sớm từ ngày 10/6, hứa hẹn tăng thêm sức hút cho đường đua VnExpress Marathon Sparkling Quy Nhơn 2022.|thể thao|vnexpress.net|unknow
Khoảnh khắc cảm xúc trên đường chạy Kun Marathon|https://vnexpress.net/khoanh-khac-cam-xuc-tren-duong-chay-kun-marathon-4474872.html|https://i1-thethao.vnecdn.net/2022/06/11/9690960d529d92c3cb8c-1654913468.jpg?w=300&h=180&q=100&dpr=1&fit=crop&s=SAkhRd0Zm_zTwwofVGO1uA|BÌNH ĐỊNH 2.000 em nhỏ đã tạo nên một cuộc đua nhí sôi động tại Kun Marathon Quy Nhơn, sáng 11/6.|thể thao|vnexpress.net|unknow
Quy Nhơn sôi động ngày diễn ra VnExpress Marathon|https://vnexpress.net/quy-nhon-soi-dong-ngay-dien-ra-vnexpress-marathon-4474742.html|https://i1-thethao.vnecdn.net/2022/06/11/f75e33a6c132016c5823-165492281-4256-8654-1654922825.jpg?w=300&h=180&q=100&dpr=1&fit=crop&s=PbEFLzJOwq5zN_BzE-T4dQ|BÌNH ĐỊNH Người dân, khu khách đổ ra quảng trường Nguyễn Tất Thành từ 10-11/6 để nhận vật phẩm chạy và trải nghiệm các hoạt động tại gian hàng của VM Quy Nhơn.|thể thao|vnexpress.net|unknow
Các em nhỏ vượt thử thách trên đường chạy nhí|https://vnexpress.net/cac-em-nho-vuot-thu-thach-tren-duong-chay-nhi-4474794.html|https://i1-thethao.vnecdn.net/2022/06/11/c866487be5eb25b57cfa-165491552-5788-3110-1654915575.jpg?w=300&h=180&q=100&dpr=1&fit=crop&s=Y30o3MyASW2t3-VijpMeaA|Dưới sự cổ vũ của phụ huynh, cả nghìn runner nhí chinh phục loạt chướng ngại vật trên đường chạy Kun Marathon như vượt núi, chui hầm sáng 11/6 tại quảng trường Nguyễn Tất Thành (TP Quy Nhơn).|thể thao|vnexpress.net|unknow
Runner cả nước đổ về Quy Nhơn|https://vnexpress.net/runner-ca-nuoc-do-ve-quy-nhon-4474714.html|https://i1-thethao.vnecdn.net/2022/06/10/e6cbfd599acd5a9303dc-165485826-4134-7315-1654858287.jpg?w=300&h=180&q=100&dpr=1&fit=crop&s=AP92VT4eemQwDJvL5YAzGw|BÌNH ĐỊNH Ngày 10-11/6, khoảng 80 chuyến bay đã đưa hàng nghìn runner đã cùng gia đình đổ về cảng hàng không Phù Cát, tham gia VM Quy Nhơn 2022.|thể thao|vnexpress.net|unknow
Mbappe cứu Pháp|https://vnexpress.net/mbappe-cuu-phap-4474796.html|https://i1-thethao.vnecdn.net/2022/06/11/mbappe-jpeg-1654904294-2836-1654904723.jpg?w=300&h=180&q=100&dpr=1&fit=crop&s=fi6NAGjf8AclcucWxULaTg|ÁO Nhờ pha làm bàn muộn của Kylian Mbappe, Pháp hòa 1-1 trên sân Áo ở lượt ba bảng A1 UEFA Nations League tối 10/6.|thể thao|vnexpress.net|unknow
Tiền vệ Hải Phòng bóp cổ cầu thủ Hà Nội|https://vnexpress.net/tien-ve-hai-phong-bop-co-cau-thu-ha-noi-4474760.html|https://i1-thethao.vnecdn.net/2022/06/10/bop-co-jpeg-1654873001-1654873-9287-7561-1654873056.jpg?w=300&h=180&q=100&dpr=1&fit=crop&s=bUKMQeLTZv7f-8rBAwSNNQ|HẢI PHÒNG Sau khi bị phạm lỗi trong pha phản công, Nguyễn Thành Đồng lao tới bóp cổ tiền vệ Nguyễn Tuấn Anh, ở giải giao hữu Tứ hùng tối 10/6.|thể thao|vnexpress.net|unknow
HLV Gong: 'Tôi may mắn khi được cầu thủ Việt Nam đón nhận'|https://vnexpress.net/hlv-gong-toi-may-man-khi-duoc-cau-thu-viet-nam-don-nhan-4474664.html|https://i1-thethao.vnecdn.net/2022/06/10/ec86a63f1ad8da8683c9-165487307-2329-8961-1654873104.jpg?w=300&h=180&q=100&dpr=1&fit=crop&s=GJBFlQLaSZ3ZXb6ZJ1O7kQ|UZBEKISTAN HLV Gong Oh Kyun tự nhận chỉ là người hướng dẫn, còn thành công hiện tại chủ yếu do các cầu thủ U23 Việt Nam đón nhận tích cực các chỉ đạo của ông.|thể thao|vnexpress.net|unknow
Văn Thanh giúp HAGL thắng ngược Viettel|https://vnexpress.net/van-thanh-giup-hagl-thang-nguoc-viettel-4474728.html|https://i1-thethao.vnecdn.net/2022/06/10/z348242508639817511d2b7e6e2390-3582-6871-1654861362.jpg?w=300&h=180&q=100&dpr=1&fit=crop&s=SQLdilJAruVfH9fO8Ens9g|HẢI PHÒNG Hai siêu phẩm của Bảo Toàn và Văn Thanh giúp HAGL thắng Viettel 2-1 ở lượt cuối giải giao hữu Tứ hùng, chiều 10/6.|thể thao|vnexpress.net|unknow
Tiền vệ Saudi Arabia muốn đổi vận ở U23 châu Á|https://vnexpress.net/tien-ve-saudi-arabia-muon-doi-van-o-u23-chau-a-4474614.html|https://i1-thethao.vnecdn.net/2022/06/10/yahya-jpeg-1654847140-16548471-3495-9107-1654847208.jpg?w=300&h=180&q=100&dpr=1&fit=crop&s=otpbREutrBb4A8kTBZal3w|UZBEKISTAN Tiền vệ cánh Ayman Yahya muốn phá dớp hai lần về nhì của Saudi Arabia, ở các vòng chung kết U23 châu Á.|thể thao|vnexpress.net|unknow
Cầu thủ đánh trọng tài bị cấm thi đấu 24 tháng|https://vnexpress.net/cau-thu-danh-trong-tai-bi-cam-thi-dau-24-thang-4474712.html|https://i1-thethao.vnecdn.net/2022/06/10/CauThuBinhThuanD-1654858014-1721-1654858055.jpg?w=300&h=180&q=100&dpr=1&fit=crop&s=PBd8dvoPKA0RfU5IMC2DYw|HÀ NỘI Ngô Anh Vũ, hậu vệ CLB Bình Thuận đuổi đánh trọng tài ở giải hạng Nhì, bị cấm hoạt động bóng đá trong hai năm và nộp phạt 25 triệu đồng.|thể thao|vnexpress.net|unknow
Saudi Arabia bổ sung hai tuyển thủ quốc gia đấu Việt Nam|https://vnexpress.net/saudi-arabia-bo-sung-hai-tuyen-thu-quoc-gia-dau-viet-nam-4474535.html|https://i1-thethao.vnecdn.net/2022/06/10/buraikan-1654838230-4478-1654838293.jpg?w=300&h=180&q=100&dpr=1&fit=crop&s=QgHPOMXLqFN3vC-f4wA1jw|UZBEKISTAN Tiền đạo Firas Al-Buraikan và trung vệ Hassan Tambakti sẽ bay từ Tây Ban Nha sang Uzbekistan để đá tứ kết U23 châu Á với Việt Nam.|thể thao|vnexpress.net|unknow
U23 Thái Lan có thành tích tốt nhất trong những đội bị loại|https://vnexpress.net/u23-thai-lan-co-thanh-tich-tot-nhat-trong-nhung-doi-bi-loai-4474515.html|https://i1-thethao.vnecdn.net/2022/06/10/thai-jpg-1654834922-1654834930-3161-1654834972.jpg?w=300&h=180&q=100&dpr=1&fit=crop&s=NpK5mCg_A5FDFfCgOqEZYw|UZBEKISTAN Thái Lan là đội duy nhất có hiệu số dương trong số những đội phải ra về ngay sau vòng bảng U23 châu Á 2022.|thể thao|vnexpress.net|unknow
Cựu Vua cờ xin thua khi đối thủ chưa thấy nước thắng|https://vnexpress.net/cuu-vua-co-xin-thua-khi-doi-thu-chua-thay-nuoc-thang-4474433.html|https://i1-thethao.vnecdn.net/2022/06/10/anand-1654831474-1654831480-4358-1654831527.jpg?w=300&h=180&q=100&dpr=1&fit=crop&s=jdIse9GQ1ZnQ-oDI6NkT_w|NA UY Vua cờ thứ 15 Viswanathan Anand xin thua khi đối thủ Shakhriyar Mamedyarov chưa hiểu chuyện gì xảy ra, ở siêu giải cờ tiêu chuẩn Na Uy.|thể thao|vnexpress.net|unknow
Việt Nam chưa từng thắng Saudi Arabia cấp U23|https://vnexpress.net/viet-nam-chua-tung-thang-saudi-arabia-cap-u23-4474398.html|https://i1-thethao.vnecdn.net/2022/06/10/binh-jpg-1654827791-1654827795-9090-7054-1654827878.jpg?w=300&h=180&q=100&dpr=1&fit=crop&s=XvHUUyPK8eXZnWXU5U4uTQ|Trước cuộc đối đầu ở tứ kết U23 châu Á 2022, Việt Nam toàn hòa hoặc thua Saudi Arabia tại các giải chính thức cấp độ U23.|thể thao|vnexpress.net|unknow
PGA Tour kỷ luật thành viên|https://vnexpress.net/pga-tour-ky-luat-thanh-vien-4474582.html|https://i1-thethao.vnecdn.net/2022/06/10/1000-jpeg-1654844472-4053-1654844509.jpg?w=300&h=180&q=100&dpr=1&fit=crop&s=RaDaD4ElfBhTsDBTIy62Gg|PGA Tour ngày 10/6 treo gậy vô thời hạn 17 golfer thành viên tự ý dự LIV Golf Invitational Series do Saudi Arabia đầu tư.|thể thao|vnexpress.net|unknow
Cầu thủ Saudi Arabia muốn giải quyết Việt Nam trong 90 phút|https://vnexpress.net/cau-thu-saudi-arabia-muon-giai-quyet-viet-nam-trong-90-phut-4474335.html|https://i1-thethao.vnecdn.net/2022/06/10/284645031-728295744957244-4333-8472-6123-1654831171.jpg?w=300&h=180&q=100&dpr=1&fit=crop&s=kX3igmka3c0Yi7irupO33w|UZBEKISTAN Tiền vệ Hamed Abdullah Alghamdi không muốn phải đá luân lưu khi đối đầu Việt Nam tại tứ kết giải U23 châu Á 2022.|thể thao|vnexpress.net|unknow
Ronaldo vào đội hình hay nhất Ngoại hạng Anh|https://vnexpress.net/ronaldo-vao-doi-hinh-hay-nhat-ngoai-hang-anh-4474364.html|https://i1-thethao.vnecdn.net/2022/06/10/cuoc-dua-vua-pha-luoi-ngoai-ha-3280-9575-1654821898.jpg?w=300&h=180&q=100&dpr=1&fit=crop&s=Dti2ENIbEfDcO2-wgtOKRA|ANH Cristiano Ronaldo được xếp ở vị trí tiền đạo cắm, thay vì Vua phá lưới Son Heung-min, trong đội hình hay nhất Ngoại hạng Anh 2021-2022 của Hiệp hội Cầu thủ Chuyên nghiệp Anh (PFA).|thể thao|vnexpress.net|unknow
CLB Nga chế nhạo Bayern vụ hỏi mua Mane|https://vnexpress.net/clb-nga-che-nhao-bayern-vu-hoi-mua-mane-4474342.html|https://i1-thethao.vnecdn.net/2022/06/10/imago1012399560h-jpeg-16548194-5067-3473-1654819824.jpg?w=300&h=180&q=100&dpr=1&fit=crop&s=75RpR5A0a7YahjBVELx3RA|Spartak Moscow mỉa mai việc Bayern cài điều khoản thưởng theo thành tích tại Champions League và Quả Bóng Vàng khi đề nghị mua tiền đạo Liverpool Sadio Mane.|thể thao|vnexpress.net|unknow
Đối thủ của Việt Nam lập kỷ lục U23 châu Á|https://vnexpress.net/doi-thu-cua-viet-nam-lap-ky-luc-u23-chau-a-4474323.html|https://i1-thethao.vnecdn.net/2022/06/10/saudi-arabia-uae-jpeg-16547949-8641-4842-1654795189.jpg?w=300&h=180&q=100&dpr=1&fit=crop&s=lzQi6X7He-UfnzX_q0oT6w|UZBEKISTAN Saudi Arabia là đội đầu tiên không thủng lưới bàn nào ở vòng bảng, trong lịch sử các VCK U23 châu Á.|thể thao|vnexpress.net|unknow
Golfer PGA Tour phản ứng thế nào khi bị treo gậy?|https://vnexpress.net/golfer-pga-tour-phan-ung-the-nao-khi-bi-treo-gay-4474676.html|https://i1-thethao.vnecdn.net/2022/06/10/fu4iebcwiaahl50-1654853202-165-2767-6608-1654853248.jpg?w=300&h=180&q=100&dpr=1&fit=crop&s=IXOV075iGq-f2-ZceTdgfQ|Nhận án treo gậy vô thời hạn từ tổ chức chủ quản, nhóm tự ý bỏ PGA Tour sang Invitational Series có người giữ im lặng nhưng cũng có người tìm luật sư riêng.|thể thao|vnexpress.net|unknow
Báo Tây Ban Nha: 'Pique bị Shakira bội ước'|https://vnexpress.net/bao-tay-ban-nha-pique-bi-shakira-boi-uoc-4474339.html|https://i1-thethao.vnecdn.net/2022/06/10/16547062820435-1654818231-2466-1654818609.jpg?w=300&h=180&q=100&dpr=1&fit=crop&s=2p9uqe7HM3qGCDJtcddfBg|TÂY BAN NHA Theo tờ Marca, trung vệ Barca Gerard Pique dứt khoát chia tay, không tha thứ việc Shakira tiết lộ những chuyện riêng tư cho người nhà và truyền thông.|thể thao|vnexpress.net|unknow
Martinez: 'Ngay cả Tổng thống cũng im lặng khi Messi nói'|https://vnexpress.net/martinez-ngay-ca-tong-thong-cung-im-lang-khi-messi-noi-4474280.html|https://i1-thethao.vnecdn.net/2022/06/10/6058074f-gettyimages-133077526-4362-8518-1654818464.jpg?w=300&h=180&q=100&dpr=1&fit=crop&s=D5R3PjJtQrJE_dpYKCe6KA|ARGENTINA Thủ môn Emiliano Martinez kể lại khoảnh khắc Lionel Messi phát biểu trước khi đội tuyển Argentina giành Copa America 2021.|thể thao|vnexpress.net|unknow
Nạn nhân tống tiền mong Benzema giành Quả Bóng Vàng|https://vnexpress.net/nan-nhan-tong-tien-mong-benzema-gianh-qua-bong-vang-4474157.html|https://i1-thethao.vnecdn.net/2022/06/09/NewProject18-1654765498-1178-1654765572.jpg?w=300&h=180&q=100&dpr=1&fit=crop&s=E3lKC591wnviiRgOGXllwQ|PHÁP Mathieu Valbuena, người từng khiến Karim Benzema nhận án tù treo, công khai ủng hộ tiền đạo của Real trong cuộc đua Quả Bóng Vàng 2022.|thể thao|vnexpress.net|unknow
Ronaldo tịt ngòi trong trận thắng của Bồ Đào Nha|https://vnexpress.net/ronaldo-tit-ngoi-trong-tran-thang-cua-bo-dao-nha-4474334.html|https://i1-thethao.vnecdn.net/2022/06/10/ronaldo-jpeg-1654816754-3781-1654816843.jpg?w=300&h=180&q=100&dpr=1&fit=crop&s=dNu861LqP8z6iEuOwyh-nA|BỒ ĐÀO NHA Cristiano Ronaldo mờ nhạt, nhưng Bồ Đào Nha vẫn hạ CH Czech 2-0 ở lượt ba tối 9/6 để giữ ngôi đầu bảng A2 UEFA Nations League.|thể thao|vnexpress.net|unknow
Runner nước ngoài bất ngờ với không khí giải chạy VM Quy Nhơn|https://vnexpress.net/runner-nuoc-ngoai-bat-ngo-voi-khong-khi-giai-chay-vm-quy-nhon-4474738.html|https://i1-thethao.vnecdn.net/2022/06/10/5b7423d95a4c9a12c35d2-16548639-4670-4053-1654863968.jpg?w=300&h=180&q=100&dpr=1&fit=crop&s=C6Sv3rq8YxT6d7yntRifpA|Bầu không khí sôi động, cùng quy mô 10.000 runner khiến nhiều người nước ngoài mong muốn trải nghiệm đường chạy VM Quy Nhơn 2022.|thể thao|vnexpress.net|unknow
1.000 tình nguyện viên tiếp lửa cho runner VM Quy Nhơn|https://vnexpress.net/1-000-tinh-nguyen-vien-tiep-lua-cho-runner-vm-quy-nhon-4474726.html|https://i1-thethao.vnecdn.net/2022/06/10/ac19a5122a86ead8b397-1654860344.jpg?w=300&h=180&q=100&dpr=1&fit=crop&s=leRDGXbs4YsGPfeIIEVUYQ|Sau nhiều buổi đào tạo, các tình nguyện viên đến từ các trường đại học tại Quy Nhơn đã sẵn sàng đồng hành cùng 10.000 vận động viên vào sáng sớm ngày 12/6.|thể thao|vnexpress.net|unknow
Bộ race-kit đầy ắp vật phẩm của giải VM Quy Nhơn 2022|https://vnexpress.net/bo-race-kit-day-ap-vat-pham-cua-giai-vm-quy-nhon-2022-4474718.html|https://i1-thethao.vnecdn.net/2022/06/10/e31a4395a801685f3110-1654858291.jpg?w=300&h=180&q=100&dpr=1&fit=crop&s=hstlRvp1OepWRdlVh0wjaw|Túi race-kit giải chạy VM Quy Nhơn 2022 gồm áo thi đấu, bib, thanh năng lượng, găng tay ống, khăn đa năng, sản phẩm chống nắng, sữa tươi.|thể thao|vnexpress.net|unknow
Grab tặng 20.000 code di chuyển cho runner VM Quy Nhơn|https://vnexpress.net/grab-tang-20-000-code-di-chuyen-cho-runner-vm-quy-nhon-4473862.html|https://i1-kinhdoanh.vnecdn.net/2022/06/10/744ca49e320af254ab1b-165485713-1849-2022-1654858452.jpg?w=300&h=180&q=100&dpr=1&fit=crop&s=lsFi-1D_my2FYx3_E4bdUw|Runner sẽ được nhận 2 ưu đãi di chuyển, mỗi ưu đãi trị giá 50,000 đồng dành cho dịch vụ GrabBike/GrabCar, áp dụng từ 9 đến 23/6 trên toàn quốc.|thể thao|vnexpress.net|unknow
2.000 runner nhận bib ngày đầu tiên VM Quy Nhơn|https://vnexpress.net/2-000-runner-nhan-bib-ngay-dau-tien-vm-quy-nhon-4474617.html|https://i1-thethao.vnecdn.net/2022/06/10/ebca6b3077bab7e4eeab-165485120-1707-7597-1654851239.jpg?w=300&h=180&q=100&dpr=1&fit=crop&s=SObev5lFidTYSaruAfy_Nw|BÌNH ĐỊNH Hơn 2.000 người đã đến nhận bib, race-kit và tham quan gian hàng trong buổi chiều 10/6 tại quảng trường Nguyễn Tất Thành, thành phố Quy Nhơn.|thể thao|vnexpress.net|unknow
Phụ huynh, runner nhí sẵn sàng cho Kun Marathon|https://vnexpress.net/phu-huynh-runner-nhi-san-sang-cho-kun-marathon-4474409.html|https://i1-thethao.vnecdn.net/2022/06/10/d9307fd5ec5c2c02754d-165484839-2022-2887-1654848610.jpg?w=300&h=180&q=100&dpr=1&fit=crop&s=O2ex4-xqf_0kRJXCa9KVOQ|Hàng trăm phụ huynh lấy thành công Bib Kun Marathon trong sáng 10/6, trong khi các em nhỏ hào hứng trước ngày chạy.|thể thao|vnexpress.net|unknow
Những runner đầu tiên có mặt tại giải chạy VM Quy Nhơn|https://vnexpress.net/nhung-runner-dau-tien-co-mat-tai-giai-chay-vm-quy-nhon-4474558.html|https://i1-thethao.vnecdn.net/2022/06/10/415f1a16fa9d3ac3638c-1654843110-jpeg_1654846185.jpg?w=300&h=180&q=100&dpr=1&fit=crop&s=vdgxmrGZIF1c8bzDTZa9PA|Nhiều người có mặt ở quảng trường Nguyễn Tất Thành từ 12h ngày 10/6 để nhận những bib, race-kit đầu tiên của VM Quy Nhơn 2022.|thể thao|vnexpress.net|unknow
Phụ huynh xếp hàng sớm nhận bib chạy Kun Marathon|https://vnexpress.net/phu-huynh-xep-hang-som-nhan-bib-chay-kun-marathon-4474465.html|https://i1-thethao.vnecdn.net/2022/06/10/b895736f1ae6dab883f7-1-1654829472.jpg?w=300&h=180&q=100&dpr=1&fit=crop&s=iqZlLHNwNU2y05CF1Rgevg|BÌNH ĐỊNH Từ 7h sáng 10/6, rất đông phụ huynh, runner nhí đã có mặt tại quảng trường Nguyễn Tất Thành để nhận bib, áo, mũ tham gia Kun Marathon.|thể thao|vnexpress.net|unknow
HLV Saudi Arabia: 'Không dễ đối phó Việt Nam'|https://vnexpress.net/hlv-saudi-arabia-khong-de-doi-pho-viet-nam-4474305.html|https://i1-thethao.vnecdn.net/2022/06/10/38f5796e64e1a4bffdf0-165482767-3657-5413-1654827732.jpg?w=300&h=180&q=100&dpr=1&fit=crop&s=cwlZ1TKAUIZSvq2MxwNx0g|UZBEKISTAN Chưa biết gì về Việt Nam nhưng HLV Saad Al-Shehri dự đoán Saudi Arabia sẽ đối diện nhiều thách thức ở tứ kết U23 châu Á 2022.|thể thao|vnexpress.net|unknow
Việt Nam gặp Saudi Arabia ở tứ kết U23 châu Á|https://vnexpress.net/saudi-arabia-vs-uae-4474283-tong-thuat.html|https://i1-thethao.vnecdn.net/2022/06/09/saudi-4-jpeg-1654786690-165478-8083-3485-1654786727.jpg?w=300&h=180&q=100&dpr=1&fit=crop&s=aINyi8G23pZ1wA_SOZcEEA|UZBEKISTAN Saudi Arabia thắng UAE 2-0 để dẫn đầu bảng D tối 9/6, và sẽ gặp Việt Nam tại tứ kết U23 châu Á 2022.|thể thao|vnexpress.net|unknow
Nadal vĩ đại thế nào ở Grand Slam|https://vnexpress.net/nadal-vi-dai-the-nao-o-grand-slam-4474193.html|https://i1-thethao.vnecdn.net/2022/06/09/Nadal-settop-jpeg.jpg?w=300&h=180&q=100&dpr=1&fit=crop&s=fJrUOcvCTgvi4VoZEFBcAw|Chức vô địch thứ 14 không chỉ củng cố vị thế nhà vua ở Roland Garros, mà còn giúp Rafael Nadal lập thêm nhiều kỷ lục khác ở Grand Slam.|thể thao|vnexpress.net|unknow
'Madam Pang' động viên cầu thủ Thái Lan|https://vnexpress.net/madam-pang-dong-vien-cau-thu-thai-lan-4474169.html|https://i1-thethao.vnecdn.net/2022/06/09/madame-1654763824-9858-1654763877.png?w=300&h=180&q=100&dpr=1&fit=crop&s=RkO_Ldzk1UkELuKc4LER3A|UZBEKISTAN Bị loại ngay sau vòng bảng, nhưng nữ trưởng đoàn Nualphan Lamsan vẫn hài lòng với tinh thần của các cầu thủ Thái Lan và xem U23 châu Á 2022 như trải nghiệm tốt cho họ.|thể thao|vnexpress.net|unknow
Tiger Woods bỏ US Open 2022|https://vnexpress.net/tiger-woods-bo-us-open-2022-4474282.html|https://i1-thethao.vnecdn.net/2022/06/09/tiger-jpeg-1654774919-8624-1654774923.jpg?w=300&h=180&q=100&dpr=1&fit=crop&s=yeGZFDafQifcrTlzTh_nHQ|"MỸ ""Siêu Hổ"" không dự major do Hiệp hội golf Mỹ (USGA) tổ chức tuần tới để dưỡng sức cho giải đồng đẳng The Open ở kỳ đấu thứ 150 tháng sau."|thể thao|vnexpress.net|unknow
Thêm hai ngôi sao sắp bỏ PGA Tour sang Invitational Series|https://vnexpress.net/them-hai-ngoi-sao-sap-bo-pga-tour-sang-invitational-series-4474279.html|https://i1-thethao.vnecdn.net/2022/06/09/decham-1654774056-1466-1654774106.jpg?w=300&h=180&q=100&dpr=1&fit=crop&s=Gh4s7PLX3ewmlscBZKIDAg|Nhóm giải do Saudi Arabia đầu tư dự kiến thu hút thêm Bryson DeChambeau và Patrick Reed từ đấu trường golf hạng nhất Mỹ.|thể thao|vnexpress.net|unknow
Ronaldo, Messi ra ngoài top 100 cầu thủ đắt giá|https://vnexpress.net/ronaldo-messi-ra-ngoai-top-100-cau-thu-dat-gia-4474236.html|https://i1-thethao.vnecdn.net/2022/06/09/messironaldo-getty-ap-ringer-j-3473-3372-1654767653.jpg?w=300&h=180&q=100&dpr=1&fit=crop&s=NSCBEVB0oiGoSUxr3TiUBA|Cristiano Ronaldo và Lionel Messi không có tên trong danh sách 100 cầu thủ giá trị nhất thế giới của tổ chức nghiên cứu CIES.|thể thao|vnexpress.net|unknow
Tổng thống Pháp muốn Zidane dẫn dắt PSG|https://vnexpress.net/tong-thong-phap-muon-zidane-dan-dat-psg-4474088.html|https://i1-thethao.vnecdn.net/2022/06/09/NewProject17-1654756588-3779-1654756697.jpg?w=300&h=180&q=100&dpr=1&fit=crop&s=RMEUx38y5K7o_hnY3piATw|PHÁP Theo Tổng thống Emmanuel Macron, giải vô địch Pháp rất cần một HLV tài năng và từng thành công như Zinedine Zidane.|thể thao|vnexpress.net|unknow
Man Utd bị chê chậm chạp trên sàn chuyển nhượng|https://vnexpress.net/man-utd-bi-che-cham-chap-tren-san-chuyen-nhuong-4474145.html|https://i1-thethao.vnecdn.net/2022/06/09/1006964001-640x454-1654761234-6683-1654761328.jpg?w=300&h=180&q=100&dpr=1&fit=crop&s=038rrJdSSa_tgUSnO1DUuw|Một số CĐV Man Utd tức giận khi cơ hội mua Darwin Nunez và Frenkie de Jong - hai mục tiêu được cho là số một của đội bóng hè 2022 - ngày càng giảm.|thể thao|vnexpress.net|unknow
HLV Thái Lan đổ lỗi cho thiếu quân|https://vnexpress.net/hlv-thai-lan-do-loi-cho-thieu-quan-4474047.html|https://i1-thethao.vnecdn.net/2022/06/09/284471252-438602727616540-7629-8624-5449-1654749212.jpg?w=300&h=180&q=100&dpr=1&fit=crop&s=fD0Kcw9DBXTMDXR7vO7ooA|UZBEKISTAN Theo Worrawoot Srimaka, việc không có được lực lượng tốt nhất khiến Thái Lan bị loại sớm ở giải U23 châu Á 2022.|thể thao|vnexpress.net|unknow
Malaysia được khen vì không thua đậm Việt Nam|https://vnexpress.net/malaysia-duoc-khen-vi-khong-thua-dam-viet-nam-4473989.html|https://i1-thethao.vnecdn.net/2022/06/09/malay-jpg-1654745503-165474551-4371-8300-1654745575.jpg?w=300&h=180&q=100&dpr=1&fit=crop&s=aNuEnmpEpoL-omKm3xYMCA|Tờ Astro Awani khen ngợi hàng thủ Malaysia không thủng bàn nào trong hiệp hai dù phải chơi thiếu người trước Việt Nam ở U23 châu Á 2022.|thể thao|vnexpress.net|unknow
Quang Liêm thắng đương kim vô địch Prague Masters|https://vnexpress.net/quang-liem-thang-duong-kim-vo-dich-prague-masters-4473868.html|https://i1-thethao.vnecdn.net/2022/06/09/liem-1654742126-1654742132-7114-1654742179.jpg?w=300&h=180&q=100&dpr=1&fit=crop&s=INGdlGT5Vjs-DDOZWtsMPA|CZECH Kỳ thủ số một Việt Nam Lê Quang Liêm thắng Sam Shankland để vươn lên thứ 26 thế giới, ở vòng một giải cờ tiêu chuẩn Prague Masters tối 8/6.|thể thao|vnexpress.net|unknow
Trọng tài Trần Ngọc Nhớ: 'Tôi bị đấm quá bất ngờ'|https://vnexpress.net/trong-tai-tran-ngoc-nho-toi-bi-dam-qua-bat-ngo-4473945.html|https://i1-thethao.vnecdn.net/2022/06/09/CauThuBinhThuanD-1654739108-9342-1654739225.jpg?w=300&h=180&q=100&dpr=1&fit=crop&s=29zEUb2KvmjaKqZzhhnnmQ|Trọng tài Trần Ngọc Nhớ không nghĩ một cầu thủ từng đá ở V-League có thể thẳng tay hành hung ông như trong trận play-off giải hạng Nhì chiều 8/6.|thể thao|vnexpress.net|unknow
Nhâm Mạnh Dũng - sát thủ đa năng của U23 Việt Nam|https://vnexpress.net/nham-manh-dung-sat-thu-da-nang-cua-u23-viet-nam-4473834.html|https://i1-thethao.vnecdn.net/2022/06/09/24a309a5fd5f3d01644e-jpeg-1654-8970-2781-1654731068.jpg?w=300&h=180&q=100&dpr=1&fit=crop&s=lPKAONHXvXunVgpBAbfeFA|Khởi đầu ở vị trí trung vệ rồi khép lại vòng bảng bằng một bàn thắng với vai trò tiền đạo, Nhâm Mạnh Dũng góp công lớn giúp Việt Nam vào tứ kết U23 châu Á 2022.|thể thao|vnexpress.net|unknow
CĐV Thái Lan nổi giận|https://vnexpress.net/cdv-thai-lan-noi-gian-4473871.html|https://i1-thethao.vnecdn.net/2022/06/09/Untitled-4868-1654715762.jpg?w=300&h=180&q=100&dpr=1&fit=crop&s=6ygF2ht1RSJCrVBjNrGcMA|Liên đoàn Bóng đá Thái Lan (FAT) và HLV Worrawoot Srimaka hứng chỉ trích nặng nề từ người hâm mộ sau khi bị loại khỏi giải U23 châu Á 2022.|thể thao|vnexpress.net|unknow
Việt Nam dẫn đầu kiểm soát bóng ở U23 châu Á|https://vnexpress.net/viet-nam-dan-dau-kiem-soat-bong-o-u23-chau-a-4473867.html|https://i1-thethao.vnecdn.net/2022/06/09/cu-o-ng-jpeg-1654710942-165471-9690-9965-1654711026.jpg?w=300&h=180&q=100&dpr=1&fit=crop&s=qRiYPvzCGG902eALb7t-1A|UZBEKISTAN Bên cạnh chiến thắng 2-0 để vào tứ kết, Việt Nam còn xác lập nhiều thông số ấn tượng ở lượt cuối vòng bảng giải U23 châu Á 2022.|thể thao|vnexpress.net|unknow
Messi lấn sân điện ảnh|https://vnexpress.net/messi-lan-san-dien-anh-4474230.html|https://i1-thethao.vnecdn.net/2022/06/09/fuy0xyfx0aex7pf-1654767168-5692-1654767200.jpg?w=300&h=180&q=100&dpr=1&fit=crop&s=rhl4xwS_9Suz5Pu3MQbDzQ|"Tiền đạo PSG Lionel Messi làm khách mời đặc biệt trong ""Los Protectores"" - bộ phim truyền hình đang rất ăn khách tại quê nhà Argentina."|thể thao|vnexpress.net|unknow
Việt Anh lạnh lùng sau bàn thắng cho U23 Việt Nam|https://vnexpress.net/viet-anh-lanh-lung-sau-ban-thang-cho-u23-viet-nam-4473918.html|https://i1-thethao.vnecdn.net/2022/06/09/LVT-6274-jpeg-1654736229.jpg?w=300&h=180&q=100&dpr=1&fit=crop&s=twh9L5Z0s9jOD3QRyMoVuw|Đội trưởng Bùi Hoàng Việt Anh bĩu môi lạnh lùng trước khi chia vui cùng đồng đội, sau quả đá bồi thành bàn trong trận Malaysia ở U23 châu Á 2022.|thể thao|vnexpress.net|unknow
Khu nhà giàn mái che 3.500 m2 phục vụ VM Quy Nhơn|https://vnexpress.net/khu-nha-gian-mai-che-3-500-m2-phuc-vu-vm-quy-nhon-4474281.html|https://i1-thethao.vnecdn.net/2022/06/09/644b19806b0dab53f21c-1654773545-jpeg_1654777288.jpg?w=300&h=180&q=100&dpr=1&fit=crop&s=j1hWP0SHKT77VCaLB7Vjpg|BÌNH ĐỊNH Nhà giàn rộng 3.500 m2 tại quảng trường Nguyễn Tất Thành là nơi diễn ra nhiều hoạt động của giải chạy như phát bib, gian hàng, gửi đồ...|thể thao|vnexpress.net|unknow
Hơn 1.000 tình nguyện viên hỗ trợ giải chạy VM Quy Nhơn|https://vnexpress.net/hon-1-000-tinh-nguyen-vien-ho-tro-giai-chay-vm-quy-nhon-4474053.html|https://i1-thethao.vnecdn.net/2022/06/09/images-1654748726-4753-1654748734.jpg?w=300&h=180&q=100&dpr=1&fit=crop&s=UuA-r5NfuBtC0yepfnByiA|Hơn 1.000 sinh viên đến từ các trường đại học ở thành phố Quy Nhơn sẽ tham gia công tác hỗ trợ, hậu cần, cổ vũ, tiếp sức đường chạy từ ngày 10-12/6.|thể thao|vnexpress.net|unknow
VM Quy Nhơn 2022 sẵn sàng đón runner|https://vnexpress.net/vm-quy-nhon-2022-san-sang-don-runner-4474181.html|https://i1-thethao.vnecdn.net/2022/06/09/STREAM00013107Still003-1654765-3612-5747-1654765750.jpg?w=300&h=180&q=100&dpr=1&fit=crop&s=qkmzbjJWCaQ3EsUpaBzr7g|Nhà gian mái che, sân khấu, kho hàng, bản đồ đường chạy... được ban tổ chức gấp rút hoàn thiện trước race 3 ngày.|thể thao|vnexpress.net|unknow
Khu ẩm thực miễn phí phục vụ runner VM Quy Nhơn|https://vnexpress.net/khu-am-thuc-mien-phi-phuc-vu-runner-vm-quy-nhon-4473999.html|https://i1-thethao.vnecdn.net/2022/06/09/nguyendong-12-9971-1654749505-4631-5319-1654763574.jpg?w=300&h=180&q=100&dpr=1&fit=crop&s=_bZStRUFybEJXThVtQAzHA|Ban tổ chức chuẩn bị nhiều món ăn đặc sản Bình Định như bánh ít, chả ram tôm đất, cùng các loại thực phẩm và đồ uống giải khát phục vụ runner sau khi về đích.|thể thao|vnexpress.net|unknow
Quy Nhơn hoàn tất chuẩn bị chào đón 10.000 runner VnExpress Marathon|https://vnexpress.net/quy-nhon-hoan-tat-chuan-bi-chao-don-10-000-runner-vnexpress-marathon-4473818.html|https://i1-thethao.vnecdn.net/2022/06/09/gau07442-jpeg-1654692907-7571-8259-3266-1654735775.jpg?w=300&h=180&q=100&dpr=1&fit=crop&s=75lrtsnizIilbR3jPyDncA|Thành phố Quy Nhơn đang hoàn tất các khâu chuẩn bị cuối cùng nhằm đảm bảo điều kiện tốt nhất cho 10.000 người tham dự VnExpress Marathon Sparkling Quy Nhơn.|thể thao|vnexpress.net|unknow
Bỉ thắng Ba Lan 6-1 tại Nations League|https://vnexpress.net/bi-thang-ba-lan-6-1-tai-nations-league-4473887.html|https://i1-thethao.vnecdn.net/2022/06/09/screen-shot-2022-06-09-at-6-29-2335-4889-1654731132.png?w=300&h=180&q=100&dpr=1&fit=crop&s=-EZ073NSKBh_VPAbWuxSwQ|BỈ Sau khi để Robert Lewandowski chọc thủng lưới, Bỉ vùng lên và ghi liên tiếp sáu bàn ở lượt hai bảng A4 UEFA Nations League tối 8/6.|thể thao|vnexpress.net|unknow
HLV Gong: 'Tôi muốn đưa cầu thủ Việt Nam đến đỉnh cao mới'|https://vnexpress.net/hlv-gong-toi-muon-dua-cau-thu-viet-nam-den-dinh-cao-moi-4473817.html|https://i1-thethao.vnecdn.net/2022/06/08/b75c50a6bc237c7d2532-jpeg-1654-7467-4115-1654703106.jpg?w=300&h=180&q=100&dpr=1&fit=crop&s=XNLFkXOiNwJUKasN8L4Oeg|UZBEKISTAN Sau khi đoạt vé tứ kết U23 châu Á 2022, HLV Gong Oh-kyun từ chối nhận công lao và khẳng định muốn giúp cầu thủ Việt Nam vươn tầm.|thể thao|vnexpress.net|unknow
Maloney: 'Phạt đền và thẻ đỏ khiến Malaysia thua Việt Nam'|https://vnexpress.net/maloney-phat-den-va-the-do-khien-malaysia-thua-viet-nam-4473820.html|https://i1-thethao.vnecdn.net/2022/06/08/brad-2-jpeg-1654700479-1654700-2661-7715-1654700796.jpg?w=300&h=180&q=100&dpr=1&fit=crop&s=fJn5vWj7_-1lVTMaLAD0Kw|UZBEKISTAN Theo HLV Brad Maloney, việc mất người đã ảnh hưởng tiêu cực đến lối chơi của Malaysia ở trận cuối cùng bảng C giải U23 châu Á 2022.|thể thao|vnexpress.net|unknow
CĐV ở phố Nguyễn Huệ cuồng nhiệt mừng chiến thắng|https://vnexpress.net/cdv-o-pho-nguyen-hue-cuong-nhiet-mung-chien-thang-4473831.html|https://i1-vnexpress.vnecdn.net/2022/06/08/b5aad54d86c846961fd95-1654699562.jpg?w=300&h=180&q=100&dpr=1&fit=crop&s=5Q1YX7l3OAf7nEjrbbQ03A|TP HCM Hàng nghìn người trên phố Nguyễn Huệ, quận 1, nhảy nhót, hô vang ăn mừng khi tuyển Việt Nam hạ Malaysia 2-0 tại giải U23 châu Á, tiến vào tứ kết, tối 8/6.|thể thao|vnexpress.net|unknow
Vì sao cầu thủ Malaysia bị thẻ đỏ?|https://vnexpress.net/vi-sao-cau-thu-malaysia-bi-the-do-4473829.html|https://i1-thethao.vnecdn.net/2022/06/08/1a9f433b7bbfbbe1e2ae-jpeg-1654-1664-4116-1654706612.jpg?w=300&h=180&q=100&dpr=1&fit=crop&s=WfHCUulHQobwNcgQ6ceGFg|Theo Trưởng ban trọng tài VFF Dương Văn Hiền, hậu vệ Hairiey Hakim đã ngăn triển vọng ghi bàn của Việt Nam nên bị truất quyền thi đấu ở lượt cuối bảng C giải U23 châu Á 2022.|thể thao|vnexpress.net|unknow
VAR khiến Thái Lan rời U23 châu Á|https://vnexpress.net/han-quoc-vs-thai-lan-4473811-tong-thuat.html|https://i1-thethao.vnecdn.net/2022/06/08/Untitled-1275-1654699015.jpg?w=300&h=180&q=100&dpr=1&fit=crop&s=4mYCsU2EfdsDE5yevZDIaQ|UZBEKISTAN Nhờ trợ giúp của VAR, Hàn Quốc thắng sát nút Thái Lan 1-0 để chiếm đỉnh bảng C giải U23 châu Á tối 8/6.|thể thao|vnexpress.net|unknow
Việt Nam vào tứ kết U23 châu Á|https://vnexpress.net/u23-viet-nam-vs-u23-malaysia-4473682-tong-thuat.html|https://i1-thethao.vnecdn.net/2022/06/08/vie-t-nam-jpeg-1654697068-3369-3926-7599-1654700436.jpg?w=300&h=180&q=100&dpr=1&fit=crop&s=f49kMX38mOjQ-9l-NVgmzg|UZBEKISTAN Hạ Malaysia 2-0 nhờ công của Nhâm Mạnh Dũng và Bùi Hoàng Việt Anh, Việt Nam vào tứ kết U23 châu Á 2022 với vị trí nhì bảng C.|thể thao|vnexpress.net|unknow
Cầu thủ hạng Nhì đấm trọng tài|https://vnexpress.net/cau-thu-hang-nhi-dam-trong-tai-4473762.html|https://i1-thethao.vnecdn.net/2022/06/08/anh-1654681059-8239-1654681080.jpg?w=300&h=180&q=100&dpr=1&fit=crop&s=TnUY-yy25gpxgNoKeYrN-A|KHÁNH HÒA Hậu vệ CLB Bình Thuận - Ngô Anh Vũ đấm vào mặt trọng tài chính Trần Ngọc Nhớ sau khi lĩnh thẻ đỏ trong trận đấu Vĩnh Phúc ở giải hạng Nhì chiều 8/6.|thể thao|vnexpress.net|unknow
Thái Lan thắng dễ trận đầu vòng loại Asian Cup|https://vnexpress.net/thai-lan-thang-de-tran-dau-vong-loai-asian-cup-4473846.html|https://i1-thethao.vnecdn.net/2022/06/08/dangda-jpeg-1654703258-9923-1654703267.jpg?w=300&h=180&q=100&dpr=1&fit=crop&s=ElDhwq_tlOmbAJVjULnLsg|UZBEKISTAN Đội bóng của Mano Polking khởi đầu thuận lợi ở vòng loại thứ ba Asian Cup 2023 khi đè bẹp Maldives 3-0 ngày 8/6.|thể thao|vnexpress.net|unknow
Runner về nhất dù chạy sai đường 1 kilomet|https://vnexpress.net/runner-ve-nhat-du-chay-sai-duong-1-kilomet-4473716.html|https://i1-thethao.vnecdn.net/2022/06/08/capture-png-1654677988-7957-1654678203.png?w=300&h=180&q=100&dpr=1&fit=crop&s=L6GZ57WEC75CulZGJj2cTQ|THỤY ĐIỂN Felix Kirwa vô địch Stockholm Marathon ngày 4/6 với thành tích 2 giờ 11 phút 7 giây, chỉ kém một phút so với kỷ lục của giải, dù chạy sai đường 1 kilomet.|thể thao|vnexpress.net|unknow
Quang Liêm chiếm ưu thế trước Prague Masters|https://vnexpress.net/quang-liem-chiem-uu-the-truoc-prague-masters-4473604.html|https://i1-thethao.vnecdn.net/2022/06/08/liem-jpeg-1654667507-165466751-8981-1866-1654667549.jpg?w=300&h=180&q=100&dpr=1&fit=crop&s=_B0rYXW3jb2-CkG7t-4niA|CZECH Kỳ thủ Lê Quang Liêm cầm quân trắng năm trên chín ván, khi trở lại thi đấu cờ tiêu chuẩn sau 29 tháng, ở Prague Masters hôm nay.|thể thao|vnexpress.net|unknow
Nguyễn Quang Hải: 'Cần tiết chế trước Malaysia'|https://vnexpress.net/nguyen-quang-hai-can-tiet-che-truoc-malaysia-4473564.html|https://i1-thethao.vnecdn.net/2022/06/08/thumbnail-46321601-57873035258-6935-8862-1654674055.jpg?w=300&h=180&q=100&dpr=1&fit=crop&s=2zCajglGus2LHVLcQh2R_A|Theo cựu tiền đạo tuyển Việt Nam, các học trò của Gong Oh-kyun cần điềm tĩnh để tránh sập bẫy trong trận đấu Malaysia ở lượt cuối bảng C giải U23 châu Á 2022.|thể thao|vnexpress.net|unknow
Chuyên gia chống doping nghi ngờ Nadal|https://vnexpress.net/chuyen-gia-chong-doping-nghi-ngo-nadal-4473504.html|https://i1-thethao.vnecdn.net/2022/06/08/2-1654656617-4016-1654656626.jpg?w=300&h=180&q=100&dpr=1&fit=crop&s=sEU0sPRwX8Qa5unZ0tUxPg|Bác sĩ Đức Fritz Zergel cho rằng việc Rafael Nadal tiêm thuốc vào bàn chân để nâng sức chịu đựng của cơ thể là bất thường.|thể thao|vnexpress.net|unknow
Federer nhắn tin mừng Nadal đoạt Grand Slam thứ 22|https://vnexpress.net/federer-nhan-tin-mung-nadal-doat-grand-slam-thu-22-4473522.html|https://i1-thethao.vnecdn.net/2022/06/08/1-1654657833-5116-1654657959.jpg?w=300&h=180&q=100&dpr=1&fit=crop&s=x6n-eHUwJfmywQxdhY95KA|Rafael Nadal cho biết đã nhận tin nhắn chúc mừng từ Roger Federer, không lâu sau khi nâng cao danh hiệu Roland Garros chiều 5/6.|thể thao|vnexpress.net|unknow
Kane qua mặt huyền thoại Bobby Charlton|https://vnexpress.net/kane-qua-mat-huyen-thoai-bobby-charlton-4473618.html|https://i1-thethao.vnecdn.net/2022/06/08/kane-1654672082-6754-1654672152.jpg?w=300&h=180&q=100&dpr=1&fit=crop&s=SjRmTb5-Gd4ZiU2xMal1dg|ĐỨC Harry Kane vượt qua Bobby Charlton để trở thành cầu thủ ghi bàn nhiều thứ hai trong lịch sử tuyển Anh.|thể thao|vnexpress.net|unknow
Bale nhận cảnh báo không được dự World Cup|https://vnexpress.net/bale-nhan-canh-bao-khong-duoc-du-world-cup-4473664.html|https://i1-thethao.vnecdn.net/2022/06/08/furhhajwyag6dwa-1654674206-4882-1654674230.jpg?w=300&h=180&q=100&dpr=1&fit=crop&s=7zaKSzAS6y75OE_Flc1FDQ|WALES Theo HLV Xứ Wales Robert Page, hai trụ cột Gareth Bale và Aaron Ramsey cần sớm chốt tương lai, thường xuyên thi đấu cấp CLB nếu muốn dự World Cup 2022.|thể thao|vnexpress.net|unknow
PGA Tour mất thêm Dustin Johnson|https://vnexpress.net/pga-tour-mat-them-dustin-johnson-4473608.html|https://i1-thethao.vnecdn.net/2022/06/08/fupnakuxwaabifx-1654667371-8526-1654667456.jpg?w=300&h=180&q=100&dpr=1&fit=crop&s=Rd6ydJK74E7QjHchTZIv1w|ANH Dustin Johnson là trường hợp mới nhất chủ động bỏ PGA Tour để sang thi đấu ở LIV Golf Invitational Series - hệ thống giải được Saudi Arabia hậu thuẫn tài chính.|thể thao|vnexpress.net|unknow
Cua-rơ Colombia tông vợ bất tỉnh sau khi cán đích|https://vnexpress.net/cua-ro-colombia-tong-vo-bat-tinh-sau-khi-can-dich-4473502.html|https://i1-thethao.vnecdn.net/2022/06/08/fusapgtvuaav3xv-1654655727-8597-1654655739.jpg?w=300&h=180&q=100&dpr=1&fit=crop&s=T1Afpbxg5uibpV7ZtbfKVQ|COLOMBIA Luis Carlos Chia dang tay ăn mừng khi về đích đầu tiên và đâm trúng vợ, khi cô vào đường đua để ghi lại khoảnh khắc chiến thắng của chồng.|thể thao|vnexpress.net|unknow
Pique hai lần cự tuyệt Shakira|https://vnexpress.net/pique-hai-lan-cu-tuyet-shakira-4473386.html|https://i1-thethao.vnecdn.net/2022/06/07/pique-jpeg-1654619012-7238-1654619057.jpg?w=300&h=180&q=100&dpr=1&fit=crop&s=JYRzp3p3xoU2ju8IabBrgA|Ca sĩ Shakira được cho hai lần cố gắng hàn gắn nhưng trung vệ Gerard Pique vẫn quyết tâm kết thúc mối tình 12 năm.|thể thao|vnexpress.net|unknow
Truyền thông Malaysia: 'Đừng mang tủi hổ trở về'|https://vnexpress.net/truyen-thong-malaysia-dung-mang-tui-ho-tro-ve-4473572.html|https://i1-thethao.vnecdn.net/2022/06/08/hakim-1654662223-3612-1654662236.jpg?w=300&h=180&q=100&dpr=1&fit=crop&s=LZ3Xv1bc2SYj7z10HlTd4A|Theo tờ Harian Metro, thầy trò Brad Maloney cần tận hiến khi đối đầu Việt Nam ở lượt cuối bảng C giải U23 châu Á 2022, dù không còn hy vọng đi tiếp.|thể thao|vnexpress.net|unknow
Những con số kỷ lục tại VM Quy Nhơn 2022|https://vnexpress.net/nhung-con-so-ky-luc-tai-vm-quy-nhon-2022-4473568.html|https://i1-thethao.vnecdn.net/2022/06/08/2-7848-1604915294-jpeg-1654664-7719-6904-1654664319.jpg?w=300&h=180&q=100&dpr=1&fit=crop&s=U5-7yrnW8I7li2bVclbshw|10.000 vận động viên chinh phục 4 cự ly, 128 giải thưởng tổng trị hơn một tỷ đồng, gần 2.000 người làm công tác hậu cần là những con số ấn tượng của VM Quy Nhơn 2022.|thể thao|vnexpress.net|unknow
HLV Malaysia chuyển sang mục tiêu đánh bại Việt Nam|https://vnexpress.net/hlv-malaysia-chuyen-sang-muc-tieu-danh-bai-viet-nam-4473528.html|https://i1-thethao.vnecdn.net/2022/06/08/malay-1654659751-1654659757-8389-1654659825.jpg?w=300&h=180&q=100&dpr=1&fit=crop&s=cBFKNNbAG5G1SXUDV5cuaA|UZBEKISTAN Trước thềm trận cuối bảng C giải U23 châu Á 2022, HLV Brad Maloney tuyên bố muốn giành trọn ba điểm từ Việt Nam.|thể thao|vnexpress.net|unknow
Việt Nam - Malaysia: Phận sự phải thắng|https://vnexpress.net/viet-nam-malaysia-phan-su-phai-thang-4473489.html|https://i1-thethao.vnecdn.net/2022/06/08/vn-1654656696-9567-1654656850.jpg?w=300&h=180&q=100&dpr=1&fit=crop&s=vUjYlAyYyg9YTXRgTzEFsA|UZBEKISTAN Trước khi bận tâm tới trận cùng giờ giữa Thái Lan và Hàn Quốc, Việt Nam cần thắng Malaysia để tránh bị loại khỏi vòng bảng U23 châu Á 2022.|thể thao|vnexpress.net|unknow
Tương quan trước trận Việt Nam - Malaysia|https://vnexpress.net/tuong-quan-truoc-tran-viet-nam-malaysia-4473480.html|data:image/gif;base64,R0lGODlhAQABAAAAACH5BAEKAAEALAAAAAABAAEAAAICTAEAOw==|UZBEKISTAN Việt Nam đang nhỉnh hơn Malaysia cả về đối đầu lẫn phong độ ở cấp U23, trước cuộc chạm trán ở lượt cuối bảng C giải U23 châu Á hôm nay 8/6.|thể thao|vnexpress.net|unknow
Australia tranh vé World Cup với Peru|https://vnexpress.net/australia-tranh-ve-world-cup-voi-peru-4473408.html|data:image/gif;base64,R0lGODlhAQABAAAAACH5BAEKAAEALAAAAAABAAEAAAICTAEAOw==|QATAR Thắng UAE 2-1 ngày 7/6, Australia sẽ đấu play-off liên lục địa với Peru ngày 13/6 để tranh một trong hai vé cuối dự World Cup 2022.|thể thao|vnexpress.net|unknow
Uzbekistan gặp Iraq ở tứ kết U23 châu Á|https://vnexpress.net/uzbekistan-gap-iraq-o-tu-ket-u23-chau-a-4473402.html|data:image/gif;base64,R0lGODlhAQABAAAAACH5BAEKAAEALAAAAAABAAEAAAICTAEAOw==|UZBEKISTAN Dùng đội hình dự bị ở lượt cuối bảng A ngày 7/6, nhưng Uzbekistan vẫn hoà Iran 1-1 và khiến ông lớn này bị loại.|thể thao|vnexpress.net|unknow
Thái Lan toàn thua Hàn Quốc cấp U23|https://vnexpress.net/thai-lan-toan-thua-han-quoc-cap-u23-4473361.html|data:image/gif;base64,R0lGODlhAQABAAAAACH5BAEKAAEALAAAAAABAAEAAAICTAEAOw==|UZBEKISTAN Thái Lan chỉ cần hòa Hàn Quốc để đi tiếp ở lượt cuối bảng C U23 châu Á 2022, nhưng trong quá khứ họ chưa bao giờ làm được điều này.|thể thao|vnexpress.net|unknow
Anh thoát thua trên đất Đức|https://vnexpress.net/anh-thoat-thua-tren-dat-duc-4473401.html|data:image/gif;base64,R0lGODlhAQABAAAAACH5BAEKAAEALAAAAAABAAEAAAICTAEAOw==|ĐỨC Tiền đạo Harry Kane đá phạt đền cuối trận, giúp Anh hòa 1-1 trên sân Đức ở lượt hai bảng A3 UEFA Nations League ngày 7/6.|thể thao|vnexpress.net|unknow
Australia, Iraq vào tứ kết U23 châu Á|https://vnexpress.net/australia-iraq-vao-tu-ket-u23-chau-a-4473385.html|data:image/gif;base64,R0lGODlhAQABAAAAACH5BAEKAAEALAAAAAABAAEAAAICTAEAOw==|UZBEKISTAN Australia, Iraq lần lượt đánh bại Jordan và Kuwait ở lượt cuối bảng B tối 7/6 để vào tứ kết giải U23 châu Á 2022.|thể thao|vnexpress.net|unknow
U23 Việt Nam tổng duyệt trước trận quyết chiến Malaysia|https://vnexpress.net/u23-viet-nam-tong-duyet-truoc-tran-quyet-chien-malaysia-4473378.html|data:image/gif;base64,R0lGODlhAQABAAAAACH5BAEKAAEALAAAAAABAAEAAAICTAEAOw==|UZBEKISTAN Sau một ngày nghỉ ngơi hoàn toàn, chiều 7/6 HLV Gong Oh-kyun cho các cầu thủ Việt Nam tập chiến thuật để chuẩn bị cho trận cuối cùng ở bảng C giải U23 châu Á 2022.|thể thao|vnexpress.net|unknow
HAGL thua Hà Nội ở Cup Tứ hùng|https://vnexpress.net/hagl-thua-ha-noi-o-cup-tu-hung-4473336.html|data:image/gif;base64,R0lGODlhAQABAAAAACH5BAEKAAEALAAAAAABAAEAAAICTAEAOw==|HẢI PHÒNG Đội bóng phố núi nhận thất bại 2-4 trước Hà Nội ở lượt thứ hai giải giao hữu Tứ hùng, chiều 7/6.|thể thao|vnexpress.net|unknow
Suphanat: 'Thái Lan có thể đánh bại Hàn Quốc'|https://vnexpress.net/suphanat-thai-lan-co-the-danh-bai-han-quoc-4473322.html|data:image/gif;base64,R0lGODlhAQABAAAAACH5BAEKAAEALAAAAAABAAEAAAICTAEAOw==|UZBEKISTAN Suphanat Muenta tự tin Thái Lan sẽ thắng ĐKVĐ Hàn Quốc để vào tứ kết U23 châu Á tại Uzbekistan.|thể thao|vnexpress.net|unknow
Hàng loạt tuyển thủ Thái Lan tiêu chảy ở Uzbekistan|https://vnexpress.net/hang-loat-tuyen-thu-thai-lan-tieu-chay-o-uzbekistan-4473276.html|data:image/gif;base64,R0lGODlhAQABAAAAACH5BAEKAAEALAAAAAABAAEAAAICTAEAOw==|UZBEKISTAN 13 cầu thủ Thái Lan bị tiêu chảy sau khi có mặt tại Namangan để chuẩn bị đá vòng loại AFC Cup 2023.|thể thao|vnexpress.net|unknow
HLV Malaysia dọa ngáng đường Việt Nam|https://vnexpress.net/hlv-malaysia-doa-ngang-duong-viet-nam-4473183.html|data:image/gif;base64,R0lGODlhAQABAAAAACH5BAEKAAEALAAAAAABAAEAAAICTAEAOw==|UZBEKISTAN Đã bị loại, nhưng HLV Brad Maloney tuyên bố sẽ cải tổ đội hình để giành ít nhất một điểm trước Việt Nam ở lượt cuối bảng C giải U23 châu Á 2022.|thể thao|vnexpress.net|unknow
Thế bám đuổi của Djokovic trong cuộc đua ‘GOAT’|https://vnexpress.net/the-bam-duoi-cua-djokovic-trong-cuoc-dua-goat-4473257.html|data:image/gif;base64,R0lGODlhAQABAAAAACH5BAEKAAEALAAAAAABAAEAAAICTAEAOw==|Novak Djokovic mất lợi thế trong cuộc đua Grand Slam, khi bị Rafael Nadal bỏ cách hai danh hiệu và bản thân đối mặt nhiều vấn đề.|thể thao|vnexpress.net|unknow
CĐV Trung Quốc lo ngại sự tiến bộ của U23 Việt Nam|https://vnexpress.net/cdv-trung-quoc-lo-ngai-su-tien-bo-cua-u23-viet-nam-4473222.html|data:image/gif;base64,R0lGODlhAQABAAAAACH5BAEKAAEALAAAAAABAAEAAAICTAEAOw==|Trên trang Sohu, 163 hay Weibo, CĐV và báo chí Trung Quốc cho rằng bóng đá Việt Nam đang vươn lên và có thể trở thành thế lực đáng gờm ở châu Á.|thể thao|vnexpress.net|unknow
Nadal: 'Djokovic có thể đoạt 23 Grand Slam'|https://vnexpress.net/nadal-djokovic-co-the-doat-23-grand-slam-4473111.html|data:image/gif;base64,R0lGODlhAQABAAAAACH5BAEKAAEALAAAAAABAAEAAAICTAEAOw==|Rafael Nadal tin Novak Djokovic đủ sức vượt mốc 22 Grand Slam, nhưng không ai có thể tiến gần kỷ lục 14 Roland Garros.|thể thao|vnexpress.net|unknow
Cầu thủ Hàn Quốc mất ngủ vì hòa Việt Nam|https://vnexpress.net/cau-thu-han-quoc-mat-ngu-vi-hoa-viet-nam-4473074.html|data:image/gif;base64,R0lGODlhAQABAAAAACH5BAEKAAEALAAAAAABAAEAAAICTAEAOw==|UZBEKISTAN Tiền đạo Park Jeong-in thất vọng đến mức không thể ngủ sau khi Hàn Quốc hòa Việt Nam tại U23 châu Á 2022.|thể thao|vnexpress.net|unknow
Võ sĩ quyền Anh đấm không khí rồi hôn mê|https://vnexpress.net/vo-si-quyen-anh-dam-khong-khi-roi-hon-me-4473229.html|data:image/gif;base64,R0lGODlhAQABAAAAACH5BAEKAAEALAAAAAABAAEAAAICTAEAOw==|NAM PHI Simiso Buthelezi mất ý thức khi ra đòn vào góc võ đài và bị xử thua trận tranh đai vô địch WBF châu Phi hạng nhẹ với Siphesihle Mntungwa ngày 5/6.|thể thao|vnexpress.net|unknow
Djokovic bỏ loạt giải để hồi phục tinh thần|https://vnexpress.net/djokovic-bo-loat-giai-de-hoi-phuc-tinh-than-4473127.html|data:image/gif;base64,R0lGODlhAQABAAAAACH5BAEKAAEALAAAAAABAAEAAAICTAEAOw==|Theo HLV Goran Ivanisevic, Novak Djokovic sẽ nghỉ bốn tuần để hồi phục tinh thần, trước khi tham dự Wimbledon vào 27/6.|thể thao|vnexpress.net|unknow
Dấu ấn thể thao học đường ở đội judo kata Việt Nam|https://vnexpress.net/dau-an-the-thao-hoc-duong-o-doi-judo-kata-viet-nam-4469902.html|data:image/gif;base64,R0lGODlhAQABAAAAACH5BAEKAAEALAAAAAABAAEAAAICTAEAOw==|Trong số đội tuyển Việt Nam dự SEA Games 31 vừa qua, có một đội đặc biệt, với nhiều thành viên và cựu thành viên là bác sĩ, kỹ sư, giảng viên đại học…|thể thao|vnexpress.net|unknow
Di Maria: 'Có HLV mới, Messi sẽ thăng hoa ở PSG'|https://vnexpress.net/di-maria-co-hlv-moi-messi-se-thang-hoa-o-psg-4473227.html|data:image/gif;base64,R0lGODlhAQABAAAAACH5BAEKAAEALAAAAAABAAEAAAICTAEAOw==|PHÁP Theo đồng đội lâu năm ở tuyển Argentina Angel di Maria, việc PSG thay HLV Mauricio Pochettino có thể tạo thuận lợi đê Lionel Messi tỏa sáng.|thể thao|vnexpress.net|unknow
Ronaldo thực hiện lời hứa đạp xe 450 km|https://vnexpress.net/ronaldo-thuc-hien-loi-hua-dap-xe-450-km-4473124.html|data:image/gif;base64,R0lGODlhAQABAAAAACH5BAEKAAEALAAAAAABAAEAAAICTAEAOw==|TÂY BAN NHA Cựu tiền đạo Brazil Ronaldo Nazario bắt đầu hành trình đạp xe đường trường từ ngày 5/6 vì lời hứa với người hâm mộ CLB Valladolid.|thể thao|vnexpress.net|unknow
Còn hai suất dự World Cup 2022|https://vnexpress.net/con-hai-suat-du-world-cup-2022-4473027.html|data:image/gif;base64,R0lGODlhAQABAAAAACH5BAEKAAEALAAAAAABAAEAAAICTAEAOw==|UAE, Australia, Peru, Costa Rica và New Zealand sẽ tranh hai vé còn lại thông qua các trận play-off để đến vòng chung kết World Cup 2022 diễn ra cuối năm nay ở Qatar.|thể thao|vnexpress.net|unknow
Nhật Bản lỡ cơ hội sớm vào tứ kết U23 châu Á|https://vnexpress.net/nhat-ban-lo-co-hoi-som-vao-tu-ket-u23-chau-a-4472953.html|data:image/gif;base64,R0lGODlhAQABAAAAACH5BAEKAAEALAAAAAABAAEAAAICTAEAOw==|UZBEKISTAN Hòa Saudi Arabia 0-0 ở lượt hai bảng D tối 6/6, Nhật Bản chưa thể chắc suất tứ kết giải U23 châu Á 2022.|thể thao|vnexpress.net|unknow
Pháp lại gây thất vọng ở Nations League|https://vnexpress.net/phap-lai-gay-that-vong-o-nations-league-4472949.html|data:image/gif;base64,R0lGODlhAQABAAAAACH5BAEKAAEALAAAAAABAAEAAAICTAEAOw==|CROATIA Sau khi thua Đan Mạch, Pháp hòa Croatia 1-1 ở lượt hai bảng A1 UEFA Nations League ngày 6/6.|thể thao|vnexpress.net|unknow
Tổng thống Pháp khuyên Mbappe ở lại PSG|https://vnexpress.net/tong-thong-phap-khuyen-mbappe-o-lai-psg-4472941.html|data:image/gif;base64,R0lGODlhAQABAAAAACH5BAEKAAEALAAAAAABAAEAAAICTAEAOw==|"PHÁP Ông Emmanuel Macron cảm thấy có trách nhiệm, và xem việc giữ chân Kylian Mbappe ở lại PSG thay vì gia nhập Real là ""bảo vệ nước Pháp""."|thể thao|vnexpress.net|unknow
Pique và Shakira chia tài sản thế nào|https://vnexpress.net/pique-va-shakira-chia-tai-san-the-nao-4472929.html|https://i1-thethao.vnecdn.net/2022/06/07/16545056032816-1654554638-6457-1654554688.jpg?w=300&h=180&q=100&dpr=1&fit=crop&s=mgVwAyIb4IwvOQIlkLTtcQ|Trung vệ Gerard Pique và ca sĩ Shakira phải chia tài sản chung ước tính nửa tỷ USD, sau khi thông báo khép lại mối tình 12 năm.|thể thao|vnexpress.net|unknow
Kun Marathon Quy Nhơn đủ số lượng 2.000 runner nhí|https://vnexpress.net/kun-marathon-quy-nhon-du-so-luong-2-000-runner-nhi-4472589.html|https://i1-thethao.vnecdn.net/2022/06/07/281888669-484495416803593-7120-1596-9138-1654572919.jpg?w=300&h=180&q=100&dpr=1&fit=crop&s=aTqJhWxgNpaCKetyeS4BHg|Giải chạy dành cho các em nhỏ từ 6-10 tuổi tại Quy Nhơn đóng cổng đăng ký sớm một ngày do đạt tối đa 2.000 bé tham dự.|thể thao|vnexpress.net|unknow
VnExpress Marathon Sparkling Quy Nhơn cán mốc 10.000 runner|https://vnexpress.net/vnexpress-marathon-sparkling-quy-nhon-can-moc-10-000-runner-4472908.html|https://i1-thethao.vnecdn.net/2022/06/07/dji-0052-1654565775-5092-1654565850.jpg?w=300&h=180&q=100&dpr=1&fit=crop&s=yn-2dlTxG_yOirmJCLA3Sw|VM Quy Nhơn 2022 đạt 10.000 người đăng ký, trở thành giải chạy có quy mô lớn nhất từ trước đến nay trong hệ thống VnExpress Marathon.|thể thao|vnexpress.net|unknow
Ngày cuối mua vé 'siêu sớm' VnExpress Marathon Huế 2023|https://vnexpress.net/ngay-cuoi-mua-ve-sieu-som-vnexpress-marathon-hue-2023-4472514.html|https://i1-thethao.vnecdn.net/2022/06/07/dmc-8063-jpg-1654571387-6366-1654571400.jpg?w=300&h=180&q=100&dpr=1&fit=crop&s=Tjb2HEBAUFVtI7Mu0UoRyA|Giai đoạn bán vé siêu sớm giải VM Huế 2023 với mức giá ưu đãi cao cho cá nhân và câu lạc bộ sẽ kết thúc vào 23h59 hôm nay, 7/6.|thể thao|vnexpress.net|unknow
HLV Gong truyền lửa cho cầu thủ ở trận Hàn Quốc|https://video.vnexpress.net/tin-tuc/the-thao/hlv-gong-truyen-lua-cho-cau-thu-o-tran-han-quoc-4472883.html|https://i1-thethao.vnecdn.net/2022/06/06/truyenlua-1654522409-7094-1654522416.jpg?w=300&h=180&q=100&dpr=1&fit=crop&s=cD9sYkrcUSpXP1U60Fgh5A|UZBEKISTAN Bên cạnh chuyên môn, HLV Gong Oh-kyun còn cố gắng khích lệ tinh thần các cầu thủ Việt Nam ở trước và giữa trận đấu Hàn Quốc tại giải U23 châu Á 2022.|thể thao|vnexpress.net|unknow
Báo Hàn Quốc ca ngợi HLV Gong Oh-kyun|https://vnexpress.net/bao-han-quoc-ca-ngoi-hlv-gong-oh-kyun-4472862.html|https://i1-thethao.vnecdn.net/2022/06/06/lvt1701jpg-1654512624-16545126-6219-1980-1654512658.jpg?w=300&h=180&q=100&dpr=1&fit=crop&s=SF4Kf2LWHSsuF5TWNg_Cug|Theo cây bút Kim Jeong-yong của tờ Footballist, sự thân thiện là tiền đề giúp HLV Gong Oh-kyun bước đầu tạo được thành công cùng U23 Việt Nam.|thể thao|vnexpress.net|unknow
Federer, Djokovic im lặng trước chiến công của Nadal|https://vnexpress.net/federer-djokovic-im-lang-truoc-chien-cong-cua-nadal-4472787.html|https://i1-thethao.vnecdn.net/2022/06/06/2-1654504658-8747-1654504976.jpg?w=300&h=180&q=100&dpr=1&fit=crop&s=Yug8gD8zrQpEEU-jjxbqXw|Roger Federer và Novak Djokovic chưa công khai chúc mừng Rafael Nadal, gần một ngày sau khi tay vợt Tây Ban Nha đoạt Roland Garros.|thể thao|vnexpress.net|unknow
HLV Thái Lan khích lệ Malaysia đánh bại Việt Nam|https://vnexpress.net/hlv-thai-lan-khich-le-malaysia-danh-bai-viet-nam-4472727.html|https://i1-thethao.vnecdn.net/2022/06/06/fuibj4uveaeagtw-1654500959-165-7273-7077-1654501168.jpg?w=300&h=180&q=100&dpr=1&fit=crop&s=6g8N6Qfqwi8w7A-JvOwSTA|UZBEKISTAN Worrawoot Srimaka kỳ vọng Malaysia sẽ hạ Việt Nam ở loạt trận cuối bảng C, qua đó giúp Thái Lan rộng cửa vào tứ kết giải U23 châu Á 2022.|thể thao|vnexpress.net|unknow
Nadal - 'người đi trên dây' vĩ đại của quần vợt|https://vnexpress.net/nadal-nguoi-di-tren-day-vi-dai-cua-quan-vot-4472685.html|https://i1-thethao.vnecdn.net/2022/06/06/2-1654495001-2901-1654495289.jpg?w=300&h=180&q=100&dpr=1&fit=crop&s=FBgZrxP2QBBX52jBBd1CLA|PHÁP Rafael Nadal, với chấn thương bàn chân mãn tính, di chuyển như người đi trên dây nhưng vẫn trở thành kẻ săn danh hiệu vĩ đại nhất.|thể thao|vnexpress.net|unknow
Lee Jin-yong: 'Hàn Quốc không thắng vì lỗi của tôi'|https://vnexpress.net/lee-jin-yong-han-quoc-khong-thang-vi-loi-cua-toi-4472654.html|https://i1-thethao.vnecdn.net/2022/06/06/lee-1654491823-2092-1654491831.jpg?w=300&h=180&q=100&dpr=1&fit=crop&s=UrJ0M9FyXggi7iULqjjsgw|UZBEKISTAN Lee Jin-yong xin lỗi vì nhận thẻ đỏ, đẩy Hàn Quốc vào thế chơi thiếu người trong trận hòa Việt Nam ở giải U23 châu Á 2022.|thể thao|vnexpress.net|unknow
HLV Argentina ví Messi như Nadal của bóng đá|https://vnexpress.net/hlv-argentina-vi-messi-nhu-nadal-cua-bong-da-4472650.html|https://i1-thethao.vnecdn.net/2022/06/06/fug84cux0aafi6n-1654490542-165-3828-3593-1654490595.jpg?w=300&h=180&q=100&dpr=1&fit=crop&s=4V28ucRUgYDLgPWF8Y-C9w|Ông Lionel Scaloni thừa nhận không đủ ngôn từ để ca ngợi Lionel Messi sau khi tiền đạo này ghi năm bàn ở trận thắng Estonia 5-0 ngày 5/6.|thể thao|vnexpress.net|unknow
Ivanisevic: 'Nadal kêu ca vô lý'|https://vnexpress.net/ivanisevic-nadal-keu-ca-vo-ly-4472538.html|https://i1-thethao.vnecdn.net/2022/06/06/1-1654482371-9660-1654482384.jpg?w=300&h=180&q=100&dpr=1&fit=crop&s=JmaVqlBLglUs4JAcLZTSGA|HLV của Novak Djokovic, Goran Ivanisevic cho rằng Rafael Nadal nhận nhiều ưu ái ở Roland Garros dù thường ca thán về hoàn cảnh.|thể thao|vnexpress.net|unknow
Kevin Na chủ động bỏ PGA Tour|https://vnexpress.net/kevin-na-chu-dong-bo-pga-tour-4472825.html|https://i1-thethao.vnecdn.net/2022/06/06/6000-1654508439-3623-1654508464.jpg?w=300&h=180&q=100&dpr=1&fit=crop&s=-J5dHUEPBHM-aQJWAzkjlg|Golfer Mỹ Kevin Na tuyên bố chia tay PGA Tour khi còn chưa rõ mức phạt từ tổ chức chủ quản sau khi anh vào danh sách dự LIV Golf Invitational Series ở London.|thể thao|vnexpress.net|unknow
Minjee Lee thắng áp đảo US Women's Open|https://vnexpress.net/minjee-lee-thang-ap-dao-us-women-s-open-4472616.html|https://i1-thethao.vnecdn.net/2022/06/06/fuhtmp3x0aeji1-1654488330-9247-1654488336.jpg?w=300&h=180&q=100&dpr=1&fit=crop&s=uTo2yQRnC82wnOyDmhn80g|MỸ Lee vô địch ở điểm -13 sáng 6/6 giờ Hà Nội, bỏ cách á quân Mina Harigae bốn gậy tại major do Hiệp hội Golf Mỹ tổ chức với ở Bắc Carolina.|thể thao|vnexpress.net|unknow
Steve Darby: 'Tôi cứ tưởng U23 Việt Nam sẽ vỡ trận'|https://vnexpress.net/steve-darby-toi-cu-tuong-u23-viet-nam-se-vo-tran-4472505.html|https://i1-thethao.vnecdn.net/2022/06/06/an-mung-1654482902-1654482911-3420-1654482944.jpg?w=300&h=180&q=100&dpr=1&fit=crop&s=hsKX-6YYxE9EurmjQBRi5g|Cựu HLV Thái Lan Steve Darby, trong bài viết gửi VnExpress, không ngờ Việt Nam vẫn đứng vững sau khi nhận bàn thua rồi buộc Hàn Quốc chia điểm ở bảng C giải U23 châu Á 2022.|thể thao|vnexpress.net|unknow
Việt Nam chưa chắc đi tiếp kể cả thắng Malaysia|https://vnexpress.net/viet-nam-chua-chac-di-tiep-ke-ca-thang-malaysia-4472461.html|https://i1-thethao.vnecdn.net/2022/06/06/van-do-1654478557-1654478565-1955-1654478684.jpg?w=300&h=180&q=100&dpr=1&fit=crop&s=bdLtQbNLoBkIb_mvri0jnw|Việt Nam đứng trước cơ hội lớn vào tứ kết U23 châu Á 2022 nếu thắng trận cuối bảng C, nhưng vẫn bị loại một khi Thái Lan hòa Hàn Quốc từ tỷ số 3-3.|thể thao|vnexpress.net|unknow
‘Big 3’ đoạt 58 trong 68 Grand Slam gần nhất|https://vnexpress.net/big-3-doat-58-trong-68-grand-slam-gan-nhat-4472457.html|https://i1-thethao.vnecdn.net/2022/06/06/1-1654474878-7600-1654475022.jpg?w=300&h=180&q=100&dpr=1&fit=crop&s=VNPWoVsDl0OUMJaGF1-0kQ|PARIS Nhóm ba tay vợt đương đại mạnh nhất nối dài sự thống trị ở Grand Slam, khi Rafael Nadal và Novak Djokovic đoạt 14 trong 16 danh hiệu lớn gần nhất.|thể thao|vnexpress.net|unknow
Nadal: ‘Đây có thể là Roland Garros cuối của tôi’|https://vnexpress.net/nadal-day-co-the-la-roland-garros-cuoi-cua-toi-4472448.html|https://i1-thethao.vnecdn.net/2022/06/06/1-1654472903-7829-1654473041.jpg?w=300&h=180&q=100&dpr=1&fit=crop&s=_uPEiSNzQrhFPVshBzVfrg|PARIS Rafael Nadal không chắc bản thân dự Roland Garros năm sau để bảo vệ chức vô địch, vì chưa có phương pháp điều trị chấn thương bàn chân.|thể thao|vnexpress.net|unknow
Messi ghi năm bàn trong một trận cho tuyển Argentina|https://vnexpress.net/messi-ghi-nam-ban-trong-mot-tran-cho-tuyen-argentina-4472446.html|https://i1-thethao.vnecdn.net/2022/06/06/mca5erxhvvahdp73kcswe2lloi-165-9690-7451-1654472502.jpg?w=300&h=180&q=100&dpr=1&fit=crop&s=k1SIxCJD3aMISdjqf9xsdw|TÂY BAN NHA Tiền đạo Lionel Messi góp cả năm bàn khi Argentina đè bẹp Estonia 5-0 trong trận giao hữu tối 5/6.|thể thao|vnexpress.net|unknow
Ronaldo gia tăng kỷ lục ghi bàn cấp ĐTQG|https://vnexpress.net/ronaldo-gia-tang-ky-luc-ghi-ban-cap-dtqg-4472429.html|https://i1-thethao.vnecdn.net/2022/06/06/a-nh-chu-p-ma-n-hi-nh-2022-06-2791-7635-1654470836.png?w=300&h=180&q=100&dpr=1&fit=crop&s=rTjKzjYc_Fofuz8VRGgXYQ|BỒ ĐÀO NHA Cristiano Ronaldo lập cú đúp giúp Bồ Đào Nha đè bẹp Thụy Sĩ 4-0 ở lượt hai bảng A2 UEFA Nations League tối 5/6, còn bản thân đạt mốc 117 bàn cho đội tuyển.|thể thao|vnexpress.net|unknow
Bale giúp Xứ Wales dự World Cup sau 64 năm|https://vnexpress.net/bale-giup-xu-wales-du-world-cup-sau-64-nam-4472434.html|https://i1-thethao.vnecdn.net/2022/06/06/bales-1654470557-3762-1654470611.jpg?w=300&h=180&q=100&dpr=1&fit=crop&s=2czZjt9mN2UdHWsHJcQfbg|WALES Tiền đạo Gareth Bale góp công vào bàn duy nhất giúp Xứ Wales hạ Ukraine 1-0 ở chung kết play-off khu vực châu Âu tối 5/6, để dự World Cup 2022.|thể thao|vnexpress.net|unknow
Trọng tài phạt nhầm cầu thủ Hàn Quốc|https://vnexpress.net/trong-tai-phat-nham-cau-thu-han-quoc-4472454.html|https://i1-thethao.vnecdn.net/2022/06/06/trong-tai-1654474038.png?w=300&h=180&q=100&dpr=1&fit=crop&s=PF-0zQ_V7CPLm7xDS1fREQ|UZBEKISTAN Nhờ can thiệp của VAR, trọng tài Ahmad Alali mới rút thẻ chính xác để truất quyền thi đấu Lee Jin-yong, khi Việt Nam hoà Hàn Quốc ở giải U23 châu Á.|thể thao|vnexpress.net|unknow
Việt Nam lần đầu không thua Hàn Quốc ở cấp U23|https://vnexpress.net/viet-nam-lan-dau-khong-thua-han-quoc-o-cap-u23-4472409.html|https://i1-thethao.vnecdn.net/2022/06/05/tie-n-long-jpeg-1654448233-165-3181-7704-1654448304.jpg?w=300&h=180&q=100&dpr=1&fit=crop&s=qNZN9Ksx5HR_5q8e7un6RA|UZBEKISTAN Trước trận hoà 1-1 trên sân Lokomotiv tối 5/6, Việt Nam toàn thua Hàn Quốc ở các giải đấu chính thức cấp U23 suốt 16 năm qua.|thể thao|vnexpress.net|unknow
Tiến Long: 'Việt Nam tấn công theo cách riêng của HLV Gong'|https://vnexpress.net/tien-long-viet-nam-tan-cong-theo-cach-rieng-cua-hlv-gong-4472415.html|https://i1-thethao.vnecdn.net/2022/06/05/tien-long-jpeg-1654448269-3908-1654448323.jpg?w=300&h=180&q=100&dpr=1&fit=crop&s=l082DWY2I6aiad-Bg0OSaw|UZBEKISTAN Hậu vệ Vũ Tiến Long, chủ nhân bàn gỡ 1-1 trước Hàn Quốc tối 5/6, ca ngợi đấu pháp mà HLV Gong Oh-kyun áp dụng cho Việt Nam ở giải U23 châu Á.|thể thao|vnexpress.net|unknow
Horschel vô địch Memorial|https://vnexpress.net/horschel-vo-dich-memorial-4472710.html|https://i1-thethao.vnecdn.net/2022/06/06/1000-jpeg-1654502471-9680-1654502481.jpg?w=300&h=180&q=100&dpr=1&fit=crop&s=kXNRqJafEvNC1JOYr35G4A|MỸ Billy Horschel về nhất ở điểm -13, ẵm 2,16 triệu USD tại giải PGA Tour trên sân par72 ở Dublin Ohio, dù không thể kiếm thêm điểm trong vòng cuối, hôm 5/6.|thể thao|vnexpress.net|unknow
Hai mùa tổ chức nhiều dấu ấn của VnExpress Marathon Imperial Huế|https://vnexpress.net/hai-mua-to-chuc-nhieu-dau-an-cua-vnexpress-marathon-imperial-hue-4470817.html|https://i1-thethao.vnecdn.net/2022/06/06/vothanh-04-4585-1654223407-165-5793-1756-1654477254.jpg?w=300&h=180&q=100&dpr=1&fit=crop&s=NwtSNgaDR8kitHVDOvIUBQ|Chạy trong tiết trời mát mẻ, hàng loạt runner đạt kỷ lục cá nhân, khâu tổ chức chuyên nghiệp là điểm nhấn hấp dẫn ở VnExpress Marathon Imperial Huế.|thể thao|vnexpress.net|unknow
HLV Hàn Quốc: 'Gong đang tạo nên một đội bóng tuyệt vời'|https://vnexpress.net/hlv-han-quoc-gong-dang-tao-nen-mot-doi-bong-tuyet-voi-4472393.html|https://i1-thethao.vnecdn.net/2022/06/05/cd0bc420edc72d9974d6-jpeg-1654-6182-5745-1654445714.jpg?w=300&h=180&q=100&dpr=1&fit=crop&s=LS3vlyehJGoXFVqP82eqWg|UZBEKISTAN Hwang Sun-hong thừa nhận Hàn Quốc bị động sau khi mất người nên để Việt Nam cầm hoà 1-1 ở lượt hai bảng C giải U23 châu Á 2022, tối 5/6.|thể thao|vnexpress.net|unknow
HLV Gong: 'Tôi không có kế hoạch hoà Hàn Quốc'|https://vnexpress.net/hlv-gong-toi-khong-co-ke-hoach-hoa-han-quoc-4472391.html|https://i1-thethao.vnecdn.net/2022/06/05/ec86a63f1ad8da8683c9-jpeg-1654-7396-6940-1654441270.jpg?w=300&h=180&q=100&dpr=1&fit=crop&s=dAeLA5lWBQB7J2A2PCFVkQ|UZBEKISTAN HLV Gong Oh-kyun khẳng định ông đặt mục tiêu chiến thắng chứ không phải hoà 1-1 trước Hàn Quốc ở giải U23 châu Á, tối 5/6.|thể thao|vnexpress.net|unknow
Thái Lan đè bẹp Malaysia|https://vnexpress.net/malaysia-vs-thai-lan-4472382-tong-thuat.html|https://i1-thethao.vnecdn.net/2022/06/05/Untitled-8170-1654444874.jpg?w=300&h=180&q=100&dpr=1&fit=crop&s=kNbeouo23LLGoJJC8ZhAdw|UZBEKISTAN Cú đúp của Suphanat Mueanta giúp Thái Lan đánh bại đối thủ cùng khu vực 3-0 ở lượt hai bảng C U23 châu Á, tối 5/6.|thể thao|vnexpress.net|unknow
Việt Nam hoà Hàn Quốc ở U23 châu Á|https://vnexpress.net/u23-viet-nam-vs-u23-han-quoc-4472342-tong-thuat.html|https://i1-thethao.vnecdn.net/2022/06/05/long-jpeg-1654440209-165444021-5856-8653-1654440278.jpg?w=300&h=180&q=100&dpr=1&fit=crop&s=CqH-UhjKYcDJYq71a8qfow|UZBEKISTAN Hậu vệ Vũ Tiến Long ghi tuyệt phẩm giúp Việt Nam hoà đương kim vô địch Hàn Quốc 1-1, ở bảng C VCK U23 châu Á 2022 tối 5/6.|thể thao|vnexpress.net|unknow
Những tiểu tiết để Nadal vượt nghịch cảnh|https://vnexpress.net/nhung-tieu-tiet-de-nadal-vuot-nghich-canh-4472250.html|https://i1-thethao.vnecdn.net/2022/06/05/11-1654396863-1654396872-8023-1654396934.jpg?w=300&h=180&q=100&dpr=1&fit=crop&s=KzWymt9QTCHlnt2y_kNEeQ|Rafael Nadal không giữ bóng trong túi quần mỗi khi độ ẩm cao, nhằm hạn chế việc bóng bị ướt dẫn tới độ nảy không như mong muốn của anh.|thể thao|vnexpress.net|unknow
Chuyên gia Vũ Mạnh Hải: 'Việt Nam cần tinh thần dũng cảm của HLV Gong'|https://vnexpress.net/chuyen-gia-vu-manh-hai-viet-nam-can-tinh-than-dung-cam-cua-hlv-gong-4472306.html|https://i1-thethao.vnecdn.net/2022/06/05/Untitled-9473-1654411342.jpg?w=300&h=180&q=100&dpr=1&fit=crop&s=PF6b8JvbkfhPI9asJAtUOQ|Cựu danh thủ Thể Công đánh giá cao sự mạnh mẽ của HLV Gong Oh-kyun và hy vọng Việt Nam sẽ phát huy điều đó khi đối đầu Hàn Quốc ở giải U23 châu Á 2022.|thể thao|vnexpress.net|unknow
Lacazette đăng thông điệp chia tay Arsenal|https://vnexpress.net/lacazette-dang-thong-diep-chia-tay-arsenal-4472271.html|https://i1-thethao.vnecdn.net/2022/06/05/20220603-143156-1654402313-1712-1654402368.jpg?w=300&h=180&q=100&dpr=1&fit=crop&s=EQl5jj2zDVtzc7FrW72Vng|"Sau khi xác nhận chia tay Arsenal hè 2022 theo dạng tự do, tiền đạo Alexandre Lacazette ngỏ lời cảm ơn CLB và khẳng định sẽ mãi mãi là một ""Pháo thủ""."|thể thao|vnexpress.net|unknow
Báo Hàn Quốc: 'Không dễ chơi U23 Việt Nam'|https://vnexpress.net/bao-han-quoc-khong-de-choi-u23-viet-nam-4471135.html|https://i1-thethao.vnecdn.net/2022/06/05/e347b0b6237de323ba6c-jpeg-1654-1479-4359-1654401560.jpg?w=300&h=180&q=100&dpr=1&fit=crop&s=_CbcwRZH7MbZGb2j8Ufw_A|Theo tờ Chosun, Việt Nam rất khó lường và có thể khiến Hàn Quốc tổn thương ở lượt hai bảng C giải U23 châu Á 2022 hôm nay 5/6.|thể thao|vnexpress.net|unknow
Tương quan trước trận Việt Nam - Hàn Quốc|https://vnexpress.net/tuong-quan-truoc-tran-viet-nam-han-quoc-4472186.html|https://i1-thethao.vnecdn.net/2022/06/05/Settop-Viet-Nam-Han-Quoc-jpeg_1654381159.jpg?w=300&h=180&q=100&dpr=1&fit=crop&s=8LozOCJeJv57z_6IkR0b3g|UZBEKISTAN Việt Nam thua thiệt cả về kinh nghiệm, thành tích lẫn lịch sử đối đầu trước khi đấu Hàn Quốc ở lượt hai bảng C giải U23 châu Á hôm nay 5/6.|thể thao|vnexpress.net|unknow
Nadal giúp Ruud leo gần 140 bậc ATP|https://vnexpress.net/nadal-giup-ruud-leo-gan-140-bac-atp-4472262.html|https://i1-thethao.vnecdn.net/2022/06/05/1-1654399907-4245-1654400022.png?w=300&h=180&q=100&dpr=1&fit=crop&s=g0dLvUfgDBIzXz6kvbEnKQ|PARIS Casper Ruud chỉ đứng thứ 143 ATP khi gia nhập học viện Rafael Nadal năm 2018, trước khi thăng tiến vượt bậc vào top 5 thế giới.|thể thao|vnexpress.net|unknow
Tuyển Anh cán mốc buồn sau hơn 60 năm|https://vnexpress.net/tuyen-anh-can-moc-buon-sau-hon-60-nam-4472208.html|https://i1-thethao.vnecdn.net/2022/06/05/telemmglpict000298608366-xlarg-2591-7762-1654388661.jpg?w=300&h=180&q=100&dpr=1&fit=crop&s=2rHqQCJnWagMxMo20aQ9pA|HUNGARY Đoàn quân của Gareth Southgate thua 0-1 trên sân Hungary, đội đứng thứ 40 thế giới, ở trận mở màn bảng A3 UEFA Nations League tối 4/6.|thể thao|vnexpress.net|unknow
Đức thoát thua trên đất Italy|https://vnexpress.net/duc-thoat-thua-tren-dat-italy-4472190.html|https://i1-thethao.vnecdn.net/2022/06/05/italy-v-germany-uefa-nations-l-9843-4185-1654386686.jpg?w=300&h=180&q=100&dpr=1&fit=crop&s=oZT_eFHjwRngm408FYSvoQ|ITALY Ba phút sau khi bị chọc thủng lưới, đoàn quân của Hansi Flick tìm được bàn gỡ hoà 1-1 ở trận ra quân bảng A3 UEFA Nations League tối 4/6.|thể thao|vnexpress.net|unknow
Uzbekistan thắng 6-0 ở U23 châu Á 2022|https://vnexpress.net/uzbekistan-thang-6-0-o-u23-chau-a-2022-4469363.html|https://i1-thethao.vnecdn.net/2022/06/05/a-nh-chu-p-ma-n-hi-nh-2022-06-7059-8060-1654389760.png?w=300&h=180&q=100&dpr=1&fit=crop&s=2Rdba1fXCnbRRrrQMyB3nQ|UZBEKISTAN Chủ nhà đè bẹp Qatar ở lượt hai bảng A tối 4/6, trở thành đội đầu tiên giành vé vào tứ kết U23 châu Á 2022.|thể thao|vnexpress.net|unknow
Pique bị chê không xứng đáng với Shakira|https://vnexpress.net/pique-bi-che-khong-xung-dang-voi-shakira-4472167.html|https://i1-thethao.vnecdn.net/2022/06/04/img-20220604-113520-jpeg-16543-1843-9309-1654356534.jpg?w=300&h=180&q=100&dpr=1&fit=crop&s=xuikiLlHKDQheff5zuGHvg|Tiết lộ từng bị Gerard Pique nhắn tin gạ gẫm, hỏi về số đo vòng ba, siêu mẫu Suzy Cortez cho rằng trung vệ Barca không xứng đáng có người yêu như Shakira.|thể thao|vnexpress.net|unknow
Minjee Lee phá kỷ lục US Women’s Open|https://vnexpress.net/minjee-lee-pha-ky-luc-us-women-s-open-4472296.html|https://i1-thethao.vnecdn.net/2022/06/05/3871-1654406486-4455-1654406534.jpg?w=300&h=180&q=100&dpr=1&fit=crop&s=tb7pV7wS-oFbPXMB4vcvpA|Hôm 4/6, Lee kết thúc vòng 3 với điểm -13, qua đó trở thành tân kỷ lục gia về điểm tổng ba vòng trong 76 năm lịch sử major do Hiệp hội Golf Mỹ tổ chức.|thể thao|vnexpress.net|unknow
Màn diễn ấn tượng của Jason Day ở Memorial|https://vnexpress.net/man-dien-an-tuong-cua-jason-day-o-memorial-4472292.html|https://i1-thethao.vnecdn.net/2022/06/05/day-1654405834-6215-1654406025.jpg?w=300&h=180&q=100&dpr=1&fit=crop&s=WaOE1Np4_LQLXZZ6IUq2Rw|MỸ Hôm 4/6, Jason Day ghi eagle hố 3, birdie hố 4 bằng hai cú ngoài green trong vòng 3 giải PGA Tour với quỹ thưởng 12 triệu USD ở Dublin, Ohio.|thể thao|vnexpress.net|unknow
HLV Hàn Quốc muốn hạ Việt Nam để sớm vào tứ kết|https://vnexpress.net/hlv-han-quoc-muon-ha-viet-nam-de-som-vao-tu-ket-4472273.html|https://i1-thethao.vnecdn.net/2022/06/05/285107862-539129991203817-8471-4105-1808-1654402129.jpg?w=300&h=180&q=100&dpr=1&fit=crop&s=a_I5Gdo0eWrkgH4ao89B2g|UZBEKISTAN Không đánh giá thấp Việt Nam, nhưng HLV Hwang Sun-hong tin Hàn Quốc sẽ thắng để sớm vào tứ kết U23 châu Á 2022.|thể thao|vnexpress.net|unknow
Việt Nam - Hàn Quốc: Chờ địa chấn ở U23 châu Á|https://vnexpress.net/viet-nam-han-quoc-cho-dia-chan-o-u23-chau-a-4472175.html|https://i1-thethao.vnecdn.net/2022/06/05/vie-t-nam-jpeg-1654362446-5780-1654362587.jpg?w=300&h=180&q=100&dpr=1&fit=crop&s=iVSfSxpVF1Rb7scLDeKObw|UZBEKISTAN Bị đánh giá thấp hơn nhưng với sự trở lại của nhiều trụ cột, Việt Nam có cơ sở để hướng đến một điểm khi gặp ĐKVĐ Hàn Quốc tại bảng C giải U23 châu Á 2022.|thể thao|vnexpress.net|unknow
Nadal - Ruud: Nối dài những kỷ lục|https://vnexpress.net/nadal-ruud-noi-dai-nhung-ky-luc-4472169.html|https://i1-thethao.vnecdn.net/2022/06/04/2-1654357571-5947-1654357839.jpg?w=300&h=180&q=100&dpr=1&fit=crop&s=AqKt6uplyhyS_pl0XXKOzg|PHÁP Rafael Nadal đứng trước cơ hội đoạt danh hiệu Roland Garros thứ 14, gia tăng kỷ lục lên 22 Grand Slam sự nghiệp khi đấu Casper Ruud hôm nay.|thể thao|vnexpress.net|unknow
U23 Hàn Quốc đạt kỷ lục ghi bàn trước trận đấu Việt Nam|https://vnexpress.net/u23-han-quoc-dat-ky-luc-ghi-ban-truoc-tran-dau-viet-nam-4472159.html|https://i1-thethao.vnecdn.net/2022/06/04/ha-n-quo-c-jpeg-1654355426-165-3262-4454-1654355468.jpg?w=300&h=180&q=100&dpr=1&fit=crop&s=sfjmz0ieL2TzR-NKdOj4bg|UZBEKISTAN Bảy trận gần nhất ở các giải chính thức, Hàn Quốc đều ghi từ ba bàn trở lên, trước khi đấu Việt Nam tại U23 châu Á 2022.|thể thao|vnexpress.net|unknow
Swiatek lần thứ hai vô địch Roland Garos|https://vnexpress.net/swiatek-lan-thu-hai-vo-dich-roland-garos-4472166.html|https://i1-thethao.vnecdn.net/2022/06/04/11-1654356051-1654356062-6318-1654356228.jpg?w=300&h=180&q=100&dpr=1&fit=crop&s=u5cKkbMJ1i-204PYcGXdjg|PHÁP Tay vợt số một thế giới Iga Swiatek chỉ cần hơn một tiếng để hạ Coco Gauff 6-1, 6-3 trong trận chung kết Roland Garros chiều 4/6.|thể thao|vnexpress.net|unknow
Văn Toản tươi cười khi trở lại tập cùng U23 Việt Nam|https://vnexpress.net/van-toan-tuoi-cuoi-khi-tro-lai-tap-cung-u23-viet-nam-4472153.html|https://i1-thethao.vnecdn.net/2022/06/04/top-jpeg.jpg?w=300&h=180&q=100&dpr=1&fit=crop&s=xYrg2MBfC6tjevYcgGgh_g|UZBEKISTAN Phải nẹp ngón tay chấn thương, nhưng thủ môn Nguyễn Văn Toản vẫn ra sân tập luyện chiều 4/6 để chuẩn bị cho trận đấu Hàn Quốc ở giải U23 châu Á.|thể thao|vnexpress.net|unknow
Cầu thủ Việt Nam háo hức đối đầu 'Messi Hàn Quốc'|https://vnexpress.net/cau-thu-viet-nam-hao-huc-doi-dau-messi-han-quoc-4472150.html|https://i1-thethao.vnecdn.net/2022/06/04/285158075-1021697832053401-757-6657-3706-1654351638.jpg?w=300&h=180&q=100&dpr=1&fit=crop&s=zkHuLpIbxy82j-nZ3T_Udg|UZBEKISTAN Đánh giá cao Lee Kang-in, nhưng tiền vệ Nguyễn Văn Trường khẳng định anh và đồng đội đã sẵn sàng đương đầu ở lượt hai giải U23 châu Á 2022.|thể thao|vnexpress.net|unknow
Hậu vệ Thái Lan: 'Chúng tôi phải đứng dậy sau trận Việt Nam'|https://vnexpress.net/hau-ve-thai-lan-chung-toi-phai-dung-day-sau-tran-viet-nam-4472119.html|https://i1-thethao.vnecdn.net/2022/06/04/284079318-724993942025340-9648-5256-7464-1654340900.jpg?w=300&h=180&q=100&dpr=1&fit=crop&s=9OsBkUZeH9o8td6xkI3_Dg|UZBEKISTAN Hai ngày sau trận ra quân giải U23 châu Á 2022, Wanchat Choosong vẫn cảm thấy Thái Lan may mắn khi thoát thua Việt Nam ở những phút bù giờ.|thể thao|vnexpress.net|unknow
Việt Nam chưa từng thắng Hàn Quốc cấp U23|https://vnexpress.net/viet-nam-chua-tung-thang-han-quoc-cap-u23-4472053.html|https://i1-thethao.vnecdn.net/2022/06/04/screenshot-2022-06-04-at-14-12-8627-8253-1654326916.png?w=300&h=180&q=100&dpr=1&fit=crop&s=i1AWqL1_Mf61KEf8eAePdA|Trước khi đối đầu ở vòng chung kết U23 châu Á 2022 ngày mai 5/6, Việt Nam chỉ hoà và thua Hàn Quốc trong năm lần đối đầu.|thể thao|vnexpress.net|unknow
U23 Hàn Quốc tránh tập cạnh Việt Nam|https://vnexpress.net/u23-han-quoc-tranh-tap-canh-viet-nam-4472044.html|https://i1-thethao.vnecdn.net/2022/06/04/283831963-434463871386498-4268-1216-7587-1654325234.jpg?w=300&h=180&q=100&dpr=1&fit=crop&s=3hp_WHsaI1-T48srSY7gEw|UZBEKISTAN Đương kim vô địch Hàn Quốc đổi sân để tránh nguy cơ lộ bài trước trận đấu Việt Nam tại bảng C giải U23 châu Á 2022.|thể thao|vnexpress.net|unknow
Đoàn Văn Hậu chưa thể thi đấu|https://video.vnexpress.net/tin-tuc/the-thao/doan-van-hau-chua-the-thi-dau-4471959.html|https://i1-vnexpress.vnecdn.net/2022/06/04/tho00015203Still001-1654307546-4605-1654307548.jpg?w=300&h=180&q=100&dpr=1&fit=crop&s=g7Mjm_PpzGLN32tfUlkwkw|HẢI PHÒNG Hậu vệ Văn Hậu đang tập luyện cùng CLB Hà Nội và có trong danh sách đăng ký giải giao hữu Tứ Hùng, nhưng chưa đủ điều kiện thi đấu.|thể thao|vnexpress.net|unknow
HAGL, Viettel thua đậm ở Cup Tứ hùng|https://vnexpress.net/hagl-viettel-thua-dam-o-cup-tu-hung-4472173.html|https://i1-thethao.vnecdn.net/2022/06/04/8e1b5cdf0901c95f9010-jpeg-1654-5980-1571-1654361668.jpg?w=300&h=180&q=100&dpr=1&fit=crop&s=aWM7ecAovpdSJ3tbD5wXsg|HẢI PHÒNG HAGL thua chủ nhà Hải Phòng 0-4, trong khi Hà Nội FC hạ Viettel 4-2 tại giải giao hữu ngày 4/6.|thể thao|vnexpress.net|unknow
Thức uống đặc sản ở Memorial|https://vnexpress.net/thuc-uong-dac-san-o-memorial-4472122.html|https://i1-thethao.vnecdn.net/2022/06/04/usatsi-18400298-1654341533-9642-1654341551.jpg?w=300&h=180&q=100&dpr=1&fit=crop&s=GhckkHSw6Rm1Au5DW1feCw|MỸ Sữa lắc là món khó bỏ qua đối với các ngôi sao PGA Tour, khi dự giải do golfer huyền thoại Jack Nicklaus chủ trì tại Muirfield Village Golf Club ở Dublin, Ohio từ ngày 2-5/6.|thể thao|vnexpress.net|unknow
Lewandowski có thể dùng luật để rời Bayern|https://vnexpress.net/lewandowski-co-the-dung-luat-de-roi-bayern-4472019.html|https://i1-thethao.vnecdn.net/2022/06/04/screen-shot-2022-06-04-at-10-5-9566-8045-1654314936.png?w=300&h=180&q=100&dpr=1&fit=crop&s=OhoSm98KnJ4mBCHj1Ezzyw|Theo báo Đức Bild, tiền đạo Robert Lewandowski sẽ tiến hành các hành động pháp lý mà chưa ngôi sao nào áp dụng, để thôi hợp đồng sớm một năm với Bayern.|thể thao|vnexpress.net|unknow
Nadal sẵn sàng thua chung kết Roland Garros|https://vnexpress.net/nadal-san-sang-thua-chung-ket-roland-garros-4471971.html|https://i1-thethao.vnecdn.net/2022/06/04/11-1654309248-1654309257-3943-1654309317.jpg?w=300&h=180&q=100&dpr=1&fit=crop&s=VC_jx9bi6C3nfP60uyoulw|PHÁP Rafael Nadal muốn đánh đổi danh hiệu Roland Garros thứ 14 để có một bàn chân mới khỏe mạnh, sau thời gian dài vật lộn với chấn thương này.|thể thao|vnexpress.net|unknow
Học viên hào hứng đấu Nadal ở chung kết Roland Garros|https://vnexpress.net/hoc-vien-hao-hung-dau-nadal-o-chung-ket-roland-garros-4471989.html|https://i1-thethao.vnecdn.net/2022/06/04/11-1654310866-5037-1654310944.jpg?w=300&h=180&q=100&dpr=1&fit=crop&s=mBzw9yMmfLWfEXT0skyurg|PARIS Casper Ruud, học viên của học viện Rafael Nadal, sẽ lần đầu gặp thần tượng ở trận chung kết Grand Slam đầu tiên trong sự nghiệp.|thể thao|vnexpress.net|unknow
