Chuyên gia chia sẻ bí quyết thành công khi tranh biện|https://vnexpress.net/chuyen-gia-chia-se-bi-quyet-thanh-cong-khi-tranh-bien-4475222.html|https://i1-vnexpress.vnecdn.net/2022/06/12/279292633-765403781501713-5324-4563-7409-1655044895.jpg?w=220&h=132&q=100&dpr=1&fit=crop&s=7yo3tu6nZv3zQaHzLh5HRQ|Theo chuyên gia Marvin Long Đỗ, thí sinh nên luyện kỹ năng xây hệ thống lập luận, cập nhật thông tin trong nước và quốc tế để gia tăng lợi thế thi đấu.|giáo dục|vnexpress.net|unknow
Ứng dụng giáo dục đề cao tính cá nhân hóa người dùng|https://vnexpress.net/ung-dung-giao-duc-de-cao-tinh-ca-nhan-hoa-nguoi-dung-4474116.html|https://i1-vnexpress.vnecdn.net/2022/06/13/Image-1655081702-6223-1655081799.jpg?w=220&h=132&q=100&dpr=1&fit=crop&s=4NxllcIB68S5oSCyg77geA|Nền tảng học trực tuyến Geniebook ứng dụng công nghệ AI, có khả năng phân tích điểm mạnh và điểm yếu của từng học sinh, giúp các em tự tin và chủ động.|giáo dục|vnexpress.net|unknow
Hơn 10.000 hiệu trưởng tham gia dự án trường học hạnh phúc|https://vnexpress.net/hon-10-000-hieu-truong-tham-gia-du-an-truong-hoc-hanh-phuc-4474551.html|https://i1-vnexpress.vnecdn.net/2022/06/10/05-8772-1654841068.png?w=220&h=132&q=100&dpr=1&fit=crop&s=-ud0HsfIJRjJVJrS_Wrb7Q|"Hơn 10.000 hiệu trưởng sẽ tập huấn trong dự án ""Trường học hạnh phúc"" do Quỹ hỗ trợ đổi mới giáo dục phổ thông Việt Nam tổ chức trong năm 2022-2023."|giáo dục|vnexpress.net|unknow
Điểm chuẩn vào lớp 10 THPT chuyên Sư phạm|https://vnexpress.net/diem-chuan-vao-lop-10-thpt-chuyen-su-pham-4475249.html|https://i1-vnexpress.vnecdn.net/2022/06/12/42354f02703cb062e92d-165503723-9431-3943-1655038098.jpg?w=220&h=132&q=100&dpr=1&fit=crop&s=MoibygWmxrW7ZVg0Dzl4yg|Cả 7 lớp chuyên của trường THPT chuyên Đại học Sư phạm đều lấy điểm chuẩn từ 23,25 trở lên, trong đó Toán cao nhất - 27,5.|giáo dục|vnexpress.net|unknow
Giải đề thi Toán lớp 10 chuyên tại TP HCM|https://vnexpress.net/giai-de-thi-toan-lop-10-chuyen-tai-tp-hcm-4475244.html|https://i1-vnexpress.vnecdn.net/2022/06/12/loi-giai-de-chuyen-tphcm-2022-9942-3191-1655034692.jpg?w=220&h=132&q=100&dpr=1&fit=crop&s=FtDI6Hd4GYjPkYEjGUn6Xg|Đề Toán chuyên vào lớp 10 tại TP HCM vừa sức, tuy nhiên câu biến đổi đại số và bất đẳng thức không mới, theo nhận xét của các giáo viên.|giáo dục|vnexpress.net|unknow
Đề thi lớp 10 vừa sức, điểm chuẩn không nhiều biến động|https://vnexpress.net/de-thi-lop-10-vua-suc-diem-chuan-khong-nhieu-bien-dong-4475221.html|https://i1-vnexpress.vnecdn.net/2022/06/12/thi-sinh-2-1655030054-3865-1655030537.jpg?w=220&h=132&q=100&dpr=1&fit=crop&s=1FTHhJxGn2nBmxh6QfhJdg|TP HCMĐề thi ba môn vào lớp 10 được giáo viên đánh giá vừa sức, nằm trong chương trình, điểm chuẩn biến động không đáng kể.|giáo dục|vnexpress.net|unknow
Rèn IQ với bốn câu đố tư duy|https://vnexpress.net/ren-iq-voi-bon-cau-do-tu-duy-4475225.html|https://i1-vnexpress.vnecdn.net/2022/06/12/1q-jpeg-1655027438-7241-1655027485.jpg?w=220&h=132&q=100&dpr=1&fit=crop&s=KkHzb7QtCNJKyaenFENEoQ|Cho 5 đồng hồ với số chỉ thời gian lần lượt 2:31, 3:13, 3:55, 4:37. Trong 60 giây, bạn có thể tìm ra số chỉ trên mặt đồng hồ thứ năm?|giáo dục|vnexpress.net|unknow
Đề Văn, Toán thi lớp 10 chuyên ở TP HCM|https://vnexpress.net/de-van-toan-thi-lop-10-chuyen-o-tp-hcm-4475228.html|https://i1-vnexpress.vnecdn.net/2022/06/12/chuyen-van-8880-1655027401-165-1694-1288-1655028283.jpg?w=220&h=132&q=100&dpr=1&fit=crop&s=40aNES2hs48inCId_i0hzg|6.300 thí sinh hoàn thành môn chuyên để tranh hơn 1.600 suất vào THPT chuyên Lê Hồng Phong, chuyên Trần Đại Nghĩa và các trường có lớp chuyên, chiều 12/6.|giáo dục|vnexpress.net|unknow
Đề thi, gợi ý giải ba môn vào lớp 10 công lập TP HCM|https://vnexpress.net/de-thi-goi-y-giai-ba-mon-vao-lop-10-cong-lap-tp-hcm-4475185.html|https://i1-vnexpress.vnecdn.net/2022/06/12/thisinh1-1655015122-8209-1655015249.jpg?w=220&h=132&q=100&dpr=1&fit=crop&s=Q4xnN3LJ8wtewUIO1m8FTw|Gần 94.000 thí sinh kết thúc hai ngày thi tuyển sinh vào lớp 10 công lập với ba môn Toán, Văn, Ngoại ngữ, ngày 12/6.|giáo dục|vnexpress.net|unknow
Phụ huynh đội nắng chờ con thi vào lớp 10|https://vnexpress.net/phu-huynh-doi-nang-cho-con-thi-vao-lop-10-4475180.html|https://i1-vnexpress.vnecdn.net/2022/06/12/9-JPG-1655010175.jpg?w=220&h=132&q=100&dpr=1&fit=crop&s=3jwaO6RKx1g_l9AAD3_qtQ|TP HCMPhụ huynh đứng ngồi hàng giờ chờ đợi để động viên, khích lệ tinh thần con trong đợt thi chuyển cấp, diễn ra vào 11-12/6.|giáo dục|vnexpress.net|unknow
Quy đổi IELTS trong xét tuyển đại học - dễ dãi hay phù hợp?|https://vnexpress.net/quy-doi-ielts-trong-xet-tuyen-dai-hoc-de-dai-hay-phu-hop-4473775.html|https://i1-vnexpress.vnecdn.net/2022/06/08/3-1654687925-6575-1654688304.jpg?w=220&h=132&q=100&dpr=1&fit=crop&s=fdueYnojYU0WrlwOGkYvEw|Nhiều trường đại học quy đổi IELTS 5.5 thành 10 điểm tuyệt đối, thậm chí vượt khung lên 12 điểm, gây nghi ngại chứng chỉ ngoại ngữ đang được coi trọng quá mức.|giáo dục|vnexpress.net|unknow
Giải đề Toán vào lớp 10 tại TP HCM|https://vnexpress.net/giai-de-toan-vao-lop-10-tai-tp-hcm-4475161.html|https://i1-vnexpress.vnecdn.net/2022/06/12/loi-giai-de-dk-tphcm-2022-page-2790-7769-1655014025.jpg?w=220&h=132&q=100&dpr=1&fit=crop&s=xv52kLHILWTGvi7fjxeViw|Theo các giáo viên, đề thi Toán mang tính thực tế cao, vừa sức, phần phân hoá nằm ở ý b bài 7.|giáo dục|vnexpress.net|unknow
Đáp án bài toán 'Nhất nhất' của học sinh lớp 3|https://vnexpress.net/dap-an-bai-toan-nhat-nhat-cua-hoc-sinh-lop-3-4474993.html|https://i1-vnexpress.vnecdn.net/2022/06/11/bai-toan-1654941905-8605-1654941952.jpg?w=220&h=132&q=100&dpr=1&fit=crop&s=ZXeBPgSslAi1PHsfz-eJbw|Để mò ra đáp số không khó nhưng tìm được lời giải logic chặt chẽ cho bài toán này lại rất khó, ngay cả với người lớn.|giáo dục|vnexpress.net|unknow
Bí quyết đạt điểm 9, 10 môn Sinh tốt nghiệp THPT|https://vnexpress.net/bi-quyet-dat-diem-9-10-mon-sinh-tot-nghiep-thpt-4472697.html|https://i1-vnexpress.vnecdn.net/2022/06/09/01f93da1c420047e5d31-165476134-5204-4689-1654761628.jpg?w=220&h=132&q=100&dpr=1&fit=crop&s=pMu58OSFlhT_vPzWOUwY5g|Cô Thanh Xuân, giáo viên THPT chuyên Lê Hồng Phong (Nam Định), chỉ ra các lỗi thí sinh thường mắc và cách nhận diện câu hỏi Sinh học thi tốt nghiệp THPT.|giáo dục|vnexpress.net|unknow
Cuộc thi tranh biện toàn quốc thêm hình thức đăng ký|https://vnexpress.net/cuoc-thi-tranh-bien-toan-quoc-them-hinh-thuc-dang-ky-4475142.html|https://i1-vnexpress.vnecdn.net/2022/06/12/279563284-765392204836204-8997-6230-7173-1655018113.jpg?w=220&h=132&q=100&dpr=1&fit=crop&s=CVMDkszM1CzvC5vJLrxIsQ|Ngoài yêu cầu quay video, ban tổ chức bổ sung hình thức dự thi bằng bài viết, giúp học sinh cả nước có thêm cơ hội vào vòng hai, nhận học bổng 10.000 USD.|giáo dục|vnexpress.net|unknow
Hà Nội không tăng chỉ tiêu song bằng THPT|https://vnexpress.net/ha-noi-khong-tang-chi-tieu-song-bang-thpt-4475127.html|https://i1-vnexpress.vnecdn.net/2022/06/12/thi-sinh-1412-1620793780-jpeg-3117-7608-1655001490.jpg?w=220&h=132&q=100&dpr=1&fit=crop&s=DsUAEyYyxzqbKWnIxyOC9g|Năm 2022-2023, Hà Nội tuyển khoảng 100 học sinh lớp 10 vào chương trình song bằng THPT, ổn định như các năm trước thay vì tăng quy mô theo đề xuất đầu tháng 5.|giáo dục|vnexpress.net|unknow
Trưởng thành từ trại hè lập trình New Zealand|https://vnexpress.net/truong-thanh-tu-trai-he-lap-trinh-new-zealand-4473192.html|https://i1-vnexpress.vnecdn.net/2022/06/11/image003-1654962566-7162-1654962651.jpg?w=220&h=132&q=100&dpr=1&fit=crop&s=niWw-L45FjVWvNJEtfuQ0A|TP HCMCác lớp lập trình trực quan đan xen hoạt động tương tác giúp học sinh mở rộng kiến thức, tự lập và phát triển kỹ năng của công dân số toàn cầu.|giáo dục|vnexpress.net|unknow
Học Địa kỹ thuật có thể làm gì khi ra trường|https://vnexpress.net/hoc-dia-ky-thuat-co-the-lam-gi-khi-ra-truong-4472566.html|https://i1-vnexpress.vnecdn.net/2022/06/07/geotechnicalengineeringconsult-2843-8313-1654596265.png?w=220&h=132&q=100&dpr=1&fit=crop&s=HVh0Zt1lL_vs6J_XxOuxtA|Em định hướng theo chuyên ngành Địa kỹ thuật nhưng chưa rõ các vị trí việc làm của ngành này khi tốt nghiệp.|giáo dục|vnexpress.net|unknow
Kiểm tra IQ với bốn câu đố tư duy|https://vnexpress.net/kiem-tra-iq-voi-bon-cau-do-tu-duy-4474999.html|https://i1-vnexpress.vnecdn.net/2022/06/11/1q-jpeg-1654944497-5957-1654944929.jpg?w=220&h=132&q=100&dpr=1&fit=crop&s=YyP8lnV7jecJ632LkzrPGg|Nếu 1+ + 4 = 5, 2 + 5 = 12, 3 + 6 = 21, bạn có thể tìm được đáp án của phép tính 8 + 11 trong một phút?|giáo dục|vnexpress.net|unknow
Đề Tiếng Anh vào lớp 10 TP HCM|https://vnexpress.net/de-tieng-anh-vao-lop-10-tp-hcm-4474980.html|https://i1-vnexpress.vnecdn.net/2022/06/11/topq-1654941564-9926-1654941580.jpg?w=220&h=132&q=100&dpr=1&fit=crop&s=5n1dA0VH-SFXx1gNgARY4w|Chiều 11/6, gần 94.000 thí sinh hoàn thành môn thi Tiếng Anh sau 90 phút với 40 câu hỏi.|giáo dục|vnexpress.net|unknow
660 thí sinh bỏ thi lớp 10 công lập ở TP HCM|https://vnexpress.net/660-thi-sinh-bo-thi-lop-10-cong-lap-o-tp-hcm-4474944.html|https://i1-vnexpress.vnecdn.net/2022/06/11/ong-le-hoai-nam-1654936265-9763-1654936381.jpg?w=220&h=132&q=100&dpr=1&fit=crop&s=gFOFeUTtSZdlGAZKGDOVBw|Ngày thi vào lớp 10 đầu tiên với môn Văn, Ngoại ngữ, 660 trong số 94.000 thí sinh bỏ thi do bị ốm hoặc không thực sự muốn thi vào trường công lập.|giáo dục|vnexpress.net|unknow
Gợi ý làm đề Văn vào lớp 10 công lập ở TP HCM|https://vnexpress.net/goi-y-lam-de-van-vao-lop-10-cong-lap-o-tp-hcm-4474904.html|https://i1-vnexpress.vnecdn.net/2022/06/11/de-van-tp-hcm-2-8068-165491939-9725-4508-1654922059.jpg?w=220&h=132&q=100&dpr=1&fit=crop&s=eRrMSo9Hyrhod5Ld_fyoPw|"Giáo viên Tạ Minh Thuỷ nhận định về cơ bản, cấu trúc đề thi tương tự các năm trước, nội dung sáng tạo, gây hứng thú với mạch tư duy xuyên suốt về ""Thời gian""."|giáo dục|vnexpress.net|unknow
Đề Văn vào lớp 10 công lập ở TP HCM|https://vnexpress.net/de-van-vao-lop-10-cong-lap-o-tp-hcm-4474773.html|https://i1-vnexpress.vnecdn.net/2022/06/11/2-9459-1654917371-1654917535-6351-1654917540.jpg?w=220&h=132&q=100&dpr=1&fit=crop&s=3ghoJvpBmWRV1IofUc6y5w|Đề Văn thi vào lớp 10, sáng 11/6, yêu cầu viết nghị luận về sự trưởng thành trong góc nhìn của tuổi trẻ.|giáo dục|vnexpress.net|unknow
Thí sinh F0 tại Hà Nội được xét học bạ vào lớp 10|https://vnexpress.net/thi-sinh-f0-tai-ha-noi-duoc-xet-hoc-ba-vao-lop-10-4474815.html|https://i1-vnexpress.vnecdn.net/2022/06/11/2-1636335692-jpeg-1654911709-1488-1654911803.jpg?w=220&h=132&q=100&dpr=1&fit=crop&s=duN9fCOg0KP-s6ul_7qAlQ|Học sinh F0 sẽ được xét tuyển bằng điểm học bạ, hoặc vẫn tham gia thi nếu có nguyện vọng dự kỳ tuyển sinh vào lớp 10 tại Hà Nội.|giáo dục|vnexpress.net|unknow
Hai tháng tự học SAT, đạt điểm top 1% thế giới|https://vnexpress.net/hai-thang-tu-hoc-sat-dat-diem-top-1-the-gioi-4474746.html|https://i1-vnexpress.vnecdn.net/2022/06/10/diem2-1654873144-7683-1654874840.jpg?w=220&h=132&q=100&dpr=1&fit=crop&s=QL41MSxWCNTm88TZ_KSM_Q|Thích một trường đại học ở Phần Lan, An Bình luyện SAT cấp tốc ngay sau khi tốt nghiệp chương trình học ở Singapore.|giáo dục|vnexpress.net|unknow
Sĩ tử bắt đầu cuộc đua vào lớp 10 công lập|https://vnexpress.net/si-tu-bat-dau-cuoc-dua-vao-lop-10-cong-lap-4474848.html|https://i1-vnexpress.vnecdn.net/2022/06/11/top.jpg?w=220&h=132&q=100&dpr=1&fit=crop&s=5Jai-APXWxQMcoPU65FEJw|TP HCMHàng nghìn học sinh được bố mẹ đưa đến trường, phần lớn với tinh thần thoải mái, bắt đầu môn thi đầu tiên, sáng 11/6.|giáo dục|vnexpress.net|unknow
94.000 thí sinh thi môn đầu tiên vào lớp 10 công lập|https://vnexpress.net/94-000-thi-sinh-thi-mon-dau-tien-vao-lop-10-cong-lap-4474700.html|https://i1-vnexpress.vnecdn.net/2022/06/11/thi-sinh-3-7472-1654907510-165-1290-5759-1654908058.jpg?w=220&h=132&q=100&dpr=1&fit=crop&s=NCP6bPr-5NimJDMSDDyqpw|TP HCMKỳ thi tuyển sinh lớp 10 công lập diễn ra trong hai ngày 11 và 12/6, bắt đầu sáng nay với môn Văn.|giáo dục|vnexpress.net|unknow
Công nghệ Kỹ thuật Hóa học hay Công nghệ Sinh học?|https://vnexpress.net/cong-nghe-ky-thuat-hoa-hoc-hay-cong-nghe-sinh-hoc-4473039.html|https://i1-vnexpress.vnecdn.net/2022/06/07/sinhvien1-1654569388-6473-1654569537.jpg?w=220&h=132&q=100&dpr=1&fit=crop&s=_3k0cM_nJLcfAwM6-u4qPg|Giữa hai ngành Công nghệ Kỹ thuật Hóa học và Công nghệ Sinh học, ngành nào có triển vọng nghề nghiệp và thu nhập cao hơn?|giáo dục|vnexpress.net|unknow
Chuyên gia tư vấn kinh nghiệm thi đấu tranh biện quốc tế|https://vnexpress.net/chuyen-gia-tu-van-kinh-nghiem-thi-dau-tranh-bien-quoc-te-4474743.html|https://i1-vnexpress.vnecdn.net/2022/06/10/279338799-765403881501703-9300-8791-8181-1654867394.jpg?w=220&h=132&q=100&dpr=1&fit=crop&s=xoxMMQCA8_pXVZ7bT8zKSg|Khi đấu theo luật WSDC, học sinh cần lưu ý thời gian, cách cấu trúc bài nói, phối hợp các thành viên trong đội, theo chuyên gia Richard Nguyễn.|giáo dục|vnexpress.net|unknow
Hiệu trưởng khuyên sinh viên 'tìm việc khác nếu dạy học chỉ vì tiền'|https://vnexpress.net/hieu-truong-khuyen-sinh-vien-tim-viec-khac-neu-day-hoc-chi-vi-tien-4474626.html|https://i1-vnexpress.vnecdn.net/2022/06/10/hieu-truong-nguyen-van-minh-16-8067-5953-1654868604.jpg?w=300&h=180&q=100&dpr=1&fit=crop&s=v-cK7AY6YqD7RmCxsUy1QQ|GS Nguyễn Văn Minh, Hiệu trưởng Đại học Sư phạm Hà Nội, dành nhiều lời khuyên cho các tân cử nhân trong lễ bế giảng.|giáo dục|vnexpress.net|unknow
Gọi tên các dân tộc Việt Nam qua trang phục|https://vnexpress.net/goi-ten-cac-dan-toc-viet-nam-qua-trang-phuc-4474423.html|https://i1-vnexpress.vnecdn.net/2022/06/10/9-1654847768-2242-1654848226.jpg?w=300&h=180&q=100&dpr=1&fit=crop&s=2UVs_Jo-cnVesuhLbChvzg|Trang phục của mỗi dân tộc nói lên truyền thống văn hóa đặc sắc trong đời sống của họ. Bạn thử đoán xem những bức ảnh dưới đây đề cập đến dân tộc nào?|giáo dục|vnexpress.net|unknow
Thí sinh tự do vẫn được cộng điểm ưu tiên khi xét tuyển năm 2022|https://vnexpress.net/quy-che-tuyen-sinh-dai-hoc-cao-dang-chinh-thuc-nam-2022-4474689.html|https://i1-vnexpress.vnecdn.net/2022/06/10/117f5804708184dfdd90-162556098-8117-5539-1654856708.jpg?w=300&h=180&q=100&dpr=1&fit=crop&s=S5xl6FByTzkzrVzfF75FuQ|Những thí sinh tốt nghiệp THPT trước 2022 vẫn được cộng 0,25-0,75 điểm ưu tiên khu vực khi xét tuyển đại học năm nay, theo quy chế của Bộ Giáo dục và Đào tạo.|giáo dục|vnexpress.net|unknow
Trường chuyên đầu tiên công bố điểm chuẩn vào lớp 10|https://vnexpress.net/truong-chuyen-dau-tien-cong-bo-diem-chuan-vao-lop-10-4474612.html|https://i1-vnexpress.vnecdn.net/2022/06/10/khxhnv-9758-1654847115-1654847-3082-9311-1654847166.jpg?w=300&h=180&q=100&dpr=1&fit=crop&s=1eIUr7pGW_0ciF2VDTRoSw|HÀ NỘINgày 10/6, trường THPT chuyên Khoa học Xã hội và Nhân văn (Đại học Quốc gia Hà Nội) công bố điểm chuẩn vào lớp 10 ba lớp chuyên.|giáo dục|vnexpress.net|unknow
Những vật dụng không được mang vào phòng thi lớp 10|https://vnexpress.net/nhung-vat-dung-khong-duoc-mang-vao-phong-thi-lop-10-4474532.html|https://i1-vnexpress.vnecdn.net/2022/06/10/thi-sinh-1654838990-7517-1654840042.jpg?w=300&h=180&q=100&dpr=1&fit=crop&s=QuX_40y2wXiFcj1rHpbv0g|TP HCMThí sinh không được mang giấy than, bút xoá, đồng hồ thông minh... vào phòng thi lớp 10 công lập.|giáo dục|vnexpress.net|unknow
Giảm mức cộng ưu tiên với thí sinh đạt từ 22,5 điểm|https://vnexpress.net/giam-muc-cong-uu-tien-voi-thi-sinh-dat-tu-22-5-diem-4474387.html|https://i1-vnexpress.vnecdn.net/2022/06/10/thi-sinh9-1654828799-7594-1654828891.jpg?w=300&h=180&q=100&dpr=1&fit=crop&s=3JE_K-XG8TFnj0OtlN22pQ|Từ năm 2023, thí sinh đạt 22,5 điểm trở lên khi xét tuyển đại học không được cộng tối đa điểm ưu tiên, những em đạt 30 điểm thậm chí không được cộng.|giáo dục|vnexpress.net|unknow
10 đại học tốt nhất châu Á năm 2022|https://vnexpress.net/10-dai-hoc-tot-nhat-chau-a-nam-2022-4474054.html|https://i1-vnexpress.vnecdn.net/2022/06/10/dh-thanh-hoa-1654834785-5043-1654834971.jpg?w=300&h=180&q=100&dpr=1&fit=crop&s=deraq4HsHPnhGHUdBUvK_g|Đại học Thanh Hoa (Trung Quốc) năm thứ tư liên tiếp đứng đầu châu Á, theo xếp hạng của THE.|giáo dục|vnexpress.net|unknow
Giành 5 học bổng thạc sĩ châu Âu khi chưa có bằng đại học|https://vnexpress.net/gianh-5-hoc-bong-thac-si-chau-au-khi-chua-co-bang-dai-hoc-4474177.html|https://i1-vnexpress.vnecdn.net/2022/06/09/6-1654768419-3131-1654771971.jpg?w=300&h=180&q=100&dpr=1&fit=crop&s=z8dQyzcJTKM-CcoGuVr5qg|Trở về từ chuyến trao đổi sáu tháng ở Bỉ, Ngân quyết tâm xin học bổng thạc sĩ châu Âu khi đang là sinh viên năm ba Đại học Ngoại thương.|giáo dục|vnexpress.net|unknow
7 loại câu giao tiếp trong tiếng Anh|https://vnexpress.net/7-loai-cau-giao-tiep-trong-tieng-anh-4471114.html|https://i1-vnexpress.vnecdn.net/2022/06/02/4-1654154096-8450-1654154111.jpg?w=300&h=180&q=100&dpr=1&fit=crop&s=bApg5_xF35re0Kzg06TUBg|Khi nắm được cấu trúc các loại câu giao tiếp, thí sinh sẽ dễ dàng đưa ra được đáp án chính xác.|giáo dục|vnexpress.net|unknow
Phương pháp ôn luyện hiệu quả môn Sinh thi tốt nghiệp|https://vnexpress.net/phuong-phap-on-luyen-hieu-qua-mon-sinh-thi-tot-nghiep-4474040.html|https://i1-vnexpress.vnecdn.net/2022/06/09/5ab9306acaeb0ab553fa-165476131-7685-1870-1654761610.jpg?w=300&h=180&q=100&dpr=1&fit=crop&s=qq6jTxlouwrJVLuFHX6Dsw|Cô Thanh Xuân, trường THPT chuyên Lê Hồng Phong (Nam Định), chia sẻ phương pháp ôn tập hiệu quả cho mỗi phần lý thuyết, bài tập Sinh học trong kỳ thi tốt nghiệp.|giáo dục|vnexpress.net|unknow
Có nên theo con đường binh nghiệp?|https://vnexpress.net/co-nen-theo-con-duong-binh-nghiep-4473025.html|https://i1-vnexpress.vnecdn.net/2022/06/07/quansu-1654568984-1812-1654569159.jpg?w=300&h=180&q=100&dpr=1&fit=crop&s=AxY2FOLk7Ng3bJX-4MDpLA|Em đang phân vân theo khối trường quân đội hay chuyển sang khối kỹ thuật, mong được anh, chị tư vấn.|giáo dục|vnexpress.net|unknow
'Sơ đồ tư duy Việt Nam 2022' lan tỏa đến các tỉnh thành|https://vnexpress.net/so-do-tu-duy-viet-nam-2022-lan-toa-den-cac-tinh-thanh-4474579.html|https://i1-vnexpress.vnecdn.net/2022/06/10/image003-1654861349-5061-1654861433.jpg?w=300&h=180&q=100&dpr=1&fit=crop&s=kW83nQ4ZOqkMsRYeyVZXSQ|"Cuộc thi ""Sơ đồ tư duy Việt Nam 2022"" khởi động từ Yên Bái, tổ chức hội thảo ở nhiều địa phương nhằm giúp giáo viên, học sinh tiếp cận với phương pháp này."|giáo dục|vnexpress.net|unknow
Nam Úc muốn đón nhiều du học sinh Việt|https://vnexpress.net/nam-uc-muon-don-nhieu-du-hoc-sinh-viet-4470976.html|https://i1-vnexpress.vnecdn.net/2022/06/10/students-enjoying-their-time-a-2152-5309-1654855087.jpg?w=300&h=180&q=100&dpr=1&fit=crop&s=QFs5v0HjSkK_6Bj92eYL1g|Ông Andrew Houey, đại diện StudyAdelaide đánh giá học sinh Việt có nền tảng vững chắc cho bậc đại học và Nam Úc sẵn sàng đón các du học sinh.|giáo dục|vnexpress.net|unknow
Nhận bằng cử nhân sớm qua mô hình đại học số|https://vnexpress.net/nhan-bang-cu-nhan-som-qua-mo-hinh-dai-hoc-so-4466113.html|https://i1-vnexpress.vnecdn.net/2022/06/10/287011329-3273171176251741-640-3232-3774-1654856824.jpg?w=300&h=180&q=100&dpr=1&fit=crop&s=txjWantmu-ectQElIX8FBg|Nhiều học sinh THPT học song song mô hình trực tuyến để lấy bằng cử nhân sớm giúp tiếp cận nhanh với các cơ hội việc làm.|giáo dục|vnexpress.net|unknow
Sinh viên RMIT tham gia cuộc thi quốc tế về kinh doanh|https://vnexpress.net/sinh-vien-rmit-tham-gia-cuoc-thi-quoc-te-ve-kinh-doanh-4473626.html|https://i1-vnexpress.vnecdn.net/2022/06/10/Image-ExtractWord-0-Out-4753-1654838790.png?w=300&h=180&q=100&dpr=1&fit=crop&s=Mf25Y5Lf-cVecuoruaN_Sw|Ngày 3/6, Đội Dynamix (RMIT) là đại diện Việt Nam tham gia vòng thi quốc tế cuộc thi Giải quyết Tình huống Kinh doanh HSBC khu vực Châu Á - Thái Bình Dương.|giáo dục|vnexpress.net|unknow
Cách tối ưu thời gian khi tranh biện quốc tế|https://vnexpress.net/cach-toi-uu-thoi-gian-khi-tranh-bien-quoc-te-4474127.html|https://i1-vnexpress.vnecdn.net/2022/06/09/279419258-765358121506279-4100-3029-3318-1654762321.jpg?w=300&h=180&q=100&dpr=1&fit=crop&s=jTuq6mOJ9lDS-sLcqLI2og|"Khi tham gia ""The Debate Challenge"", các đội đấu chia làm hai phe, trình bày lập luận trong tổng 56 phút, có chấm điểm phong cách, tinh thần đồng đội."|giáo dục|vnexpress.net|unknow
Hà Nội tiếp tục tuyển sinh chương trình song bằng THPT|https://vnexpress.net/ha-noi-tiep-tuc-tuyen-sinh-chuong-trinh-song-bang-thpt-4474302.html|https://i1-vnexpress.vnecdn.net/2022/06/09/huy-1888a-2838-1648779797-jpeg-4544-2701-1654786249.jpg?w=300&h=180&q=100&dpr=1&fit=crop&s=sGwKagyMPHt1d_sSPHwDZA|Sở Giáo dục và Đào tạo khẳng định chương trình song bằng tú tài tiếp tục được triển khai trong năm 2022 và giữ ổn định các quy định tuyển sinh.|giáo dục|vnexpress.net|unknow
Nước nào có nhiều di sản thế giới nhất?|https://vnexpress.net/nuoc-nao-co-nhieu-di-san-the-gioi-nhat-4474207.html|https://i1-vnexpress.vnecdn.net/2022/06/09/le-colline-del-prosecco-di-con-6482-8145-1654771309.jpg?w=300&h=180&q=100&dpr=1&fit=crop&s=QDSbzZ0gYSDkzJz7FZwyew|Một quốc gia có 58 di sản thế giới được UNESCO công nhận, gồm 53 di sản văn hóa và 5 di sản thiên nhiên.|giáo dục|vnexpress.net|unknow
Việt Nam có 3 đại học vào top 1.000 thế giới|https://vnexpress.net/viet-nam-co-3-dai-hoc-vao-top-1-000-the-gioi-4474086.html|https://i1-vnexpress.vnecdn.net/2022/06/09/23-dai-hoc-duy-tan-1654757602-8454-1654757657.jpg?w=300&h=180&q=100&dpr=1&fit=crop&s=5giAHi_h0ye6lAZzvxqIrQ|Đại học Duy Tân (Đà Nẵng) lần đầu vào nhóm 801-1.000 trường tốt nhất thế giới của QS, bên cạnh Đại học Quốc gia Hà Nội và Đại học Quốc gia TP HCM.|giáo dục|vnexpress.net|unknow
Phụ huynh bức xúc vì đề xuất phá trường THCS, xây lớp mầm non|https://vnexpress.net/phu-huynh-buc-xuc-vi-de-xuat-pha-truong-thcs-xay-lop-mam-non-4473873.html|https://i1-vnexpress.vnecdn.net/2022/06/09/truong-my-long-an-2-2329-16547-1664-5887-1654750030.jpg?w=300&h=180&q=100&dpr=1&fit=crop&s=KZ8LTpr8KHd5_uOPh7cQgA|QUẢNG NGÃIVừa tu sửa hết 800 triệu đồng, trường THCS Bình Minh (điểm Mỹ Long An) được yêu cầu phá bỏ, nhường đất xây mẫu giáo, khiến học sinh phải đến trường khác xa hơn.|giáo dục|vnexpress.net|unknow
Bí quyết giành học bổng toàn phần dù học trái ngành|https://vnexpress.net/bi-quyet-gianh-hoc-bong-toan-phan-du-hoc-trai-nganh-4473949.html|https://i1-vnexpress.vnecdn.net/2022/06/09/280938130-536789047911146-7365-8396-3059-1654742111.jpg?w=300&h=180&q=100&dpr=1&fit=crop&s=wponArTy4tdGIuEKfSTGHA|Tốt nghiệp cử nhân Quản trị kinh doanh, Minh Đức vẫn giành học bổng toàn phần ngành Truyền thông bậc thạc sĩ tại Mỹ nhờ 5 yếu tố nổi bật.|giáo dục|vnexpress.net|unknow
Áp lực đỗ lớp 10 công lập|https://vnexpress.net/ap-luc-do-lop-10-cong-lap-4473760.html|https://i1-vnexpress.vnecdn.net/2022/06/08/tuyen-sinh-10-1654683249-3327-1654684889.jpg?w=300&h=180&q=100&dpr=1&fit=crop&s=u8l5cBfJl2HznAJSgaSb6A|TP HCMVừa hoàn thành kỳ thi vào trường Phổ thông Năng khiếu, Tú Oanh (quận Tân Bình) vùi đầu vào ôn tập, chuẩn bị cho kỳ tuyển sinh lớp 10 công lập, sẽ diễn ra trong hai ngày 11 và 12/6.|giáo dục|vnexpress.net|unknow
Hai thí sinh giành điểm 10 đánh giá năng lực ĐH Sư phạm TP HCM|https://vnexpress.net/hai-thi-sinh-gianh-diem-10-danh-gia-nang-luc-dh-su-pham-tp-hcm-4474085.html|https://i1-vnexpress.vnecdn.net/2022/06/09/dai-hoc-su-pham-1654755382-5742-1654755751.jpg?w=300&h=180&q=100&dpr=1&fit=crop&s=5smaxy8nvxqkPX7TJE0ASw|Với 1.978 thí sinh thi đánh giá năng lực chuyên biệt Đại học Sư phạm TP HCM, môn Tiếng Anh có điểm thi trung bình cao nhất, hai thí sinh đạt điểm tuyệt đối ở môn Toán.|giáo dục|vnexpress.net|unknow
Kỹ năng phân tích thơ đạt điểm cao|https://vnexpress.net/ky-nang-phan-tich-tho-dat-diem-cao-4472548.html|https://i1-vnexpress.vnecdn.net/2022/06/07/QUYN8324-1654593534-4820-1654593596.jpg?w=300&h=180&q=100&dpr=1&fit=crop&s=gTLR03XmkRqPgVyCDW_Ahw|Thầy Phan Thế Hoài, giáo viên Văn trường THPT Bình Hưng Hòa, TP HCM lưu ý, thí sinh diễn xuôi khi phân tích bài thơ, đoạn thơ sẽ bị trừ điểm tùy theo mức độ.|giáo dục|vnexpress.net|unknow
Nên cải thiện Văn để thi D1 hay Lý cho A1?|https://vnexpress.net/nen-cai-thien-van-de-thi-d1-hay-ly-cho-a1-4471531.html|https://i1-vnexpress.vnecdn.net/2022/06/06/confusedwords-1654483981-16544-5911-7114-1654484060.png?w=300&h=180&q=100&dpr=1&fit=crop&s=NWgAcQAdm1wFDGdNv_4Zhg|Em học Toán và Anh khá tốt nhưng Lý và Văn kém. Trong một năm, em nên tập trung môn nào để làm tổ hợp xét tuyển đại học?|giáo dục|vnexpress.net|unknow
Sân chơi đọc sách dành cho học sinh tiểu học cả nước|https://vnexpress.net/san-choi-doc-sach-danh-cho-hoc-sinh-tieu-hoc-ca-nuoc-4473625.html|https://i1-vnexpress.vnecdn.net/2022/06/08/1-1654687367-3853-1654688148.jpg?w=300&h=180&q=100&dpr=1&fit=crop&s=Asmd4pg0RIczM6w2uYPp6g|"Cuộc thi ""Read Like a Scholar - Cùng KUN đọc sách mỗi ngày 2022"" giúp phát triển kỹ năng đọc chuyên sâu cho học sinh tiểu học toàn quốc, khởi động từ tháng 6."|giáo dục|vnexpress.net|unknow
Bài kiểm tra IQ 30 giây|https://vnexpress.net/bai-kiem-tra-iq-30-giay-4473792.html|https://i1-vnexpress.vnecdn.net/2022/06/08/1q-1654685679-5866-1654686092.jpg?w=300&h=180&q=100&dpr=1&fit=crop&s=rInWQu-KtxKeC2mNaktIJQ|Cho bốn hàng số, mỗi hàng gồm ba số như hình. Trong 30 giây, bạn có thể phát hiện quy luật của các hàng và điền số còn thiếu vào dấu hỏi chấm?|giáo dục|vnexpress.net|unknow
Lo ngại gian lận công nghệ cao ở kỳ thi tốt nghiệp THPT|https://vnexpress.net/lo-ngai-gian-lan-cong-nghe-cao-o-ky-thi-tot-nghiep-thpt-4473620.html|https://i1-vnexpress.vnecdn.net/2022/06/08/thiet-bi-gian-lan-1654669384-7320-1654670389.png?w=300&h=180&q=100&dpr=1&fit=crop&s=zFg-jX1X6ToiBWp4WUJR6w|Các tình huống và giải pháp đối phó với gian lận được đại diện Bộ Giáo dục Đào tạo, Bộ Công an và các tỉnh thành thảo luận kỹ trong cuộc họp sáng nay, chuẩn bị cho kỳ thi tốt nghiệp THPT 2022.|giáo dục|vnexpress.net|unknow
Hai bộ hợp lực bình ổn giá sách giáo khoa|https://vnexpress.net/hai-bo-hop-luc-binh-on-gia-sach-giao-khoa-4473585.html|https://i1-vnexpress.vnecdn.net/2022/06/08/2d2d10c3edff2da174ee-165466294-8356-6248-1654663125.jpg?w=300&h=180&q=100&dpr=1&fit=crop&s=wJBGO_VM8zpH4Sr1EWqI2Q|Bộ Giáo dục và Đào tạo sẽ phối hợp với Bộ Tài chính trình Chính phủ, Quốc hội các giải pháp ổn định lâu dài cho giá sách giáo khoa.|giáo dục|vnexpress.net|unknow
Năm cú sốc trong lần đầu du học|https://vnexpress.net/nam-cu-soc-trong-lan-dau-du-hoc-4473372.html|https://i1-vnexpress.vnecdn.net/2022/06/07/img-6455-copy-1654611575-2277-1654612107.jpg?w=300&h=180&q=100&dpr=1&fit=crop&s=FF_6viiGxzvRVFeIScRP_g|Sốc trong lần đầu du học là chuyện khó tránh khỏi, dù bạn chuẩn bị kỹ lưỡng đến đâu, theo Phan Quốc Dũng, cựu du học sinh tại Đức và Đan Mạch.|giáo dục|vnexpress.net|unknow
Ôn thi Hóa học qua sơ đồ tư duy|https://vnexpress.net/on-thi-hoa-hoc-qua-so-do-tu-duy-4472682.html|https://i1-vnexpress.vnecdn.net/2022/06/07/thay-thanh-1654534194-6447-1654593616.jpg?w=300&h=180&q=100&dpr=1&fit=crop&s=7lDO_vPN6W7MxzmM2TRFrg|Thầy Phạm Lê Thanh, giáo viên Hóa học, trường THPT Nguyễn Hiền (TP HCM) hướng dẫn lập sơ đồ tư duy, bảng phân tích, so sánh khi ôn tập thi tốt nghiệp.|giáo dục|vnexpress.net|unknow
Nuôi con vào cao đẳng, đại học nhờ đàn ngựa|https://vnexpress.net/nuoi-con-vao-cao-dang-dai-hoc-nho-dan-ngua-4472647.html|https://i1-vnexpress.vnecdn.net/2022/06/07/image001-1654491534-1156-1654588063.jpg?w=300&h=180&q=100&dpr=1&fit=crop&s=Mn2H5LrkXX3QvotRBG31Ew|LẠNG SƠNGia đình ông Nông Quốc Mao ở xã Hữu Kiên nuôi được 5 người con học lên cao đẳng, đại học, nhờ chăn nuôi ngựa.|giáo dục|vnexpress.net|unknow
4 bước làm bài tìm lỗi sai về đại từ môn tiếng Anh|https://vnexpress.net/4-buoc-lam-bai-tim-loi-sai-ve-dai-tu-mon-tieng-anh-4471183.html|https://i1-vnexpress.vnecdn.net/2022/06/02/6-1654156866-1942-1654156893.jpg?w=300&h=180&q=100&dpr=1&fit=crop&s=yrlPRgNCwjriR8FM5QkO1g|Thí sinh cần đọc kỹ cả câu, tập trung vào các phần gạch chân, xác định từ loại và phân tích thành phần câu để tìm được lỗi sai.|giáo dục|vnexpress.net|unknow
'Australia là điểm đến chất lượng'|https://vnexpress.net/australia-la-diem-den-chat-luong-4470212.html|https://i1-vnexpress.vnecdn.net/2022/06/07/b11-1654585973-9065-1654585992.jpg?w=300&h=180&q=100&dpr=1&fit=crop&s=coB4BERMnxe36JDqqcMdFA|Ông Andrew Houey - Giám đốc Truyền thông Quốc tế, StudyAdelaide cho rằng, với nền giáo dục thống nhất liên bang, du học sinh chọn Australia là quyết định sáng suốt.|giáo dục|vnexpress.net|unknow
Lý do The Debate Challenge hấp dẫn học sinh|https://vnexpress.net/ly-do-the-debate-challenge-hap-dan-hoc-sinh-4473208.html|https://i1-vnexpress.vnecdn.net/2022/06/07/dscf1317-jpg-1654590491-5180-1-1778-6054-1654601982.jpg?w=300&h=180&q=100&dpr=1&fit=crop&s=z-KbY-Gf14SbdEKV18kJVA|Cuộc thi tranh biện học thuật quy mô toàn quốc, tạo cơ hội rèn kỹ năng với chuyên gia quốc tế, tham gia trại hè, nhận chứng chỉ kèm học bổng 10.000 USD.|giáo dục|vnexpress.net|unknow
Hơn 50 nhân viên Đại học Hà Tĩnh bị chấm dứt hợp đồng|https://vnexpress.net/hon-50-nhan-vien-dai-hoc-ha-tinh-bi-cham-dut-hop-dong-4473340.html|https://i1-vnexpress.vnecdn.net/2022/06/07/daihochatinh11981642236729-165-9562-2155-1654601606.jpg?w=300&h=180&q=100&dpr=1&fit=crop&s=OHHYWbnaP4me58mDmHQ8jQ|Hơn 50 nhân viên của Đại học Hà Tĩnh ký hợp đồng chưa đúng quy định ở các nhiệm kỳ trước sẽ mất việc từ đầu tháng 7.|giáo dục|vnexpress.net|unknow
Tỉnh nào có nhiều dân tộc nhất?|https://vnexpress.net/tinh-nao-co-nhieu-dan-toc-nhat-4473344.html|https://i1-vnexpress.vnecdn.net/2022/06/07/anh-jpeg-1654604199-4869-1654604355.jpg?w=300&h=180&q=100&dpr=1&fit=crop&s=qAzruydqEQ0oX3LCBBe4rw|Địa phương này có 49 dân tộc cùng sinh sống trên địa bàn; mỗi dân tộc có bản sắc riêng, tạo nên sự đa dạng về văn hóa, lễ hội.|giáo dục|vnexpress.net|unknow
Hàng triệu thí sinh Trung Quốc bước vào kỳ thi khốc liệt nhất|https://vnexpress.net/hang-trieu-thi-sinh-trung-quoc-buoc-vao-ky-thi-khoc-liet-nhat-4473297.html|https://i1-vnexpress.vnecdn.net/2022/06/07/hoc-sinh1-1654597452-7133-1654598615.jpg?w=300&h=180&q=100&dpr=1&fit=crop&s=TQXSlmIoDI2koWaDrfIVsw|Hơn 800 thí sinh làm bài thi tại khu cách ly, trong khi hai em mắc Covid-19 thi ở bệnh viện dã chiến.|giáo dục|vnexpress.net|unknow
Đại học quy đổi điểm IELTS thế nào|https://vnexpress.net/dai-hoc-quy-doi-diem-ielts-the-nao-4473148.html|https://i1-vnexpress.vnecdn.net/2022/06/07/IELTS-1654579841-7788-1654579912.jpg?w=300&h=180&q=100&dpr=1&fit=crop&s=BMt9qCmKBQUblMYgdYr2jQ|Với IELTS 5.5, thí sinh có thể được quy đổi thành 7,5 đến 12 điểm môn tiếng Anh khi xét tuyển đại học.|giáo dục|vnexpress.net|unknow
Tốt nghiệp đại học ở tuổi 84|https://vnexpress.net/tot-nghiep-dai-hoc-o-tuoi-84-4473156.html|https://i1-vnexpress.vnecdn.net/2022/06/07/00-1654590311-4665-1654591047.jpg?w=300&h=180&q=100&dpr=1&fit=crop&s=CYxjdPy3jl4JFscK5o_xyw|MỸBà Betty Sandison vừa nhận bằng tốt nghiệp cử nhân Nghiên cứu đa ngành của Đại học Minnesota, sau gần bảy thập kỷ bắt đầu học tại đây.|giáo dục|vnexpress.net|unknow
Học sinh Thượng Hải xét nghiệm Covid-19 hàng ngày|https://vnexpress.net/hoc-sinh-thuong-hai-xet-nghiem-covid-19-hang-ngay-4473066.html|https://i1-vnexpress.vnecdn.net/2022/06/07/hoc-sinh-1654572892-8188-1654574527.jpg?w=300&h=180&q=100&dpr=1&fit=crop&s=pCX7rWu-ZS8BrFXM4Pi1KA|Học sinh trung học ở Thượng Hải được yêu cầu không sử dụng phương tiện công cộng, làm xét nghiệm kháng nguyên và axit nucleic sau khi trở lại trường hôm qua.|giáo dục|vnexpress.net|unknow
Bài tập 'true', 'false' rèn khả năng đọc hiểu tiếng Anh|https://vnexpress.net/bai-tap-true-false-ren-kha-nang-doc-hieu-tieng-anh-4472817.html|https://i1-vnexpress.vnecdn.net/2022/06/06/egyptthepyramidsof-1654511643-5037-9910-1654511723.jpg?w=300&h=180&q=100&dpr=1&fit=crop&s=iiqYFitUsG-Zw-MKLrGGeQ|"Sau khi đọc văn bản về phát hiện của các nhà khảo cổ học tại Ai Cập, bạn hãy kiểm tra mức độ đọc hiểu của mình bằng cách trả lời ""true"", ""false"" các câu hỏi bên dưới."|giáo dục|vnexpress.net|unknow
Bài toán 'Nhất nhất' của học sinh lớp 3|https://vnexpress.net/bai-toan-nhat-nhat-cua-hoc-sinh-lop-3-4472869.html|https://i1-vnexpress.vnecdn.net/2022/06/06/bai-toan-jpeg-1654515453-6936-1654515503.jpg?w=300&h=180&q=100&dpr=1&fit=crop&s=55XTjgs2FflwNxo1NMDE0g|Bài toán điền số tích hợp với biểu đạt các số bằng tiếng Anh dành cho học sinh lớp 3 liệu có thể làm khó bạn?|giáo dục|vnexpress.net|unknow
Cử nhân công nghệ khác kỹ sư như thế nào?|https://vnexpress.net/cu-nhan-cong-nghe-khac-ky-su-nhu-the-nao-4468349.html|https://i1-vnexpress.vnecdn.net/2022/05/30/DHCONGNGHIEPTHUCPHAM2545810716-7755-3544-1653923414.jpg?w=300&h=180&q=100&dpr=1&fit=crop&s=lGBmVU4CJUCD6mtstD5KMQ|Cùng là học ngành Công nghệ thông tin, Khoa học máy tính, nhưng có trường lại cấp bằng kỹ sư, trường cấp bằng cử nhân.|giáo dục|vnexpress.net|unknow
Cách ghi điểm cao khi gửi video dự thi 'The Debate Challenge'|https://vnexpress.net/cach-ghi-diem-cao-khi-gui-video-du-thi-the-debate-challenge-4471744.html|https://i1-vnexpress.vnecdn.net/2022/06/06/dscf1282-jpg-1654487426-8016-1654487460.jpg?w=300&h=180&q=100&dpr=1&fit=crop&s=0Y8gnZKwogosOkFGIrDQWg|Video gửi đúng hạn, kết cấu bài nói logic, thể hiện hiểu biết về tranh biện, tinh thần đồng đội... có cơ hội vượt qua vòng loại, tiến vào vòng đấu trực tiếp.|giáo dục|vnexpress.net|unknow
Vòng loại The Debate Challenge 2022 kéo dài đến 15/6|https://vnexpress.net/vong-loai-the-debate-challenge-2022-keo-dai-den-15-6-4471600.html|https://i1-vnexpress.vnecdn.net/2022/06/06/dscf1320-jpg-1654244878-8680-1-1857-7014-1654483018.jpg?w=300&h=180&q=100&dpr=1&fit=crop&s=ylCITwDBy9svPqx3-S0zbg|Cuộc thi sẽ gia hạn vòng loại thêm một tuần giúp học sinh có thêm thời gian hoàn thiện chất lượng video dự thi.|giáo dục|vnexpress.net|unknow
Đề thi tuyển sinh lớp 10 trường Phổ thông Năng khiếu|https://vnexpress.net/de-thi-tuyen-sinh-lop-10-truong-pho-thong-nang-khieu-4472886.html|https://i1-vnexpress.vnecdn.net/2022/06/06/thi-sinh-1948-1654522180-16545-2755-6439-1654528276.jpg?w=300&h=180&q=100&dpr=1&fit=crop&s=Jc98FP71K0_hPLtYkErYxQ|Trường Phổ thông Năng khiếu (Đại học Quốc gia TP HCM) công bố đề ba môn không chuyên Toán, Ngữ văn, Tiếng Anh và các môn chuyên sau khi kỳ thi kết thúc.|giáo dục|vnexpress.net|unknow
Nước Đông Nam Á nào không có đồng tiền riêng?|https://vnexpress.net/nuoc-dong-nam-a-nao-khong-co-dong-tien-rieng-4472852.html|https://i1-vnexpress.vnecdn.net/2022/06/06/tien-1654515179-5892-1654515212.jpg?w=300&h=180&q=100&dpr=1&fit=crop&s=AvbfPYt0bOXU4cE8Z1Pg1w|10 trong số 11 nước Đông Nam Á có đồng tiền riêng trong khi quốc gia còn lại sử dụng đồng đôla Mỹ.|giáo dục|vnexpress.net|unknow
Đề thi bốn môn chuyên vào lớp 10 trường Khoa học Tự nhiên|https://vnexpress.net/de-thi-bon-mon-chuyen-vao-lop-10-truong-khoa-hoc-tu-nhien-4472844.html|https://i1-vnexpress.vnecdn.net/2022/06/06/dsc00007-jpg-8086-1624432188-1-5028-9982-1654510827.jpg?w=300&h=180&q=100&dpr=1&fit=crop&s=IJrr-N_LBIoJbXuYd_e4_A|Đề thi chuyên Toán, Lý, Hóa, Sinh đều có thời gian làm bài 150 phút, dành cho thí sinh đăng ký vào lớp chuyên tương ứng, trừ những em vào chuyên Tin sẽ thi Toán.|giáo dục|vnexpress.net|unknow
Phương thức và lịch thi vào lớp 6 chất lượng cao ở Hà Nội|https://vnexpress.net/phuong-thuc-va-lich-thi-vao-lop-6-chat-luong-cao-o-ha-noi-4472711.html|https://i1-vnexpress.vnecdn.net/2022/06/06/becd628560409c1ec5512673159686-8516-1613-1654504179.jpg?w=300&h=180&q=100&dpr=1&fit=crop&s=K4jXsYFaY-CKnAa0YpDwEQ|Các trường THCS chất lượng cao gồm Cầu Giấy, Thanh Xuân, Nam Từ Liêm và Lê Lợi tổ chức xét tuyển kết hợp thi tuyển để lựa chọn học sinh lớp 6.|giáo dục|vnexpress.net|unknow
Giải đề Toán vòng 2 trường chuyên Khoa học Tự nhiên|https://vnexpress.net/giai-de-toan-vong-2-truong-chuyen-khoa-hoc-tu-nhien-4472641.html|https://i1-vnexpress.vnecdn.net/2022/06/06/loi-giai-de-chuyen-khtn-2022-p-3166-8150-1654492151.jpg?w=300&h=180&q=100&dpr=1&fit=crop&s=hy_Qg4_ueFwP3wvhbUzWAQ|Theo các giáo viên, đề thi Toán chuyên có câu 2b sử dụng phương pháp khai triển Abel, câu c bài hình có ý tưởng giải giống bài G7 IMO short list 2002.|giáo dục|vnexpress.net|unknow
Trung Quốc lập kỷ lục về số lượng thi cao khảo|https://vnexpress.net/trung-quoc-lap-ky-luc-ve-so-luong-thi-cao-khao-4472510.html|https://i1-vnexpress.vnecdn.net/2022/06/06/kyluc-1654483353-1117-1654483625.jpg?w=300&h=180&q=100&dpr=1&fit=crop&s=ztN1SbFo2AqbRKiNkJj5ew|Kỷ lục thí sinh thi cao khảo (gaokao) năm nay được thiết lập - 11,93 triệu học sinh - khi Trung Quốc đang chống chọi với sự bùng phát Covid-19.|giáo dục|vnexpress.net|unknow
Cách thuê nhà trọ cho du học sinh Việt ở Singapore|https://vnexpress.net/cach-thue-nha-tro-cho-du-hoc-sinh-viet-o-singapore-4472222.html|https://i1-vnexpress.vnecdn.net/2022/06/05/thue-nha1-1654405313-3523-1654422241.jpg?w=300&h=180&q=100&dpr=1&fit=crop&s=YCMCtoo7qsizwIdHZM3jzg|Theo Tuấn Minh, du học sinh mới sang Singapore có thể ở ký túc xá để làm quen, sau đó thuê dạng nhà ở của chính phủ để tiết kiệm chi phí và thuận tiện di chuyển.|giáo dục|vnexpress.net|unknow
Cách nhận dạng câu hỏi trong đề thi môn tiếng Anh|https://vnexpress.net/cach-nhan-dang-cau-hoi-trong-de-thi-mon-tieng-anh-4470077.html|https://i1-vnexpress.vnecdn.net/2022/06/01/hoc-1654072741-2072-1654072775.png?w=300&h=180&q=100&dpr=1&fit=crop&s=RIR9IZtvadO-YGepf3mR7A|Với những câu chọn đáp án là động từ trong đề thi tốt nghiệp môn tiếng Anh, thí sinh lưu ý dạng câu hỏi để ghi trọn điểm.|giáo dục|vnexpress.net|unknow
Nhà tranh biện quốc tế trò chuyện với học sinh Việt|https://vnexpress.net/nha-tranh-bien-quoc-te-tro-chuyen-voi-hoc-sinh-viet-4472789.html|https://i1-vnexpress.vnecdn.net/2022/06/06/long-1654509271-2181-1654509304.png?w=300&h=180&q=100&dpr=1&fit=crop&s=bPoX9xK15W4gfxqkvMiF8g|"Ông Marvin Long Đỗ cùng hai đội vô địch ""The Debate Challenge 2021"" có buổi gặp mặt trực tuyến, chia sẻ kinh nghiệm dự thi tranh biện vào 20h ngày 6/6."|giáo dục|vnexpress.net|unknow
Khát vọng vươn tầm thế giới của Đại học Trà Vinh|https://vnexpress.net/khat-vong-vuon-tam-the-gioi-cua-dai-hoc-tra-vinh-4472303.html|https://i1-vnexpress.vnecdn.net/2022/06/05/v2-1654408364-3471-1654408464.jpg?w=300&h=180&q=100&dpr=1&fit=crop&s=p4Z6dv67S1lHaT8JrvLg9w|TVU đặt mục tiêu vươn tầm trong đào tạo nguồn nhân lực và nghiên cứu, chuyển giao khoa học công nghệ chất lượng cho thị trường trong nước và quốc tế.|giáo dục|vnexpress.net|unknow
Giải đề Toán vòng 1 vào trường chuyên Khoa học Tự nhiên|https://vnexpress.net/giai-de-toan-vong-1-vao-truong-chuyen-khoa-hoc-tu-nhien-4472346.html|https://i1-vnexpress.vnecdn.net/2022/06/05/loi-giai-de-dk-khtn-2022-1-pag-4825-3658-1654426378.jpg?w=300&h=180&q=100&dpr=1&fit=crop&s=tx14SjvulUHbFbPEm5ZCjQ|Đề Toán không dễ, bài hình cấu trúc mới. Điểm phổ biến có thể là 6, theo các giáo viên Toán của THCS Archimedes (Hà Nội).|giáo dục|vnexpress.net|unknow
Thấp thỏm chờ con thi trường chuyên|https://vnexpress.net/thap-thom-cho-con-thi-truong-chuyen-4472263.html|https://i1-vnexpress.vnecdn.net/2022/06/05/mg-3848-jpeg-1654411758-3429-1654411947.jpg?w=300&h=180&q=100&dpr=1&fit=crop&s=0AQ-IqM0yi3vQZJepIFXkQ|Cùng con gái đi 300 km từ Hà Giang xuống Hà Nội để thi vào lớp 10 THPT chuyên Ngoại ngữ, chị Hiền choáng ngợp khi thấy hàng nghìn thí sinh, phụ huynh.|giáo dục|vnexpress.net|unknow
Đoán tên quốc gia qua trang phục|https://vnexpress.net/doan-ten-quoc-gia-qua-trang-phuc-4471741.html|https://i1-vnexpress.vnecdn.net/2022/06/05/doan-1654423533-7343-1654423833.jpg?w=300&h=180&q=100&dpr=1&fit=crop&s=IOgAwS1EbP-eCVSQVKdYRQ|Trang phục nói lên văn hóa, truyền thống của một dân tộc. Dựa vào các bức ảnh dưới đây, bạn thử đoán xem đây là nước nào.|giáo dục|vnexpress.net|unknow
Đề thi Toán chuyên Khoa học Tự nhiên|https://vnexpress.net/de-thi-toan-chuyen-khoa-hoc-tu-nhien-4472336.html|https://i1-vnexpress.vnecdn.net/2022/06/05/6-1654421185-7179-1654421318.jpg?w=300&h=180&q=100&dpr=1&fit=crop&s=hPwv2paHdL3rcCJzShgEDw|Đề Toán gồm bốn câu, 120 phút, với câu 1 về giải hệ phương trình và phương trình chiếm 4 điểm.|giáo dục|vnexpress.net|unknow
Đề thi Ngữ văn trường chuyên Khoa học Tự nhiên|https://vnexpress.net/de-thi-ngu-van-truong-chuyen-khoa-hoc-tu-nhien-4472237.html|https://i1-vnexpress.vnecdn.net/2022/06/05/284887612-755098612512797-1246-9340-5011-1654404647.jpg?w=300&h=180&q=100&dpr=1&fit=crop&s=3DP_Bj1LbqHiWUDJlUBR_Q|"Đề thi gồm hai phần, với câu hỏi phần tự chọn phân tích đoạn thơ ""Đoàn thuyền đánh cá"" hoặc nhân vật trong truyện ngắn ""Lặng lẽ Sa Pa"" chiếm một nửa số điểm."|giáo dục|vnexpress.net|unknow
Bà mẹ 9 con tốt nghiệp trường y ở Mỹ|https://vnexpress.net/ba-me-9-con-tot-nghiep-truong-y-o-my-4472172.html|https://i1-vnexpress.vnecdn.net/2022/06/04/1-1654360451-3030-1654361062.jpg?w=300&h=180&q=100&dpr=1&fit=crop&s=TdKmM9ZHk24FPguR7u4u2w|Sarah Merrill bỏ dở giấc mơ học y khoa để kết hôn, sau khi sinh 9 người con, cô trở lại giảng đường.|giáo dục|vnexpress.net|unknow
Hơn 2.800 thí sinh thi vào chuyên Khoa học Tự nhiên|https://vnexpress.net/hon-2-800-thi-sinh-thi-vao-chuyen-khoa-hoc-tu-nhien-4471683.html|https://i1-vnexpress.vnecdn.net/2022/06/05/hoc-sinh1-1654390813-6129-1654391141.jpg?w=300&h=180&q=100&dpr=1&fit=crop&s=kFCmBN33k003GBFFhtvncg|2.893 em dự kỳ thi tuyển sinh vào lớp 10, THPT chuyên Khoa học Tự nhiên, Đại học Quốc gia Hà Nội, trong hai ngày 5-6/6, với tỷ lệ chọi môn cao nhất 1/9,1.|giáo dục|vnexpress.net|unknow
Cách làm dạng viết lại câu trong đề thi tiếng Anh|https://vnexpress.net/cach-lam-dang-viet-lai-cau-trong-de-thi-tieng-anh-4470981.html|https://i1-vnexpress.vnecdn.net/2022/06/02/1-1654137583-8550-1654138164.jpg?w=300&h=180&q=100&dpr=1&fit=crop&s=zoRErPWO20DXna5RJh0gtg|Thạc sĩ Đinh Thị Thái Hà, giáo viên tiếng Anh, trường THPT Lương Sơn, Hòa Bình, hướng dẫn làm bài chọn đáp án với câu cho trước.|giáo dục|vnexpress.net|unknow
Trường nỗ lực kết nối doanh nghiệp, tìm việc cho sinh viên|https://vnexpress.net/truong-no-luc-ket-noi-doanh-nghiep-tim-viec-cho-sinh-vien-4472092.html|https://i1-vnexpress.vnecdn.net/2022/06/04/dh-cn-hn-2-1654341408-16543415-4852-5305-1654341966.jpg?w=300&h=180&q=100&dpr=1&fit=crop&s=2M9NOF3ZIrLLKEoZ3somEw|Tìm nơi thực tập giữa Covid-19, tổ chức ngày hội việc làm quy mô lớn, nhiều trường tăng cường liên kết với doanh nghiệp nhằm đảm bảo cơ hội việc làm cho sinh viên.|giáo dục|vnexpress.net|unknow
Tỉnh nào tên gọi nghĩa là 'xóm nghèo làm nghề chài lưới'?|https://vnexpress.net/tinh-nao-ten-goi-nghia-la-xom-ngheo-lam-nghe-chai-luoi-4472128.html|https://i1-vnexpress.vnecdn.net/2022/06/04/BacLieu-1654345013-8224-1654345245.jpg?w=300&h=180&q=100&dpr=1&fit=crop&s=RX2Yt0uMU8uFWpx-fhwjPQ|Đây là tỉnh thuộc khu vực Tây Nam Bộ, mang đậm bản sắc văn hóa của cộng đồng người Kinh, Khmer và Hoa.|giáo dục|vnexpress.net|unknow
Giá sách giáo khoa được tính toán như thế nào|https://vnexpress.net/gia-sach-giao-khoa-duoc-tinh-toan-nhu-the-nao-4471622.html|https://i1-vnexpress.vnecdn.net/2022/06/03/sach-giao-khoa-1654231429-3357-1654233117.jpg?w=300&h=180&q=100&dpr=1&fit=crop&s=vJSv_ci0zounTJpsYkB6sg|Nhà xuất bản cho biết, giá sách giáo khoa mới cao gấp 2-3 lần sách cũ, do chi phí tăng mạnh ở cả bốn khâu sản xuất; nhưng chuyên gia nói lý giải này không thỏa đáng.|giáo dục|vnexpress.net|unknow
'Phải chia sẻ khó khăn với người dân khi điều chỉnh học phí'|https://vnexpress.net/phai-chia-se-kho-khan-voi-nguoi-dan-khi-dieu-chinh-hoc-phi-4472131.html|https://i1-vnexpress.vnecdn.net/2022/06/04/img5723-1654340367932205371495-8382-9513-1654344577.jpg?w=300&h=180&q=100&dpr=1&fit=crop&s=rvZXtwxobENKvrIDMIxn4Q|Bộ Giáo dục và Đào tạo đề nghị bộ ngành, địa phương chia sẻ khó khăn với người dân, đồng thời đánh giá tác động của việc tăng học phí.|giáo dục|vnexpress.net|unknow
Nghiên cứu quy định môn Sử có phần bắt buộc và tự chọn|https://vnexpress.net/nghien-cuu-quy-dinh-mon-su-co-phan-bat-buoc-va-tu-chon-4472079.html|https://i1-vnexpress.vnecdn.net/2022/06/04/img570716543287031162005517917-1965-8776-1654334221.jpg?w=300&h=180&q=100&dpr=1&fit=crop&s=wm9wjzCFSiB8yaR8Imf1WQ|Các đơn vị tiếp tục lắng nghe ý kiến người dân, nhà khoa học, có thể quy định theo hướng môn Lịch sử vừa có phần bắt buộc, vừa có phần tự chọn.|giáo dục|vnexpress.net|unknow
Bị phạt ra công trường làm việc vì bỏ học chơi game|https://vnexpress.net/bi-phat-ra-cong-truong-lam-viec-vi-bo-hoc-choi-game-4471883.html|https://i1-vnexpress.vnecdn.net/2022/06/04/hoc-sinh-1654274377-9926-1654307535.jpg?w=300&h=180&q=100&dpr=1&fit=crop&s=1IZ6Z7zxe2eSccUtthSVQA|TRUNG QUỐCCậu bé 12 tuổi bị bắt dậy lúc 4h, ra công trường xây dựng trải nghiệm công việc lao động chân tay để thấy giá trị của học hành nghiêm túc.|giáo dục|vnexpress.net|unknow
2.300 thí sinh chạy đua vào trường Phổ thông Năng khiếu|https://vnexpress.net/2-300-thi-sinh-chay-dua-vao-truong-pho-thong-nang-khieu-4471898.html|https://i1-vnexpress.vnecdn.net/2022/06/04/thi-sinh-1654306153-5484-1654306385.jpg?w=300&h=180&q=100&dpr=1&fit=crop&s=Xne6XKzgOa8m08HcNjpYSQ|TP HCMKhoảng 2.300 thí sinh tham dự kỳ thi tuyển sinh lớp 10, trường Phổ thông Năng khiếu (Đại học Quốc gia TP HCM) với 595 chỉ tiêu, sáng 4/6.|giáo dục|vnexpress.net|unknow
Gần 4.000 sĩ tử tranh 500 suất vào lớp 10 chuyên Ngoại ngữ|https://vnexpress.net/gan-4-000-si-tu-tranh-500-suat-vao-lop-10-chuyen-ngoai-ngu-4471917.html|https://i1-vnexpress.vnecdn.net/2022/06/04/acfea9ef0f38cf669629-jpeg-1654-8847-9604-1654303990.jpg?w=300&h=180&q=100&dpr=1&fit=crop&s=zm5N7mxGw1VgV7ALBDaT2w|HÀ NỘINgày 4/6, 3.973 thí sinh sẽ làm ba bài thi đánh giá năng lực vào 7 lớp chuyên trường THPT chuyên Ngoại ngữ.|giáo dục|vnexpress.net|unknow
Những lưu ý khi ôn tập môn Toán giai đoạn nước rút|https://vnexpress.net/nhung-luu-y-khi-on-tap-mon-toan-giai-doan-nuoc-rut-4469155.html|https://i1-vnexpress.vnecdn.net/2022/06/01/thay-tran-the-hung-1654070503-6527-1654071126.jpg?w=300&h=180&q=100&dpr=1&fit=crop&s=gBL9yfympvdYX1tINzsGdw|Thầy Trần Thế Hùng, giáo viên THPT chuyên Hà Tĩnh, chỉ ra một số lưu ý giúp học sinh, đặc biệt nhóm khá, giỏi, ôn tập tốt môn Toán thi tốt nghiệp THPT.|giáo dục|vnexpress.net|unknow
Đáp án bài toán bốn vòng tròn số của Nhật Bản|https://vnexpress.net/dap-an-bai-toan-bon-vong-tron-so-cua-nhat-ban-4471766.html|https://i1-vnexpress.vnecdn.net/2022/06/03/dap-an-1654246469-2669-1654246594.png?w=300&h=180&q=100&dpr=1&fit=crop&s=7JiMvUJvR8epNLeNNzngZQ|Từ nhận xét ô tròn nhỏ ở tâm khác biệt với các ô tròn nhỏ còn lại, bạn có thể hóa giải bài toán của Nhật Bản dành cho học sinh 14 tuổi.|giáo dục|vnexpress.net|unknow
Tiếng Anh là ngôn ngữ được dùng tại bao nhiêu nước Đông Nam Á?|https://vnexpress.net/tieng-anh-la-ngon-ngu-duoc-dung-tai-bao-nhieu-nuoc-dong-nam-a-4471831.html|https://i1-vnexpress.vnecdn.net/2022/06/03/istockphoto-502301813-612x612-8937-7626-1654253879.jpg?w=300&h=180&q=100&dpr=1&fit=crop&s=OmffhCOhW7N-p_nd2QyWTA|Dù rất phổ biến trên thế giới nhưng tại Đông Nam Á, chỉ một số quốc gia sử dụng Tiếng Anh với vị trí một ngôn ngữ, còn chủ yếu coi là ngoại ngữ.|giáo dục|vnexpress.net|unknow
Các nước sử dụng sách giáo khoa như thế nào|https://vnexpress.net/cac-nuoc-su-dung-sach-giao-khoa-nhu-the-nao-4471501.html|https://i1-vnexpress.vnecdn.net/2022/06/03/sach3-1654224952-1246-1654225531.jpg?w=300&h=180&q=100&dpr=1&fit=crop&s=sMswtpm1VIbdTqbvMYHAgg|Sách giáo khoa là tài liệu tham khảo ở Mỹ, được phát miễn phí ở Nhật, Nga và không tồn tại ở Australia.|giáo dục|vnexpress.net|unknow
Nên học Công tác xã hội hay Khoa học quản lý?|https://vnexpress.net/nen-hoc-cong-tac-xa-hoi-hay-khoa-hoc-quan-ly-4471529.html|https://i1-vnexpress.vnecdn.net/2022/06/03/socialworkdissertationtopics-1-3062-3279-1654224319.png?w=300&h=180&q=100&dpr=1&fit=crop&s=oOr7Gj3ULCqkvnFO_a1jng|Em thích Công tác xã hội nhưng mẹ lại muốn em chọn Khoa học quản lý, vì cho rằng đây là ngành học cần thiết, vị trí việc làm đa dạng.|giáo dục|vnexpress.net|unknow
Bài tập 10 phút rèn kỹ năng đọc hiểu tiếng Anh|https://vnexpress.net/bai-tap-10-phut-ren-ky-nang-doc-hieu-tieng-anh-4471680.html|https://i1-vnexpress.vnecdn.net/2022/06/03/105201-1654243223-1654243230-2036-1654243288.jpg?w=300&h=180&q=100&dpr=1&fit=crop&s=Blh4YxOF4jrXbNRd3Xf4PQ|Với hình thức bức thư, văn bản tiếng Anh dưới đây mô tả các hình thức lưu trú, giúp bạn rèn kỹ năng đọc hiểu và học thêm từ mới về các phòng, đồ vật trong nhà.|giáo dục|vnexpress.net|unknow
Tự học, nữ sinh Việt đạt điểm SAT top 1% thế giới|https://vnexpress.net/tu-hoc-nu-sinh-viet-dat-diem-sat-top-1-the-gioi-4471413.html|https://i1-vnexpress.vnecdn.net/2022/06/02/q-1654187364-7047-1654187928.jpg?w=300&h=180&q=100&dpr=1&fit=crop&s=sYLF9ubjMAQ0VHtaxKVeRg|Giáng Hương không đến trung tâm ôn luyện mà tự học, lần đầu tiên thi tại Singapore hồi giữa tháng 5, em đạt 1560/1600 SAT.|giáo dục|vnexpress.net|unknow
'Mô hình học nhanh làm sớm đáp ứng nhu cầu thị trường'|https://vnexpress.net/mo-hinh-hoc-nhanh-lam-som-dap-ung-nhu-cau-thi-truong-4471245.html|https://i1-vnexpress.vnecdn.net/2022/06/03/anh-anh-thanh-2-jpeg-165422293-7661-5386-1654223139.jpg?w=300&h=180&q=100&dpr=1&fit=crop&s=zc5Letig825WXfo-6LvGuA|Theo ông Vũ Chí Thành - Hiệu trưởng FPT Polytechnic, bất kể học sinh nào sau khi tốt nghiệp THCS đều có thể học nghề để phát huy sở trường và nhiều cơ hội việc làm.|giáo dục|vnexpress.net|unknow
Những hoạt động ngoại khóa dành cho giới trẻ dịp hè|https://vnexpress.net/nhung-hoat-dong-ngoai-khoa-danh-cho-gioi-tre-dip-he-4471145.html|https://i1-vnexpress.vnecdn.net/2022/06/03/dscf1317-jpg-1654184962-1523-1654226339.jpg?w=300&h=180&q=100&dpr=1&fit=crop&s=rFwRGNLVMtPUYSng-ZbfkA|Tham gia lớp bơi lội, bóng rổ, rèn luyện kỹ năng sống thông qua các cuộc thi... là những hoạt động hữu ích dịp hè dành cho giới trẻ.|giáo dục|vnexpress.net|unknow
SNA trở thành trường IB toàn phần|https://vnexpress.net/sna-tro-thanh-truong-ib-toan-phan-4470789.html|https://i1-vnexpress.vnecdn.net/2022/06/03/image005-1654230243-5664-1654230326.jpg?w=300&h=180&q=100&dpr=1&fit=crop&s=fGtAfHYuDPLFNwKVu_0xUg|Hệ thống Trường Quốc tế Bắc Mỹ (SNA) trở thành trường IB toàn phần (IB Continuum School), cung cấp ba chương trình Tú tài quốc tế cho học sinh từ lớp 1 đến lớp 12.|giáo dục|vnexpress.net|unknow
Hành trình một năm ICANKid đồng hành cùng phụ huynh|https://vnexpress.net/hanh-trinh-mot-nam-icankid-dong-hanh-cung-phu-huynh-4471180.html|https://i1-vnexpress.vnecdn.net/2022/06/03/image001-1654226265-7328-1654226288.jpg?w=300&h=180&q=100&dpr=1&fit=crop&s=ASrkGagyRvcZMR3JbtvSwg|Sau một năm ra mắt, ICANKid hỗ trờ nhiều phụ huynh giảm thiểu khó khăn trong quá trình đồng hành cùng con, đồng thời, giúp trẻ nhanh thích ứng với kiến thức lớp 1.|giáo dục|vnexpress.net|unknow
Kỹ năng tranh biện giúp học sinh mở rộng kiến thức thế nào?|https://vnexpress.net/ky-nang-tranh-bien-giup-hoc-sinh-mo-rong-kien-thuc-the-nao-4471198.html|https://i1-vnexpress.vnecdn.net/2022/06/03/screen-shot-2022-06-02-at-16-3-6747-5638-1654222715.png?w=300&h=180&q=100&dpr=1&fit=crop&s=_K4dK78BOtotwb-r-rs5SQ|Tranh biện yêu cầu học sinh rèn giũa kiến thức, tăng tự tin; hiện được một số trường đưa vào môn học chính thức, tổ chức lớp ngoại khóa...|giáo dục|vnexpress.net|unknow
Trường Quốc tế Singapore đào tạo công dân toàn cầu từ bậc mẫu giáo|https://vnexpress.net/truong-quoc-te-singapore-dao-tao-cong-dan-toan-cau-tu-bac-mau-giao-4471511.html|https://i1-vnexpress.vnecdn.net/2022/06/03/image005-1654221130-3078-1654221150.jpg?w=300&h=180&q=100&dpr=1&fit=crop&s=dZt5Dn4sfQJcZ2zYZW_eYA|Trường Quốc tế Singapore (SIS) định hướng đồng hành cùng học sinh từ bậc mẫu giáo đến THPT trong quá trình trở thành công dân toàn cầu.|giáo dục|vnexpress.net|unknow
Phát triển thế giới quan cho trẻ mầm non|https://vnexpress.net/phat-trien-the-gioi-quan-cho-tre-mam-non-4465577.html|https://i1-vnexpress.vnecdn.net/2022/06/02/unnamed-67-1654162363-1238-1654162535.jpg?w=300&h=180&q=100&dpr=1&fit=crop&s=xETvsjEAkDcpLQviEwjj5g|Để giúp trẻ phát triển toàn diện, phụ huynh cần quan tâm, lắng nghe và cho trẻ nhiều trải nghiệm với thế giới xung quanh trong những năm đầu đời.|giáo dục|vnexpress.net|unknow
Nova College chú trọng thực hành khi đào tạo nhân lực ngành điều dưỡng|https://vnexpress.net/nova-college-chu-trong-thuc-hanh-khi-dao-tao-nhan-luc-nganh-dieu-duong-4471241.html|https://i1-vnexpress.vnecdn.net/2022/06/02/d2-1654160645-5182-1654163375.png?w=300&h=180&q=100&dpr=1&fit=crop&s=zYR39bTgx5rA-xaDvKJODQ|Sinh viên Nova College được trang bị kiến thức thực nghiệm với 50-70% thời lượng chương trình dành cho thực hành cùng cơ hội tham gia các kỳ thực tập trong, ngoài nước.|giáo dục|vnexpress.net|unknow
Việt Nam lần đầu có đại học vào top 100 châu Á|https://vnexpress.net/viet-nam-lan-dau-co-dai-hoc-vao-top-100-chau-a-4471357.html|https://i1-vnexpress.vnecdn.net/2022/06/02/dhtonducthang-1654171774-16541-3703-4552-1654171852.png?w=300&h=180&q=100&dpr=1&fit=crop&s=lEkXsUd_JU4cwOWXfPAnGQ|Đại học Tôn Đức Thắng và Duy Tân vào top 100 trường tốt nhất châu Á năm 2022 của THE.|giáo dục|vnexpress.net|unknow
Đề xuất công an vào cuộc vụ học sinh trường quốc tế đánh nhau|https://vnexpress.net/de-xuat-cong-an-vao-cuoc-vu-hoc-sinh-truong-quoc-te-danh-nhau-4471329.html|https://i1-vnexpress.vnecdn.net/2022/06/02/ced938485f889fd6c699-165416723-4939-4045-1654167897.jpg?w=300&h=180&q=100&dpr=1&fit=crop&s=1HxwFnq0_eF1A2hmK6w1BA|Sở Giáo dục và Đào tạo đề nghị Công an TP HCM can thiệp để nắm bắt, xử lý thông tin chưa chính thống và bảo vệ cá nhân, tập thể sau vụ học sinh trường quốc tế đánh nhau.|giáo dục|vnexpress.net|unknow
Thể dục trí não với bốn câu đố Toán học|https://vnexpress.net/the-duc-tri-nao-voi-bon-cau-do-toan-hoc-4471315.html|https://i1-vnexpress.vnecdn.net/2022/06/02/cau-3-1654164416-5951-1654164448.png?w=300&h=180&q=100&dpr=1&fit=crop&s=kIla8b0eZUguulAdRbcCdg|Với hai phút, liệu bạn có thể suy luận, tính toán để tìm ra đáp án cho cả bốn câu đố?|giáo dục|vnexpress.net|unknow
Hành trình 'leo rank' trường top của nghiên cứu sinh Việt tại Mỹ|https://vnexpress.net/hanh-trinh-leo-rank-truong-top-cua-nghien-cuu-sinh-viet-tai-my-4471214.html|https://i1-vnexpress.vnecdn.net/2022/06/02/thuy-tien-1654159818-2499-1654161455.jpg?w=300&h=180&q=100&dpr=1&fit=crop&s=SSxOAe_b7Oay86UjLbmWbQ|Xuất phát từ một đại học nhỏ đứng thứ 237 toàn cầu, Thủy Tiên trở thành nghiên cứu sinh tiến sĩ ở một trường top thế giới.|giáo dục|vnexpress.net|unknow
5 lần thất bại và cánh cửa tới học bổng chính phủ Mỹ|https://vnexpress.net/5-lan-that-bai-va-canh-cua-toi-hoc-bong-chinh-phu-my-4470863.html|https://i1-vnexpress.vnecdn.net/2022/06/01/img-5019-1654085334-3939-1654085498.jpg?w=300&h=180&q=100&dpr=1&fit=crop&s=vYlog6FF3QDlUAgCPLSZmg|Trước khi trúng tuyển Fulbright - học bổng toàn phần của chính phủ Mỹ vào năm 2021, Bùi Minh Đức liên tiếp bị các học bổng khác từ chối.|giáo dục|vnexpress.net|unknow
Cơ hội thành nghề sớm với mô hình phổ thông cao đẳng|https://vnexpress.net/co-hoi-thanh-nghe-som-voi-mo-hinh-pho-thong-cao-dang-4471244.html|https://i1-vnexpress.vnecdn.net/2022/06/02/imageextractword0out6178162738-5291-2344-1654165381.png?w=300&h=180&q=100&dpr=1&fit=crop&s=ZfdYnyFkcwx9b7gIPRZiNA|Để theo đuổi nghề ưa thích, nhiều học sinh tốt nghiệp THCS chọn mô hình Phổ thông Cao đẳng giúp hoàn thành sớm chương trình văn hóa và đi làm trước tuổi 20.|giáo dục|vnexpress.net|unknow
Việt Nam giành ba huy chương vàng Olympic Tin học châu Á|https://vnexpress.net/viet-nam-gianh-ba-huy-chuong-vang-olympic-tin-hoc-chau-a-4470874.html|https://i1-vnexpress.vnecdn.net/2022/06/01/tin-hoc-1654090591-4794-1654090609.jpg?w=300&h=180&q=100&dpr=1&fit=crop&s=VrF63EGcTjxqA1UubJ1mAg|Ba học sinh dự thi Olympic Tin học châu Á - Thái Bình Dương giành huy chương vàng, bốn em đoạt bạc giúp Việt Nam có thành tích tốt nhất từ trước đến nay ở cuộc thi này.|giáo dục|vnexpress.net|unknow
Đo hiểu biết về lãnh đạo các quốc gia|https://vnexpress.net/do-hieu-biet-ve-lanh-dao-cac-quoc-gia-4470647.html|https://i1-vnexpress.vnecdn.net/2022/06/01/doan6-1654070689-1345-1654071166.jpg?w=300&h=180&q=100&dpr=1&fit=crop&s=1ij000MQjBmVtKONOaC1Pw|Ngoài hiểu biết về địa lý, năm câu đố dưới đây còn cung cấp thông tin về các chính trị gia nổi tiếng.|giáo dục|vnexpress.net|unknow
Giải đề Toán chuyên lớp 10 trường chuyên Sư phạm Hà Nội|https://vnexpress.net/giai-de-toan-chuyen-lop-10-truong-chuyen-su-pham-ha-noi-4470847.html|https://i1-vnexpress.vnecdn.net/2022/06/01/trang-4-page-0004-1654082451-1-6928-2552-1654082628.jpg?w=300&h=180&q=100&dpr=1&fit=crop&s=VpO5czWHo-i2n2DLxLB0bQ|Theo thầy Võ Quốc Bá Cẩn, giáo viên THCS Archimedes (Hà Nội), đề thi Toán chuyên không đánh đố, có bài dễ hơn đề Toán chung.|giáo dục|vnexpress.net|unknow
Bộ trưởng Nguyễn Kim Sơn: Cắt chi phí để giảm giá sách giáo khoa|https://vnexpress.net/bo-truong-nguyen-kim-son-cat-chi-phi-de-giam-gia-sach-giao-khoa-4470688.html|https://i1-vnexpress.vnecdn.net/2022/06/01/bo-truong-gddt-8563-1630494209-1757-3994-1654075793.jpg?w=300&h=180&q=100&dpr=1&fit=crop&s=GPtrDwt3ckycRaLvjhcZQg|Bộ trưởng Giáo dục và Đào tạo cho biết đã nhiều lần yêu cầu NXB Giáo dục Việt Nam tiết kiệm tối đa, cắt giảm chi phí trung gian, đảm bảo giá sách giáo khoa thấp nhất.|giáo dục|vnexpress.net|unknow
Đề thi 6 môn chuyên vào lớp 10 trường Sư phạm Hà Nội|https://vnexpress.net/de-thi-6-mon-chuyen-vao-lop-10-truong-su-pham-ha-noi-4470780.html|https://i1-vnexpress.vnecdn.net/2022/06/01/22485c63635da303fa4c-165407871-3890-7645-1654078728.jpg?w=300&h=180&q=100&dpr=1&fit=crop&s=S5z-1SLaoaU48PNqcODxuw|Hơn 5.400 thí sinh dự thi 6 môn chuyên Toán, Lý, Hoá, Sinh, Ngữ văn, Tiếng Anh để vào trường THPT chuyên Đại học Sư phạm Hà Nội, chiều 1/6.|giáo dục|vnexpress.net|unknow
Ước mơ làm việc với máy tính của cậu bé không tay|https://vnexpress.net/uoc-mo-lam-viec-voi-may-tinh-cua-cau-be-khong-tay-4470332.html|https://i1-vnexpress.vnecdn.net/2022/06/01/hung-2473-1654048560-165406916-6971-8666-1654072007.jpg?w=300&h=180&q=100&dpr=1&fit=crop&s=OT9nOmySx6BTQQK3b3PLEw|THÁI NGUYÊNSinh ra không có tay, Quốc Hưng luyện cách cầm bút với mơ ước sau này được làm việc với máy tính để không phải lao động chân tay.|giáo dục|vnexpress.net|unknow
Giải đề Toán vào lớp 10 trường chuyên Sư phạm Hà Nội|https://vnexpress.net/giai-de-toan-vao-lop-10-truong-chuyen-su-pham-ha-noi-4470683.html|https://i1-vnexpress.vnecdn.net/2022/06/01/3-5996-1654063882-1654063902-4879-1654063922.jpg?w=300&h=180&q=100&dpr=1&fit=crop&s=LUPrjAOoeNOsI-hPtURQNg|Thầy Võ Quốc Bá Cẩn, giáo viên THCS Archimedes (Hà Nội), đánh giá phần đại số trong đề Toán chung vào lớp 10 THPT chuyên Đại học Sư phạm Hà Nội vừa sức.|giáo dục|vnexpress.net|unknow
Chạy xe hơn 10 km đưa cơm cho học trò vùng núi|https://vnexpress.net/chay-xe-hon-10-km-dua-com-cho-hoc-tro-vung-nui-4467634.html|https://i1-vnexpress.vnecdn.net/2022/05/25/image002-1653451391-6217-1653454078.jpg?w=300&h=180&q=100&dpr=1&fit=crop&s=1bYtUkGumb5uo66wEuOvOw|LẠNG SƠNKhi cơm canh vừa chín, anh Thụ - nhân viên y tế, bắt đầu công việc kiêm nhiệm: chở đồ ăn lên điểm trường phục vụ bữa trưa bán trú.|giáo dục|vnexpress.net|unknow
Hủy thi Tay nghề thế giới vì chính sách chống dịch của Trung Quốc|https://vnexpress.net/huy-thi-tay-nghe-the-gioi-vi-chinh-sach-chong-dich-cua-trung-quoc-4470453.html|https://i1-vnexpress.vnecdn.net/2022/06/01/48610791457-787c3494ac-o-jpeg-8891-9191-1654050146.jpg?w=300&h=180&q=100&dpr=1&fit=crop&s=Hry42K9Dqm2nXVua77F_MQ|"Cuộc thi Tay nghề thế giới 2022 đột ngột bị hủy do Trung Quốc vẫn áp dụng chính sách ""zero covid"", trong khi chỉ hơn ba tháng nữa là đến thời điểm tổ chức."|giáo dục|vnexpress.net|unknow
2.000 thí sinh thi năng lực vào ĐH Sư phạm TP HCM|https://vnexpress.net/2-000-thi-sinh-thi-nang-luc-vao-dh-su-pham-tp-hcm-4470461.html|https://i1-vnexpress.vnecdn.net/2022/06/01/thi-danh-gia-1654049968-5943-1654050850.jpg?w=300&h=180&q=100&dpr=1&fit=crop&s=I_Slils-gT7Mjc6kcyoDdw|Thí sinh được chọn một trong sáu bài thi Toán, Lý, Hóa, Sinh, Văn và Tiếng Anh để xét tuyển vào 21 ngành của Đại học Sư phạm TP HCM.|giáo dục|vnexpress.net|unknow
Hơn 5.400 thí sinh đổ về thi THPT chuyên Sư phạm|https://vnexpress.net/hon-5-400-thi-sinh-do-ve-thi-thpt-chuyen-su-pham-4470413.html|https://i1-vnexpress.vnecdn.net/2022/06/01/2e42d1076536a568fc27-jpeg-4284-8239-8886-1654047266.jpg?w=300&h=180&q=100&dpr=1&fit=crop&s=sCNbHn6p68OPm15a_C5bSg|HÀ NỘINgày 1/6, 5.477 thí sinh dự thi tuyển sinh lớp 10 THPT chuyên Đại học Sư phạm, giành 305 suất vào trường.|giáo dục|vnexpress.net|unknow
Những lưu ý khi làm câu nghị luận xã hội|https://vnexpress.net/nhung-luu-y-khi-lam-cau-nghi-luan-xa-hoi-4469524.html|https://i1-vnexpress.vnecdn.net/2022/05/31/thitotnghiepthpt16524325196709-1779-6342-1653993411.jpg?w=300&h=180&q=100&dpr=1&fit=crop&s=JMVsEGWuaSGAdNiZrcbZCg|Xác định đúng vấn đề cần nghị luận, đảm bảo yêu cầu về hình thức đoạn văn là những điểm quan trọng ở câu nghị luận xã hội trong đề thi tốt nghiệp môn Ngữ văn.|giáo dục|vnexpress.net|unknow
Sư phạm tiếng Trung có tiềm năng không?|https://vnexpress.net/su-pham-tieng-trung-co-tiem-nang-khong-4469821.html|https://i1-vnexpress.vnecdn.net/2022/05/31/thumbnailnganhsuphamtiengtrung-5292-6036-1653970100.png?w=300&h=180&q=100&dpr=1&fit=crop&s=0PaVrF2p4NtiospG0o6wTw|Em mong các anh chị cho lời khuyên về ngành sư phạm tiếng Trung và cơ hội việc làm sau khi tốt nghiệp của ngành này.|giáo dục|vnexpress.net|unknow
'Sinh viên Việt nhiều lợi thế khi du học tại Australia'|https://vnexpress.net/sinh-vien-viet-nhieu-loi-the-khi-du-hoc-tai-australia-4470452.html|https://i1-vnexpress.vnecdn.net/2022/06/01/picnicinnewfarm-1654074085-165-7441-7995-1654074648.jpg?w=300&h=180&q=100&dpr=1&fit=crop&s=9b9CmEguPG9CE-dRum-qiA|"Tiếng Việt là một trong số ngôn ngữ được sử dụng phổ biến tại Queensland và nhiều bang khác, theo diễn giả tọa đàm ""Tỏa sáng cùng Australia""."|giáo dục|vnexpress.net|unknow
100.000 học sinh phía Nam tham gia sàn đấu tiếng Anh|https://vnexpress.net/100-000-hoc-sinh-phia-nam-tham-gia-san-dau-tieng-anh-4470123.html|https://i1-vnexpress.vnecdn.net/2022/05/31/image003-1653982673-6883-1653982711.jpg?w=300&h=180&q=100&dpr=1&fit=crop&s=BWsRjXJ9Rq20mBfDkPXfQg|Các học sinh từ 150 trường Tiểu học, THCS tại TP HCM, Bình Dương và Đồng Nai tham gia tranh tài tiếng Anh tại V Champions 2022.|giáo dục|vnexpress.net|unknow
Khóa đào tạo miễn phí các kỹ năng số cho học sinh|https://vnexpress.net/khoa-dao-tao-mien-phi-cac-ky-nang-so-cho-hoc-sinh-4470270.html|https://i1-vnexpress.vnecdn.net/2022/06/01/kns-1654051080-4501-1654051097.png?w=300&h=180&q=100&dpr=1&fit=crop&s=9y2etVmQ42DaMcIzqrh6mw|"Học sinh được trang bĩ kỹ năng nhận biết, phòng tránh lừa đảo trên Internet, cách xây dựng mối quan hệ lành mạnh trong thế giới số... trong khóa học ""Tư duy thời đại số""."|giáo dục|vnexpress.net|unknow
Nhà sản xuất âm nhạc 9x học công nghệ để mở rộng sự nghiệp|https://vnexpress.net/nha-san-xuat-am-nhac-9x-hoc-cong-nghe-de-mo-rong-su-nghiep-4470125.html|https://i1-vnexpress.vnecdn.net/2022/06/01/image001-1654047772-8293-1654047830.png?w=300&h=180&q=100&dpr=1&fit=crop&s=n2BCwIiEIJhgQY4nz34PTQ|Nhà sản xuất âm nhạc Nguyễn Ngọc Luân (sinh năm 1994) học thêm lập trình và học máy để trở thành chuyên gia phân tích âm thanh.|giáo dục|vnexpress.net|unknow
Học sinh Việt Nam đoạt nhiều giải Olympic Vật lý châu Á|https://vnexpress.net/hoc-sinh-viet-nam-doat-nhieu-giai-olympic-vat-ly-chau-a-4470322.html|https://i1-vnexpress.vnecdn.net/2022/05/31/olympic-png-1653994732-8119-1653994921.png?w=300&h=180&q=100&dpr=1&fit=crop&s=jnjhil5gZBZb8TEJlZsPuQ|Trong 8 học sinh Việt Nam dự Olympic Vật lý châu Á 2022, một em đoạt huy chương bạc, hai em huy chương đồng, còn lại được trao bằng khen.|giáo dục|vnexpress.net|unknow
Bốn câu đố tư duy|https://vnexpress.net/bon-cau-do-tu-duy-4470313.html|https://i1-vnexpress.vnecdn.net/2022/05/31/thumb-1653993162-1653993179-4737-1653993812.jpg?w=300&h=180&q=100&dpr=1&fit=crop&s=joHO2tnov3cGB1AEXHL5Pg|Bốn số được điền ở các tam giác đều tuân thủ một quy luật chung. Trong 45 giây, bạn hãy tìm quy luật đó và điền đáp án vào dấu hỏi chấm.|giáo dục|vnexpress.net|unknow
Đại học Quốc gia TP HCM công bố điểm đánh giá năng lực đợt hai|https://vnexpress.net/dai-hoc-quoc-gia-tp-hcm-cong-bo-diem-danh-gia-nang-luc-4470006.html|https://i1-vnexpress.vnecdn.net/2022/05/31/thi-danh-gia-nang-luc-16539629-6570-1897-1653975228.jpg?w=300&h=180&q=100&dpr=1&fit=crop&s=tai1LPBY0Gu077REVo03zw|Ngày 31/5, Đại học Quốc gia TP HCM công bố kết quả kỳ thi đánh giá năng lực đợt hai cho hơn 38.000 thí sinh tại hệ thống thinangluc.vnuhcm.edu.vn.|giáo dục|vnexpress.net|unknow
Ứng xử thế nào khi con bị bạn đánh|https://vnexpress.net/ung-xu-the-nao-khi-con-bi-ban-danh-4469839.html|https://i1-vnexpress.vnecdn.net/2022/05/31/baoluchocluchocduong-165396467-6497-6017-1653966035.jpg?w=300&h=180&q=100&dpr=1&fit=crop&s=SjumVVb4UL47jMu1EEF2xA|Chuyên gia giáo dục cho biết, khi con bị bạn đánh, phụ huynh nên tiếp cận nhà trường sớm nhất có thể thay vì gặp trực tiếp, hành hung lại học sinh đánh con mình.|giáo dục|vnexpress.net|unknow
Thí sinh F0 được thi tốt nghiệp THPT 2022|https://vnexpress.net/thi-sinh-f0-duoc-thi-tot-nghiep-thpt-2022-4470141.html|https://i1-vnexpress.vnecdn.net/2022/05/31/f034b492b11745491c06-jpeg-8400-5301-4216-1653973259.jpg?w=300&h=180&q=100&dpr=1&fit=crop&s=2mGtgWDh72-a6cNVfvVwXw|Thí sinh F0 được đặc cách tốt nghiệp THPT nhưng vẫn có thể tham gia thi để lấy điểm xét tuyển đại học, cao đẳng nếu có nhu cầu.|giáo dục|vnexpress.net|unknow
Nữ sinh sắp tốt nghiệp bị nhà tuyển dụng chê 'quá già'|https://vnexpress.net/nu-sinh-sap-tot-nghiep-bi-nha-tuyen-dung-che-qua-gia-4470028.html|https://i1-vnexpress.vnecdn.net/2022/05/31/00-1653965617-7572-1653965725.jpg?w=300&h=180&q=100&dpr=1&fit=crop&s=9zW443Uh-Bx0ams02PNvIQ|TRUNG QUỐCHe 24 tuổi, sắp tốt nghiệp đại học và đã ký hợp đồng làm việc với một công ty, tuy nhiên sau đó không được nhận với lý do quá tuổi.|giáo dục|vnexpress.net|unknow
Bốn năm vươn lên hạng nhất bang của nữ sinh Việt ở Australia|https://vnexpress.net/bon-nam-vuon-len-hang-nhat-bang-cua-nu-sinh-viet-o-australia-4469727.html|https://i1-vnexpress.vnecdn.net/2022/05/30/nu-sinh-1653899940-5228-1653900876.jpg?w=300&h=180&q=100&dpr=1&fit=crop&s=8Y88-HPz06R70NeeEO68QA|"Sang Australia du học với vốn tiếng Anh chỉ ""đủ để qua môn"", sau bốn năm, Tâm Như được bang New South Wales vinh danh với giải Thành tích học tập xuất sắc."|giáo dục|vnexpress.net|unknow
Bài toán bốn vòng tròn số của Nhật Bản|https://vnexpress.net/bai-toan-bon-vong-tron-so-cua-nhat-ban-4469812.html|https://i1-vnexpress.vnecdn.net/2022/05/30/baitoan-png-1653901563-2249-1653901667.png?w=300&h=180&q=100&dpr=1&fit=crop&s=RQ_uT8mkL6Asi9wDoSMVCw|Trong 4 phút, liệu bạn có thể hóa giải bài toán bốn vòng tròn số của Nhật Bản dành cho học sinh 14 tuổi trong kỳ thi Toán quốc tế tại Trung Quốc năm 2015?|giáo dục|vnexpress.net|unknow
Nên học trường THPT hay giáo dục thường xuyên?|https://vnexpress.net/nen-hoc-truong-thpt-hay-giao-duc-thuong-xuyen-4465454.html|https://i1-vnexpress.vnecdn.net/2022/05/30/9adaba739a125b4c02033267165116-4814-9333-1653924490.jpg?w=300&h=180&q=100&dpr=1&fit=crop&s=1aXpFRg0EMrbv7Dh0EmKng|Em nên vào trung tâm giáo dục thường xuyên để học ít môn hơn, có thời gian tập trung cho các môn thi đại học, hay thi lớp 10 để vào trường công.|giáo dục|vnexpress.net|unknow
VUS ra mắt khóa học mới dành cho học viên nhí|https://vnexpress.net/vus-ra-mat-khoa-hoc-moi-danh-cho-hoc-vien-nhi-4468773.html|https://i1-vnexpress.vnecdn.net/2022/05/31/sk-chen-bai-pr-1653989327-6065-1653992353.png?w=300&h=180&q=100&dpr=1&fit=crop&s=ZQPPY5i--WrujzNLaLFs2g|VUS SuperKids là chương trình Anh ngữ tích hợp kiến thức dành cho học viên 6-11 tuổi, giúp trẻ khơi dậy niềm say mê học hỏi, khám phá thế giới bằng tiếng Anh.|giáo dục|vnexpress.net|unknow
Thêm các điểm đến hấp dẫn cho du học sinh Australia|https://vnexpress.net/them-cac-diem-den-hap-dan-cho-du-hoc-sinh-australia-4467886.html|https://i1-vnexpress.vnecdn.net/2022/05/30/dep-1653880386-1653880395-9151-1653895576.jpg?w=300&h=180&q=100&dpr=1&fit=crop&s=OM9ThXUnZP_brQfNq6TF_A|Bang Nam Úc, Queensland và Victoria là các điểm đến tiếp theo được ba diễn giả chia sẻ tại 'Tỏa sáng cùng Australia' tập 5, ngày 1/6.|giáo dục|vnexpress.net|unknow
Bối cảnh truyện 'Vợ chồng A Phủ' ở tỉnh nào?|https://vnexpress.net/boi-canh-truyen-vo-chong-a-phu-o-tinh-nao-4469871.html|https://i1-vnexpress.vnecdn.net/2022/05/30/son-la-jpeg-1653912671-5720-1653912833.jpg?w=300&h=180&q=100&dpr=1&fit=crop&s=oq7f6sn9tb2JoB-lWq_3tw|"Cùng tìm hiểu quê hương của các nhân vật trong ""Vợ chồng A Phủ"" - một truyện ngắn đặc sắc, có giá trị hiện thực và nhân đạo sâu sắc của nhà văn Tô Hoài."|giáo dục|vnexpress.net|unknow
10 trường có tỷ lệ chọi vào lớp 10 cao nhất Hà Nội|https://vnexpress.net/10-truong-co-ty-le-choi-vao-lop-10-cao-nhat-ha-noi-4469723.html|https://i1-vnexpress.vnecdn.net/2022/05/30/Top10-1653900065-4437-1653900070.jpg?w=300&h=180&q=100&dpr=1&fit=crop&s=grj6sBCgxB61rK3pG3BmFA|Với 2.048 học sinh đăng ký nguyện vọng 1 trong khi chỉ tiêu 675, THPT Yên Hòa vượt THPT Chu Văn An, trở thành trường có tỷ lệ chọi cao nhất Hà Nội.|giáo dục|vnexpress.net|unknow
Chinh phục ĐH Stanford sau khi bị 10 trường từ chối|https://vnexpress.net/chinh-phuc-dh-stanford-sau-khi-bi-10-truong-tu-choi-4469283.html|https://i1-vnexpress.vnecdn.net/2022/05/30/1-1653793152-9698-1653872993.jpg?w=300&h=180&q=100&dpr=1&fit=crop&s=Jo1BvWdbrQafL6Rhs_BMfA|Thất bại liên tục khi nộp hồ sơ, Phương Nghi không đánh mất nhiệt huyết, kiên trì; cuối cùng chinh phục thành công ĐH Stanford.|giáo dục|vnexpress.net|unknow
Học vượt cấp ở các nước trên thế giới|https://vnexpress.net/hoc-vuot-cap-o-cac-nuoc-tren-the-gioi-4468998.html|https://i1-vnexpress.vnecdn.net/2022/05/29/ngo170671618759697-1653841111-5017-6116-1653841726.png?w=300&h=180&q=100&dpr=1&fit=crop&s=-vSiQcOPscHgWZLtMRz6Lw|"Trong series phim truyền hình ""Big Bang Theory"" của đài CBS, Mỹ, nhân vật chính Sheldon Cooper là một thần đồng với mức IQ 187."|giáo dục|vnexpress.net|unknow
Tỷ lệ chọi vào lớp 10 công lập Hà Nội cao nhất 1/3|https://vnexpress.net/ty-le-choi-vao-lop-10-cong-lap-ha-noi-cao-nhat-1-3-4469674.html|https://i1-vnexpress.vnecdn.net/2022/05/30/thisinh16237221138093162373094-6153-5552-1653886723.jpg?w=300&h=180&q=100&dpr=1&fit=crop&s=lNkIiOM_vvZLGUatI55R8A|Hơn 106.000 học sinh đăng ký thi vào lớp 10 công lập, trong khi chỉ tiêu tuyển sinh chỉ 69.000; THPT Yên Hòa có tỷ lệ chọi cao nhất.|giáo dục|vnexpress.net|unknow
Chọn Hóa dược, Hóa sinh hay Công nghệ sinh học?|https://vnexpress.net/chon-hoa-duoc-hoa-sinh-hay-cong-nghe-sinh-hoc-4469302.html|https://i1-vnexpress.vnecdn.net/2022/05/29/600x400chemicalbiologyi-165381-4010-4513-1653815330.jpg?w=300&h=180&q=100&dpr=1&fit=crop&s=NHq8tyydsoI1GHqaXwNqiA|Trong ba ngành Hóa dược, Hóa sinh và Công nghệ sinh học, đâu là ngành có cơ hội việc làm và mức thu nhập hấp dẫn nhất?|giáo dục|vnexpress.net|unknow
Xu hướng học nghề sớm sau bậc THCS|https://vnexpress.net/xu-huong-hoc-nghe-som-sau-bac-thcs-4459663.html|https://i1-vnexpress.vnecdn.net/2022/05/30/bai-1-1-1653906535-3970-1653906601.jpg?w=300&h=180&q=100&dpr=1&fit=crop&s=WhkWbSDugpOLUN4J02UQEg|Với mô hình đào tạo 9+ sau khi tốt nghiệp cấp 2, học sinh rút ngắn thời gian học nghề và có cơ hội đi làm sớm.|giáo dục|vnexpress.net|unknow
New South Wales - điểm đến của du học sinh quốc tế|https://vnexpress.net/new-south-wales-diem-den-cua-du-hoc-sinh-quoc-te-4461642.html|https://i1-vnexpress.vnecdn.net/2022/05/30/n2-1653895221-8173-1653895227.jpg?w=300&h=180&q=100&dpr=1&fit=crop&s=KSp4km_EGjgnLxrSfnR29Q|AUSTRALIABang New South Wales có số lượng đại học lớn nhất cả nước, nơi đặt trụ sở của hơn 600 công ty đa quốc gia, nhiều triển vọng việc làm cho sinh viên quốc tế.|giáo dục|vnexpress.net|unknow
Các buổi học giúp trẻ mở rộng thế giới quan|https://vnexpress.net/cac-buoi-hoc-giup-tre-mo-rong-the-gioi-quan-4468952.html|https://i1-vnexpress.vnecdn.net/2022/05/27/ssssssssssssssssssssssssssssss-8463-9793-1653652563.jpg?w=300&h=180&q=100&dpr=1&fit=crop&s=k0JyldD2Fc5pIR15KuzK_g|Buổi học vận động ngoại khóa, khám phá ngôn ngữ và tăng khả năng sáng tạo là những gì mà trường Quốc tế Saigon Pearl trang bị cho trẻ.|giáo dục|vnexpress.net|unknow
Bài kiểm tra IQ trong 60 giây|https://vnexpress.net/bai-kiem-tra-iq-trong-60-giay-4469443.html|https://i1-vnexpress.vnecdn.net/2022/05/29/3q-jpeg-1653825030-7030-1653825589.jpg?w=300&h=180&q=100&dpr=1&fit=crop&s=ocJ0JhsUVlDGPM3umc4EFA|Trong các phép chia 52:3, 19:2, 45:7, 56:7, 123:12, đâu là phép tính khác biệt với số còn lại?|giáo dục|vnexpress.net|unknow
Đề Lịch sử chuyên của trường Khoa học xã hội và Nhân văn|https://vnexpress.net/de-lich-su-chuyen-cua-truong-khoa-hoc-xa-hoi-va-nhan-van-4469411.html|https://i1-vnexpress.vnecdn.net/2022/05/29/f22f9822693ca962f02d-jpeg-1653-3247-3413-1653821403.jpg?w=300&h=180&q=100&dpr=1&fit=crop&s=PDXERj-Kueo4f0b4yCSVsQ|Đề thi gồm 4 câu, mỗi câu có hai ý, chủ yếu hỏi về lịch sử Cách mạng Việt Nam.|giáo dục|vnexpress.net|unknow
Đề Địa chuyên của trường Khoa học Xã hội và Nhân văn|https://vnexpress.net/de-dia-chuyen-cua-truong-khoa-hoc-xa-hoi-va-nhan-van-4469412.html|https://i1-vnexpress.vnecdn.net/2022/05/29/01075c05ad1b6d45340a-jpeg-1653-6504-6666-1653820915.jpg?w=300&h=180&q=100&dpr=1&fit=crop&s=wbSMY2nXWpp88M9cD5JUTQ|Đề thi gồm 5 câu, trong đó bài tập vẽ biểu đồ và câu hỏi về kinh tế biển vùng Đông Nam Bộ chiếm một nửa số điểm.|giáo dục|vnexpress.net|unknow
Đề Văn chuyên vào trường Khoa học Xã hội và Nhân văn|https://vnexpress.net/de-van-chuyen-vao-truong-khoa-hoc-xa-hoi-va-nhan-van-4469410.html|https://i1-vnexpress.vnecdn.net/2022/05/29/82a8e5a014bed4e08daf-jpeg-1653-5447-2567-1653820702.jpg?w=300&h=180&q=100&dpr=1&fit=crop&s=_mRrz5eBuZEsgWr4r1Tq-Q|Đề bài gồm hai câu, nghị luận xã hội (4 điểm) bàn về sự tự tin, còn nghị luận văn học đưa một ý kiến về nhân vật trong tác phẩm văn học.|giáo dục|vnexpress.net|unknow
Cô giáo trùm túi nylon lên đầu trẻ bị phạt hành chính|https://vnexpress.net/co-giao-trum-tui-nylon-len-dau-tre-bi-phat-hanh-chinh-4469293.html|https://i1-vnexpress.vnecdn.net/2022/05/29/trum-5980-1652691325-jpeg-1653-3376-5155-1653788780.jpg?w=300&h=180&q=100&dpr=1&fit=crop&s=kXydbDhSEhERKAdAL4fxWQ|YÊN BÁICô Nguyễn Thị Hồng Nhung, chủ lớp mầm non tư thục Bông Sen (xã Báo Đáp, huyện Trấn Yên), bị phạt hành chính vì hành vi trùm túi nylon lên đầu trẻ.|giáo dục|vnexpress.net|unknow
Hơn 1.000 thí sinh tranh suất vào chuyên Khoa học Xã hội & Nhân văn|https://vnexpress.net/hon-1-000-thi-sinh-tranh-suat-vao-chuyen-khoa-hoc-xa-hoi-amp-nhan-van-4469274.html|https://i1-vnexpress.vnecdn.net/2022/05/29/6892c29e848c44d21d9d-jpeg-1653-8856-8354-1653786872.jpg?w=300&h=180&q=100&dpr=1&fit=crop&s=b6faMmX62T8ThDV7PdXFZA|HÀ NỘINgày 29/5, hơn 1.000 học sinh Hà Nội và các tỉnh, thành dự kỳ thi vào lớp 10 trường THPT chuyên Khoa học Xã hội và Nhân văn, với tỷ lệ chọi môn cao nhất 1/9.|giáo dục|vnexpress.net|unknow
Đề thi vào trường chuyên Khoa học Xã hội và Nhân văn|https://vnexpress.net/de-thi-vao-truong-chuyen-khoa-hoc-xa-hoi-va-nhan-van-4469335.html|https://i1-vnexpress.vnecdn.net/2022/05/29/2299fb8b479687c8de87-jpeg-9401-6896-7233-1653797868.jpg?w=300&h=180&q=100&dpr=1&fit=crop&s=udJMCHBBdIi2fYMWnOtdaA|"Đề thi Văn có câu hỏi 7 điểm về tình yêu cuộc sống trong hai đoạn thơ ""Đoàn thuyền đánh cá""; đề Toán và tiếng Anh dài 20-45 câu trắc nghiệm."|giáo dục|vnexpress.net|unknow
Tỉnh nào ở miền Bắc không có núi?|https://vnexpress.net/tinh-nao-o-mien-bac-khong-co-nui-4469208.html|https://i1-vnexpress.vnecdn.net/2022/05/28/lua-thai-binh-jpeg-1653740800-8026-1653740821.jpg?w=300&h=180&q=100&dpr=1&fit=crop&s=a-d3nthXjPe5fLDYNfbEfA|Đồi núi chiếm 3/4 diện tích lãnh thổ Việt Nam, những dãy núi cao chủ yếu ở phía Bắc; song có hai tỉnh với diện tích chỉ gồm đồng bằng.|giáo dục|vnexpress.net|unknow
Học sinh Trung Quốc hết mặn mà với du học|https://vnexpress.net/hoc-sinh-trung-quoc-het-man-ma-voi-du-hoc-4469000.html|https://i1-vnexpress.vnecdn.net/2022/05/28/thi-1653676199-5516-1653676437.jpg?w=300&h=180&q=100&dpr=1&fit=crop&s=T58czW0NZc5wgAmth5hChA|Một số học sinh dành nhiều năm chuẩn bị để nộp vào các đại học nước ngoài. Tuy nhiên, trong hai năm đại dịch, họ đang tự hỏi, việc này liệu có đáng?|giáo dục|vnexpress.net|unknow
Dồn dập lịch thi vào lớp 10 chuyên ở Hà Nội|https://vnexpress.net/don-dap-lich-thi-vao-lop-10-chuyen-o-ha-noi-4468847.html|https://i1-vnexpress.vnecdn.net/2022/05/28/hoc-sinh-1653709296-2243-1653710231.jpg?w=300&h=180&q=100&dpr=1&fit=crop&s=_Y0F8TkHdE7WZMrU2QHsvg|Trong 8 ngày, bốn trường THPT chuyên trực thuộc đại học tổ chức kỳ thi tuyển sinh lớp 10, nhiều em sẽ tham gia ba trong bốn kỳ thi đó.|giáo dục|vnexpress.net|unknow
Hổng kiến thức sau một năm 'ở nhà nhiều hơn đến lớp'|https://vnexpress.net/hong-kien-thuc-sau-mot-nam-o-nha-nhieu-hon-den-lop-4469005.html|https://i1-vnexpress.vnecdn.net/2022/05/28/hoc-sinh-phan-huuy-chu-jpeg-16-2388-7464-1653704209.jpg?w=300&h=180&q=100&dpr=1&fit=crop&s=9Wmaf_4cv5brZgXVHzpc7w|Phải học trực tuyến hoặc kết hợp online - offline suốt kỳ I, kết quả của học sinh giảm sút, theo đánh giá từ giáo viên.|giáo dục|vnexpress.net|unknow
Đáp án bài toán tính số bi trong ba hộp|https://vnexpress.net/dap-an-bai-toan-tinh-so-bi-trong-ba-hop-4468991.html|https://i1-vnexpress.vnecdn.net/2022/05/27/bai-toan-1653666691-6512-1653666742.png?w=300&h=180&q=100&dpr=1&fit=crop&s=ntfGExldTDDbRmrZig-7Uw|Bạn có thể giải bài toán theo nhiều cách khác nhau nhưng để có cách giải thông minh và phù hợp với học sinh lớp 5 thì lại không đơn giản.|giáo dục|vnexpress.net|unknow
Chọn trường nào tốp giữa để học Công nghệ thông tin?|https://vnexpress.net/chon-truong-nao-top-giua-de-hoc-cong-nghe-thong-tin-4467885.html|https://i1-vnexpress.vnecdn.net/2022/05/26/theguidetoinformationtechnolog-8107-8810-1653558238.jpg?w=300&h=180&q=100&dpr=1&fit=crop&s=gFvOZ5f9n0lOb7EoUa9xdg|Em thích Công nghệ thông tin và đang phân vân các trường đại học Thủy lợi, Công nghệ Giao thông vận tải, Mở Hà Nội...|giáo dục|vnexpress.net|unknow
Thử thách tư duy với ba câu đố|https://vnexpress.net/thu-thach-tu-duy-voi-ba-cau-do-4468926.html|https://i1-vnexpress.vnecdn.net/2022/05/27/Untitled1-1653646665-2335-1653646677.jpg?w=300&h=180&q=100&dpr=1&fit=crop&s=--ux2pvadTQtowcjF8f_XA|Với 90 giây, liệu bạn có đủ thời gian để suy luận, tính toán để tìm ra đáp án cho cả ba câu đố IQ.|giáo dục|vnexpress.net|unknow
Trung Quốc thu hồi sách giáo khoa vì bị chê khiêu dâm|https://vnexpress.net/trung-quoc-thu-hoi-sach-giao-khoa-vi-bi-che-khieu-dam-4468852.html|https://i1-vnexpress.vnecdn.net/2022/05/27/minh-hoa2-1653639575-6610-1653640120.jpg?w=300&h=180&q=100&dpr=1&fit=crop&s=HJsw1aYXs8jtdL9cqXTTXQ|"Hình vẽ trong sách giáo khoa Toán tiểu học bị chê ""xấu xí, khiêu dâm và lén lút ủng hộ Mỹ""."|giáo dục|vnexpress.net|unknow
Trẻ lớp 1 viết xấu, phụ huynh đau đầu tìm lớp học thêm|https://vnexpress.net/tre-lop-1-viet-xau-phu-huynh-dau-dau-tim-lop-hoc-them-4468670.html|https://i1-vnexpress.vnecdn.net/2022/05/27/3-1653626782-7216-1653627738.jpg?w=300&h=180&q=100&dpr=1&fit=crop&s=u303Zbii0hKbuRopYSrzdg|Một ngày cuối tháng 5, sau giờ ăn tối, chị Phương Thùy (Cầu Giấy, Hà Nội) “tá hoả” khi mở vở luyện viết của con ra xem.|giáo dục|vnexpress.net|unknow
Du học sinh gợi ý cách thuê nhà ở Nhật|https://vnexpress.net/du-hoc-sinh-goi-y-cach-thue-nha-o-nhat-4468313.html|https://i1-vnexpress.vnecdn.net/2022/05/27/toa-nha1-7448-1653556188-16536-3066-2372-1653613470.jpg?w=300&h=180&q=100&dpr=1&fit=crop&s=q9jc86jq84dOoQzv-89NSg|Nhật có nhiều kiểu nhà thuê nên du học sinh cần tham khảo kỹ để lựa chọn cho phù hợp sở thích và nhu cầu của mình.|giáo dục|vnexpress.net|unknow
Lịch thi vào lớp 10 của 63 tỉnh, thành|https://vnexpress.net/lich-thi-vao-lop-10-cua-63-tinh-thanh-4468392.html|https://i1-vnexpress.vnecdn.net/2022/05/26/thisinhthilop10-1653559831-165-3870-1455-1653560382.jpg?w=300&h=180&q=100&dpr=1&fit=crop&s=20bkA_CMv1jT02o91dh2cw|Hà Nội, TP HCM và hầu hết tỉnh, thành tổ chức kỳ thi vào lớp 10 công lập trong tháng 6 với ba môn chính là Toán, Ngữ văn, Tiếng Anh.|giáo dục|vnexpress.net|unknow
10.000 học sinh, phụ huynh tham gia ngày hội đi bộ lan tỏa ý chí|https://vnexpress.net/10-000-hoc-sinh-phu-huynh-tham-gia-ngay-hoi-di-bo-lan-toa-y-chi-4468758.html|https://i1-vnexpress.vnecdn.net/2022/05/27/10-8804-1653623899-1653636102-9360-1653636409.jpg?w=300&h=180&q=100&dpr=1&fit=crop&s=gKvlSRF5L8ZJXX5fZrvVDQ|"KHÁNH HÒAKhoảng 10.000 học sinh và phụ huynh đã tham gia Ngày hội đi bộ Milo 2022 với chủ đề ""Tiếp ý chí cho hành trình năng động"" tại thành phố Nha Trang."|giáo dục|vnexpress.net|unknow
Kiến nghị Nhà nước định giá sách giáo khoa|https://vnexpress.net/kien-nghi-nha-nuoc-dinh-gia-sach-giao-khoa-4468502.html|https://i1-vnexpress.vnecdn.net/2022/05/26/sgk-1653567692-1653567752-3366-1653567804.jpg?w=300&h=180&q=100&dpr=1&fit=crop&s=u2zQiz4HkkeSaWaW9C9Seg|Bộ Giáo dục và Đào tạo chiều 26/5 cho biết đã kiến nghị Bộ Tài chính và Chính phủ xem xét đưa sách giáo khoa vào danh mục hàng hóa do Nhà nước định giá để trình Quốc hội quyết định.|giáo dục|vnexpress.net|unknow
Hành tinh nào nóng nhất hệ Mặt trời?|https://vnexpress.net/hanh-tinh-nao-nong-nhat-he-mat-troi-4468403.html|https://i1-vnexpress.vnecdn.net/2022/05/26/0000-1653558172-7339-1653558313.jpg?w=300&h=180&q=100&dpr=1&fit=crop&s=u-HGiq-yPdLOJdi_Li5ZPg|Bạn chọn đáp án sao Thủy, sao Hỏa hay sao Kim là hành tinh nóng nhất hệ Mặt Trời?|giáo dục|vnexpress.net|unknow
