45.000 lít dầu thải bị thu giữ|https://vnexpress.net/45-000-lit-dau-thai-bi-thu-giu-4475218.html|https://i1-vnexpress.vnecdn.net/2022/06/12/dau-1655025591-8977-1655025680.jpg?w=220&h=132&q=100&dpr=1&fit=crop&s=kl5ELf1HyHPZmvhnvQI4eg|NGHỆ AN45.000 lít dầu thải ở xã Nghĩa Trung, huyện Nghĩa Đàn, bị cảnh sát thu giữ do không có giấy tờ hợp lệ về việc tái chế dầu thải.|pháp luật|vnexpress.net|unknow
Sai phạm của cựu phó chủ tịch Phú Yên khi bán 262 lô đất|https://vnexpress.net/sai-pham-cua-cuu-pho-chu-tich-phu-yen-khi-ban-262-lo-dat-4475014.html|https://i1-vnexpress.vnecdn.net/2022/06/11/4A2282D4B73542FAABBE4C987F0663-8154-7012-1654947130.jpg?w=220&h=132&q=100&dpr=1&fit=crop&s=kd_qP_GqSEK007NCTtc4HQ|Ông Nguyễn Chí Hiến, cựu phó chủ tịch tỉnh Phú Yên bị cáo buộc sai phạm trong việc giảm tiền bán đấu giá 262 lô đất cho doanh nghiệp, gây thiệt hại 8 tỷ đồng.|pháp luật|vnexpress.net|unknow
Vô cớ đánh gãy tay người đi đường|https://vnexpress.net/vo-co-danh-gay-tay-nguoi-di-duong-doa-kich-no-binh-gas-4475000.html|https://i1-vnexpress.vnecdn.net/2022/06/11/nghicandanhnguoitaicoquandieut-1519-5593-1654944764.jpg?w=220&h=132&q=100&dpr=1&fit=crop&s=eDRNf_wqQUbj0GCghVWHbA|HÀ TĨNHTrần Ngọc Hùng cầm tuýp sắt đánh gãy tay ông Trần Văn Quang, mang bình gas đặt giữa nhà hàng xóm khác dọa kích nổ dù không mâu thuẫn với các nạn nhân.|pháp luật|vnexpress.net|unknow
Câu đố: Vị khách nào gây án trong tiệc sinh nhật?|https://vnexpress.net/cau-do-vi-khach-nao-gay-an-trong-tiec-sinh-nhat-4475002.html|https://i1-vnexpress.vnecdn.net/2022/06/11/5-1654944268-2167-1654944757.jpg?w=220&h=132&q=100&dpr=1&fit=crop&s=2ieVjm2KX07eNYHqzN2JrA|Chủ nhân của bữa tiệc bị sát hại, cảnh sát tìm ra ba vị khách có thù oán với nạn nhân. Bạn hãy suy luận để tìm ra hung thủ thực sự.|pháp luật|vnexpress.net|unknow
Đường dây 'rửa tiền', chuyển hơn 30.000 tỷ đồng ra nước ngoài|https://vnexpress.net/duong-day-rua-tien-chuyen-hon-30-000-ty-dong-ra-nuoc-ngoai-4474900.html|https://i1-vnexpress.vnecdn.net/2022/06/11/ngoaite-1654947671-1333-1654947686.jpg?w=220&h=132&q=100&dpr=1&fit=crop&s=dakJvE2bg7lIggbmXSooLg|HÀ NỘIVợ chồng Nguyễn Thị Nguyệt rủ người thân, bạn bè lập đường dây chuyển trái phép hơn 30.000 tỷ đồng qua các hợp đồng mua bán khống với đối tác nước ngoài.|pháp luật|vnexpress.net|unknow
5 người đục tường, trốn khỏi nhà tạm giữ bị bắt|https://vnexpress.net/5-nghi-pham-chay-tron-bo-lai-oto-trong-benh-vien-4474955.html|https://i1-vnexpress.vnecdn.net/2022/06/11/280924344390637136195770810649-1291-9395-1654942119.jpg?w=220&h=132&q=100&dpr=1&fit=crop&s=a77r0H_XCyYLq17TiY1vqg|5 nghi phạm đục tường, trốn khỏi cơ sở tạm giữ của Công an huyện Mỹ Hào (Hưng Yên) đã bị bắt khi đang lẩn trốn tại tỉnh Đăc Lăk, sau quãng đường gần 1.300 km.|pháp luật|vnexpress.net|unknow
17 người xông vào quán ăn chém thực khách bị bắt|https://vnexpress.net/17-nguoi-xong-vao-quan-an-chem-thuc-khach-bi-bat-4474933.html|https://i1-vnexpress.vnecdn.net/2022/06/11/hungkhi-3477-1654930237.jpg?w=220&h=132&q=100&dpr=1&fit=crop&s=o72yQc3eE2BzvsGin64jLg|TP HCMNguyễn Thành Nhân, 31 tuổi, cùng gần 20 đồng phạm cầm hung khí xông vào quán ốc tìm đối thủ nhưng chém nhầm thực khách.|pháp luật|vnexpress.net|unknow
Nhóm người Mông Cổ dàn cảnh trộm hơn một tỷ đồng|https://vnexpress.net/nhom-nguoi-mong-co-dan-canh-trom-hon-mot-ty-dong-o-ha-noi-4474925.html|https://i1-vnexpress.vnecdn.net/2022/06/11/trommongco-1654924201-2540-1654924215.jpg?w=220&h=132&q=100&dpr=1&fit=crop&s=Yi_1iTWhWpkfwwPeIZZFFg|HÀ NỘICác nghi phạm chia nhau mỗi người một nhiệm vụ để trộm ví của vợ chồng du khách ở Hà Nội, sau đó lấy thẻ tín dụng đi mua sắm hết 1,05 tỷ đồng.|pháp luật|vnexpress.net|unknow
30 trinh sát truy đuổi đôi nam nữ chở ma túy|https://vnexpress.net/30-trinh-sat-truy-duoi-doi-nam-nu-cho-ma-tuy-4474867.html|https://i1-vnexpress.vnecdn.net/2022/06/11/hainghicanmatuy-1654915890-3543-1654916154.jpg?w=220&h=132&q=100&dpr=1&fit=crop&s=iht5N8SwzOlxYqBwN1Ke7A|HÀ TĨNH30 trinh sát của Bộ đội Biên phòng và Công an tỉnh truy đuổi Nguyễn Đình Hùng và Ngô Thị Ngân khi chở 24.000 viên ma túy tổng hợp từ Lào về.|pháp luật|vnexpress.net|unknow
Giả danh công an để chiếm đoạt tiền|https://vnexpress.net/gia-danh-cong-an-de-chiem-doat-tien-4474755.html|https://i1-vnexpress.vnecdn.net/2022/06/10/87678-1654871897-4301-1654871908.jpg?w=220&h=132&q=100&dpr=1&fit=crop&s=7oZ3zOH6S9zSab0amXwmPg|QUẢNG NINHNguyễn Kim Thông, 36 tuổi, giả danh công an lừa vay hơn 1,9 tỷ đồng của 8 người dân ở Quảng Trị, sau đó bỏ trốn ra Quảng Ninh.|pháp luật|vnexpress.net|unknow
Hai cựu giáo viên bị khởi tố trong vụ trùng đề thi tốt nghiệp THPT|https://vnexpress.net/hai-cuu-giao-vien-bi-khoi-to-trong-vu-trung-de-thi-tot-nghiep-thpt-4474748.html|https://i1-vnexpress.vnecdn.net/2022/06/10/147chieu1jpeg23281626247569161-8785-2724-1654870561.jpg?w=220&h=132&q=100&dpr=1&fit=crop&s=jVrbnYsPnFaYENvIjVrZ_w|HÀ NỘIHai cựu giáo viên ĐH Sư phạm Hà Nội bị điều tra dấu hiệu vi phạm khi xây dựng ngân hàng câu hỏi và ra đề thi môn Sinh học, kỳ thi tốt nghiệp THPT năm 2021.|pháp luật|vnexpress.net|unknow
20 thanh niên đập phá quán ăn, chém thực khách|https://vnexpress.net/20-thanh-nien-dap-pha-quan-an-chem-thuc-khach-4474688.html|https://i1-vnexpress.vnecdn.net/2022/06/10/anhchupmanhinh20220610luc16435-6485-1212-1654858028.png?w=220&h=132&q=100&dpr=1&fit=crop&s=S04LkOmy5u3lyVi0JNAHtQ|TP HCMHơn 20 thanh niên cầm dao, thanh sắt xông vào quán nhậu ở TP Thủ Đức chém nhiều người bị thương, đập phá bàn ghế.|pháp luật|vnexpress.net|unknow
Đường dây sản xuất thuốc hỗ trợ điều trị Covid-19 giả|https://vnexpress.net/duong-day-san-xuat-thuoc-ho-tro-dieu-tri-covid-19-gia-4474744.html|https://i1-vnexpress.vnecdn.net/2022/06/10/thuoclau3-1550-1654866431.jpg?w=220&h=132&q=100&dpr=1&fit=crop&s=aolVktrvECIsqfQl-GQnwg|TP HCMPhạm Ngọc Bích, giám đốc công ty dược, bị cáo buộc tổ chức sản xuất thuốc hỗ trợ điều trị Covid-19 giả trong nhà máy của mình.|pháp luật|vnexpress.net|unknow
Bị bắt sau 30 năm cướp tiệm vàng|https://vnexpress.net/bi-bat-sau-30-nam-cuop-tiem-vang-4474671.html|https://i1-vnexpress.vnecdn.net/2022/06/10/Kcpvng-1654852649-8480-1654852773.jpg?w=220&h=132&q=100&dpr=1&fit=crop&s=W0FcViPnASeyfa_APXQoHQ|QUẢNG NGÃIVăn Trường Sơn, 53 tuổi, về nhà bạn gái chơi thì bị cảnh sát bắt do 30 năm trước đã dùng súng cướp tiệm vàng ở Nam Định.|pháp luật|vnexpress.net|unknow
Câu đố: Lý giải hành động 'vẫy dao' kẻ sát nhân|https://vnexpress.net/cau-do-ly-giai-hanh-dong-vay-dao-ke-sat-nhan-4474693.html|https://i1-vnexpress.vnecdn.net/2022/06/10/5-1654855099-6389-1654855178.jpg?w=220&h=132&q=100&dpr=1&fit=crop&s=Fqz8X2dGEcRjZnhrvnNRRg|Bất ngờ chứng kiến vụ giết người, Mary bị kẻ sát nhân phát hiện, hắn chỉ hung khí về phía cô và có hành động lạ.|pháp luật|vnexpress.net|unknow
Vận chuyển thuê ma túy với tiền công gần một tỷ đồng|https://vnexpress.net/van-chuyen-thue-ma-tuy-voi-tien-cong-gan-mot-ty-dong-4474646.html|https://i1-vnexpress.vnecdn.net/2022/06/10/nang-1654850770-1387-1654851132.jpg?w=220&h=132&q=100&dpr=1&fit=crop&s=zMCEwMd4GbUT160Weserxw|NGHỆ ANTráng Xuân Năng nhận án tử hình do vận chuyển lô ma túy 190 kg từ Nghệ An ra Lào Cai để hưởng tiền công gần một tỷ đồng.|pháp luật|vnexpress.net|unknow
Giám đốc CDC Hà Nội Trương Quang Việt bị tạm giữ|https://vnexpress.net/giam-doc-cdc-ha-noi-truong-quang-viet-bi-bat-4473082.html|https://i1-vnexpress.vnecdn.net/2022/06/10/TrngQuangVit-1654675825-5556-1654851912.jpg?w=220&h=132&q=100&dpr=1&fit=crop&s=g9nZI8R-ODv9VPxVxOrZeQ|HÀ NỘIÔng Trương Quang Việt, Giám đốc Trung tâm kiểm soát bệnh tật - CDC Hà Nội, bị tạm giữ trong trường hợp khẩn cấp với cáo buộc có sai phạm liên quan vụ Việt Á, ngày 10/6.|pháp luật|vnexpress.net|unknow
Người chém công an gần lìa tay lĩnh án|https://vnexpress.net/nguoi-chem-cong-an-gan-lia-tay-linh-an-4474542.html|https://i1-vnexpress.vnecdn.net/2022/06/10/bicaochemconganJPG-1654837964-2685-1654838454.jpg?w=220&h=132&q=100&dpr=1&fit=crop&s=TFmJt9pHosUSVw8IuRpKUw|BÀ RỊA - VŨNG TÀUNguyễn Quốc Bảo, 32 tuổi, bị đưa ra xét xử sau gần một năm chém thượng úy công an gần lìa tay khi bị yêu cầu khai báo y tế.|pháp luật|vnexpress.net|unknow
25 người tham gia 'tiệc ma túy' trong quán karaoke|https://vnexpress.net/25-nguoi-tham-gia-tiec-ma-tuy-trong-quan-karaoke-4474530.html|https://i1-vnexpress.vnecdn.net/2022/06/10/5689-1654836503-9784-1654836507.jpg?w=220&h=132&q=100&dpr=1&fit=crop&s=29wtHLnxad9Pj7-yp7n_AA|QUẢNG NINHCảnh sát kiểm tra quán karaoke XOXO lúc rạng sáng, phát hiện 25 người sử dụng ma túy.|pháp luật|vnexpress.net|unknow
Truy sát ba người hàng xóm|https://vnexpress.net/truy-sat-ba-nguoi-hang-xom-4474531.html|https://i1-vnexpress.vnecdn.net/2022/06/10/truysthangxom-1654843415-16548-7591-4267-1654843440.jpg?w=220&h=132&q=100&dpr=1&fit=crop&s=U2ffdTNEp07oYE3i7BYupg|THANH HÓALê Văn Lượng chém nhiều nhát khiến chị Phạm Thị Hơn thiệt mạng, hai người đàn ông khác trọng thương.|pháp luật|vnexpress.net|unknow
Vì sao cựu giám đốc Sở Xây dựng TP HCM kêu oan?|https://vnexpress.net/vi-sao-cuu-giam-doc-so-xay-dung-tp-hcm-keu-oan-4474255.html|https://i1-vnexpress.vnecdn.net/2022/06/10/tran-trong-tuan-1654794219-9791-1654794558.jpg?w=220&h=132&q=100&dpr=1&fit=crop&s=UMIUmI3tnM3dZlXwWeC75Q|"TP HCMCựu giám đốc Sở Xây dựng Trần Trọng Tuấn kêu oan, nói đã tham mưu cho thành phố duyệt bán dự án của Sagri đúng quy định, không phải ""do nể nang""."|pháp luật|vnexpress.net|unknow
Cướp kéo ngã cô gái|https://vnexpress.net/cuop-keo-nga-co-gai-4474293.html|https://i1-vnexpress.vnecdn.net/2022/06/09/co-gai-bi-cuop-giat-nga-xuong-9015-6619-1654780986.jpg?w=220&h=132&q=100&dpr=1&fit=crop&s=KpnQjmd0xMgVJi9YwULITQ|TP HCMĐỗ Hoàng Vũ, 15 tuổi, cùng đồng phạm chạy xe máy áp sát cô gái, giật điện thoại trong túi áo khoác khiến nạn nhân ngã nhào.|pháp luật|vnexpress.net|unknow
Nhóm bắt cóc chủ vườn tống tiền 4,5 tỷ đồng lĩnh án|https://vnexpress.net/nhom-bat-coc-chu-vuon-tong-tien-4-5-ty-dong-linh-an-4474253.html|https://i1-vnexpress.vnecdn.net/2022/06/09/batcocJPG-1654769069-4324-1654769365.jpg?w=220&h=132&q=100&dpr=1&fit=crop&s=x7IcUSJETTAeR6uqmsUDyQ|BÀ RỊA - VŨNG TÀUTrần Anh Tuấn, 35 tuổi, bị đưa ra xét xử về hành vi thuê người bắt cóc chủ vườn đòi 4,5 tỷ đồng tiền chuộc, vì không bán đất theo cam kết.|pháp luật|vnexpress.net|unknow
Câu đố: Vạch trần án mạng từ dấu vết hiện trường|https://vnexpress.net/cau-do-vach-tran-an-mang-tu-dau-vet-hien-truong-4474261.html|https://i1-vnexpress.vnecdn.net/2022/06/09/7-1654770041-6841-1654770342.jpg?w=220&h=132&q=100&dpr=1&fit=crop&s=IQiZxjTNZCxdv_vogWfVxQ|Phát hiện vợ chết trên giường, Patrick báo cảnh sát cô tự tử bằng súng của anh. Bạn hãy suy luận để lý giải vì sao cảnh sát nhận định nạn nhân bị sát hại.|pháp luật|vnexpress.net|unknow
Điều tra người đàn ông tát bé gái 4 tuổi ở khu vui chơi|https://vnexpress.net/dieu-tra-nguoi-dan-ong-tat-be-gai-4-tuoi-o-khu-vui-choi-4474209.html|https://i1-vnexpress.vnecdn.net/2022/06/09/am-1654766077-9258-1654766253.jpg?w=220&h=132&q=100&dpr=1&fit=crop&s=Z_CvcisO-K0jeIsX7Mfc0g|HÀ NỘICông an quận Hoàng Mai đã triệu tập Vũ Trọng Đam, 34 tuổi, để làm rõ hành vi tát, đá liên tiếp vào bé gái 4 tuổi ở khu vui chơi.|pháp luật|vnexpress.net|unknow
Ông Tất Thành Cang được giảm 18 tháng tù|https://vnexpress.net/ong-tat-thanh-cang-duoc-giam-18-thang-tu-4474213.html|https://i1-vnexpress.vnecdn.net/2022/06/09/tat-thanh-cang-3-1654766171-3341-1654766199.jpg?w=220&h=132&q=100&dpr=1&fit=crop&s=kXsqTb0QYXwT8iYFNWxstQ|TP HCMCựu phó bí thư Thành uỷ Tất Thành Cang được tòa phúc thẩm giảm 18 tháng tù, sau khi ghi nhận nhiều tình tiết giảm nhẹ.|pháp luật|vnexpress.net|unknow
Sát hại vợ|https://vnexpress.net/sat-hai-vo-4474162.html|https://i1-vnexpress.vnecdn.net/2022/06/09/200e82ef036cc3329a7d-165476308-4468-5719-1654763124.jpg?w=220&h=132&q=100&dpr=1&fit=crop&s=zSNZ4n0oNS5IrHf2TktjiA|ĐỒNG NAINguyễn Hữu Tài Khôi, 33 tuổi, xông vào phòng ngủ của vợ khi chị này sống tại nhà cha mẹ ruột, khóa trái cửa, đâm chết nạn nhân rồi tự sát.|pháp luật|vnexpress.net|unknow
Mua chứng minh thư giả để mở tài khoản ngân hàng|https://vnexpress.net/duong-day-mua-chung-minh-thu-gia-4473997.html|https://i1-vnexpress.vnecdn.net/2022/06/09/IMG4585-1654744044-9781-1654744080.jpg?w=300&h=180&q=100&dpr=1&fit=crop&s=LGrRFg3H8wUww3JBGKoNAw|HÀ NỘIKẻ gian dùng chứng minh thư giả để mạo danh mở tài khoản ngân hàng, phục vụ cho các hành vi lừa đảo chiếm đoạt tài sản.|pháp luật|vnexpress.net|unknow
20 năm ngồi tù oan vì sự hèn nhát của em trai sinh đôi|https://vnexpress.net/20-nam-ngoi-tu-oan-vi-em-trai-sinh-doi-khong-nhan-toi-4473619.html|https://i1-vnexpress.vnecdn.net/2022/06/08/twins2-jpeg-1654684115-1654684-9590-9481-1654684322.jpg?w=300&h=180&q=100&dpr=1&fit=crop&s=xr9Ob22TOj0rrAvxLH5bIQ|MỸGiết người nhưng không muốn trả giá, Karl để mặc anh trai sinh đôi lĩnh 54 năm tù thay mình. Được minh oan sau 20 năm, Kevin nói vẫn yêu thương và không oán trách em.|pháp luật|vnexpress.net|unknow
Câu đố: Tìm hung thủ trong ngôi nhà hoang|https://vnexpress.net/cau-do-tim-hung-thu-gay-an-trong-ngoi-nha-hoang-4473795.html|https://i1-vnexpress.vnecdn.net/2022/06/08/1-1654685632-6121-1654685653.jpg?w=300&h=180&q=100&dpr=1&fit=crop&s=aN4qX0QEZkbsYQvGUlVs7g|Một người trong nhóm bạn bị sát hại khi chơi trốn tìm, bốn người khác là nghi phạm. Bạn hãy suy luận để tìm điểm bất hợp lý trong lời khai của họ.|pháp luật|vnexpress.net|unknow
Án tử oan uổng 'giáng xuống' nam công nhân trẻ tuổi|https://vnexpress.net/an-tu-oan-uong-cua-thieu-nien-di-bao-canh-sat-4473781.html|https://i1-vnexpress.vnecdn.net/2022/06/08/nimg-ws-126-net-1654683956-1643-1654684166.jpg?w=300&h=180&q=100&dpr=1&fit=crop&s=8cnkaJW2P3nMBZo6f46qvg|TRUNG QUỐCChín năm sau khi Huugjilt bị xử tử hình vì tội cưỡng hiếp và giết người, hung thủ thực sự mới lộ diện. Thêm chín năm đấu tranh nữa, Huugjilt mới được minh oan.|pháp luật|vnexpress.net|unknow
Ông Tất Thành Cang khóc khi nói lời sau cùng|https://vnexpress.net/ong-tat-thanh-cang-khoc-khi-noi-loi-sau-cung-4473771.html|https://i1-vnexpress.vnecdn.net/2022/06/08/tat-thanh-cang-1654688702-6273-1654688710.jpg?w=300&h=180&q=100&dpr=1&fit=crop&s=qKp1mL5GdG16VDaIREHl3g|TP HCMTrong 15 phút lời nói sau cùng, cựu phó bí thư Thành ủy Tất Thành Cang nhiều lần khóc, nói bản thân không tư lợi, xin tòa xem xét lại bản án công tâm, khách quan.|pháp luật|vnexpress.net|unknow
Cảnh sát đột kích ổ bạc trong vườn|https://vnexpress.net/canh-sat-dot-kich-o-bac-trong-vuon-4473799.html|https://i1-vnexpress.vnecdn.net/2022/06/08/DANGIAIDI-1654686396-7441-1654686486.jpg?w=300&h=180&q=100&dpr=1&fit=crop&s=6JzFnCkwX9PUdrWeaawLSg|KIÊN GIANGĐồng loạt ập vào vườn cây ở TP Rạch Giá, cảnh sát quả tang 27 người đang đánh bạc, đá gà ăn tiền, chiều 8/6.|pháp luật|vnexpress.net|unknow
Đâm chết hàng xóm vì cây keo bị chặt|https://vnexpress.net/dam-chet-hang-xom-vi-cay-keo-bi-chat-4473692.html|https://i1-vnexpress.vnecdn.net/2022/06/08/thang-1654676472-6600-1654676969.jpg?w=300&h=180&q=100&dpr=1&fit=crop&s=EEeDVfkcvSzRNWxcIRL_5g|NGHỆ ANTrần Đình Thắng lĩnh án chung thân do sát hại người quen trong lúc cãi vã về những cây keo bị chặt phá.|pháp luật|vnexpress.net|unknow
Lĩnh án tử hình vì hãm hại bé gái 12 tuổi|https://vnexpress.net/linh-an-tu-hinh-vi-ham-hai-be-gai-12-tuoi-4473702.html|https://i1-vnexpress.vnecdn.net/2022/06/08/tan2-1654676816-7626-1654676884.jpg?w=300&h=180&q=100&dpr=1&fit=crop&s=8AVSZFBimBu59SYNLtDFbA|AN GIANGTrần Phước Tân, 40 tuổi, bị phạt mức án cao nhất vì hãm hiếp, sát hại bé gái 12 tuổi.|pháp luật|vnexpress.net|unknow
Dùng video 'nhạy cảm' tống tiền gần 20 nam giới|https://vnexpress.net/tong-tien-gan-20-nam-thanh-nien-co-video-nhay-cam-4473637.html|https://i1-vnexpress.vnecdn.net/2022/06/08/a-1654672868-2656-1654673557.jpg?w=300&h=180&q=100&dpr=1&fit=crop&s=_Dd_isgXNowZ31ctlWNyoA|QUẢNG NAMLê Anh Tuấn, 18 tuổi dọa tung video 'nhạy cảm' lên mạng xã hội để tống tiền gần 20 nam thanh niên, chiếm đoạt khoảng 40 triệu đồng.|pháp luật|vnexpress.net|unknow
Cưỡng đoạt tiền nhiều chủ tàu biển|https://vnexpress.net/cuong-doat-tien-cua-cac-chu-tau-tren-bien-4473646.html|https://i1-vnexpress.vnecdn.net/2022/06/08/7689-1654673094-1232-1654673100.jpg?w=300&h=180&q=100&dpr=1&fit=crop&s=F2jmStAvLLNbPlqoOMxEvg|"QUẢNG NINHVũ Hữu Thứ, 29 tuổi, cùng ba nghi phạm đã thu ""tiền an ninh trật tự"" 100.000-200.000 đồng với mỗi tàu vận tải ra vào Cảng Km6 và Vũng Đục."|pháp luật|vnexpress.net|unknow
Ký hợp đồng không thời hạn, người lao động có bị thiệt gì không?|https://vnexpress.net/ky-hop-dong-vo-thoi-han-nguoi-lao-dong-co-bi-thiet-gi-khong-4473596.html|https://i1-vnexpress.vnecdn.net/2022/06/08/quyn9871-1654665528-1654665557-4562-1654665732.jpg?w=300&h=180&q=100&dpr=1&fit=crop&s=Bh9EbZnr-2O97Vpbmas8ug|Tôi được công ty báo sẽ ký hợp đồng lao động không thời hạn sau 4 năm làm việc song nhiều người khuyên không nên đồng ý.|pháp luật|vnexpress.net|unknow
Lừa 'chạy việc' vào cảng hàng không với giá 500 triệu đồng|https://vnexpress.net/lua-chay-viec-vao-cang-hang-khong-voi-gia-500-trieu-dong-4473607.html|https://i1-vnexpress.vnecdn.net/2022/06/08/a-lua-xin-viec-cang-hang-khong-3188-8103-1654667048.jpg?w=300&h=180&q=100&dpr=1&fit=crop&s=LhEOe9WOOoSvFPX5dAHPrw|QUẢNG BÌNHNguyễn Thị Vân nhận tiền của hai người, vờ hứa hẹn xin việc vào Cảng hàng không Đồng Hới.|pháp luật|vnexpress.net|unknow
Tài xế bị khởi tố trong vụ lật ôtô tải khiến ba người chết|https://vnexpress.net/tai-xe-bi-khoi-to-trong-vu-lat-oto-tai-khien-ba-nguoi-chet-4473593.html|https://i1-vnexpress.vnecdn.net/2022/06/08/dad101dbae834e92ad9ff135b73315-4590-1464-1654663883.jpg?w=300&h=180&q=100&dpr=1&fit=crop&s=Oh4MAP5DuoybMNbwrnkB6w|HÒA BÌNHTài xế xe tải Nguyễn Văn Doanh, 29 tuổi, bị bắt với cáo buộc làm xe bị lật, đè lên ôtô con khiến 3 người tử vong.|pháp luật|vnexpress.net|unknow
Ép sát xe máy, sàm sỡ hàng chục phụ nữ đi đường|https://vnexpress.net/ep-sat-xe-may-sam-so-hang-chuc-phu-nu-di-duong-4473573.html|https://i1-vnexpress.vnecdn.net/2022/06/08/a-sam-so-phu-nu-copy-165466220-9182-2391-1654662242.jpg?w=300&h=180&q=100&dpr=1&fit=crop&s=XqRq3ANVAMhhhqvDhaDX5A|Vũ Minh Cương khi đi xe máy qua tỉnh Quảng Bình đã ép sát phụ nữ, trẻ em gái ở dọc đường để chạm tay vào ngực.|pháp luật|vnexpress.net|unknow
Ông Trần Vĩnh Tuyến nêu lý do xin giảm hình phạt|https://vnexpress.net/ong-tran-vinh-tuyen-neu-ly-do-xin-giam-hinh-phat-4473409.html|https://i1-vnexpress.vnecdn.net/2022/06/08/tran-vinh-tuyen-2-1654658338-2287-1654658900.jpg?w=300&h=180&q=100&dpr=1&fit=crop&s=HjBdDPq1JBVk9A3zOzJZkQ|"TP HCMBị phạt 6 năm tù vì duyệt cho Sagri bán dự án trái luật, cựu phó chủ tịch thành phố Trần Vĩnh Tuyến xin giảm nhẹ mức án vì ""sơ suất"" để xảy ra sai phạm..."|pháp luật|vnexpress.net|unknow
Vờ mua lá chuối để trộm hơn 20.000 USD|https://vnexpress.net/vo-mua-la-chuoi-de-trom-hon-20-000-usd-4473503.html|https://i1-vnexpress.vnecdn.net/2022/06/08/2-3521-1654656802.jpg?w=300&h=180&q=100&dpr=1&fit=crop&s=sxbbXYHKYrD9sMOZNNwK2w|THỪA THIÊN - HUẾBà Lê Thị Trơi và Lê Thị Phương Mai đóng giả người mua lá chuối khi thực hiện vụ trộm hơn 20.000 USD.|pháp luật|vnexpress.net|unknow
Sát thủ giăng bẫy tuyển dụng lừa gái trẻ|https://vnexpress.net/sat-thu-giang-bay-tuyen-dung-lua-gai-tre-4473300.html|https://i1-vnexpress.vnecdn.net/2022/06/07/1071821709-t7aaj6-1654595041-5554-1654595112.jpg?w=300&h=180&q=100&dpr=1&fit=crop&s=DBCxcANEtDnZLosrou-KPw|TRUNG QUỐCChỉ trong vài tháng, 14 cô gái đột nhiên biến mất khi đi tìm việc, manh mối tập trung tại một trung tâm giới thiệu việc làm.|pháp luật|vnexpress.net|unknow
Giả trai lừa tiền 'bạn gái online'|https://vnexpress.net/gia-trai-lua-tien-ban-gai-online-4473367.html|https://i1-vnexpress.vnecdn.net/2022/06/07/z3474888278802fbab662406939980-8655-6771-1654609018.jpg?w=300&h=180&q=100&dpr=1&fit=crop&s=EmiXX5UmRVHXwrlss0-FdA|BÌNH DƯƠNGTrần Thị Thanh, 23 tuổi, giả trai, làm quen với các cô gái qua mạng, vờ ngỏ lời yêu... sau đó hỏi vay tiền, chiếm đoạt hàng tỷ đồng.|pháp luật|vnexpress.net|unknow
Nửa tấn pháo trên ôtô|https://vnexpress.net/nua-tan-phao-tren-oto-4473325.html|https://i1-vnexpress.vnecdn.net/2022/06/07/a-phao-hoa-copy-1654597550-1336-1654597593.jpg?w=300&h=180&q=100&dpr=1&fit=crop&s=9DTVmnvAwo89rMFS7wj4CQ|QUẢNG BÌNHNguyễn Văn Hoành và Nguyễn Quốc Thịnh chở 550 kg pháo hoa trên xe đưa đi tiêu thụ thì bị bắt.|pháp luật|vnexpress.net|unknow
Nhóm người Nga bắt cóc đồng hương ở Mũi Né|https://vnexpress.net/nhom-nguoi-nga-bat-coc-dong-huong-o-mui-ne-4473316.html|https://i1-vnexpress.vnecdn.net/2022/06/07/bi-cao-du-khach-nga-cuop-tai-s-5853-5864-1654598359.jpg?w=300&h=180&q=100&dpr=1&fit=crop&s=DZYlrNSrhFiiCge6sNf6OA|BÌNH THUẬNKhlebostroev Konstantin, 25 tuổi, quốc tịch Nga, và 3 đồng phạm đi ôtô từ Đà Lạt xuống Phan Thiết bắt cóc đồng hương để đòi nợ, cướp tài sản.|pháp luật|vnexpress.net|unknow
Trưởng khoa Dược nhận hối lộ của Việt Á|https://vnexpress.net/truong-khoa-duoc-nhan-hoi-lo-cua-viet-a-4473358.html|https://i1-vnexpress.vnecdn.net/2022/06/07/sonla-1654605593-3946-1654605622.jpg?w=300&h=180&q=100&dpr=1&fit=crop&s=YB1Jp8RkSuPn2J4V5gqdkw|SƠN LAÔng Lò Văn Chiến, Trưởng khoa Dược Bệnh viện Đa khoa tỉnh Sơn La, bị bắt với cáo buộc nhận hối lộ của Công ty Việt Á khi thực hiện gói thầu.|pháp luật|vnexpress.net|unknow
Nghi can sát hại cha bị bắt|https://vnexpress.net/nghi-can-sat-hai-cha-bi-bat-4473351.html|https://i1-vnexpress.vnecdn.net/2022/06/07/gietcha-6678-1654604294.jpg?w=300&h=180&q=100&dpr=1&fit=crop&s=H2JTxf44f3qrM0_i-yrwyQ|TP HCMNguyễn Anh Khoa, 30 tuổi, khai đã sát hại cha ruột 72 tuổi là tiến sĩ, giảng viên đại học, vì xin tiền ông không cho.|pháp luật|vnexpress.net|unknow
Cựu Chủ tịch TP Hà Nội Chu Ngọc Anh bị bắt|https://vnexpress.net/cuu-chu-tich-ha-noi-chu-ngoc-anh-bi-bat-4473152.html|https://i1-vnexpress.vnecdn.net/2022/06/07/ChuNgcAnhJPG-1654577516-1358-1654579146.jpg?w=300&h=180&q=100&dpr=1&fit=crop&s=Kac_JW1cb1jH0Pv4DwnG8Q|Ông Chu Ngọc Anh bị khởi tố, tạm giam với cáo buộc có sai phạm về quản lý, sử dụng tài sản Nhà nước gây thất thoát, liên quan vụ án Việt Á.|pháp luật|vnexpress.net|unknow
Cựu Bộ trưởng Y tế Nguyễn Thanh Long bị bắt|https://vnexpress.net/cuu-bo-truong-y-te-nguyen-thanh-long-bi-bat-4473144.html|https://i1-vnexpress.vnecdn.net/2022/06/07/BotruongNguyenThanhLong4686165-2172-8837-1654603668.jpg?w=300&h=180&q=100&dpr=1&fit=crop&s=uZ4jHPoPkzgRjD7z_lknkg|HÀ NỘIKhoảng 9 tiếng sau khi bị cách chức và bãi nhiệm tư cách đại biểu Quốc hội, cựu Bộ trưởng Y tế Nguyễn Thanh Long bị khởi tố, tạm giam.|pháp luật|vnexpress.net|unknow
Câu đố: Thí sinh nào sát hại giám khảo?|https://vnexpress.net/cau-do-thi-sinh-nao-sat-hai-giam-khao-4473319.html|https://i1-vnexpress.vnecdn.net/2022/06/07/3-1654596866-8722-1654596885.jpg?w=300&h=180&q=100&dpr=1&fit=crop&s=J-3_psJQkY0L04B7EeZKwA|Giám khảo cuộc thi sắc đẹp bị tấn công ngay trên sân khấu khi mất điện đột ngột, bốn thí sinh đứng gần đó là nghi phạm, bạn hãy quan sát để tìm ra hung thủ.|pháp luật|vnexpress.net|unknow
Công an khám nhà ông Nguyễn Thanh Long, Chu Ngọc Anh|https://vnexpress.net/cong-an-den-nha-rieng-ong-nguyen-thanh-long-chu-ngoc-anh-4473270.html|https://i1-vnexpress.vnecdn.net/2022/06/07/Long-1654598798-2890-1654598902.jpg?w=300&h=180&q=100&dpr=1&fit=crop&s=DqkXNch5Kwmewh5lqyPZsA|HÀ NỘITối 7/6, công an, VKS đồng loạt khám xét nhà, nơi làm việc của ông Nguyễn Thanh Long, Chu Ngọc Anh do liên quan vụ án Việt Á.|pháp luật|vnexpress.net|unknow
Nghi án cha bị con sát hại|https://vnexpress.net/nghi-an-cha-bi-con-sat-hai-4473282.html|https://i1-vnexpress.vnecdn.net/2022/06/07/285467699316988986991598837299-4596-6668-1654593604.jpg?w=300&h=180&q=100&dpr=1&fit=crop&s=VvzAlbEwm9q3TXy7xk8tfA|TP HCMPhá cửa ngôi nhà ở quận Phú Nhuận, cảnh sát phát hiện giảng viên 72 tuổi tử vong với nhiều vết thương, trưa 7/6.|pháp luật|vnexpress.net|unknow
Ông Tất Thành Cang được đề nghị giảm án|https://vnexpress.net/ong-tat-thanh-cang-duoc-de-nghi-giam-an-4473258.html|https://i1-vnexpress.vnecdn.net/2022/06/07/tat-thanh-cang-phuc-tham-16545-9743-5155-1654591614.jpg?w=300&h=180&q=100&dpr=1&fit=crop&s=jMI18vAGASsYEBW3hufG6g|TP HCM_ Đại diện VKSND Cấp cao đề nghị HĐXX giảm từ 1 năm đến 1 năm 6 tháng tù đối với cựu phó bí thư Thành ủy Tất Thành Cang.|pháp luật|vnexpress.net|unknow
Truy sát người trong quán nhậu ở Sài Gòn|https://vnexpress.net/truy-sat-nguoi-trong-quan-nhau-o-sai-gon-4473204.html|https://i1-vnexpress.vnecdn.net/2022/06/07/danhnhau-2889-1654587912-16545-2924-7517-1654589249.jpg?w=300&h=180&q=100&dpr=1&fit=crop&s=mna5EvAZc5x1mPsDHAtbEQ|"Trần Văn Nghĩa, 27 tuổi, được bạn nhờ đi ""trả thù"" nên gọi nhóm bạn mang kiếm nhật, dao... xông vào quán nhậu đâm chém một người bị thương."|pháp luật|vnexpress.net|unknow
Tạt xăng đốt người can ngăn cự cãi|https://vnexpress.net/tat-xang-dot-nguoi-can-ngan-cu-cai-4473167.html|https://i1-vnexpress.vnecdn.net/2022/06/07/z34737477938519d3f605399fa7e90-8770-8102-1654581142.jpg?w=300&h=180&q=100&dpr=1&fit=crop&s=hYFSatIdTyFlsd7S2uUWDw|TIỀN GIANGTrần Ngọc Tân, 34 tuổi, bực tức người đàn ông đã can ngăn mình cãi nhau với mẹ, nên tạt xăng đốt ông này tử vong.|pháp luật|vnexpress.net|unknow
Kiến nghị điều tra gói thầu y tế của Cần Thơ liên quan Việt Á|https://vnexpress.net/kien-nghi-dieu-tra-goi-thau-y-te-cua-can-tho-lien-quan-viet-a-4473166.html|https://i1-vnexpress.vnecdn.net/2022/06/07/TRUNGAMKIEMSOATBENHTATCantho-1-4907-9692-1654581853.jpg?w=300&h=180&q=100&dpr=1&fit=crop&s=Th96LO3fXnSEmy7p2Y25_A|Thanh tra Cần Thơ kiến nghị lãnh đạo thành phố chuyển hồ sơ 7 gói thầu mua sắm vật tư, thiết bị y tế của Việt Á sang công an để điều tra dấu hiệu sai phạm.|pháp luật|vnexpress.net|unknow
Đào trộm cây cổ thụ hơn 100 tuổi ở ven đường|https://vnexpress.net/thue-xe-cau-trom-cay-co-thu-4473172.html|https://i1-vnexpress.vnecdn.net/2022/06/07/cayduoi1-1654583226-6520-16545-5214-2832-1654585301.jpg?w=300&h=180&q=100&dpr=1&fit=crop&s=BsYUB4CTjbJpMrtcONAheg|HÀ TĨNHBùi Văn Mạnh cùng 4 người đào trộm cây duối hơn 100 tuổi, chi 15 triệu đồng thuê xe cẩu chở từ huyện Hương Sơn ra Hòa Bình để bán kiếm lời.|pháp luật|vnexpress.net|unknow
Tìm nhà đầu tư bị thiệt hại vì cổ phiếu họ FLC|https://vnexpress.net/tim-dau-tu-bi-thiet-hai-khi-mua-ma-chung-khoan-ho-nha-flc-4473042.html|https://i1-vnexpress.vnecdn.net/2022/06/07/f6164856181896611291649150428-5627-1720-1654570287.jpg?w=300&h=180&q=100&dpr=1&fit=crop&s=ecEoMHhIlg6Rkw4jRsGzeg|Bộ Công an đang tìm các nhà đầu tư bị thiệt hại khi mua mã chứng khoán mà ông Trịnh Văn Quyết thao túng là FLC, ROS, ART, HAI, AMD, GAB.|pháp luật|vnexpress.net|unknow
149 nền biệt thự bị ông Tề Trí Dũng bán rẻ thế nào|https://vnexpress.net/149-nen-biet-thu-bi-ong-te-tri-dung-ban-re-the-nao-4472866.html|https://i1-vnexpress.vnecdn.net/2022/06/07/te-tri-dung-1654556752-1173-1654556769.jpg?w=300&h=180&q=100&dpr=1&fit=crop&s=ZlD7W_a68WTTolyo2YdeOA|TP HCMÔng Tề Trí Dũng cùng cấp dưới tại Sadeco đã chuyển nhượng cả trăm nền biệt thự với giá 8,1 triệu/m2; còn đất liên kế vườn là 16,8 triệu.|pháp luật|vnexpress.net|unknow
Mánh lừa tình nhiều phụ nữ của kẻ 'đào mỏ' đẹp trai|https://vnexpress.net/sieu-lua-doi-lot-diep-vien-4472857.html|https://i1-vnexpress.vnecdn.net/2022/06/06/cv3ty23tb5drlmdfe4qjwdq2ma-165-9188-2651-1654511600.jpg?w=300&h=180&q=100&dpr=1&fit=crop&s=6D-JPSmR0s8xmMqvWkYWcA|"ANHTrong 10 năm, Robert Hendy-Freegard tự xưng là điệp viên MI5 để lừa tiền, lợi dụng tình cảm nhiều nạn nhân, bị coi là kẻ ""dối trá, giỏi thuyết phục nhất""."|pháp luật|vnexpress.net|unknow
Quả rụng gây vỡ kính ôtô, người trồng có phải bồi thường?|https://vnexpress.net/qua-rung-gay-mop-oto-nguoi-trong-co-phai-boi-thuong-4472651.html|https://i1-vnexpress.vnecdn.net/2022/06/06/mitrungtrungxe2ngoisaovnw569h3-8905-3793-1654513170.jpg?w=300&h=180&q=100&dpr=1&fit=crop&s=RnhuO_tBnyT451xDDWxUDg|Em đậu ôtô bên đường, khi quay lại, thấy kính bị vỡ do cây sầu riêng chín của nhà dân rơi vào. Chủ nhà bảo em tự ý đậu xe ở đây nên không liên quan trách nhiệm.|pháp luật|vnexpress.net|unknow
Câu đố: Kẻ trộm giấu kim cương ở đâu?|https://vnexpress.net/cau-do-ke-trom-giau-kim-cuong-o-dau-4472861.html|https://i1-vnexpress.vnecdn.net/2022/06/07/anhcaudo-1654594314-5548-1654594320.jpg?w=300&h=180&q=100&dpr=1&fit=crop&s=B8GQ-FHeHCzypEbkocqjwQ|Nhân viên an ninh dùng máy quét cầm tay kiểm tra các khách hàng nhưng không tìm thấy viên kim cương bị mất. Bạn hãy suy luận để tìm ra thủ đoạn của kẻ gian.|pháp luật|vnexpress.net|unknow
Chủ ki-ốt bị đoạt mạng khi đang ngủ|https://vnexpress.net/chu-ki-ot-bi-doat-mang-khi-dang-ngu-4472834.html|https://i1-vnexpress.vnecdn.net/2022/06/06/281468699-2369492726685430-547-8847-9930-1654509380.jpg?w=300&h=180&q=100&dpr=1&fit=crop&s=tFk-k7fLw18evaSEYEUI8g|THANH HÓAAnh Mai Văn Sơn đang ngủ trong quầy hàng tại chợ đầu mối Đông Hương thì bị Trương Văn Tuấn đâm nhiều nhát khiến tử vong.|pháp luật|vnexpress.net|unknow
Khởi tố vụ án tại CDC Bạc Liêu liên quan Việt Á|https://vnexpress.net/khoi-to-vu-an-tai-cdc-bac-lieu-lien-quan-viet-a-4472841.html|https://i1-vnexpress.vnecdn.net/2022/06/06/KIEMSOATBENHTATBACLIEU2022-165-6217-6345-1654509695.jpg?w=300&h=180&q=100&dpr=1&fit=crop&s=_4ukgXtb3a6VbZnZaiAWPQ|Cơ quan điều tra xác định có dấu hiệu tội phạm trong việc Trung tâm Kiểm soát bệnh tật (CDC) tỉnh Bạc Liêu đấu thầu mua sinh phẩm, vật tư y tế của Công ty Việt Á.|pháp luật|vnexpress.net|unknow
Ông Tề Trí Dũng bị khởi tố vì bán 24.000 m2 đất giá 'bèo'|https://vnexpress.net/ong-te-tri-dung-bi-khoi-to-vi-ban-24-000-m2-dat-gia-beo-4472827.html|https://i1-vnexpress.vnecdn.net/2022/06/06/te-tri-dung-1654509095-3969-1654509101.jpg?w=300&h=180&q=100&dpr=1&fit=crop&s=3DLcltm5HhrGW7Q0JkohXQ|TP HCMCựu tổng giám đốc Sadeco Tề Trí Dũng và 3 người bị cáo buộc bán rẻ 149 nền đất (hơn 24.500 m2) tại dự án An Phú Tây, gây thiệt hại 120 tỷ đồng.|pháp luật|vnexpress.net|unknow
Tội phạm trả thù thẩm phán sau khi ra tù|https://vnexpress.net/tra-thu-tham-phan-sau-khi-ra-tu-4472649.html|https://i1-vnexpress.vnecdn.net/2022/06/06/judge-john-roemer-ap-01-165449-2840-4344-1654490591.jpg?w=300&h=180&q=100&dpr=1&fit=crop&s=D7g_2EUQDRV2IGrV7i6jvg|MỸDouglas Uhde đột nhập, sát hại người thẩm phán từng phạt tù mình, đồng thời lên kế hoạch khủng bố các quan chức chính phủ.|pháp luật|vnexpress.net|unknow
Tài xế taxi ăn trộm thẻ visa của khách ngủ quên|https://vnexpress.net/tai-xe-taxi-an-trom-the-visa-cua-khach-ngu-quen-4472669.html|https://i1-vnexpress.vnecdn.net/2022/06/06/cqun123-1654492569-8776-1654492720.jpg?w=300&h=180&q=100&dpr=1&fit=crop&s=iw9iAYN9UP9mlTF7c9Fk3A|HÀ NỘITài xế taxi Vũ Văn Quản lợi dụng lúc du khách người Hàn Quốc ngủ quên trên xe đã lấy đi 4 triệu đồng tiền mặt và thẻ visa.|pháp luật|vnexpress.net|unknow
Bố mẹ chồng sống trong bi kịch vì món nợ của con dâu|https://vnexpress.net/bo-me-chong-song-trong-bi-kich-vi-mon-no-cua-con-dau-4471694.html|https://i1-vnexpress.vnecdn.net/2022/06/06/bomechongbikhungbo-1654498161-5419-7397-1654498543.png?w=300&h=180&q=100&dpr=1&fit=crop&s=IPnlZaJXc_cievVmp-SS5w|HÀ NỘICon dâu bỏ đi sau khi vỡ nợ nhiều khoản vay tín dụng đen khiến vợ chồng ông An bị hơn 60 lượt côn đồ đến đòi tiền, chửi bới, tạt sơn, đe dọa...|pháp luật|vnexpress.net|unknow
Án mạng từ việc 'tiểu bậy'|https://vnexpress.net/an-mang-tu-viec-tieu-bay-4472420.html|https://i1-vnexpress.vnecdn.net/2022/06/06/286395139194135765274001867999-9012-9563-1654454101.jpg?w=300&h=180&q=100&dpr=1&fit=crop&s=EUaDqRtYdIKI07Dkal0RGg|TP HCMBà Phan Ngọc Lệ, 56 tuổi, bực tức vì nam thanh niên tiểu trước cửa nhà mình nên la mắng, dùng dao đâm anh này tử vong khi xảy ra xô xát.|pháp luật|vnexpress.net|unknow
Ông Tất Thành Cang: 'Tôi không sai phạm tại Sadeco'|https://vnexpress.net/ong-tat-thanh-cang-toi-khong-sai-pham-tai-sadeco-4472559.html|https://i1-vnexpress.vnecdn.net/2022/06/06/tat-thanh-cang-1-1654492543-6040-1654493303.jpg?w=300&h=180&q=100&dpr=1&fit=crop&s=cmNpD2Z4PO426Vn5nI7V7Q|"TP HCMCựu phó bí thư Thành ủy Tất Thành Cang cho rằng ""bút phê"" của mình không phải nguyên nhân dẫn đến sai phạm bán rẻ 9 triệu cổ phiếu của Sadeco."|pháp luật|vnexpress.net|unknow
Bi kịch chung chồng|https://vnexpress.net/bi-kich-chung-chong-cua-thieu-phu-4472369.html|https://i1-vnexpress.vnecdn.net/2022/06/05/1-5414-1632821561-1654428402-7648-1654429461.jpg?w=300&h=180&q=100&dpr=1&fit=crop&s=piFO0n7tztkzE6VUp09l2A|"TRUNG QUỐCSau hơn hai năm chịu cảnh chung chồng, thiếu phụ nhà quyền quý Đổng Ngọc Trinh mất tích sau ""cuộc gặp ba người""."|pháp luật|vnexpress.net|unknow
Dã tâm dụ chồng ngoại tình|https://vnexpress.net/da-tam-du-chong-ngoai-tinh-de-chiem-tai-san-4470364.html|https://i1-vnexpress.vnecdn.net/2022/05/31/e553deb937d843048135bc8b766c0a-8308-7999-1654014178.jpg?w=300&h=180&q=100&dpr=1&fit=crop&s=c8QTEzDyUePyyp_zsAdayA|MÔNG CỔTôn Thiệp muốn có lợi thế lúc chia tài sản nếu trình toà án chứng cứ chồng ngoại tình nên kỳ công lập mưu, thuê người dụ chồng sa ngã.|pháp luật|vnexpress.net|unknow
Cuộc truy tìm thanh niên cướp tài sản|https://vnexpress.net/cuoc-truy-tim-thanh-nien-cuop-tai-san-4472337.html|https://i1-vnexpress.vnecdn.net/2022/06/05/IMG0913JPG-1654422735-6932-1654422811.jpg?w=300&h=180&q=100&dpr=1&fit=crop&s=i6vtANY7bLuyv-tFxpocUQ|HÀ NỘITrinh sát Cục Cảnh sát hình sự nhiều đêm len lỏi các ngõ ngách ở Hà Nội lần theo dấu vết của nghi phạm cướp tài sản, trốn truy nã Vũ Quốc Dũng.|pháp luật|vnexpress.net|unknow
Câu đố: Ai sát hại người mẫu?|https://vnexpress.net/cau-do-ai-sat-hai-nguoi-mau-4472355.html|https://i1-vnexpress.vnecdn.net/2022/06/05/7-1654425818-8041-1654426047.jpg?w=300&h=180&q=100&dpr=1&fit=crop&s=YGhC3w68v94ZxGhbc0UE-w|Một người mẫu nổi tiếng chết trong nhà vệ sinh chỉ vài phút trước khi buổi trình diễn thời trang mở màn. Bạn hãy suy luận từ lời khai của ba nghi phạm xem ai là hung thủ.|pháp luật|vnexpress.net|unknow
Những chiêu trò 'hóa trang' khi trốn khỏi nhà tù|https://vnexpress.net/nhung-chieu-tro-hoa-trang-khi-tron-khoi-nha-tu-cua-toi-pham-4472300.html|https://i1-vnexpress.vnecdn.net/2022/06/05/prisonbreakjpeg42771654412532-5110-7501-1654420204.jpg?w=300&h=180&q=100&dpr=1&fit=crop&s=1ZXbHuL8bNrxzmyKy_2hyg|"Nhiều kẻ trốn trại giam trên thế giới đã dùng mánh ""thế thân"" với anh em sinh đôi; đánh tráo thân phận hay trốn trong valy để được mang ra ngoài... song đều bị phát hiện."|pháp luật|vnexpress.net|unknow
Người lừa hàng trăm sinh viên 'mua hàng trả góp' ra đầu thú|https://vnexpress.net/nguoi-lua-hang-tram-sinh-vien-mua-hang-tra-gop-ra-dau-thu-4472295.html|https://i1-vnexpress.vnecdn.net/2022/06/05/DUCCANTHO2022-1654406198-9909-1654406376.jpg?w=300&h=180&q=100&dpr=1&fit=crop&s=y-uQfUC_zattA8gmmW9yAw|CẦN THƠTrương Quang Anh Đức, 22 tuổi, ra đầu thú và thừa nhận đã lừa hàng trăm sinh viên đứng tên mua hàng trả góp để lấy doanh số, chiếm đoạt gần 4 tỷ đồng.|pháp luật|vnexpress.net|unknow
Sát hại người tình 16 tuổi|https://vnexpress.net/sat-hai-nguoi-tinh-16-tuoi-4472290.html|https://i1-vnexpress.vnecdn.net/2022/06/05/hientruong-4935-1654406521.jpg?w=300&h=180&q=100&dpr=1&fit=crop&s=VB7DA8wKCZgH6hdwR2ie1Q|"TP HCMNguyễn Huỳnh Ý, 17 tuổi, sang nhà ""vợ chưa cưới"" 16 tuổi, xảy ra cãi vã nên lấy dao sát hại cô."|pháp luật|vnexpress.net|unknow
TP HCM muốn tăng hình phạt với 'tín dụng đen'|https://vnexpress.net/tp-hcm-muon-tang-hinh-phat-voi-tin-dung-den-4472221.html|https://i1-vnexpress.vnecdn.net/2022/06/05/tatson-4803-1654301484-jpeg-9912-1654392137.jpg?w=300&h=180&q=100&dpr=1&fit=crop&s=j8eg8bN9Pm9dzVQfL1Vl6g|"Cho rằng lợi nhuận ""tín dụng đen"" mang lại quá lớn trong khi mức phạt tù 6 tháng đến 3 năm không đủ răn đe, thành phố đề xuất tăng hình phạt hành vi cho vay lãi nặng."|pháp luật|vnexpress.net|unknow
Bộ Công an truy quét các hacker tấn công ngân hàng|https://vnexpress.net/hacker-lay-cap-hang-tram-ty-dong-cua-nhieu-ngan-hang-lon-4472161.html|https://i1-vnexpress.vnecdn.net/2022/06/05/3695-3446-1634505650-165439418-7693-8609-1654394195.jpg?w=300&h=180&q=100&dpr=1&fit=crop&s=dRg2BnPSMg8Zbme6Lwx0XA|Tội phạm nước ngoài đã xâm nhập vào hệ thống máy chủ của một số ngân hàng thương mại lớn của Việt Nam để đánh cắp tiền trong tài khoản khách hàng.|pháp luật|vnexpress.net|unknow
Hàng trăm sinh viên kêu cứu vì 'sập bẫy mua hàng trả góp'|https://vnexpress.net/hang-tram-sinh-vien-keu-cuu-vi-sap-bay-mua-hang-tra-gop-4471850.html|https://i1-vnexpress.vnecdn.net/2022/06/03/SVCANTHO-1654255857-4236-1654255994.jpg?w=300&h=180&q=100&dpr=1&fit=crop&s=_ta7aaVisiVyeHozsBoulw|CẦN THƠĐược nam thanh niên nhờ đứng tên mua hàng trả góp để lấy doanh số cho công ty, hàng trăm sinh viên bỗng trở thành con nợ, liên tục bị gọi điện đe dọa đòi tiền.|pháp luật|vnexpress.net|unknow
Bất ngờ bị cấm xuất cảnh|https://vnexpress.net/bat-ngo-bi-cam-xuat-canh-4469645.html|https://i1-vnexpress.vnecdn.net/2022/06/01/kien-cuc-thi-hanh-an-165406983-2101-8677-1654070093.jpg?w=300&h=180&q=100&dpr=1&fit=crop&s=tzpcLvk3qFNWYhOrVJ-_MQ|TP HCMÔng Phan Đình Nhiên, 37 tuổi, ra sân bay đi Hàn Quốc thì bất ngờ được thông báo Cục thi hành án dân sự đã có lệnh tạm hoãn xuất cảnh với mình, năm 2018.|pháp luật|vnexpress.net|unknow
Chỉ chồng đóng bảo hiểm, vợ sinh con có được hưởng 'tiền tã lót'?|https://vnexpress.net/chi-chong-dong-bao-hiem-vo-sinh-con-co-duoc-huong-tien-ta-lot-4471849.html|https://i1-vnexpress.vnecdn.net/2022/06/03/1000-1654255917-2074-1654255955.jpg?w=300&h=180&q=100&dpr=1&fit=crop&s=OHH-4J9NkPytpe5W_st-Uw|Vợ tôi ở nhà nội trợ nên không đóng bảo hiểm, còn tôi thì đóng bảo hiểm xã hội bắt buộc liên tục từ năm 2015 đến nay. (Vân Tuấn)|pháp luật|vnexpress.net|unknow
Lời khai của kẻ phi tang xác con nợ vì khoản vay 5 triệu đồng|https://vnexpress.net/phi-tang-xac-nguoi-vay-tien-xuong-song-vi-khoan-no-5-trieu-dong-4472130.html|https://i1-vnexpress.vnecdn.net/2022/06/04/giet-nguoi-le-van-hoang-165434-3411-2102-1654344418.jpg?w=300&h=180&q=100&dpr=1&fit=crop&s=bX9cgc1PCux3BmZq3CwnLw|THANH HÓALê Văn Hoàng, 18 tuổi, khai dụ anh Phạm Đức Chung đến nhà rồi sát hại, ném thi thể trên sông Mã khi không được trả khoản vay 5 triệu đồng, bị cắt mọi liên lạc.|pháp luật|vnexpress.net|unknow
Hai mẹ con vận chuyển 10 bánh heroin trên kênh ở Sài Gòn|https://vnexpress.net/hai-me-con-van-chuyen-10-banh-heroin-tren-kenh-o-sai-gon-4472135.html|https://i1-vnexpress.vnecdn.net/2022/06/04/matuy-2506-1654347993.jpg?w=300&h=180&q=100&dpr=1&fit=crop&s=5W3uN2kowSWyCsepIYAmpg|Tống Thị Bạch Lan, 48 tuổi, cùng con trai nuôi mang theo 10 bánh heroin bằng đường thuỷ thì bị bắt quả tang trên kênh Tàu Hũ, quận 8, TP HCM.|pháp luật|vnexpress.net|unknow
Gần 20 người truy sát thiếu niên vì mâu thuẫn trên sân bóng|https://vnexpress.net/gan-20-nguoi-truy-sat-thieu-nien-vi-mau-thuan-tren-san-bong-4472101.html|https://i1-vnexpress.vnecdn.net/2022/06/04/truysat-9415-1654338420.jpg?w=300&h=180&q=100&dpr=1&fit=crop&s=tg1b_KPxr-VhiY513Yjckg|TP HCMMâu thuẫn trên sân bóng với một thiếu niên, Nguyễn Hoàng Thiên Lâm, 17 tuổi, rủ gần 20 người mang dao, thanh sắt đến chém cậu này trọng thương.|pháp luật|vnexpress.net|unknow
Chiếm tài khoản Facebook, lừa tiền tỷ|https://vnexpress.net/chiem-tai-khoan-facebook-lua-tien-ty-4472099.html|https://i1-vnexpress.vnecdn.net/2022/06/04/z34666639897061695c4d147b3cae8-6839-3467-1654336757.jpg?w=300&h=180&q=100&dpr=1&fit=crop&s=WjYrEF7qz4CBJvsN1yBT-Q|BÌNH PHƯỚCNguyễn Đức Thủy, 20 tuổi, và đồng phạm gửi tin nhắn chứa mã độc đánh cắp 300 tài khoản Facebook, rồi mạo danh hỏi vay tiền chiếm đoạt 1,2 tỷ đồng.|pháp luật|vnexpress.net|unknow
Tài xế say rượu tông ba người chết bị khởi tố|https://vnexpress.net/tai-xe-say-ruou-tong-ba-nguoi-chet-bi-khoi-to-4472078.html|https://i1-vnexpress.vnecdn.net/2022/06/04/thinh-1654333529-2158-16543335-6219-9178-1654334581.jpg?w=300&h=180&q=100&dpr=1&fit=crop&s=Z4GmFPyCUW0swxSFob-fIQ|BẮC GIANGTài xế Nguyễn Đức Thịnh, 35 tuổi, bị khởi tố với cáo buộc lái xe Audi trong tình trạng say rượu, hất tung một xe máy khiến ba người tử nạn.|pháp luật|vnexpress.net|unknow
Dừng cấp hộ chiếu cho người 'không cấp bách'|https://vnexpress.net/dung-cap-ho-chieu-neu-khong-cap-bach-ngay-1-7-se-cap-mau-moi-4472014.html|https://i1-vnexpress.vnecdn.net/2022/06/04/hochieu-1654316162-8268-1654316207.jpg?w=300&h=180&q=100&dpr=1&fit=crop&s=sdzmL3uYV-BA74xdrkpBjw|"Các địa điểm cấp hộ chiếu đều dán thông báo tạm dừng cấp theo mẫu cũ cho tới 1/7. Nhiều người không biết vẫn đến rồi ""tay không trở về""."|pháp luật|vnexpress.net|unknow
Lừa bán phần mềm đọc trộm tin nhắn|https://vnexpress.net/lua-ban-phan-mem-doc-trom-tin-nhan-4472017.html|https://i1-vnexpress.vnecdn.net/2022/06/04/tinnhn-1654314566-4262-1654314914.jpg?w=300&h=180&q=100&dpr=1&fit=crop&s=-Aqn_dejkU-af5te-BUfTw|Phùng Việt Hùng, 31 tuổi, rao bán phần mềm có thể đọc trộm tin nhắn và theo dõi điện người khác nhằm chiếm đoạt tiền.|pháp luật|vnexpress.net|unknow
Bị tạt sơn 'khủng bố' vì em gái vay tín dụng đen|https://vnexpress.net/bi-tat-son-khung-bo-vi-em-gai-vay-tin-dung-den-4471887.html|https://i1-vnexpress.vnecdn.net/2022/06/04/tatson-4803-1654301484.jpg?w=300&h=180&q=100&dpr=1&fit=crop&s=jTf9CatHrLiqmDTuXs_dmw|TP HCMNhà chị Ngọc, 35 tuổi, bị tạt sơn vì em gái vay tiền qua app của nhiều băng tín dụng đen rồi không có khả năng trả nợ.|pháp luật|vnexpress.net|unknow
Cách tính lương hưu khi tham gia bảo hiểm xã hội bắt buộc?|https://vnexpress.net/cach-tinh-tien-luong-huu-khi-tham-gia-bao-hiem-xa-hoi-bat-buoc-4471852.html|https://i1-vnexpress.vnecdn.net/2022/06/03/270647815113656746048446365074-8988-5290-1654256371.jpg?w=300&h=180&q=100&dpr=1&fit=crop&s=shcq2W7viGmMf6TtE4wt6A|Tôi làm việc cho công ty tư nhân từ năm 2012 và đóng bảo hiểm xã hội bắt buộc từ đó đến nay, nếu tôi tiếp tục tham gia đến khi nghỉ hưu thì cách tính tiền lương hưu là như thế nào? (Thanh Hiếu)|pháp luật|vnexpress.net|unknow
Chị em kiện nhau mảnh đất thừa kế|https://vnexpress.net/chi-em-kien-nhau-manh-dat-thua-ke-4471269.html|https://i1-vnexpress.vnecdn.net/2022/06/02/a-img-2015-copy-1654160530-6027-1654160552.jpg?w=300&h=180&q=100&dpr=1&fit=crop&s=L1maq0je8twfZQfCXY89rw|"QUẢNG BÌNHTranh chấp mảnh đất thừa kế 777 m2, 6 anh chị em không nhìn mặt, thậm chí nghĩ quẩn ""không biết điều tồi tệ gì sẽ xảy ra"" nếu sống gần nhau."|pháp luật|vnexpress.net|unknow
Kẻ giết con nợ phi tang xác xuống sông bị bắt|https://vnexpress.net/ke-giet-con-no-phi-tang-xac-xuong-song-bi-bat-4471875.html|https://i1-vnexpress.vnecdn.net/2022/06/03/giet-nguoi-le-van-hoang-165426-2861-9870-1654266686.jpg?w=300&h=180&q=100&dpr=1&fit=crop&s=COeohaBso2qAPLugfEg1Rw|THANH HÓANgày 3/6, công an tỉnh bắt nghi phạm Lê Văn Hoàng, 18 tuổi, để điều tra hành vi giết người, phi tang xác nạn nhân xuống sông Mã.|pháp luật|vnexpress.net|unknow
9 tháng bị cưỡng bức của thiếu nữ quên đóng cửa sổ|https://vnexpress.net/9-thang-ac-mong-cua-thieu-nu-bi-bat-coc-vi-quen-dong-cua-so-4471830.html|https://i1-vnexpress.vnecdn.net/2022/06/03/elizabeth-smart-veiled-1654253-2852-2300-1654253789.jpg?w=300&h=180&q=100&dpr=1&fit=crop&s=fqColLDDhQJHUPTtV4-dhQ|MỸSống trong sợ hãi vì bị cưỡng hiếp, dọa giết, Elizabeth Smart trở nên tê liệt, chỉ biết làm theo lời kẻ bắt cóc mà không cố gắng chạy trốn hoặc cầu cứu cảnh sát.|pháp luật|vnexpress.net|unknow
Nhân viên ngân hàng 'chiếm đoạt hơn 100 tỷ đồng'|https://vnexpress.net/nhan-vien-ngan-hang-chiem-doat-hon-100-ty-dong-4471839.html|https://i1-vnexpress.vnecdn.net/2022/06/03/z3464831798525d99438f6e9c18088-2914-7493-1654253569.jpg?w=300&h=180&q=100&dpr=1&fit=crop&s=nHUeUpS8EsGNtxg7I4ZYsQ|LÂM ĐỒNGNhân viên ngân hàng Hoàng Anh Trúc, 31 tuổi, đứng ra vay tiền nhiều người để cho khách đáo hạn nhưng sau đó mất khả năng trả nợ hơn 100 tỷ đồng.|pháp luật|vnexpress.net|unknow
Câu đố: Suy luận phá vụ án hung khí biến mất|https://vnexpress.net/cau-do-suy-luan-pha-vu-an-hung-khi-bien-mat-4471846.html|https://i1-vnexpress.vnecdn.net/2022/06/03/3-1654254785-3878-1654254834.jpg?w=300&h=180&q=100&dpr=1&fit=crop&s=lAWfLGqjmUKpFng8j82evg|Nữ ca sĩ chết vì một phát súng, hiện trường giống vụ tự tử nhưng không tìm thấy khẩu súng nào. Bạn hãy dựa trên lời khai và quan sát hình vẽ để xác định hung thủ.|pháp luật|vnexpress.net|unknow
Đường dây đánh bạc 90 triệu USD qua sàn SFX Capital bị triệt phá|https://vnexpress.net/Duong-day-danh-bac-90-trieu-usd-qua-san-sfx-capital-bi-triet-pha-4471819.html|https://i1-vnexpress.vnecdn.net/2022/06/03/2-1654250991-5275-1654250998.jpg?w=300&h=180&q=100&dpr=1&fit=crop&s=i8pzTlp0ejtKIlVpjUcq5w|HÀ NỘIĐường dây đánh bạc trên sàn SFX Capital có quy mô 90 triệu USD với hơn 18.000 tài khoản tham gia do Đào Minh Sáng, 38 tuổi, cầm đầu vừa bị xoá sổ.|pháp luật|vnexpress.net|unknow
Thi thể thanh niên 19 tuổi trong bao tải trôi sông|https://vnexpress.net/thi-the-trong-bao-tai-troi-song-la-thanh-nien-19-tuoi-4471768.html|https://i1-vnexpress.vnecdn.net/2022/06/03/thi-the-bao-tai-1654246724-776-9659-8732-1654247062.png?w=300&h=180&q=100&dpr=1&fit=crop&s=mOh_ebVd_E9k-TukEyGXAQ|THANH HÓANgày 3/6, cơ quan chức năng xác nhận thi thể trong bao tải trên sông Mã là anh Phạm Đức Chung, 19 tuổi. Nghi vấn đã xảy ra án mạng, phi tang xác liên quan việc vay nợ.|pháp luật|vnexpress.net|unknow
Khen thưởng tập thể, người dân tham gia bắt Triệu Quân Sự|https://vnexpress.net/khen-thuong-tap-the-nguoi-dan-tham-gia-bat-trieu-quan-su-4471727.html|https://i1-vnexpress.vnecdn.net/2022/06/03/dsc04813-1654243837-1654243853-7481-4384-1654244165.jpg?w=300&h=180&q=100&dpr=1&fit=crop&s=1N0eRzNCPAtEXD9_GsSAjA|THANH HÓAChủ tịch UBND tỉnh tặng phần thưởng và bằng khen cho người dân và công an xã Yên Dương sau cuộc vây bắt kẻ ba lần 'vượt ngục' Triệu Quân Sự.|pháp luật|vnexpress.net|unknow
Gần 20 người truy sát thiếu niên|https://vnexpress.net/gan-20-nguoi-truy-sat-thieu-nien-4471719.html|https://i1-vnexpress.vnecdn.net/2022/06/03/AnhchupManhinh20220603luc14534-1838-1147-1654243114.png?w=300&h=180&q=100&dpr=1&fit=crop&s=j-rvirvyQWAhDlq-mb8VQw|TP HCMGần 20 người đi xe máy cầm dao, thanh sắt xông vào quán nhậu ở quận Gò Vấp đánh chém tới tấp một thiếu niên.|pháp luật|vnexpress.net|unknow
Xô xát từ việc hát karaoke gây ồn hàng xóm|https://vnexpress.net/xo-xat-tu-viec-hat-karaoke-gay-anh-huong-tre-hoc-bai-4471574.html|https://i1-vnexpress.vnecdn.net/2022/06/03/a-1654226297-2591-1654226320.jpg?w=300&h=180&q=100&dpr=1&fit=crop&s=CmxEyUXLv97ztXLzyV8zHA|QUẢNG NAMPhan Tại Cửu bị phạt 7 năm 6 tháng tù do đánh người yêu cầu ngừng hát karaoke trong lúc có trẻ học bài.|pháp luật|vnexpress.net|unknow
Vướng lao lý vì đánh 'lâm tặc' trọng thương|https://vnexpress.net/vuong-lao-ly-vi-danh-lam-tac-trong-thuong-4471651.html|https://i1-vnexpress.vnecdn.net/2022/06/03/23F488A94F174D8194067195E8B3A9-5377-9446-1654238053.jpg?w=300&h=180&q=100&dpr=1&fit=crop&s=dyhpD7E6XPynnZ0Vi0IhqA|ĐĂK LĂKBị đánh khi ghi hình nhóm người cưa trộm gỗ, Đỗ Văn Tài, 25 tuổi, vớ cây rựa chém đối phương trọng thương.|pháp luật|vnexpress.net|unknow
Người mang 3 khẩu súng, nhiều viên đạn ra đường bị bắt|https://vnexpress.net/nguoi-mang-3-khau-sung-nhieu-vien-dan-ra-duong-bi-bat-4471647.html|https://i1-vnexpress.vnecdn.net/2022/06/03/sng-1654237511-9049-1654237544.jpg?w=300&h=180&q=100&dpr=1&fit=crop&s=2hTFl6GOm0yQ7TkCDbz2yQ|HÀ NỘIĐặng Ngọc Điệp, 44 tuổi, trong lúc xô xát tại quán ăn đã bị cảnh sát phát hiện tàng trữ 3 khẩu súng, cùng hàng chục viên đạn trong đó có K59 và AK.|pháp luật|vnexpress.net|unknow
Những người tại tịnh thất Bồng Lai sai phạm thế nào|https://vnexpress.net/nhung-nguoi-tai-tinh-that-bong-lai-sai-pham-the-nao-4471573.html|https://i1-vnexpress.vnecdn.net/2022/06/03/tinh-that-bong-lai-1-165423258-9917-9442-1654232795.jpg?w=300&h=180&q=100&dpr=1&fit=crop&s=xFx8kO3sbHuUsPk3kDIJog|LONG ANÔng Lê Tùng Vân, 90 tuổi, bị cáo buộc chỉ đạo nhiều người tại tịnh thất Bồng Lai dàn dựng các video có nội dung xuyên tạc, xúc phạm các tổ chức, cá nhân.|pháp luật|vnexpress.net|unknow
Người dân quật ngã hai tên cướp ở Sài Gòn|https://vnexpress.net/nguoi-dan-quat-nga-hai-ten-cuop-o-sai-gon-4471580.html|https://i1-vnexpress.vnecdn.net/2022/06/03/haitencuop-8602-1654228276.jpg?w=300&h=180&q=100&dpr=1&fit=crop&s=JttMJrcrevDSw4ysJG5pUw|Nguyễn Thanh Lợi, 22 tuổi, cùng đồng phạm giật iPhone 13 của người phụ nữ ở quận 8, TP HCM, rồi bỏ chạy nhưng bị người dân vây bắt.|pháp luật|vnexpress.net|unknow
11 nhóm phạm nhân sẽ không được lao động ngoài trại giam|https://vnexpress.net/11-nhom-pham-nhan-se-khong-duoc-lao-dong-ngoai-trai-giam-4471525.html|https://i1-vnexpress.vnecdn.net/2022/06/03/29c484ad5761973fce70-165422654-6246-5086-1654227041.jpg?w=300&h=180&q=100&dpr=1&fit=crop&s=VtR07u9wLyVVrrU_2ATOSg|Chính phủ đề xuất Quốc hội ban hành Nghị quyết thí điểm mô hình tổ chức dạy nghề cho phạm nhân ngoài trại giam Bộ Công an nhưng có 11 trường hợp không được áp dụng.|pháp luật|vnexpress.net|unknow
Dẫn độ - biện pháp dập tắt ảo tưởng trốn ra nước ngoài của tội phạm|https://vnexpress.net/dan-do-bien-phap-dap-tat-hy-vong-thoat-than-cua-toi-pham-quoc-te-4471141.html|https://i1-vnexpress.vnecdn.net/2022/06/03/dandotoipham-1654218467-3510-1654218623.jpg?w=300&h=180&q=100&dpr=1&fit=crop&s=7lR2w3lmOETR7NS5Yk_QtA|Trong hợp tác quốc tế xử lý tội phạm, dẫn độ là biện pháp điển hình giúp các quốc gia truy bắt những kẻ trốn ra nước ngoài hòng thoát sự trừng phạt của pháp luật.|pháp luật|vnexpress.net|unknow
Thủ tiêu nàng dâu vì 'danh dự gia đình'|https://vnexpress.net/am-muu-diet-tru-nang-dau-vi-danh-du-gia-dinh-4471337.html|https://i1-vnexpress.vnecdn.net/2022/06/02/collect-1654166594-3674-1654166644.jpg?w=300&h=180&q=100&dpr=1&fit=crop&s=Wdj779zp-M-cc5d9fX5enw|ANHCho rằng con dâu Surjit đòi ly hôn làm xấu mặt gia đình, bà Bachan triệu tập các con và tuyên bố 'phải loại bỏ' cô này.|pháp luật|vnexpress.net|unknow
Bán hàng nhái 'giá bình dân' ở chợ dân sinh, có bị phạt không?|https://vnexpress.net/ban-hang-nhai-gia-binh-dan-o-cho-dan-sinh-co-bi-phat-khong-4471032.html|https://i1-vnexpress.vnecdn.net/2022/06/02/161677892135113148193829077414-1978-8389-1654184617.jpg?w=300&h=180&q=100&dpr=1&fit=crop&s=C1bcQEFoeX84nwF4X8iz2g|Giày túi tại cửa hàng của em, khách đều biết đó là hàng nhái kiểu dáng của nhiều thương hiệu nổi tiếng thế giới nên giá chỉ vài chục, vài trăm nghìn đồng một sản phẩm.|pháp luật|vnexpress.net|unknow
Giả cảnh sát chặn đường, cướp tài sản|https://vnexpress.net/gia-canh-sat-chan-duong-cuop-tai-san-4471340.html|https://i1-vnexpress.vnecdn.net/2022/06/02/giacanhsat-1704-1654168425.jpg?w=300&h=180&q=100&dpr=1&fit=crop&s=ni8rDcLmah3r7NUT4obQYA|TP HCMNguyễn Ngọc Ngà, 17 tuổi, cùng đồng phạm xưng là cảnh sát, chặn đường thiếu niên để kiểm tra, còng tay rồi lấy tài sản.|pháp luật|vnexpress.net|unknow
Cô gái mất mạng sau lời cự tuyệt hôn nhân|https://vnexpress.net/co-gai-mat-mang-sau-loi-cu-tuyet-hon-nhan-4470738.html|https://i1-vnexpress.vnecdn.net/2022/06/01/31978cfe77ba488b8b1c33c669cb03-3251-5665-1654073492.jpg?w=300&h=180&q=100&dpr=1&fit=crop&s=UIpQld7Vb6mNQ1rDwt_fdw|TRUNG QUỐCBiết bạn trai đã có vợ, Lan cự tuyệt để không thành kẻ thứ ba tai tiếng. Long nài nỉ bất thành, từ si mê hoá hận thù.|pháp luật|vnexpress.net|unknow
Dùng xe cứu thương vận chuyển ma túy|https://vnexpress.net/dung-xe-cuu-thuong-van-chuyen-ma-tuy-4471375.html|https://i1-vnexpress.vnecdn.net/2022/06/02/xecapcuu-1654176536-5599-1654176830.jpg?w=300&h=180&q=100&dpr=1&fit=crop&s=ygACSPCj-LX8kXbTcmy6iQ|NGHỆ ANPhan Thành Lâm, 38 tuổi, bị bắt khi sử dụng xe cấp cứu để vận chuyển ma túy đi tiêu thụ.|pháp luật|vnexpress.net|unknow
Câu đố: Người đẹp nào là gián điệp?|https://vnexpress.net/cau-do-nguoi-dep-trong-thang-may-nao-la-gian-diep-4471344.html|https://i1-vnexpress.vnecdn.net/2022/06/02/quiz-3-copy-1654167531-4872-1654167781.jpg?w=300&h=180&q=100&dpr=1&fit=crop&s=NjEdwBMfQ3wjpr9y8bsCFw|Thám tử đang truy đuổi gián điệp thương mại và yêu cầu nhân viên bảo vệ chặn thang máy, nhưng hai cửa thang máy mở cùng lúc, bạn hãy giúp xác định ai là gián điệp.|pháp luật|vnexpress.net|unknow
Đánh chết người sau cơn giận bị ném đá|https://vnexpress.net/danh-chet-nguoi-sau-con-gian-bi-nem-da-4471312.html|https://i1-vnexpress.vnecdn.net/2022/06/02/43b3e9bcfb7d3b23626c-165416406-6344-3756-1654164066.jpg?w=300&h=180&q=100&dpr=1&fit=crop&s=d8OQX7_aYI36vAjxHZdASA|"QUẢNG NAMNguyễn Hữu Quốc Bảo đánh chết anh Hồ Quang Vũ dù không biết nạn nhân có tham gia nhóm ném ""mưa đá"" vào mình và chòi cá của gia đình hay không."|pháp luật|vnexpress.net|unknow
Mua hàng nghìn tài khoản ngân hàng để bán cho kẻ gian|https://vnexpress.net/mua-hang-nghin-tai-khoan-ngan-hang-de-ban-cho-ke-gian-4471291.html|https://i1-vnexpress.vnecdn.net/2022/06/02/images1742964IMG7184copy-16541-9195-1523-1654163503.jpg?w=300&h=180&q=100&dpr=1&fit=crop&s=pcI_lh_UJXicPBTcc6zp8g|NGHỆ ANLê Thế Trung, 37 tuổi, cùng đồng phạm mua, mượn, thuê hàng nghìn tài khoản ngân hàng rồi bán ra nước ngoài cho tổ chức tội phạm.|pháp luật|vnexpress.net|unknow
Hai gấu ngựa non bị mua bán trái phép|https://vnexpress.net/hai-gau-ngua-non-bi-mua-ban-trai-phep-4471247.html|https://i1-vnexpress.vnecdn.net/2022/06/02/gaungua-1654164166-9682-1654164170.jpg?w=300&h=180&q=100&dpr=1&fit=crop&s=jxfZ5OW95M8AlV6c_O5r0w|ĐIỆN BIÊNLò Văn Bua bị phát hiện mua trái phép hai con gấu ngựa non, tổng cộng khoảng 8 kg, chuẩn bị mang bán kiếm lời.|pháp luật|vnexpress.net|unknow
Thi thể bị trói tay trong bao tải trôi sông|https://vnexpress.net/thi-the-troi-tay-trong-bao-tai-troi-song-4471258.html|https://i1-vnexpress.vnecdn.net/2022/06/02/thi-the-bao-tai-1654159603-165-6586-9025-1654159748.png?w=300&h=180&q=100&dpr=1&fit=crop&s=S8eqHa5xd6ZYm7W8C8C9rw|THANH HÓANgười đàn ông khoảng 25-35 tuổi bị bỏ xác trong bao tải, hai tay và đầu bị quấn băng dính, được phát hiện trên sông Mã.|pháp luật|vnexpress.net|unknow
Công ty thoát nước phải bồi thường 8 triệu USD sau đợt lụt kỷ lục|https://vnexpress.net/cong-ty-thoat-nuoc-phai-boi-thuong-8-trieu-usd-sau-dot-lut-ky-luc-4471077.html|https://i1-vnexpress.vnecdn.net/2022/06/02/sjm-floodalert-0226-02-1654142-4821-1361-1654143082.jpg?w=300&h=180&q=100&dpr=1&fit=crop&s=7MKU1mUwAstRQ1-fnjh-0g|MỸHơn 5 năm sau đợt ngập lụt mưa lớn, công ty cấp thoát nước Santa Clara Valley tại bang California bị tòa tuyên bồi thường 8,25 triệu USD cho hơn 200 gia đình bị thiệt hại.|pháp luật|vnexpress.net|unknow
Giấu ma túy trong bỉm, sữa|https://vnexpress.net/giau-ma-tuy-trong-bim-sua-4471189.html|https://i1-vnexpress.vnecdn.net/2022/06/02/maty-1654154889-9241-1654154953.jpg?w=300&h=180&q=100&dpr=1&fit=crop&s=pueqjwSXD76f0C9Djkpsng|HÀ NỘIPhát hiện 4 kiện hàng gửi từ Cộng hòa Czech về Hà Nội nghi có ma túy ngụy trang trong bỉm, sữa, viên giặt, Cục Hải quan Hà Nội phối hợp bắt giữ.|pháp luật|vnexpress.net|unknow
Người phụ nữ 70 tuổi lập đường dây buôn ma tuý xuyên biên giới|https://vnexpress.net/nguoi-phu-nu-70-tuoi-lap-duong-day-buon-ma-tuy-xuyen-bien-gioi-4471076.html|https://i1-vnexpress.vnecdn.net/2022/06/02/ma-tuy-2-1654140904-1654140969-4734-1654141099.jpg?w=300&h=180&q=100&dpr=1&fit=crop&s=7ZyaR0ke-aiVJtw_I0X1Kg|THANH HÓAHoàng Thị Thái bị cáo buộc móc nối với nhiều nghi phạm khu vực biên giới sau đó vượt biên sang Lào mua ma tuý chuyển về tiêu thụ.|pháp luật|vnexpress.net|unknow
Cựu nhân viên ngân hàng làm lộ thông tin tài chính của khách|https://vnexpress.net/cuu-nhan-vien-ngan-hang-lam-lo-thong-tin-tai-chinh-cua-khach-4470985.html|https://i1-vnexpress.vnecdn.net/2022/06/02/a2-1654135037-2035-1654135071.jpg?w=300&h=180&q=100&dpr=1&fit=crop&s=5nlwgVsrbNMHUrSHkE0DbA|QUẢNG NAMBùi Văn Chương bị cáo buộc cung cấp tài khoản dữ liệu về khách hàng cho nhân viên công ty tài chính để nhóm này khai thác 1.300 lượt thông tin.|pháp luật|vnexpress.net|unknow
Nhiều tiệm vàng bị tráo nhẫn giả|https://vnexpress.net/nhieu-tiem-vang-bi-trao-nhan-gia-4470988.html|https://i1-vnexpress.vnecdn.net/2022/06/02/hoang2-1169-1654137058.jpg?w=300&h=180&q=100&dpr=1&fit=crop&s=hB58LoLdUcqi3cx5rxSufQ|TP HCMCác tiệm vàng nhận gia công nhẫn theo yêu cầu của Nguyễn Minh Hoàng, 37 tuổi, nhưng khi giao hàng đã bị người này đánh tráo hàng giả, viện cớ không nhận.|pháp luật|vnexpress.net|unknow
Án mạng nhiều manh mối làm khó cảnh sát|https://vnexpress.net/an-mang-nhieu-manh-moi-lam-kho-canh-sat-4470841.html|https://i1-vnexpress.vnecdn.net/2022/06/01/v2-7c4a85c58f9d2b0cdce734afe5c-2648-7005-1654079891.jpg?w=300&h=180&q=100&dpr=1&fit=crop&s=G4FWhK_FtsWDe6SXPTI3iw|TRUNG QUỐCSau cái chết thảm của bà chủ cửa hàng quần áo, cảnh sát phát hiện những mối quan hệ phức tạp của nạn nhân và danh sách nhiều kẻ tình nghi.|pháp luật|vnexpress.net|unknow
Đại úy công an 'xô xát vì chỗ đỗ ôtô' bị giáng chức|https://vnexpress.net/dai-uy-cong-an-xo-xat-vi-cho-do-oto-bi-giang-chuc-4470886.html|https://i1-vnexpress.vnecdn.net/2022/06/01/congandanhphunu98831649820920-2940-5809-1654093436.jpg?w=300&h=180&q=100&dpr=1&fit=crop&s=hu6_Vq5B9tMVecsyQ-9nhw|BÌNH DƯƠNGSau gần hai tháng xảy ra xô xát với cặp vợ chồng vì chỗ đỗ ôtô trong hẻm, đại úy Trần Xuân Phương bị giáng chức, điều chuyển công tác.|pháp luật|vnexpress.net|unknow
Trộm balô nhiều tài sản của du khách nước ngoài|https://vnexpress.net/trom-balo-nhieu-tai-san-cua-du-khach-nuoc-ngoai-4470888.html|https://i1-vnexpress.vnecdn.net/2022/06/01/xeom-5133-1654095003.jpg?w=300&h=180&q=100&dpr=1&fit=crop&s=n4WqGEhE_GN0a72qLPI2ZA|TP HCMXe ôm Nguyễn Văn Tươi, 33 tuổi, trong lúc dừng xe để du khách người Pháp vào cửa hàng mua đồ đã bất ngờ bỏ chạy cùng balô có nhiều tài sản của nạn nhân.|pháp luật|vnexpress.net|unknow
Chồng cuồng ghen với đồng nghiệp của vợ|https://vnexpress.net/ep-vo-sat-hai-dong-nghiep-vi-nghi-ngoai-tinh-4470848.html|https://i1-vnexpress.vnecdn.net/2022/06/01/220526-armando-barron-sentenci-9742-4073-1654081333.jpg?w=300&h=180&q=100&dpr=1&fit=crop&s=dx427yBveoPYPJ9xivAxdw|MỸArmando Barron nhận án tù chung thân sau khi dụ đồng nghiệp của vợ đến công viên, bắt vợ tham gia tội ác và phi tang xác.|pháp luật|vnexpress.net|unknow
Kẻ buôn ma túy chống trả làm công an trọng thương|https://vnexpress.net/ke-buon-ma-tuy-chong-tra-lam-cong-an-trong-thuong-4470872.html|https://i1-vnexpress.vnecdn.net/2022/06/01/vaybat-1654089592-9710-1654089966.jpg?w=300&h=180&q=100&dpr=1&fit=crop&s=A947ooc2Nde1XyoKV7GrtQ|NGHỆ ANBị vây bắt, hai kẻ buôn ma túy chống trả quyết liệt khiến một cán bộ công an huyện Quế Phong bị trúng đạn.|pháp luật|vnexpress.net|unknow
Đạo diễn lừng danh Hollywood vướng bê bối ấu dâm con gái nuôi|https://vnexpress.net/dao-dien-lung-danh-hollywood-lao-dao-sau-be-boi-au-dam-con-gai-nuoi-4470672.html|https://i1-vnexpress.vnecdn.net/2022/06/01/e4b8a66e-71d9-415c-8641-5a73df-7099-4686-1654069467.jpg?w=300&h=180&q=100&dpr=1&fit=crop&s=w0-03diid0ArCv1MsnUhGw|MỸTrên đỉnh cao sự nghiệp, ở tuổi 50, đạo diễn Woody Allen cùng lúc vướng hai vụ tai tiếng: cưới con gái nuôi kém 30 tuổi và bị con gái nuôi khác, mới 7 tuổi, tố lạm dụng tình dục.|pháp luật|vnexpress.net|unknow
Cuộc vây bắt kẻ 'vượt ngục' Triệu Quân Sự|https://vnexpress.net/cuoc-vay-bat-ke-vuot-nguc-trieu-quan-su-4470860.html|https://i1-vnexpress.vnecdn.net/2022/06/01/trieu-quan-su-1654084897-8025-1654085357.jpg?w=300&h=180&q=100&dpr=1&fit=crop&s=d00TkoRBMpzJJUKDSnlViQ|THANH HÓASau khi trốn trại, Triệu Quân Sự di chuyển hơn 30 km, định bắt xe khách về hướng Hà Nội thì bị người dân phát hiện, báo dân quân tự vệ khép vòng vây, khống chế.|pháp luật|vnexpress.net|unknow
Câu đố: Kẻ buôn lậu dùng thủ đoạn nào để giấu vàng?|https://vnexpress.net/cau-do-ke-buon-lau-dung-thu-doan-nao-de-giau-vang-4470845.html|https://i1-vnexpress.vnecdn.net/2022/06/01/3-1654080460-2982-1654080633.jpg?w=300&h=180&q=100&dpr=1&fit=crop&s=t4vApW16IF86JoFAUHYi5w|Cảnh sát khám xét xe của kẻ buôn lậu vàng xuyên biên giới nhưng không tìm thấy gì ngoài một thùng dầu. Bạn hãy quan sát hình vẽ để suy luận tìm ra chỗ giấu vàng.|pháp luật|vnexpress.net|unknow
Ôtô phóng nhanh làm nước tràn vào nhà, tôi có quyền bắt đền?|https://vnexpress.net/oto-phong-nhanh-lam-nuoc-tran-vao-nha-toi-co-quyen-bat-den-4470356.html|https://i1-vnexpress.vnecdn.net/2022/06/01/nuocngapoHNi-1654075680-8825-1654075698.jpg?w=300&h=180&q=100&dpr=1&fit=crop&s=Dx1VFT4B-LG1vAENf0FTeA|"Chiều 29/5, sau cơn mưa kỷ lục ở Hà Nội gây ngập sâu, nhiều gia đình đối phó bằng cách ""đắp đê"" trước cửa nhưng vẫn không ngăn được các ""làn sóng mạnh"" do ôtô phóng nhanh tạo ra."|pháp luật|vnexpress.net|unknow
Nghi can giật điện thoại của nữ sinh bị bắt|https://vnexpress.net/nghi-can-giat-dien-thoai-cua-nu-sinh-bi-bat-4470766.html|https://i1-vnexpress.vnecdn.net/2022/06/01/2022053106113200001207Still001-8329-6002-1654072988.jpg?w=300&h=180&q=100&dpr=1&fit=crop&s=JX5G4PQU4rVFFkhuE_ak2Q|BÌNH DƯƠNGNguyễn Phúc Vỹ, 15 tuổi, bị bắt sau một ngày cùng đồng phạm giật iPhone 13, trị giá khoảng 20 triệu đồng, của nữ sinh lớp 9.|pháp luật|vnexpress.net|unknow
Phạm nhân 'vượt ngục' Triệu Quân Sự bị bắt|https://vnexpress.net/trieu-quan-su-bi-bat-4470758.html|https://i1-vnexpress.vnecdn.net/2022/06/01/trieuquansbbattaithanhhoa-1654-7382-7502-1654075060.jpg?w=300&h=180&q=100&dpr=1&fit=crop&s=1oaLkWAB7mGeUHDbHNn3vw|THANH HÓAGần 15h hôm nay, Triệu Quân Sự, phạm nhân mang án chung thân, bị bắt tại xã Yên Dương, huyện Hà Trung, sau gần một ngày trốn khỏi trại giam quân đội T-974.|pháp luật|vnexpress.net|unknow
Ngày 20/6, tòa xét kháng cáo của ông Nguyễn Đức Chung|https://vnexpress.net/ngay-20-6-toa-xet-khang-cao-cua-ong-nguyen-duc-chung-4470490.html|https://i1-vnexpress.vnecdn.net/2022/06/01/ong-nguyen-duc-chung-jpg-4703-4995-9528-1654052145.jpg?w=300&h=180&q=100&dpr=1&fit=crop&s=djo91t22Cg3SZxQlL6DpiQ|HÀ NỘITAND Cấp cao sẽ xét kháng cáo kêu oan của cựu chủ tịch UBND Hà Nội Nguyễn Đức Chung trước cáo buộc công ty gia đình mua chế phẩm Redoxy-3C về bán cho thành phố.|pháp luật|vnexpress.net|unknow
Lập nhiều chốt truy tìm kẻ 'vượt ngục' Triệu Quân Sự|https://vnexpress.net/lap-nhieu-chot-chan-vay-bat-ke-vuot-nguc-trieu-quan-su-4470454.html|https://i1-vnexpress.vnecdn.net/2022/06/01/trieuquansu-1654053368-2327-1654053416.jpg?w=300&h=180&q=100&dpr=1&fit=crop&s=h3ISMWlwkeMHAtNJ2xBOnA|"THANH HÓAChính quyền lập nhiều chốt kiểm soát ở các tuyến giao thông trọng yếu, rà soát dân cư quanh khu vực Trại giam T-974 truy tìm Triệu Quân Sự - phạm nhân ba lần ""vượt ngục""."|pháp luật|vnexpress.net|unknow
Âm mưu 'giật dây' của người đàn bà chán chồng|https://vnexpress.net/am-muu-giat-day-tinh-nhan-tuoi-teen-cua-ke-chan-chong-4470328.html|https://i1-vnexpress.vnecdn.net/2022/05/31/imrs-php-1653994444-1951-1653994512.jpg?w=300&h=180&q=100&dpr=1&fit=crop&s=XvYnNhL8egrCB0Fdg9HOlA|MỸPamela Smart ép người tình 16 tuổi và dụ dỗ ba thiếu niên khác tham gia sát hại chồng với giá 500 USD, chỉ một năm sau ngày cưới.|pháp luật|vnexpress.net|unknow
Tù nhân Triệu Quân Sự lần thứ ba 'vượt ngục'|https://vnexpress.net/trieu-quan-su-lai-tron-trai-4470379.html|https://i1-vnexpress.vnecdn.net/2022/05/31/su-1206-1592493463-3950-159249-8904-1750-1654014253.jpg?w=300&h=180&q=100&dpr=1&fit=crop&s=lILBd-8dxJsLjLGLD5Q3-Q|THANH HÓATriệu Quân Sự bỏ trốn khi đang lĩnh án chung thân tại trại giam huyện Thạch Thành. Người dân địa phương được yêu cầu hạn chế ra khỏi nhà, đề phòng tình huống xấu.|pháp luật|vnexpress.net|unknow
Nhiều sếp bệnh viện bị phạt tù vì nâng giá máy giặt, máy sấy|https://vnexpress.net/nhieu-sep-benh-vien-bi-phat-tu-vi-nang-gia-may-giat-may-say-4470247.html|https://i1-vnexpress.vnecdn.net/2022/05/31/toaxuphatcabicao-1653987684-3197-1653997151.jpg?w=300&h=180&q=100&dpr=1&fit=crop&s=wj3ycWiCM65pyqXzliApHg|HÀ TĨNHMai Thị Hoa cùng 4 cựu giám đốc bệnh viện và 8 đồng phạm lĩnh hơn 48 năm tù vì nâng giá 5 bộ máy giặt, máy sấy từ 523 triệu đồng lên hơn 3 tỷ đồng.|pháp luật|vnexpress.net|unknow
Phóng viên thua kiện Chánh thanh tra Sở Thông tin và Truyền thông|https://vnexpress.net/phong-vien-thua-kien-chanh-thanh-tra-so-thong-tin-va-truyen-thong-4470340.html|https://i1-vnexpress.vnecdn.net/2022/05/31/HAOVATHANH-1653997079-2193-1653997257.jpg?w=300&h=180&q=100&dpr=1&fit=crop&s=UnhOWNCjebKOtNw0IAezZg|CẦN THƠTòa cho rằng phóng viên Châu Lê Anh Hào đăng 21 bài viết có những từ ngữ mỉa mai, giễu cợt... bị Sở Thông tin và Truyền thông xử phạt là có căn cứ.|pháp luật|vnexpress.net|unknow
Phó giám đốc Sở Tài nguyên và Môi trường bị điều tra nhận hối lộ|https://vnexpress.net/pho-giam-doc-so-tai-nguyen-va-moi-truong-bi-dieu-tra-nhan-hoi-lo-4470311.html|https://i1-vnexpress.vnecdn.net/2022/05/31/Thy-1653992191-7296-1653992334.jpg?w=300&h=180&q=100&dpr=1&fit=crop&s=wOVMQSwJuR9vJE_VZQXS5w|HÀ GIANGÔng Đặng Văn Thủy, 52 tuổi, Phó giám đốc Sở tài nguyên tỉnh, bị bắt với cáo buộc nhận hối lộ để dừng kiểm tra việc khai thác quặng trái phép.|pháp luật|vnexpress.net|unknow
Cách bệnh nhân mở 'tiệc ma túy' tại Bệnh viện Tâm thần|https://vnexpress.net/cach-benh-nhan-mo-tiec-ma-tuy-tai-benh-vien-tam-than-4470225.html|https://i1-vnexpress.vnecdn.net/2022/05/31/z32803176769910f832663d09c8ac9-3402-7035-1653987510.jpg?w=300&h=180&q=100&dpr=1&fit=crop&s=xYiqsON-XuwT7rRUXfME-w|"HÀ NỘIKẻ ba tiền án, tiền sự Nguyễn Xuân Quý chi 10 triệu đồng mỗi tháng để vô hiệu bác sĩ ở Bệnh viện Tâm thần Trung ương I khi mở ""tiệc ma túy"", theo cáo buộc của VKSND Hà Nội."|pháp luật|vnexpress.net|unknow
Camera an ninh: Nữ sinh bị giật điện thoại|https://vnexpress.net/camera-an-ninh-nu-sinh-bi-giat-dien-thoai-4470244.html|https://i1-vnexpress.vnecdn.net/2022/05/31/2022053106113200001207Still001-5177-9272-1653986083.jpg?w=300&h=180&q=100&dpr=1&fit=crop&s=NfCGwqbyB-St0e64lU1JQA|BÌNH DƯƠNGChờ mẹ đưa đi học, nữ sinh lớp 9 lấy điện thoại iPhone 13, trị giá khoảng 20 triệu đồng, ra soi gương thì bị hai thanh niên giật mất.|pháp luật|vnexpress.net|unknow
Thân chủ Việt kiều phải trả thưởng cho luật gia 68 tỷ đồng|https://vnexpress.net/than-chu-viet-kieu-phai-tra-thuong-cho-luat-gia-68-ty-dong-4470171.html|https://i1-vnexpress.vnecdn.net/2022/05/31/luat-gia-1-1653982050-8715-1653983377.jpg?w=300&h=180&q=100&dpr=1&fit=crop&s=B83obpjuGqJTg3ORlYB6dA|TP HCMTòa buộc những người thừa kế của mẹ con bà Khanh, Việt kiều, phải trả thưởng cho luật gia Đặng Đình Thịnh 68 tỷ đồng theo hợp đồng 15 năm trước.|pháp luật|vnexpress.net|unknow
Cục phó An ninh kinh tế làm Giám đốc Công an Quảng Bình|https://vnexpress.net/cuc-pho-an-ninh-kinh-te-lam-giam-doc-cong-an-quang-binh-4470128.html|https://i1-vnexpress.vnecdn.net/2022/05/31/a-giam-doc-cong-an-quang-binh-9887-6422-1653971793.jpg?w=300&h=180&q=100&dpr=1&fit=crop&s=DFt-j5S1Vtfzngqa36xqgA|Đại tá Nguyễn Hữu Hợp, 54 tuổi, Cục phó Cục An ninh kinh tế được bổ nhiệm làm Giám đốc Công an Quảng Bình, từ ngày 1/6.|pháp luật|vnexpress.net|unknow
Tài xế hành xử côn đồ sau mâu thuẫn 'đậu ôtô chắn cửa nhà'|https://vnexpress.net/tai-xe-hanh-xu-con-do-sau-mau-thuan-dau-oto-chan-cua-nha-4470167.html|https://i1-vnexpress.vnecdn.net/2022/05/31/b81b8ecbf2e332bd6bf2-165397834-4318-5742-1653978872.jpg?w=300&h=180&q=100&dpr=1&fit=crop&s=ttudZcyslI19wOBshN3lRg|HÀ NỘINguyễn Ngọc Thanh bị phạt 12 năm tù do đậu ôtô chắn cửa nhà dân hơn 4 giờ, phóng bỏ chạy dù có người đang bám vào nắp ca pô để yêu cầu anh ta ra nói chuyện.|pháp luật|vnexpress.net|unknow
Bé gái một tuổi tử vong vì 'bị đánh dập gan, phổi'|https://vnexpress.net/be-gai-mot-tuoi-tu-vong-vi-bi-danh-dap-gan-phoi-4470165.html|https://i1-vnexpress.vnecdn.net/2022/05/31/hientruong-3510-1653738438-5063-1653977470.jpg?w=300&h=180&q=100&dpr=1&fit=crop&s=sLbliY9Yxx1jJnIyRtCFDg|TP HCMHứa Thị Kim Trang, 21 tuổi, bị cơ quan điều tra xác định đã đánh vào bụng, ngực bé gái một tuổi gây tử vong do dập gan, phổi.|pháp luật|vnexpress.net|unknow
Thi thể nhiều vết thương trong chiếc thuyền thúng|https://vnexpress.net/thi-the-nhieu-vet-thuong-trong-thuyen-thung-4470081.html|https://i1-vnexpress.vnecdn.net/2022/05/31/thuyenthung-1653967680-7637-1653968311.jpg?w=300&h=180&q=100&dpr=1&fit=crop&s=a7r6BMLimlquNTuamVEa9Q|HÀ TĨNHNgư dân Trần Vĩnh Thức, 53 tuổi, được phát hiện chết trong thuyền thúng bên bên bờ biển huyện Cẩm Xuyên, có nhiều vết thương.|pháp luật|vnexpress.net|unknow
Có nên cho 'mượn tên' để đăng ký giấy phép kinh doanh?|https://vnexpress.net/co-nen-cho-muon-ten-de-dang-ky-giay-phep-kinh-doanh-4469900.html|https://i1-vnexpress.vnecdn.net/2022/05/30/condaudoanhnghiep1442286184-16-2389-5762-1653923728.jpg?w=300&h=180&q=100&dpr=1&fit=crop&s=QqLNWbHeEG5DL2OFjiJS5w|Anh họ thành lập công ty, nói cần có hai người nên đưa tên em vào giấy phép kinh doanh, ghi góp vốn 100 triệu đồng, dù em không đóng góp, không cùng tham gia kinh doanh|pháp luật|vnexpress.net|unknow
Hàng trăm bức tranh ẩn chứa lời thú tội của kẻ sát nhân|https://vnexpress.net/nhung-buc-tranh-thu-toi-cua-ke-sat-nhan-4469820.html|https://i1-vnexpress.vnecdn.net/2022/05/31/buctranh-1653964403-1653964424-4345-1653964430.jpg?w=300&h=180&q=100&dpr=1&fit=crop&s=dlPs318vCEfxFJb_f8Y0CQ|ANHCảnh sát khám phá ra manh mối về những vụ giết người ghê rợn được giấu trong hơn 300 bức tranh và bài thơ của John Sweeney.|pháp luật|vnexpress.net|unknow
Đi trả thù, ba anh em vướng lao lý|https://vnexpress.net/di-tra-thu-ba-anh-em-vuong-lao-ly-4469985.html|https://i1-vnexpress.vnecdn.net/2022/05/31/E5127CE50D1646ED870FD6A9B40795-9961-5376-1653960764.jpg?w=300&h=180&q=100&dpr=1&fit=crop&s=1BWPmC5k0o3Z1uVo1Nv65A|ĐĂK LĂKMâu thuẫn trong lúc chơi bida, Định Xuân Tuẩn, 34 tuổi, chạy về gọi anh và em trai đi tìm đối thủ trả thù, đánh nạn nhân gục tại chỗ.|pháp luật|vnexpress.net|unknow
Đội lốt đại gia, lừa đảo 10 triệu USD qua Tinder|https://vnexpress.net/doi-lot-dai-gia-lua-dao-10-trieu-usd-qua-tinder-4469252.html|https://i1-vnexpress.vnecdn.net/2022/05/29/tinder-1653760815-8989-1653762665.jpg?w=300&h=180&q=100&dpr=1&fit=crop&s=snrpEJ6pmvVuF68U-qwGMg|Giả danh là con trai tỷ phú kim cương, Simon Leviev hẹn hò với nhiều phụ nữ trên Tinder, hắn bịa chuyện khiến hàng loạt cô gái chuyển hàng triệu USD.|pháp luật|vnexpress.net|unknow
Cựu chủ tịch quận Liên Chiểu bị điều tra nhận hối lộ 300 triệu đồng|https://vnexpress.net/cuu-chu-tich-quan-lien-chieu-bi-dieu-tra-nhan-hoi-lo-300-trieu-dong-4469912.html|https://i1-vnexpress.vnecdn.net/2022/05/30/hung-1653927005-9373-1653927037.jpg?w=300&h=180&q=100&dpr=1&fit=crop&s=tIyyO9mejuyriZTTkVsBZw|ĐÀ NẴNGÔng Đàm Quang Hưng, cựu chủ tịch UBND quận Liên Chiểu, bị bắt để điều tra nghi vấn nhận tiền của dân muốn làm sổ đỏ.|pháp luật|vnexpress.net|unknow
Công chứng sai giúp người phụ nữ lừa 13 tỷ đồng|https://vnexpress.net/cong-chung-sai-giup-nguoi-phu-nu-lua-13-ty-dong-4469866.html|https://i1-vnexpress.vnecdn.net/2022/05/30/bi-cao-phi-van-thanh-jpg-16539-6537-7234-1653914651.jpg?w=300&h=180&q=100&dpr=1&fit=crop&s=ZsWNF25c4c8UKZ4Q8BELKQ|BÌNH THUẬNÔng Phí Văn Thành, Trưởng Văn phòng Công chứng Tiến Đạt, làm sai quy trình công chứng, gián tiếp giúp người phụ nữ lừa đảo 13 tỷ đồng.|pháp luật|vnexpress.net|unknow
Mất mạng khi trêu tức người tình|https://vnexpress.net/mat-mang-khi-treu-tuc-nguoi-tinh-4469189.html|https://i1-vnexpress.vnecdn.net/2022/05/28/4eefa62a85274697b35e4aa78915d9-5189-1288-1653734928.png?w=300&h=180&q=100&dpr=1&fit=crop&s=WbaV9qKtKuHB_P6AYCfCbw|TRUNG QUỐCChuẩn bị tính chuyện cưới nhưng Quyên và Dương cắt liên lạc vì giận dỗi chuyện mua quà biếu bố mẹ. Bi kịch bùng lên khi cô nói đã qua đêm với người khác.|pháp luật|vnexpress.net|unknow
Phóng viên kiện Chánh thanh tra Sở Thông tin và Truyền thông|https://vnexpress.net/phong-vien-kien-chanh-thanh-tra-so-thong-tin-va-truyen-thong-4469853.html|https://i1-vnexpress.vnecdn.net/2022/05/30/ONGHAOTAIPHIENTOA-1653906603-3326-1653906853.jpg?w=300&h=180&q=100&dpr=1&fit=crop&s=dergL71COLCrIimCk9-xBg|CẦN THƠPhóng viên Châu Lê Anh Hào cho rằng mình viết Facebook có nội dung chính là chia sẻ các thông tin trên báo nhưng bị xử phạt là vô lý nên khởi kiện.|pháp luật|vnexpress.net|unknow
Kiện thân chủ Việt kiều đòi 113 tỷ đồng hứa thưởng|https://vnexpress.net/luat-gia-kien-than-chu-doi-113-ty-dong-hua-thuong-4469763.html|https://i1-vnexpress.vnecdn.net/2022/05/30/lua-su-kien-hop-dong-hua-thuon-5614-4577-1653907379.jpg?w=300&h=180&q=100&dpr=1&fit=crop&s=96tSK1eEqxY6asKmAZh33w|TP HCMLuật gia Đặng Đình Thịnh yêu cầu những người thừa kế của thân chủ cũ là Việt kiều, phải trả 113 tỷ đồng theo hợp đồng hứa thưởng đòi nhà hơn 10 năm trước.|pháp luật|vnexpress.net|unknow
Câu đố: Tìm hung thủ từ dòng chữ trên tấm gương|https://vnexpress.net/cau-do-tim-hung-thu-gay-an-trong-nha-guong-4469850.html|https://i1-vnexpress.vnecdn.net/2022/05/30/3-1653905610-1960-1653905684.jpg?w=300&h=180&q=100&dpr=1&fit=crop&s=yHVLGujnOExIHIIHfNCslQ|Bạn hãy quan sát kỹ manh mối nạn nhân để lại và suy luận tìm ra thủ phạm.|pháp luật|vnexpress.net|unknow
Cấp đao, kiếm cho bạn đi chém đối thủ|https://vnexpress.net/cap-dao-kiem-cho-ban-di-chem-doi-thu-4469594.html|https://i1-vnexpress.vnecdn.net/2022/05/30/Thanh01-1653879369-6068-1653879835.jpg?w=300&h=180&q=100&dpr=1&fit=crop&s=LqwUhwqsF22bZZgSgqkPUQ|QUẢNG NAMPhan Văn Thanh và đồng phạm bị cáo buộc cung cấp nhiều đao, mã tấu cho bạn chém ba người gây thương tích.|pháp luật|vnexpress.net|unknow
Công an Lâm Đồng có giám đốc mới|https://vnexpress.net/cong-an-lam-dong-co-giam-doc-moi-4469637.html|https://i1-vnexpress.vnecdn.net/2022/05/30/MG1791JPG-1653883771-8390-1653884007.jpg?w=300&h=180&q=100&dpr=1&fit=crop&s=2I7tgcev4iiA7mL5H5uB1Q|Đại tá Trương Minh Đương, 46 tuổi, quê Cà Mau, giữ chức Giám đốc Công an tỉnh Lâm Đồng từ ngày 30/6.|pháp luật|vnexpress.net|unknow
Cựu tổng giám đốc DongA Bank Trần Phương Bình bị điều tra vụ án thứ tư|https://vnexpress.net/cuu-tong-giam-doc-donga-bank-tran-phuong-binh-bi-dieu-tra-vu-an-thu-tu-4469632.html|https://i1-vnexpress.vnecdn.net/2022/05/30/tranphuongbinh2226159315236366-2805-5107-1653882590.jpg?w=300&h=180&q=100&dpr=1&fit=crop&s=MozAUM6pURIl8AAMdRLegw|"Ông Trần Phương Bình, Cựu tổng giám đốc Ngân hàng Đông Á, bị khởi tố trong vụ án thứ tư với cáo buộc vi phạm khi cho vay khiến doanh nghiệp ""sa lầy"" trong nợ xấu hơn nghìn tỷ đồng."|pháp luật|vnexpress.net|unknow
Nghi phạm giết 3 người ở Phú Yên: 'Tôi bị ngăn cản thăm con'|https://vnexpress.net/nghi-pham-giet-3-nguoi-toi-bi-ngan-can-tham-con-4469493.html|https://i1-vnexpress.vnecdn.net/2022/05/30/hai-3763-1653870450.jpg?w=300&h=180&q=100&dpr=1&fit=crop&s=69oc5NQnUmP87-ktFBrtIQ|"Đoàn Minh Hải, 34 tuổi, khai động cơ sát hại 3 người trong gia đình vợ cũ ở thị xã Đông Hoà, Phú Yên, là ""nhiều lần thăm con đều bị ngăn cản"" nên nảy sinh thù hận."|pháp luật|vnexpress.net|unknow
Tin nhắn kỳ lạ giúp cảnh sát 'đọc vị' ra kẻ giết người|https://vnexpress.net/tin-nhan-cau-cuu-ky-la-khien-ke-bat-coc-lo-tay-4468921.html|https://i1-vnexpress.vnecdn.net/2022/05/27/1464312013825-1653646791-8060-1653646859.jpg?w=300&h=180&q=100&dpr=1&fit=crop&s=zWel-va0a_3YfihRIOFRww|TRUNG QUỐCChỉ trong 7 ngày, ba thiếu niên ở thành phố Đan Giang Khẩu, tỉnh Hồ Bắc, lần lượt biến mất bí ẩn.|pháp luật|vnexpress.net|unknow
Nghi can sát hại ba người trong gia đình bị bắt|https://vnexpress.net/nghi-can-sat-hai-ba-nguoi-trong-gia-dinh-bi-bat-4469455.html|https://i1-vnexpress.vnecdn.net/2022/05/29/doan-minh-hai-1653835016-2364-1653835260.jpg?w=300&h=180&q=100&dpr=1&fit=crop&s=NcKwcrmfGrDZSVKvQitYEQ|PHÚ YÊNĐoàn Minh Hải, 34 tuổi, nghi can sát hại 3 người trong gia đình vợ cũ bị Cục cảnh sát Hình sự Bộ Công an bắt khi đang lẩn trốn tại Sài Gòn.|pháp luật|vnexpress.net|unknow
Câu đố: Nạn nhân bắt cóc nên làm gì để tự cứu?|https://vnexpress.net/cau-do-nan-nhan-bat-coc-nen-lam-gi-de-tu-cuu-4469435.html|https://i1-vnexpress.vnecdn.net/2022/05/29/10-1653821927-5242-1653821948.jpg?w=300&h=180&q=100&dpr=1&fit=crop&s=BoQwRV6Mq1jfOqnU3ETUpA|Bạn hãy dựa trên các dữ liệu có sẵn và suy luận để giúp nạn nhân đưa ra lựa chọn hợp lý nhất.|pháp luật|vnexpress.net|unknow
100 tội ác của công tử nhà giàu được nuông chiều quá mức|https://vnexpress.net/100-toi-ac-cua-cong-tu-nha-giau-duoc-nuong-chieu-qua-muc-4469092.html|https://i1-vnexpress.vnecdn.net/2022/05/28/shutterstock-7234031c-jpeg-165-1793-4954-1653710312.jpg?w=300&h=180&q=100&dpr=1&fit=crop&s=h1pDhKIrb_QfZW_VdxdXPQ|"PAKISTANJaved Iqbal là ""ông hoàng"" được nuông chiều từ nhỏ, khi mắc lỗi đều được cha dùng thế lực bảo hộ. Lúc mất mọi thứ, hắn quyết trả thù đời theo cách tàn ác nhất."|pháp luật|vnexpress.net|unknow
Ba người trong gia đình bị sát hại|https://vnexpress.net/ba-nguoi-trong-gia-dinh-tu-vong-nghi-bi-sat-hai-4469356.html|https://i1-vnexpress.vnecdn.net/2022/05/29/hien-truong-vu-an-1653800588-9911-1653800973.jpg?w=300&h=180&q=100&dpr=1&fit=crop&s=fSvdCUTsNt1GC6_TL3zE5g|PHÚ YÊNVợ chồng ông Nguyễn Cu, 60 tuổi, cùng con gái 28 tuổi tử vong trong căn nhà ở thị xã Đông Hòa.|pháp luật|vnexpress.net|unknow
Nạn 'tống tiền tình dục' nhằm vào trẻ em ở Mỹ|https://vnexpress.net/nan-tong-tien-tinh-duc-nham-vao-tre-em-o-my-4469345.html|https://i1-vnexpress.vnecdn.net/2022/05/29/1297402-1653797839-1653797847-3578-1653798525.jpg?w=300&h=180&q=100&dpr=1&fit=crop&s=VPVw7qmj8BaYYWy-IM26AA|Qua mạng xã hội, kẻ gian đóng giả các cô gái, lừa nam sinh trong độ tuổi 14-17 gửi hình ảnh khiêu dâm rồi tống tiền.|pháp luật|vnexpress.net|unknow
Có nên cho mượn địa chỉ nhà để đăng ký văn phòng công ty?|https://vnexpress.net/co-nen-cho-muon-dia-chi-nha-de-dang-ky-van-phong-cong-ty-4468898.html|https://i1-vnexpress.vnecdn.net/2022/05/27/doisangcccdcocanthaydoithongti-3170-7421-1653645768.jpg?w=300&h=180&q=100&dpr=1&fit=crop&s=vUxN2giP0sjVW4YB_oK0cw|Chị họ mở công ty về xây dựng, thiết kế nhưng không có nhà ở thành phố nên muốn mượn địa chỉ nhà anh Chính làm đăng ký địa chỉ văn phòng đại diện.|pháp luật|vnexpress.net|unknow
Hai thanh niên bốc đầu xe máy bị phạt hơn 8 triệu đồng|https://vnexpress.net/hai-thanh-nien-boc-dau-xe-may-bi-phat-hon-8-trieu-dong-4469291.html|https://i1-vnexpress.vnecdn.net/2022/05/29/bocdauxemay-1653788573-4990-1653790195.jpg?w=300&h=180&q=100&dpr=1&fit=crop&s=DIYfti1tzbmNJ7dk4tIufw|"HÀ TĨNHHai thanh niên 17 tuổi bị phạt hơn 8 triệu đồng vì không đội mũ bảo hiểm, lái xe máy bốc đầu trước trụ sở công an huyện để ""thể hiện cá tính""."|pháp luật|vnexpress.net|unknow
Phá két tiệm vàng, trộm một tỷ đồng trang sức|https://vnexpress.net/pha-ket-tiem-vang-trom-mot-ty-dong-trang-suc-4469275.html|https://i1-vnexpress.vnecdn.net/2022/05/29/doituong-1653784221-5173-1653784226.jpg?w=300&h=180&q=100&dpr=1&fit=crop&s=aXA_Cwa067imGGeEnQwCzg|QUẢNG NAMTrần Nhật Minh, 25 tuổi đột nhập vào tiệm vàng, phá két sắt lấy trộm trang sức trị giá khoảng một tỷ đồng.|pháp luật|vnexpress.net|unknow
Bác sĩ quyết phá án dù phải lén khai quật tử thi|https://vnexpress.net/bac-si-quyet-pha-an-du-phai-len-khai-quat-tu-thi-4468439.html|https://i1-vnexpress.vnecdn.net/2022/05/26/james-williams-exhumed-201-165-6346-6800-1653559238.jpg?w=300&h=180&q=100&dpr=1&fit=crop&s=67NHkyl4u0PjOFc1aJ3MJw|"MỸSau gần 4 năm bế tắc điều tra, cảnh sát tìm ra thủ phạm nhờ bác sĩ pháp y ""vượt rào"", bất chấp hậu quả khi khai quật bất hợp pháp thi thể nạn nhân tìm chứng cứ."|pháp luật|vnexpress.net|unknow
Hai vợ chồng mua hổ nấu cao|https://vnexpress.net/hai-vo-chong-mua-ho-nau-cao-4469220.html|https://i1-vnexpress.vnecdn.net/2022/05/28/ho-nau-cao-2-1653746423-165374-2529-6417-1653746707.jpg?w=300&h=180&q=100&dpr=1&fit=crop&s=xoUNtqpzHFWI6Zo09UUgng|THANH HÓAVợ chồng ông Đỗ Văn Lấn mua con hổ giá 130 triệu đồng từ Nghệ An mang về quê định nấu cao bán kiếm lời thì bị cảnh sát bắt giữ.|pháp luật|vnexpress.net|unknow
Bé gái một tuổi bị người giữ trẻ 'đánh tử vong'|https://vnexpress.net/be-gai-mot-tuoi-bi-nguoi-giu-tre-danh-tu-vong-4469206.html|https://i1-vnexpress.vnecdn.net/2022/05/28/hientruong-3510-1653738438.jpg?w=300&h=180&q=100&dpr=1&fit=crop&s=oWRZFZghz6cIQgzcI9PWbg|TP HCMBé gái một tuổi được người giữ trẻ đưa đi cấp cứu nhưng không qua khỏi, thi thể có nhiều vết thương.|pháp luật|vnexpress.net|unknow
Câu đố: Suy luận phá âm mưu sát nhân trong bữa tiệc|https://vnexpress.net/cau-do-suy-luan-pha-am-muu-sat-nhan-trong-bua-tiec-4469199.html|https://i1-vnexpress.vnecdn.net/2022/05/28/9-1653736073-1666-1653736122.jpg?w=300&h=180&q=100&dpr=1&fit=crop&s=5SDOlR8X5Nzkj0MJ0OBJzQ|Bạn hãy dựa trên các dữ liệu có sẵn để tìm ra thủ phạm sát hại chủ nhân bữa tiệc.|pháp luật|vnexpress.net|unknow
Cuộc hẹn hò định mệnh trên biển|https://vnexpress.net/cuoc-hen-ho-dinh-menh-tren-bien-4468441.html|https://i1-vnexpress.vnecdn.net/2022/05/27/taubien-1653624143-2682-1653624169.jpg?w=300&h=180&q=100&dpr=1&fit=crop&s=T_BwjXhYuvOPKIMG7wJtPA|INDONESIASau vụ mất tích của bạn gái trong lúc lặn biển, Sunny bị kết tội mưu sát, phạt treo cổ dù không có bằng chứng vật chất và thi thể nạn nhân không được tìm thấy.|pháp luật|vnexpress.net|unknow
Ném đồ vật từ chung cư xuống có bị xử phạt không?|https://vnexpress.net/nem-do-vat-tu-chung-cu-xuong-co-bi-xu-phat-khong-4467862.html|https://i1-vnexpress.vnecdn.net/2022/05/26/nemdoquabancong1-1653476277-2153-1653535420.jpg?w=300&h=180&q=100&dpr=1&fit=crop&s=RcV7th66Jf8cJRTCvyss-g|Hai hôm trước tôi dắt con xuống sân chung cư chơi. Cháu đang đạp xe thì bị một chai nước rơi từ trên cao xuống, sượt qua đầu. (Thu Ba)|pháp luật|vnexpress.net|unknow
Đời bất hạnh của người phụ nữ yêu nhầm kẻ vũ phu|https://vnexpress.net/cha-gia-ganh-kho-thay-con-gai-bat-hanh-4467615.html|https://i1-vnexpress.vnecdn.net/2022/05/27/img-1101-jpg-1653641651-165364-2431-6912-1653641952.jpg?w=300&h=180&q=100&dpr=1&fit=crop&s=gNisVNw3qvkJO0fGnfEJ7w|"HÀ NỘIGạt lời khuyên cản của bố, quyết lấy người nhiều tai tiếng, Hà nói ""đau khổ tự chịu"", không ngờ phải đánh đổi cả mạng sống, bỏ lại ba con nhỏ bơ vơ cho cha già."|pháp luật|vnexpress.net|unknow
Công an chưa phát hiện người lạ vào căn hộ có bốn người chết ở Hà Nội|https://vnexpress.net/cong-an-chua-phat-hien-nguoi-la-vao-can-ho-co-bon-nguoi-chet-o-ha-noi-4469058.html|https://i1-vnexpress.vnecdn.net/2022/05/28/tuvong-1653701449-6318-1653701459.jpg?w=300&h=180&q=100&dpr=1&fit=crop&s=mF-Y1B6nXKihdccki1ia6w|Hai ngày trước khi 4 người được phát hiện tử vong, hệ thống camera chung cư chưa ghi nhận người lạ vào căn hộ, gia chủ không ra ngoài, theo Công an Hà Nội.|pháp luật|vnexpress.net|unknow
Hơn 60 người chơi ma tuý trong quán bar ở Sài Gòn|https://vnexpress.net/hon-60-nguoi-choi-ma-tuy-trong-quan-bar-o-sai-gon-4468962.html|https://i1-vnexpress.vnecdn.net/2022/05/27/quanbar-3685-1653657302.jpg?w=300&h=180&q=100&dpr=1&fit=crop&s=zJOkQ7v0NgIt45fcf-5y0A|Cảnh sát ập vào quán bar Paradise, quận Tân Phú, TP HCM, khi có hơn trăm dân chơi đang nhảy nhót, phát hiện 63 người dương tính với chất ma tuý.|pháp luật|vnexpress.net|unknow
Du học sinh gặp họa khi sống chung nhà với 'yêu râu xanh'|https://vnexpress.net/du-hoc-sinh-gap-hoa-khi-song-chung-nha-voi-yeu-rau-xanh-4467550.html|https://i1-vnexpress.vnecdn.net/2022/05/27/cngthotnc-1653623889-1350-1653624010.jpg?w=300&h=180&q=100&dpr=1&fit=crop&s=3xjy-2MjRKaJ9p7YGWMQRw|AUSTRALIAMichelle Leng, 25 tuổi, rời Trung Quốc đến Sydney du học, ở cùng người dì ruột có chồng chỉ hơn Michelle hai tuổi.|pháp luật|vnexpress.net|unknow
Chiếm đoạt hơn 400 triệu đồng của nhiều người học lái xe|https://vnexpress.net/chiem-doat-hon-400-trieu-dong-cua-nhieu-nguoi-hoc-lai-xe-4468938.html|https://i1-vnexpress.vnecdn.net/2022/05/27/anh1-1653648277-1550-1653648280.jpg?w=300&h=180&q=100&dpr=1&fit=crop&s=A1h8Q4sH5QGP10idOZLQ-A|QUẢNG NAMDiệp Hải Bình bị cáo buộc nhận tiền của nhiều học viên thi bằng lái xe song không nộp về cơ sở đào tạo mà chiếm đoạt.|pháp luật|vnexpress.net|unknow
Cảnh sát bắt nhóm buôn ma túy trong 30 giây|https://vnexpress.net/canh-sat-bat-nhom-buon-ma-tuy-trong-30-giay-4468908.html|https://i1-vnexpress.vnecdn.net/2022/05/27/z3446853327823f41681abbed0a3eb-3609-5490-1653644580.jpg?w=300&h=180&q=100&dpr=1&fit=crop&s=pFTaj04-ZilspG4ptrm0GA|BÌNH DƯƠNGHơn chục trinh sát đi ôtô, xe máy, bất ngờ áp sát bắt quả tang đôi nam nữ mang một kg ma túy đi giao, tại TP Thuận An.|pháp luật|vnexpress.net|unknow
Câu đố: Chiếc valy nào thuộc về kẻ khủng bố?|https://vnexpress.net/cau-do-chiec-valy-nao-thuoc-ve-ke-khung-bo-4468934.html|https://i1-vnexpress.vnecdn.net/2022/05/27/1-1653647523-7543-1653647549.jpg?w=300&h=180&q=100&dpr=1&fit=crop&s=RfqTyCYUzMGjtiICqWdUyg|Bạn hãy quan sát hình vẽ và suy luận để giúp cảnh sát tìm ra tên tội phạm ở sân bay.|pháp luật|vnexpress.net|unknow
Cán bộ Bệnh viện Đa khoa Phú Thọ bị bắt do liên quan vụ Việt Á|https://vnexpress.net/can-bo-benh-vien-nghi-nhan-2-ty-dong-cua-viet-a-bi-bat-4468820.html|https://i1-vnexpress.vnecdn.net/2022/05/27/bokithocvien687515833782546913-6746-1879-1653644229.jpg?w=300&h=180&q=100&dpr=1&fit=crop&s=sxSB1I_YSmrxqC2YudjiBg|PHÚ THỌÔng Trần Gia Phú, Phó Giám đốc Trung tâm xét nghiệm thuộc Bệnh viện Đa khoa Phú Thọ, bị bắt với cáo buộc có sai phạm trong mua sắm kit test của Việt Á.|pháp luật|vnexpress.net|unknow
Người cướp ngân hàng bất thành ở Hải Phòng bị khởi tố|https://vnexpress.net/nghi-pham-cuop-ngan-hang-bat-thanh-o-hai-phong-bi-khoi-to-4468784.html|https://i1-vnexpress.vnecdn.net/2022/05/27/nghican-1653628444-9725-1653628462.jpg?w=300&h=180&q=100&dpr=1&fit=crop&s=nRjbElJ9C517S5kUWnCPqA|Đào Anh Tuấn, chủ quán bia vỉa hè kinh doanh thua lỗ, bị khởi tố, tạm giam về hành vi mang súng vào ngân hàng với ý đồ cướp tiền trả nợ.|pháp luật|vnexpress.net|unknow
Thêm người tại tịnh thất Bồng Lai bị bắt|https://vnexpress.net/them-nguoi-tai-tinh-that-bong-lai-bi-bat-4468781.html|https://i1-vnexpress.vnecdn.net/2022/05/27/tinh-that-bong-lai-1653627939-3469-1653628292.jpg?w=300&h=180&q=100&dpr=1&fit=crop&s=xERTwZCPidyFpgt0D2HdPg|LONG ANLê Thanh Nhị Nguyên, 23 tuổi, bị bắt với cáo buộc giúp sức cho bà chủ tịnh thất Bồng Lai đưa thông tin sai sự thật, ảnh hưởng đến Công an huyện Đức Hòa|pháp luật|vnexpress.net|unknow
Giám đốc CDC Đăk Lăk bị bắt vì liên quan Việt Á|https://vnexpress.net/giam-doc-cdc-dak-lak-bi-bat-4468702.html|https://i1-vnexpress.vnecdn.net/2022/05/27/cdc-dak-lak-1653625995-4741-1653626001.jpg?w=300&h=180&q=100&dpr=1&fit=crop&s=LXGsQbXbWQuqQNuUgGim_w|Ông Trịnh Quang Trí, 51 tuổi, Giám đốc Trung tâm kiểm soát bệnh tật tỉnh Đăk Lăk và 4 cấp dưới bị điều tra sai phạm khi mua kit test Covid-19 của Công ty Việt Á.|pháp luật|vnexpress.net|unknow
Lấy lại đất đã cho con, cha bị khởi tố|https://vnexpress.net/lay-lai-dat-da-cho-con-cha-bi-khoi-to-4468582.html|https://i1-vnexpress.vnecdn.net/2022/05/27/khong-chap-hanh-an-1653621063-5087-1653621079.jpg?w=300&h=180&q=100&dpr=1&fit=crop&s=E2DPZVnyMI6NO_qsD3GY_Q|HẬU GIANGSau khi con trai qua đời, ông Nguyễn Văn Chiến tự ý lấy lại hơn 7.000 m2 đất đã cho vợ chồng anh này, bất chấp phán quyết của tòa.|pháp luật|vnexpress.net|unknow
Land Hà Hải nhận lại 254 tỷ đồng trong vụ kiện 'đất vàng' ở Đà Nẵng|https://vnexpress.net/doi-duoc-254-ty-dong-trong-vu-kien-dat-vang-o-da-nang-4468613.html|https://i1-vnexpress.vnecdn.net/2022/05/27/z3444908064415-d290f5c5a5b4e76-3264-9986-1653615543.jpg?w=300&h=180&q=100&dpr=1&fit=crop&s=46TbSeAYIuxLmH3amsatuw|Ông Võ Văn Cường, Giám đốc Land Hà Hải, người từng uống thuốc sâu tự tử tại toà trong vụ kiện hai lô đất trị giá 1.800 tỷ đồng, được tòa tuyên nhận lại 254 tỷ đồng đặt cọc.|pháp luật|vnexpress.net|unknow
Lừa hộ nghèo vay giúp tiền ngân hàng|https://vnexpress.net/nho-ho-ngheo-vay-giup-tien-ngan-hang-4468631.html|https://i1-vnexpress.vnecdn.net/2022/05/27/caobang-1653616751-7955-1653616779.jpg?w=300&h=180&q=100&dpr=1&fit=crop&s=VwLcnL61PPORZG5O0k82Wg|CAO BẰNGPhùng Kiềm Chiêu, 34 tuổi, lợi dụng chức tổ trưởng tiết kiệm vay vốn đã nhờ các hộ dân nghèo vay hộ tiền ngân hàng, rồi chiếm đoạt gần một tỷ đồng.|pháp luật|vnexpress.net|unknow
Gọi điện đe dọa cảnh sát 113|https://vnexpress.net/goi-dien-de-doa-canh-sat-113-4468611.html|https://i1-vnexpress.vnecdn.net/2022/05/27/284375927462237845705895363758-9947-2575-1653615396.jpg?w=300&h=180&q=100&dpr=1&fit=crop&s=I_LXa2renXBncVuS_AJMYg|QUẢNG NAMĐinh Văn Trọng bị xác định bốn lần gọi vào số máy 113 với lời lẽ thô tục đe dọa, xúc phạm cảnh sát.|pháp luật|vnexpress.net|unknow
Vụ án cô bé trên đường ray|https://vnexpress.net/vu-an-co-be-tren-duong-ray-rung-dong-xu-hoa-anh-dao-4468307.html|https://i1-vnexpress.vnecdn.net/2022/05/26/5a828c94ff804bcaa4f5ec5c5e4818-9030-4227-1653548769.jpg?w=300&h=180&q=100&dpr=1&fit=crop&s=yJnnTmPFQbib2_5Ho9VqeQ|NHẬT BẢNTamaki, 7 tuổi, biến mất trên đường đi học về khi chỉ còn cách nhà 300 mét. Thi thể bé được tìm thấy sau vụ tai nạn tàu điện, nhưng cảnh sát phát hiện nhiều điểm đáng ngờ.|pháp luật|vnexpress.net|unknow
