Có nên bỏ 'room' tín dụng cho ngân hàng?|https://vnexpress.net/co-nen-bo-room-tin-dung-cho-ngan-hang-4475053.html|data:image/gif;base64,R0lGODlhAQABAAAAACH5BAEKAAEALAAAAAABAAEAAAICTAEAOw==|"Theo các chuyên gia, hạn mức tín dụng chỉ nên được xem là giải pháp tạm thời và Ngân hàng Nhà nước có thể uyển chuyển hơn để tránh mang dáng dấp ""bao cấp""."|kinh tế|vnexpress.net|unknow
VCBS: Lãi suất cho vay chịu áp lực tăng|https://vnexpress.net/vcbs-lai-suat-cho-vay-chiu-ap-luc-tang-4475410.html|data:image/gif;base64,R0lGODlhAQABAAAAACH5BAEKAAEALAAAAAABAAEAAAICTAEAOw==|VCBS dự báo lãi suất huy động năm nay tăng 1,5% nên lãi vay cũng chịu áp lực đi lên nhưng có độ trễ hơn.|kinh tế|vnexpress.net|unknow
VNG dự kiến doanh thu kỷ lục nhưng lỗ gần nghìn tỷ đồng|https://vnexpress.net/vng-du-kien-doanh-thu-ky-luc-nhung-lo-gan-nghin-ty-dong-4475456.html|data:image/gif;base64,R0lGODlhAQABAAAAACH5BAEKAAEALAAAAAABAAEAAAICTAEAOw==|Công ty cổ phần VNG dự kiến năm 2022 đạt doanh thu hơn chục nghìn tỷ đồng nhưng có thể lỗ nặng khoảng 993 tỷ năm nay.|kinh tế|vnexpress.net|unknow
Cách xin sếp nghỉ việc|https://vnexpress.net/cach-xin-sep-nghi-viec-4474683.html|data:image/gif;base64,R0lGODlhAQABAAAAACH5BAEKAAEALAAAAAABAAEAAAICTAEAOw==|Đưa ra quyết định nghỉ việc là một thử thách, nhưng điều thực sự khó thường là nói với sếp. Bạn nên nói gì khi đối diện với họ?|kinh tế|vnexpress.net|unknow
Chuỗi cung ứng là mối quan tâm lớn nhất của các ngành công nghiệp|https://vnexpress.net/chuoi-cung-ung-la-moi-quan-tam-lon-nhat-cua-cac-nganh-cong-nghiep-4473800.html|data:image/gif;base64,R0lGODlhAQABAAAAACH5BAEKAAEALAAAAAABAAEAAAICTAEAOw==|Vấn đề về chuỗi cung ứng được thảo luận nhiều nhất trong cuộc họp cấp cao của các doanh nghiệp, bên cạnh lạm phát và nhân sự.|kinh tế|vnexpress.net|unknow
Lãi suất tới 6,6% khi gửi tiết kiệm online|https://vnexpress.net/lai-suat-toi-6-6-khi-gui-tiet-kiem-online-4475544.html|data:image/gif;base64,R0lGODlhAQABAAAAACH5BAEKAAEALAAAAAABAAEAAAICTAEAOw==|Khách hàng cá nhân mở sổ tiết kiệm online từ 1 triệu đồng hưởng lãi suất đến 6,6% một năm cho kỳ hạn 6 tháng, 4% một năm cho kỳ hạn 1 tháng.|kinh tế|vnexpress.net|unknow
Nova Consumer hoàn thiện chuỗi sản xuất nông nghiệp khép kín|https://vnexpress.net/nova-consumer-hoan-thien-chuoi-san-xuat-nong-nghiep-khep-kin-4474763.html|data:image/gif;base64,R0lGODlhAQABAAAAACH5BAEKAAEALAAAAAABAAEAAAICTAEAOw==|Nova Consumer tiếp tục mở rộng mảng nông nghiệp đồng thời phát triển lĩnh vực hàng tiêu dùng, hoàn thiện chuỗi 3F cung ứng thực phẩm khép kín từ trang trại đến bàn ăn.|kinh tế|vnexpress.net|unknow
Những lầm tưởng phổ biến về bảo hiểm du lịch|https://vnexpress.net/nhung-lam-tuong-pho-bien-ve-bao-hiem-du-lich-4474677.html|data:image/gif;base64,R0lGODlhAQABAAAAACH5BAEKAAEALAAAAAABAAEAAAICTAEAOw==|Bảo hiểm du lịch thường bị hiểu nhầm giống như bảo hiểm y tế, hay là sản phẩm phù hợp với chuyến đi liên quan đến thể thao mạo hiểm.|kinh tế|vnexpress.net|unknow
Những mảnh ghép lớn của kinh tế đêm Phú Quốc|https://vnexpress.net/nhung-manh-ghep-lon-cua-kinh-te-dem-phu-quoc-4473234.html|data:image/gif;base64,R0lGODlhAQABAAAAACH5BAEKAAEALAAAAAABAAEAAAICTAEAOw==|Hàng loạt dự án lớn về nghỉ dưỡng, thương mại, giải trí… đang hình thành và trở thành động lực lớn cho Phú Quốc phát triển kinh tế đêm.|kinh tế|vnexpress.net|unknow
Doanh số thẻ của VietinBank tăng trưởng 40%|https://vnexpress.net/doanh-so-the-cua-vietinbank-tang-truong-40-4474552.html|data:image/gif;base64,R0lGODlhAQABAAAAACH5BAEKAAEALAAAAAABAAEAAAICTAEAOw==|Việc ra mắt những dòng thẻ mới với nhiều tiện ích và ưu đãi thu hút khách hàng giúp doanh số thẻ năm 2021 của VietinBank tăng 40% so với 2020.|kinh tế|vnexpress.net|unknow
Từ bỏ thói quen nhuộm tóc hóa chất nhờ thứ này|https://c.eclick.vn/r?beacon=zizlzmzmzizgzhzgzmzgzozkzjzqzlzozlzlzkzgzozizkznzizq2pzhzjzjzjzjzgzmzkznzg2pzhzjzjzjzizqzmzlzhzhzoznzhzdzizizmzdzizhzmzdznzkzo221xzjzn2lzl2dzn29zq2g1t241v2l2azdzizlzmzmzizgzhzgznzrzd21202a&link=https%3A%2F%2Fc.eclick.vn%2Fr%2F2000195622%2F7096%2Fzizlzmzmzizgzhzgzmzgzozkzjzqzlzozhzjzjzjzizqzmzlzhzhzoznzhzdzizizmzdzizhzmzdznzkzo221xzjzn2lzl2dzn29zq2g1t241v2l2azdzizlzmzmzizgzhzgznzrzd21202a%2Fhttps%3A%2F%2Fwww.thaoduochatachi.site%2Feclhairun%3F%3D17&bid=2000195622&gid=1691&ts=1655132356&url=https%3A%2F%2Fvnexpress.net%2Fkinh-doanh&urlref=&hostname=vnexpress.net&tsv=1655132353&res=1920x1080&zone_format=501&loc=24-2-vn&lp=24&lz=2&lc=vn&fosp_aid=kg04x6p4l9uciaxs.1655132348.des&gender=&rand=-628545618&method=1&device=1&os=&v=4|https://static.eclick.vn/uploads/5x3/2022/06/10/srnq8414401496764154e5666.jpeg|Viên uống cải thiện bạc tóc, rụng tóc ứng dụng công nghệ Nhật Bản.|kinh tế|vnexpress.net|unknow
Logistics thương mại điện tử dự kiến đạt hơn 1.901 tỷ USD năm 2030|https://vnexpress.net/logistics-thuong-mai-dien-tu-du-kien-dat-hon-1-901-ty-usd-nam-2030-4474653.html|data:image/gif;base64,R0lGODlhAQABAAAAACH5BAEKAAEALAAAAAABAAEAAAICTAEAOw==|Thị trường logistics thương mại điện tử toàn cầu dự kiến đạt 1.901,97 tỷ USD vào năm 2030, tăng trưởng với tốc độ CAGR là 23,5% từ 2021 đến 2030.|kinh tế|vnexpress.net|unknow
Vốn hoá thị trường Samsung Electronics giảm bảy bậc|https://vnexpress.net/von-hoa-thi-truong-samsung-electronics-giam-bay-bac-4475253.html|data:image/gif;base64,R0lGODlhAQABAAAAACH5BAEKAAEALAAAAAABAAEAAAICTAEAOw==|Vốn hoá thị trường của Samsung Electronics năm nay còn 342 tỷ USD, xếp thứ 22 thế giới, giảm bảy bậc so với một năm trước đó.|kinh tế|vnexpress.net|unknow
Giá Bitcoin xuống thấp nhất một tháng|https://vnexpress.net/gia-bitcoin-xuong-thap-nhat-mot-thang-4475234.html|data:image/gif;base64,R0lGODlhAQABAAAAACH5BAEKAAEALAAAAAABAAEAAAICTAEAOw==|Bitcoin ngày 12/6 xuống sát 27.264 USD một đồng, thấp nhất một tháng qua, còn các đồng tiền điện tử khác như Ether, Dogecoin cũng giảm 5-7%.|kinh tế|vnexpress.net|unknow
Tổng thống Biden: Lạm phát có thể còn kéo dài|https://vnexpress.net/tong-thong-biden-lam-phat-co-the-con-keo-dai-4475197.html|data:image/gif;base64,R0lGODlhAQABAAAAACH5BAEKAAEALAAAAAABAAEAAAICTAEAOw==|MỸTổng thống Joe Biden cảnh báo tình hình lạm phát ở nước này sẽ diễn biến phức tạp trong một thời gian nữa.|kinh tế|vnexpress.net|unknow
Giá xăng có thể vượt mốc 32.000 đồng một lít|https://vnexpress.net/gia-xang-co-the-vuot-moc-32-000-dong-mot-lit-4474584.html|data:image/gif;base64,R0lGODlhAQABAAAAACH5BAEKAAEALAAAAAABAAEAAAICTAEAOw==|Theo các doanh nghiệp đầu mối, giá xăng có thể tăng 600-1.000 đồng, vượt 32.000 đồng mỗi lít vào kỳ điều hành ngày 13/6 nếu nhà quản lý không sử dụng Quỹ.|kinh tế|vnexpress.net|unknow
Xuất khẩu chuối sang Trung Quốc tăng mạnh|https://vnexpress.net/xuat-khau-chuoi-sang-trung-quoc-tang-manh-4474036.html|data:image/gif;base64,R0lGODlhAQABAAAAACH5BAEKAAEALAAAAAABAAEAAAICTAEAOw==|Trong khi hầu hết mặt hàng rau quả xuất sang Trung Quốc 5 tháng đầu năm giảm sâu, xuất khẩu chuối qua nước này lại tăng mạnh so với cùng kỳ năm ngoái.|kinh tế|vnexpress.net|unknow
Nhiều rào cản kìm hãm phát triển kinh tế biển|https://vnexpress.net/nhieu-rao-can-kim-ham-phat-trien-kinh-te-bien-4475110.html|data:image/gif;base64,R0lGODlhAQABAAAAACH5BAEKAAEALAAAAAABAAEAAAICTAEAOw==|Lợi thế biển lớn nhưng Việt Nam chưa khai thác được hết tiềm năng mà thiên nhiên ban tặng, đa phần do nguyên nhân chủ quan, theo các chuyên gia.|kinh tế|vnexpress.net|unknow
Quy hoạch điện VIII vẫn phải rà soát điện mặt trời, LNG nhập khẩu|https://vnexpress.net/quy-hoach-dien-viii-van-phai-ra-soat-dien-mat-troi-lng-nhap-khau-4475059.html|data:image/gif;base64,R0lGODlhAQABAAAAACH5BAEKAAEALAAAAAABAAEAAAICTAEAOw==|Thủ tướng yêu cầu Bộ Công Thương giải trình làm rõ thêm tính khả thi, phương án xử lý 6.200 MW điện mặt trời giãn tiến độ tới sau 2030 và tỷ lệ LNG nhập khẩu đến 2030.|kinh tế|vnexpress.net|unknow
Giá xăng ở Mỹ đạt kỷ lục mới|https://vnexpress.net/gia-xang-o-my-dat-ky-luc-moi-4475098.html|https://i1-kinhdoanh.vnecdn.net/2022/06/12/image-6-jpeg-1654996673-1620-1654996898.jpg?w=220&h=132&q=100&dpr=1&fit=crop&s=v4iwxhdRijECWOsC78cndA|Lần đầu tiên trong lịch sử, giá xăng trung bình toàn quốc ở Mỹ vượt mốc 5 USD mỗi gallon, tương đương 30.360 đồng một lít.|kinh tế|vnexpress.net|unknow
Nhiều thách thức trong cuộc đua tỷ USD điện gió ngoài khơi|https://vnexpress.net/nhieu-thach-thuc-trong-cuoc-dua-ty-usd-dien-gio-ngoai-khoi-4474887.html|https://i1-kinhdoanh.vnecdn.net/2022/06/11/diengiongoaikhoi-1654951814-5049-1654952762.jpg?w=220&h=132&q=100&dpr=1&fit=crop&s=StC_zPaPYxPjElpnbAR2JQ|"Chính sách chưa rõ, lưới điện truyền tải đang ""bội thực"", giá điện thấp... đang thách thức phát triển điện gió ngoài khơi ở Việt Nam."|kinh tế|vnexpress.net|unknow
Cán bộ thuế không được 'ngâm' hồ sơ chuyển nhượng bất động sản|https://vnexpress.net/can-bo-thue-khong-duoc-ngam-ho-so-chuyen-nhuong-bat-dong-san-4475049.html|https://i1-kinhdoanh.vnecdn.net/2022/06/11/Cnbthukhngcngmhskhaithuchuynnh-2848-6147-1654962574.jpg?w=220&h=132&q=100&dpr=1&fit=crop&s=a6-ImPnT3uqGPIm047uE5w|Tổng cục Thuế vừa chỉ đạo các đơn vị không được trả lại hoặc ngâm hồ sơ khai thuế chuyển nhượng bất động sản của người dân dù nghi ngờ giá kê khai thấp hơn thực tế.|kinh tế|vnexpress.net|unknow
Vinamilk đẩy mạnh mô hình phát triển bền vững ngành sữa|https://vnexpress.net/vinamilk-day-manh-mo-hinh-phat-trien-ben-vung-nganh-sua-4474941.html|https://i1-kinhdoanh.vnecdn.net/2022/06/12/vinamilk-1655029658-1655029667-6142-1655029813.png?w=220&h=132&q=100&dpr=1&fit=crop&s=Afn_cGFWWzKFL1NJES_cGQ|Trang trại sinh thái Vinamilk Green Farm là mô hình để Vinamilk hiện thực hoá chiến lược phát triển bền vững trong ngành sữa.|kinh tế|vnexpress.net|unknow
Đà Nẵng sắp có công viên ven sông quy mô lên 50 ha|https://vnexpress.net/da-nang-sap-co-cong-vien-ven-song-quy-mo-len-50-ha-4474959.html|https://i1-kinhdoanh.vnecdn.net/2022/06/12/sun-1655003241-2490-1655003288.jpg?w=220&h=132&q=100&dpr=1&fit=crop&s=G6bpZ8eKOVZMLgEbktfKdQ|Công viên ven sông Cổ Cò nằm trong khu đô thị kiểu mẫu Nam Hòa Xuân, do Sun Property – thương hiệu bất động sản cao cấp của Sun Group phát triển tại Đà Nẵng.|kinh tế|vnexpress.net|unknow
Hà Nội xin gỡ khó thu hồi đất dự án trường đua ngựa 10.000 tỷ đồng|https://vnexpress.net/ha-noi-xin-go-kho-thu-hoi-dat-du-an-truong-dua-ngua-10-000-ty-dong-4474968.html|https://i1-kinhdoanh.vnecdn.net/2022/06/11/vi-tri-du-an-truong-dua-ngua-s-8452-4748-1654952924.jpg?w=220&h=132&q=100&dpr=1&fit=crop&s=TY4VmrQqOtVXJiAxuVrH2Q|UBND TP Hà Nội kiến nghị Thủ tướng gỡ khó việc thu hồi 125 ha đất để thực hiện dự án tổ hợp giải trí thương mại - trường đua ngựa ở Sóc Sơn.|kinh tế|vnexpress.net|unknow
Bất động sản đối mặt nhiều thách thức|https://vnexpress.net/bat-dong-san-doi-mat-nhieu-thach-thuc-4474903.html|https://i1-kinhdoanh.vnecdn.net/2022/06/11/30516a000710c94e9001-2-6778-1654919396.jpg?w=220&h=132&q=100&dpr=1&fit=crop&s=UZwRLJDH1t6SrGEwt0ASqQ|Khát vốn, đầu cơ hoành hành, tắc pháp lý, thanh khoản thấp… là những bất lợi thị trường địa ốc phải đối mặt từ nay đến cuối năm, theo các chuyên gia.|kinh tế|vnexpress.net|unknow
MoMo mua cổ phần một công ty chứng khoán|https://vnexpress.net/momo-mua-co-phan-mot-cong-ty-chung-khoan-4474917.html|https://i1-kinhdoanh.vnecdn.net/2022/06/11/ThanhtoanbangQRCodevaRevi17661-3423-9615-1654924709.jpg?w=220&h=132&q=100&dpr=1&fit=crop&s=BwU61sAoTvxE8BChcaBxiA|Công ty cổ phần Dịch vụ Di động Trực tuyến (M_Service) vừa mua hơn 4,4 triệu cổ phần, tương đương 49% vốn của chứng khoán CV.|kinh tế|vnexpress.net|unknow
Hơn 2.000 lít mật ong giả làm từ mạch nha, đường bị thu giữ|https://vnexpress.net/hon-2-000-lit-mat-ong-gia-lam-tu-mach-nha-duong-bi-thu-giu-4474886.html|https://i1-kinhdoanh.vnecdn.net/2022/06/11/lomatonggia-1654916876-4908-1654917062.jpg?w=220&h=132&q=100&dpr=1&fit=crop&s=nmz4r9aPeMB9OVjbRdcYrw|"Một cơ sở ở huyện Hoài Đức, Hà Nội bị thu giữ hơn 2.000 lít mật ong giả nhãn hiệu ""Hương Nhãn, Hưng Yên""."|kinh tế|vnexpress.net|unknow
Thuduc House bị cưỡng chế thuế hơn 128 tỷ đồng|https://vnexpress.net/thuduc-house-bi-cuong-che-thue-hon-128-ty-dong-4474847.html|https://i1-kinhdoanh.vnecdn.net/2022/06/11/tdh-centum-wealth-1654913285-5232-1654913304.png?w=220&h=132&q=100&dpr=1&fit=crop&s=GYNDVV2OqyDV7gV6d4_QcA|Cục thuế TP HCM quyết định trích tiền từ tài khoản của Thuduc House để cưỡng chế vì quá hạn đóng lãi chậm nộp thuế.|kinh tế|vnexpress.net|unknow
Giá vàng thế giới tăng vọt, chứng khoán Mỹ lao dốc|https://vnexpress.net/gia-vang-the-gioi-tang-vot-chung-khoan-my-lao-doc-4474842.html|https://i1-kinhdoanh.vnecdn.net/2022/06/11/gold-29-1654911699-7282-1654911770.jpg?w=220&h=132&q=100&dpr=1&fit=crop&s=6T_G9xqB8tz3r7xKYVAtlA|Rủi ro từ báo cáo lạm phát và niềm tin tiêu dùng Mỹ khiến mỗi ounce vàng tăng 24 USD, còn Wall Street giảm khoảng 3%.|kinh tế|vnexpress.net|unknow
'Huyền thoại golf' Tiger Woods được Forbes công nhận tỷ phú|https://vnexpress.net/huyen-thoai-golf-tiger-woods-duoc-forbes-cong-nhan-ty-phu-4474737.html|https://i1-kinhdoanh.vnecdn.net/2022/06/11/ap21008709739556-jpeg-16548829-6688-1143-1654883275.jpg?w=220&h=132&q=100&dpr=1&fit=crop&s=hLaCT8sRcdD9HpCBAJQBPg|Dù đã được vài đơn vị đánh giá có tài sản tỷ USD nhưng huyền thoại golf Tiger Woods giờ mới chính thức được Forbes công nhận là tỷ phú.|kinh tế|vnexpress.net|unknow
Công ty Ấn Độ thu nhỏ sản phẩm để đối phó lạm phát|https://vnexpress.net/cong-ty-an-do-thu-nho-san-pham-de-doi-pho-lam-phat-4474660.html|https://i1-kinhdoanh.vnecdn.net/2022/06/10/packets-jpeg-1654853508-6869-1654853710.jpg?w=220&h=132&q=100&dpr=1&fit=crop&s=QUHcvVV9mdiuE21RMPsW7w|Thay vì tăng giá, các hãng tiêu dùng Ấn Độ giảm trọng lượng sản phẩm để đối phó lạm phát.|kinh tế|vnexpress.net|unknow
Đại hội cổ đông bàn về nhân sự FLC bất thành|https://vnexpress.net/dai-hoi-co-dong-ban-ve-nhan-su-flc-bat-thanh-4474499.html|https://i1-kinhdoanh.vnecdn.net/2022/06/10/z3481189594237cea820c79a480fa9-6967-6696-1654832495.jpg?w=220&h=132&q=100&dpr=1&fit=crop&s=EKfDlSnjl0Js2I6KYNJ8uA|Cuộc họp cổ đông bất thường của FLC sáng nay không thể diễn ra do không đủ tỷ lệ tham gia và phải dời sang ngày 2/7.|kinh tế|vnexpress.net|unknow
Shipper có lương cao nhất trong nhóm lao động phổ thông|https://vnexpress.net/shipper-co-luong-cao-nhat-trong-nhom-lao-dong-pho-thong-4474242.html|https://i1-kinhdoanh.vnecdn.net/2022/06/09/quyn4690-1654784306-8536-1654784755.jpg?w=220&h=132&q=100&dpr=1&fit=crop&s=an_eGtFy77uZbbghIYIqpA|Tài xế là nhóm lao động phổ thông có mức lương cao nhất và tăng mạnh nhất trong 6 tháng đầu năm, theo báo cáo của Việc Làm Tốt.|kinh tế|vnexpress.net|unknow
Giá xăng, dầu kỷ lục đè nặng lên doanh nghiệp Mỹ|https://vnexpress.net/gia-xang-dau-ky-luc-de-nang-len-doanh-nghiep-my-4474444.html|https://i1-kinhdoanh.vnecdn.net/2022/06/10/image-6-jpeg-1654833952-2906-1654834078.jpg?w=220&h=132&q=100&dpr=1&fit=crop&s=gGE3KEmO1jpiimdpQA_AuA|Chi phí nhiên liệu đang ảnh hưởng đến hầu hết các ngành tại Mỹ, khi giá xăng trung bình tiệm cận mức kỷ lục 5 USD một gallon (3,78 lít).|kinh tế|vnexpress.net|unknow
Châu Âu sẽ tăng lãi suất lần đầu sau 11 năm|https://vnexpress.net/chau-au-se-tang-lai-suat-lan-dau-sau-11-nam-4474425.html|https://i1-kinhdoanh.vnecdn.net/2022/06/10/eu-1654833814-4382-1654833819.jpg?w=220&h=132&q=100&dpr=1&fit=crop&s=1b8DLCgRVcMvZWpz-swHFA|Ngân hàng Trung ương châu Âu (ECB) hôm 9/6 xác nhận sẽ nâng lãi suất từ tháng sau để chống lạm phát.|kinh tế|vnexpress.net|unknow
"OGC | Ocean Group muốn xóa khối nợ nghìn tỷ khỏi báo cáo tài chính"|https://vnexpress.net/ocean-group-muon-xoa-khoi-no-nghin-ty-khoi-bao-cao-tai-chinh-4474320.html|https://i1-kinhdoanh.vnecdn.net/2022/06/09/photo1654704977934165470497827-5104-6080-1654793229.jpg?w=220&h=132&q=100&dpr=1&fit=crop&s=g__X4UAwtSy_SNX7Cf3_GA|Tập đoàn Đại Dương (Ocean Group) đang xin ý kiến cổ đông đưa các khoản nợ xấu 2.553 tỷ đồng ra khỏi báo cáo tài chính năm 2021 để theo dõi ngoại bảng.|kinh tế|vnexpress.net|unknow
TP HCM sắp có tháng khuyến mãi tới 100%|https://vnexpress.net/tp-hcm-sap-co-thang-khuyen-mai-toi-100-4474294.html|https://i1-kinhdoanh.vnecdn.net/2022/06/09/quyn5185-1654781496-1654781521-6318-3643-1654781684.jpg?w=220&h=132&q=100&dpr=1&fit=crop&s=jmb8Srm3R0u3gKjU7xikVw|Chương trình khuyến mãi tới 100% năm nay được tổ chức từ 15/6 và áp dụng với cả chợ truyền thống, thay vì chỉ trung tâm thương mại, siêu thị.|kinh tế|vnexpress.net|unknow
Nam A Bank có mặt tại 27 tỉnh, thành|https://vnexpress.net/nam-a-bank-co-mat-tai-27-tinh-thanh-4474509.html|https://i1-kinhdoanh.vnecdn.net/2022/06/10/2-onebank-mang-den-nhung-trai-4792-5622-1654845809.jpg?w=220&h=132&q=100&dpr=1&fit=crop&s=V8fm79XR54LOt0JiE6CLoA|Nam A Bank có hơn 108 chi nhánh, phòng giao dịch, hơn 80 điểm giao dịch số Onebank ở 27 tỉnh, thành trên cả nước.|kinh tế|vnexpress.net|unknow
Chuyên gia chia sẻ bí quyết đầu tư bất động sản Bắc Giang|https://vnexpress.net/chuyen-gia-chia-se-bi-quyet-dau-tu-bat-dong-san-bac-giang-4474437.html|https://i1-kinhdoanh.vnecdn.net/2022/06/10/280740277544523940458578635131-2679-2357-1654828453.jpg?w=220&h=132&q=100&dpr=1&fit=crop&s=9DzyAv9j_bcpBu9H4SSdXQ|20h tối 10/6, chuyên gia hơn 10 năm kinh nghiệm sẽ chia sẻ thông tin về bức tranh thị trường Bắc Giang và trả lời từng câu hỏi của độc giả về đầu tư bất động sản.|kinh tế|vnexpress.net|unknow
Dừng đóng phí bảo hiểm 2 năm, làm sao để hủy hợp đồng?|https://vnexpress.net/dung-dong-phi-bao-hiem-2-nam-lam-sao-de-huy-hop-dong-4474252.html|https://i1-kinhdoanh.vnecdn.net/2022/06/09/1567420846-life-insurance-poli-3741-8801-1654768964.jpg?w=220&h=132&q=100&dpr=1&fit=crop&s=6FNUpoZAluUIxYNK0U6zjg|Tôi đã dừng đóng phí bảo hiểm 2 năm và giờ không muốn tiếp tục tham gia. Làm cách nào để hủy hợp đồng? (Thanh Minh, Hà Nội)|kinh tế|vnexpress.net|unknow
Việt Nam xếp thứ 68/120 nước về chỉ số minh bạch ngân sách|https://vnexpress.net/viet-nam-xep-thu-68-120-nuoc-ve-chi-so-minh-bach-ngan-sach-4474292.html|https://i1-kinhdoanh.vnecdn.net/2022/06/09/cngkhaingnsch-1654780044-2584-1654780130.jpg?w=220&h=132&q=100&dpr=1&fit=crop&s=6zCadIixhpTS0CP0BcocKg|Chỉ số công khai minh bạch ngân sách của Việt Nam tăng 9 bậc so với 2019, xếp hạng thứ 68 trên 120 quốc gia, vùng lãnh thổ.|kinh tế|vnexpress.net|unknow
Reuters: Nga thiếu dầu bán cho Ấn Độ|https://vnexpress.net/reuters-nga-thieu-dau-ban-cho-an-do-4474212.html|https://i1-kinhdoanh.vnecdn.net/2022/06/09/oilasia-1654771529-2113-1654771533.jpg?w=220&h=132&q=100&dpr=1&fit=crop&s=50_sCvNLI9Ha6h89C7qvqw|Bị hấp dẫn bởi dầu Nga giá rẻ, ba hãng lọc dầu quốc doanh Ấn Độ đã đàm phán với Rosneft, nhưng chỉ một hãng ký được hợp đồng.|kinh tế|vnexpress.net|unknow
Chứng khoán đứt chuỗi tăng ba phiên liên tiếp|https://vnexpress.net/chung-khoan-dut-chuoi-tang-ba-phien-lien-tiep-4474191.html|https://i1-kinhdoanh.vnecdn.net/2022/06/09/CG2A9235-1654764871-4257-1654764873.jpg?w=220&h=132&q=100&dpr=1&fit=crop&s=8L1ONEY5ntwOydxEfZ7PnQ|VN-Index hôm nay có lúc tăng 5 điểm, sau đó đảo chiều liên tục và đóng cửa mất 0,1 điểm, không thể kéo dài chuỗi đi lên phiên thứ tư.|kinh tế|vnexpress.net|unknow
CEO Colliers Việt Nam: Có thể học Singapore để phát triển nhà ở xã hội|https://vnexpress.net/ceo-colliers-viet-nam-co-the-hoc-singapore-de-phat-trien-nha-o-xa-hoi-4474057.html|https://i1-kinhdoanh.vnecdn.net/2022/06/09/david-jackson-to-ng-gia-m-do-c-9119-2289-1654753798.jpg?w=220&h=132&q=100&dpr=1&fit=crop&s=CqVT8X4J2aPB3moHAbzm3Q|Tổng giám đốc Colliers Việt Nam cho rằng mô hình nhà ở xã hội Singapore không hoàn toàn phù hợp nhưng vẫn có những kinh nghiệm cho Việt Nam tham khảo.|kinh tế|vnexpress.net|unknow
Cú sốc năng lượng gây áp lực lên kinh tế châu Âu thế nào?|https://vnexpress.net/cu-soc-nang-luong-gay-ap-luc-len-kinh-te-chau-au-the-nao-4473998.html|https://i1-kinhdoanh.vnecdn.net/2022/06/09/img-2517-jpg-1654746445-4260-1654747953.jpg?w=220&h=132&q=100&dpr=1&fit=crop&s=Qpo44Lv0TGRHwI7-Ntuy_w|Cú sốc giá năng lượng khiến ECB rơi vào tình thế khó khăn khi không chỉ vật lộn với giá cả tăng nhanh mà triển vọng kinh tế cũng ảm đạm.|kinh tế|vnexpress.net|unknow
Thống đốc nói về 'nỗi oan ngân hàng lãi cao, không chia sẻ với doanh nghiệp'|https://vnexpress.net/thong-doc-noi-ve-noi-oan-ngan-hang-lai-cao-khong-chia-se-voi-doanh-nghiep-4473922-tong-thuat.html|https://i1-kinhdoanh.vnecdn.net/2022/06/09/ThongdocNguyenThiHong0906-1654-8203-6840-1654738365.jpg?w=220&h=132&q=100&dpr=1&fit=crop&s=W3QBE8RhpvqVBNNc-af7_Q|"Đại biểu Quốc hội chất vấn Thống đốc ""sự chia sẻ của ngành ngân hàng với doanh nghiệp thời gian qua đã tương xứng chưa khi vẫn lãi lớn""."|kinh tế|vnexpress.net|unknow
Thuduc House tiếp tục thay chủ tịch|https://vnexpress.net/thuduc-house-tiep-tuc-thay-chu-tich-4474221.html|https://i1-kinhdoanh.vnecdn.net/2022/06/09/002-omjw-jpeg-1638282562-1854-8130-6446-1654766579.jpg?w=220&h=132&q=100&dpr=1&fit=crop&s=2hsE7uPNvO4bz5H0iGyy2Q|Ông Nguyễn Huy Hoàng, Thành viên HĐQT độc lập sẽ giữ chức Chủ tịch Thuduc House thay ông Dương Ngọc Hải từ nhiệm theo nguyện vọng cá nhân.|kinh tế|vnexpress.net|unknow
Cổ phiếu công nghệ Mỹ hết thời gây sốt|https://vnexpress.net/co-phieu-cong-nghe-my-het-thoi-gay-sot-4473785.html|https://i1-kinhdoanh.vnecdn.net/2022/06/08/social1-1654687918-4724-1654688253.jpg?w=220&h=132&q=100&dpr=1&fit=crop&s=s3Xhlst94V_-YD7NmVgzTg|Nhóm cổ phiếu công nghệ đang mất giá mạnh nhất kể từ năm 2002, trong khi các cổ phiếu giá trị dần lấy lại vị thế.|kinh tế|vnexpress.net|unknow
'Bất động sản đã hết thời cá lớn nuốt cá bé'|https://vnexpress.net/bat-dong-san-da-het-thoi-ca-lon-nuot-ca-be-4474290.html|https://i1-kinhdoanh.vnecdn.net/2022/06/09/13ongtruonggiabinhphatbieu-165-2298-4411-1654779349.jpg?w=220&h=132&q=100&dpr=1&fit=crop&s=UGEUgSmDJe58H3AMg9ZzAQ|"Ông Trương Gia Bình, Chủ tịch FPT cho rằng nhờ số hóa, lúc này thị trường bất động sản chuyển hướng ""cá nhanh nuốt cá chậm"" và nhiều bài toán cố hữu ngành được giải quyết."|kinh tế|vnexpress.net|unknow
5 cách để chuỗi cung ứng hoạt động hiệu quả|https://vnexpress.net/5-cach-de-chuoi-cung-ung-hoat-dong-hieu-qua-4472864.html|https://i1-kinhdoanh.vnecdn.net/2022/06/06/new-blog-cover-design-idea-in-4872-6208-1654513110.png?w=220&h=132&q=100&dpr=1&fit=crop&s=31GTJIVYIeSGx0SfLqSPUw|Cải thiện logistics, thúc đẩy trải nghiệm khách hàng, tối ưu chi phí, đáp ứng các mục tiêu bền vững… là một số biện pháp để cải thiện chuỗi cung ứng.|kinh tế|vnexpress.net|unknow
Bán khống là gì?|https://vnexpress.net/ban-khong-la-gi-4472667.html|https://i1-kinhdoanh.vnecdn.net/2022/06/06/bankhongchungkhoan-1654491706-1890-4353-1654492251.jpg?w=220&h=132&q=100&dpr=1&fit=crop&s=9MWZNLekz-Ns4B2kaR-WlQ|Bán khống (short selling) là một chiến lược đầu tư cho phép sinh lời từ việc giá cổ phiếu giảm, nhưng không dành cho tất cả mọi người.|kinh tế|vnexpress.net|unknow
'Thị trường bất động sản lúc nóng sốt như cơn lũ quét'|https://vnexpress.net/thi-truong-bat-dong-san-luc-nong-sot-nhu-con-lu-quet-4473748.html|https://i1-kinhdoanh.vnecdn.net/2022/06/09/aToan1-1654743897-1265-1654743994.jpg?w=220&h=132&q=100&dpr=1&fit=crop&s=_mrDbxyTSMdRgJ7KmaGsdA|Nhà sáng lập EZ Property cho rằng, khi thị trường sốt, loại đất nông nghiệp, vườn, thậm chí đất không có giấy tờ cũng được đem ra giao dịch.|kinh tế|vnexpress.net|unknow
AI giúp gì cho ngành vận tải?|https://vnexpress.net/ai-giup-gi-cho-nganh-van-tai-4471333.html|https://i1-kinhdoanh.vnecdn.net/2022/06/02/cccc-1654166221-7581-1654166367.png?w=220&h=132&q=100&dpr=1&fit=crop&s=W-oK1XbYzRMMF1KQB8UQeA|Khi được AI hỗ trợ, ngành vận tải và logistics sẽ tối ưu hóa được chuỗi cung ứng, nâng cao tính bền vững và tăng hiệu quả giao thông công cộng.|kinh tế|vnexpress.net|unknow
The Next Power khám phá sức mạnh sáng tạo của doanh nghiệp|https://video.vnexpress.net/tin-tuc/the-next-power/the-next-power-kham-pha-suc-manh-sang-tao-cua-doanh-nghiep-4473976.html|https://i1-kinhdoanh.vnecdn.net/2022/06/09/ThumbnailTNPtap5-1654742143-8652-1654742208.png?w=220&h=132&q=100&dpr=1&fit=crop&s=NO87LwWjgNA_b3zNXiP44A|Sức mạnh sáng tạo là chìa khoá làm nên thành công của đổi mới, quan điểm này đã được lãnh đạo các doanh nghiệp nhấn mạnh trong talkshow The Next Power.|kinh tế|vnexpress.net|unknow
eWork ưu đãi tới 50% gói tuyển dụng AI|https://vnexpress.net/ework-uu-dai-toi-50-goi-tuyen-dung-ai-4473960.html|https://i1-vnexpress.vnecdn.net/2022/06/09/eWorkLaunchingPromotion-165474-2755-5754-1654742923.jpg?w=220&h=132&q=100&dpr=1&fit=crop&s=0uV8ppm70wVQ2xFYtfyzUA|Nền tảng việc Làm của VnExpress khuyến mãi thêm 50% số lượng credit với tất cả gói dịch vụ.|kinh tế|vnexpress.net|unknow
Chủ tịch Aura Capital chia sẻ kinh nghiệm chuẩn bị IPO cho SMEs|https://vnexpress.net/chu-tich-aura-capital-chia-se-kinh-nghiem-chuan-bi-ipo-cho-smes-4472648.html|https://i1-kinhdoanh.vnecdn.net/2022/06/08/2-1654674389-6606-1654675099.jpg?w=220&h=132&q=100&dpr=1&fit=crop&s=Ja7dP_qAcJKAZN957qb-3A|Với phương pháp cơ chế vốn, ông Đậu Minh Nhật, Chủ tịch Aura Capital đã giúp hơn 30 SMEs tái cấu trúc, thiết kế chiến lược trước khi IPO và thu hút nhà đầu tư.|kinh tế|vnexpress.net|unknow
Lý do người Nhật coi trọng nghệ thuật chăm sóc khách hàng Omotenashi|https://vnexpress.net/ly-do-nguoi-nhat-coi-trong-nghe-thuat-cham-soc-khach-hang-omotenashi-4472725.html|https://i1-kinhdoanh.vnecdn.net/2022/06/07/Image-204739839-ExtractWord-0-3650-1588-1654574267.png?w=220&h=132&q=100&dpr=1&fit=crop&s=y7aGwKonMuC9p75UOKYWeA|Nhiều doanh nghiệp trên thế giới và Việt Nam áp dụng nghệ thuật này trong kinh doanh nhằm tối ưu hóa trải nghiệm khách hàng.|kinh tế|vnexpress.net|unknow
Các chủ hàng mất 10 tỷ USD trong đại dịch|https://vnexpress.net/cac-chu-hang-mat-10-ty-usd-trong-dai-dich-4472859.html|https://i1-kinhdoanh.vnecdn.net/2022/06/06/longbeachport780x470-165451128-2079-8455-1654511846.jpg?w=220&h=132&q=100&dpr=1&fit=crop&s=63cfLGljyxznGNZpkIR23w|Dịch bệnh khiến nhiều tàu cập cảng muộn nhiều tuần, gây tổn thất hàng chục tỷ USD, theo báo cáo của Sea-Intelligence.|kinh tế|vnexpress.net|unknow
Chính phủ khuyến khích mua bán, sáp nhập ngân hàng|https://vnexpress.net/khuyen-khich-mua-ban-sap-nhap-ngan-hang-4473840.html|https://i1-kinhdoanh.vnecdn.net/2022/06/08/bank15734701111135157347040455-8697-6402-1654702077.jpg?w=220&h=132&q=100&dpr=1&fit=crop&s=g5MS2qv2Zt8ReqfHbmUT9g|Giai đoạn 2021-2025, Chính phủ khuyến khích các nhà băng tự nguyện mua bán, hợp nhất, sáp nhập để gia tăng quy mô, phạm vi hoạt động, khả năng cạnh tranh.|kinh tế|vnexpress.net|unknow
Chủ tịch Quốc hội: 'Siết thị trường bất động sản chứ đừng hạn chế nó phát triển'|https://vnexpress.net/chu-tich-quoc-hoi-siet-thi-truong-bat-dong-san-chu-dung-han-che-no-phat-trien-4473745.html|https://i1-kinhdoanh.vnecdn.net/2022/06/08/chu-tich-vuong-dinh-hue-165468-9429-4651-1654684771.jpg?w=220&h=132&q=100&dpr=1&fit=crop&s=XdJ7p1wvMhW0EgEGPgZ6CQ|"Chủ tịch Quốc hội Vương Đình Huệ lưu ý, một mặt giám sát, xử lý ""những méo mó"" như vừa qua nhưng mặt khác cũng cần tạo điều kiện cho thị trường phát triển."|kinh tế|vnexpress.net|unknow
'Hiện chỉ Tân Hoàng Minh chưa trả được nợ phát hành trái phiếu'|https://vnexpress.net/hien-chi-tan-hoang-minh-chua-tra-duoc-no-phat-hanh-trai-phieu-4473629-tong-thuat.html|https://i1-kinhdoanh.vnecdn.net/2022/06/08/HoDucPhoc4-1654671462-9439-1654671618.jpg?w=220&h=132&q=100&dpr=1&fit=crop&s=-lszyrvPOwcns8clHJSl6w|Trước băn khoăn về khả năng trả nợ của 51 tỷ USD trái phiếu doanh nghiệp đã phát hành, Bộ trưởng Hồ Đức Phớc cho biết mới có Tân Hoàng Minh chưa trả được nợ, còn lại vẫn bình thường.|kinh tế|vnexpress.net|unknow
Đổ xô mua Bitcoin khi thị trường tiền số giảm sâu|https://vnexpress.net/do-xo-mua-bitcoin-khi-thi-truong-tien-so-giam-sau-4473534.html|https://i1-kinhdoanh.vnecdn.net/2022/06/08/0x0-1654659368-3268-1654660883.jpg?w=220&h=132&q=100&dpr=1&fit=crop&s=at1UsImQCU-3UfAtRMJLPw|Khi thị trường vào chu kỳ giảm sâu, nhiều người bán bớt các tiền số khác và mua Bitcoin với tốc độ cao nhất gần một năm qua.|kinh tế|vnexpress.net|unknow
Bất động sản 'khát vốn'|https://vnexpress.net/bat-dong-san-khat-von-4473392.html|https://i1-kinhdoanh.vnecdn.net/2022/06/08/EBB7F303F43867BD992093DA33C62F-6297-4238-1654621970.jpg?w=220&h=132&q=100&dpr=1&fit=crop&s=B1u_6NA4SjLcn_Op6XBEKQ|Một số doanh nghiệp địa ốc cho biết bất ngờ bị dừng giải ngân vì ngân hàng hết room cho vay, trong khi nhiều người mua nhà khó tiếp cận vốn tín dụng.|kinh tế|vnexpress.net|unknow
VN-Index vượt 1.300 điểm|https://vnexpress.net/vn-index-vuot-1-300-diem-4473769.html|https://i1-kinhdoanh.vnecdn.net/2022/06/08/CG2A9257-1654682461-5361-1654682482.jpg?w=220&h=132&q=100&dpr=1&fit=crop&s=60AiGnawixOskfnq4i7Iig|Chứng khoán tăng phiên thứ ba liên tiếp với chỉ số của sàn HoSE vượt ngưỡng 1.300 điểm nhờ sắc xanh lan rộng toàn thị trường.|kinh tế|vnexpress.net|unknow
Lạm phát tăng mạnh ở các nước Đông Nam Á|https://vnexpress.net/lam-phat-tang-manh-o-cac-nuoc-dong-nam-a-4473527.html|https://i1-kinhdoanh.vnecdn.net/2022/06/08/md-shop1-08062022-jpeg-1654665-6949-4836-1654665675.jpg?w=220&h=132&q=100&dpr=1&fit=crop&s=xcTionu15GjEnAgMQVVunQ|Giá đầu vào, như lương thực hay nhiên liệu, tăng cao khiến lạm phát ở một số nước Đông Nam Á phá kỷ lục.|kinh tế|vnexpress.net|unknow
Rau quả xuất sang Trung Quốc giảm mạnh|https://vnexpress.net/rau-qua-xuat-sang-trung-quoc-giam-manh-4473575.html|https://i1-kinhdoanh.vnecdn.net/2022/06/08/img-2615-jpg-1654667815-5939-1654668147.jpg?w=220&h=132&q=100&dpr=1&fit=crop&s=TgMGAZz3x5kxhOK-ZcDmYg|Bốn tháng đầu năm, xuất khẩu rau quả sang Trung Quốc đạt 625 triệu USD, giảm 28% so với cùng kỳ năm ngoái.|kinh tế|vnexpress.net|unknow
Bộ trưởng Tài chính: Thất thu thuế rất lớn từ thương mại điện tử|https://vnexpress.net/bo-truong-tai-chinh-that-thu-thue-rat-lon-tu-thuong-mai-dien-tu-4473612.html|https://i1-kinhdoanh.vnecdn.net/2022/06/08/1hoducphoc84871654656982-16546-8554-6671-1654677552.jpg?w=220&h=132&q=100&dpr=1&fit=crop&s=d2efqvwpdDe1konWuF0ZpQ|Bộ trưởng Hồ Đức Phớc cho rằng thu thuế trên các nền tảng số là lĩnh vực rất mới và hiện thất thu lớn với sàn thương mại điện tử, kinh doanh công nghệ.|kinh tế|vnexpress.net|unknow
Chanh leo Việt Nam được xuất khẩu sang Trung Quốc|https://vnexpress.net/chanh-leo-viet-nam-duoc-xuat-khau-sang-trung-quoc-4473624.html|https://i1-kinhdoanh.vnecdn.net/2022/06/08/chanh-leo-jpeg-1654671709-1762-1654671916.jpg?w=220&h=132&q=100&dpr=1&fit=crop&s=aFyu4e3mZmbSKi8jjdVpeg|Trung Quốc vừa chấp thuận cho chanh leo Việt Nam xuất khẩu sang thị trường này sau thời gian dài đàm phán.|kinh tế|vnexpress.net|unknow
Thống đốc bị chất vấn về cấp hạn mức tín dụng cho ngân hàng|https://vnexpress.net/thong-doc-ngan-hang-nha-nuoc-tra-loi-chat-van-quoc-hoi-chieu-8-6-4473663-tong-thuat.html|https://i1-kinhdoanh.vnecdn.net/2022/06/08/ThongdocNguyenThiHong3-1654686-6334-2609-1654686780.jpg?w=220&h=132&q=100&dpr=1&fit=crop&s=I0kzu0K22jntMbKwVxwO-w|"Đại biểu Quốc hội chất vấn tính hợp lý của việc cấp ""room"" tín dụng và cho rằng biện pháp này mang dáng dấp ""bao cấp"", can thiệp vào hoạt động của các nhà băng."|kinh tế|vnexpress.net|unknow
Cổ phần hoá doanh nghiệp 'tắc' vì đất đai|https://vnexpress.net/co-phan-hoa-doanh-nghiep-tac-vi-dat-dai-4473566.html|https://i1-kinhdoanh.vnecdn.net/2022/06/08/cong-ninh-binh-jpeg-4741-16546-2641-5535-1654674319.jpg?w=220&h=132&q=100&dpr=1&fit=crop&s=QoLzfR0GmZTDB4c20qlkTg|Bộ trưởng Tài chính Hồ Đức Phớc đánh giá, cốt lõi chậm cổ phần hóa là do vướng mắc chuyển mục đích sử dụng đất và thất thoát thường xảy ra ở đây.|kinh tế|vnexpress.net|unknow
World Bank: 'Nhiều nước khó thoát suy thoái'|https://vnexpress.net/world-bank-nhieu-nuoc-kho-thoat-suy-thoai-4473485.html|https://i1-kinhdoanh.vnecdn.net/2022/06/08/US-1654660160-3812-1654660194.jpg?w=220&h=132&q=100&dpr=1&fit=crop&s=-55lStq5GmlLltNVho2t3g|Các thách thức từ Nga - Ukraine, Trung Quốc, lạm phát khiến Ngân hàng Thế giới bi quan về kinh tế toàn cầu.|kinh tế|vnexpress.net|unknow
Bộ trưởng Tài chính: 'Đã nỗ lực cảnh báo rủi ro trái phiếu doanh nghiệp'|https://vnexpress.net/bo-truong-tai-chinh-ho-duc-phoc-tra-loi-chat-van-sang-8-6-4473438-tong-thuat.html|https://i1-kinhdoanh.vnecdn.net/2022/06/08/HoDucPhoc2-1654650306-3071-1654650342.jpg?w=220&h=132&q=100&dpr=1&fit=crop&s=jfaQUP5Xcwoc7ePu9mcWgA|"Khi được hỏi về trách nhiệm với sai phạm gần đây trên thị trường, Bộ trưởng Hồ Đức Phớc nói ""đã nhiều lần nỗ lực"" cảnh báo rủi ro tới các nhà đầu tư, doanh nghiệp."|kinh tế|vnexpress.net|unknow
Hôm nay Bộ trưởng Tài chính, Thống đốc Ngân hàng Nhà nước trả lời chất vấn|https://vnexpress.net/hom-nay-bo-truong-tai-chinh-thong-doc-ngan-hang-nha-nuoc-tra-loi-chat-van-4473376.html|https://i1-kinhdoanh.vnecdn.net/2022/06/08/HaiBotruong-1654649575-5469-1654649580.jpg?w=220&h=132&q=100&dpr=1&fit=crop&s=HWgJw7CZsDGlPB7Hc5_OsA|Các vấn đề nóng về chứng khoán, trái phiếu, kiểm soát tín dụng vào lĩnh vực rủi ro... sẽ được Bộ trưởng Tài chính và Thống đốc Ngân hàng Nhà nước giải trình ngày 8/6.|kinh tế|vnexpress.net|unknow
Tiềm năng kinh doanh của nhà phố thương mại tại Sun Beauty Onsen|https://vnexpress.net/tiem-nang-kinh-doanh-cua-nha-pho-thuong-mai-tai-sun-beauty-onsen-4473569.html|https://i1-kinhdoanh.vnecdn.net/2022/06/08/Image-ExtractWord-0-Out-3551-1654663549.png?w=220&h=132&q=100&dpr=1&fit=crop&s=R_ISHdZQsgHy17leSU83zw|THANH HÓA Phân khu Koto nằm tại trung tâm quần thể nghỉ dưỡng khoáng nóng Sun Beauty Onsen, vừa có tiềm năng thương mại, vừa là tài sản cho nhà đầu tư.|kinh tế|vnexpress.net|unknow
7 cách để giảm phát thải trong hoạt động logistics|https://vnexpress.net/7-cach-de-giam-phat-thai-trong-hoat-dong-logistics-4472723.html|https://i1-kinhdoanh.vnecdn.net/2022/06/06/0x0-1654480843-6797-1654500180.jpg?w=220&h=132&q=100&dpr=1&fit=crop&s=-rtdfoRLoS4D5imSnw-nCg|Tham gia nền kinh tế tuần hoàn, giải quyết thách thức giao hàng chặng cuối,... là các giải pháp giảm phát thải trong hoạt động logistics, theo Forbes.|kinh tế|vnexpress.net|unknow
The Sailing Bay - Phân khu biểu tượng tại Hon Thom Paradise Island|https://vnexpress.net/the-sailing-bay-phan-khu-bieu-tuong-tai-hon-thom-paradise-island-4463327.html|https://i1-kinhdoanh.vnecdn.net/2022/06/08/Settop1-1654654244-4526-1654654740.jpg?w=220&h=132&q=100&dpr=1&fit=crop&s=poJNyRI_95oonjI2efy_jg|Sở hữu tòa nhà Cánh Buồm, hệ thống bất động sản sang trọng, The Sailing Bay hứa hẹn là tọa độ sôi động với đa trải nghiệm và dòng chảy thương mại thịnh vượng.|kinh tế|vnexpress.net|unknow
VietCredit cho vay tiêu dùng qua bưu điện Việt Nam|https://vnexpress.net/vietcredit-cho-vay-tieu-dung-qua-buu-dien-viet-nam-4473267.html|https://i1-kinhdoanh.vnecdn.net/2022/06/08/1-1654592298-1654592313-1718-1654650290.jpg?w=220&h=132&q=100&dpr=1&fit=crop&s=6YUOWTzWFi-96GHDVdvPcA|VietCredit mở rộng kênh phân phối sản phẩm tài chính thông qua thiết bị mở thẻ tín dụng nội địa trực tuyến đặt tại mạng lưới bưu điện Việt Nam.|kinh tế|vnexpress.net|unknow
Hệ sinh thái công nghệ thông minh tại FWD Việt Nam|https://vnexpress.net/he-sinh-thai-cong-nghe-thong-minh-tai-fwd-viet-nam-4472843.html|https://i1-kinhdoanh.vnecdn.net/2022/06/07/set-1654597170-1654597177-3134-1654597479.png?w=220&h=132&q=100&dpr=1&fit=crop&s=0c2g7nrqzf5199KetOI_-w|FWD xây dựng hệ sinh thái công nghệ thông minh tương thích nhu cầu từng khách hàng nhờ ứng dụng trí tuệ nhân tạo, công nghệ voicebot, dữ liệu lớn, điện toán đám mây.|kinh tế|vnexpress.net|unknow
Giá gà lông màu tăng gấp đôi|https://vnexpress.net/gia-ga-long-mau-tang-gap-doi-4473228.html|https://i1-kinhdoanh.vnecdn.net/2022/06/07/ga-jpeg-1654589447-6464-1654590365.jpg?w=220&h=132&q=100&dpr=1&fit=crop&s=XvsYLTgRzaPz2yIeSBI1WA|Giá gà lông màu tại trang trại đang ở mức 59.000-60.000 đồng một kg, tăng gấp đôi cùng kỳ năm ngoái.|kinh tế|vnexpress.net|unknow
Cổ phiếu liên quan đến FLC giảm sàn liên tiếp|https://vnexpress.net/co-phieu-lien-quan-den-flc-giam-san-lien-tiep-4473301.html|https://i1-kinhdoanh.vnecdn.net/2022/06/07/chungkhoan1-1654595130-6508-1654595139.jpg?w=220&h=132&q=100&dpr=1&fit=crop&s=lpwUPzSuEf0u2QLOYowblw|FLC, HAI, ROS liên tiếp giảm khi bị cấm giao dịch buổi sáng từ 1/6, trong đó hai phiên gần nhất mất hết biên độ và không có bên mua.|kinh tế|vnexpress.net|unknow
Rủi ro tiềm ẩn sau hai năm bùng nổ trái phiếu doanh nghiệp|https://vnexpress.net/rui-ro-tiem-an-sau-hai-nam-bung-no-trai-phieu-doanh-nghiep-4472919.html|https://i1-kinhdoanh.vnecdn.net/2022/06/07/bdsquynhtran-1654589687-9643-1654589726.jpg?w=220&h=132&q=100&dpr=1&fit=crop&s=kJsZd8PVV-bbgK-Nzj0eew|Lách quy định để mua bán trái phiếu riêng lẻ; phát hành trái phiếu khi thua lỗ, có hệ số nợ gấp hàng chục lần vốn chủ sở hữu... là những gì diễn ra trên thị trường trái phiếu.|kinh tế|vnexpress.net|unknow
Người dân các nước được sở hữu chung cư bao nhiêu năm?|https://vnexpress.net/nguoi-dan-cac-nuoc-duoc-so-huu-chung-cu-bao-nhieu-nam-4472922.html|https://i1-kinhdoanh.vnecdn.net/2022/06/07/china-cc-jpeg-1654545152-16545-6717-9409-1654545668.jpg?w=220&h=132&q=100&dpr=1&fit=crop&s=N19KwmMA1rVHLQ9CFk9Jyw|Trung Quốc cho phép sở hữu căn hộ tối đa 70 năm, Singapore quy định thời hạn là 99 năm, còn Thái Lan thông thường là 30 năm.|kinh tế|vnexpress.net|unknow
Sếp Gojek từ nhiệm sau thương vụ niêm yết tỷ USD|https://vnexpress.net/sep-gojek-tu-nhiem-sau-thuong-vu-niem-yet-ty-usd-4473289.html|https://i1-kinhdoanh.vnecdn.net/2022/06/07/1400x-1-jpeg-1654593941-8424-1654593977.jpg?w=220&h=132&q=100&dpr=1&fit=crop&s=MoFOQp3LnSY4h_QZ32mtpw|Kevin Aluwi từ chức CEO sau khi giúp Gojek sáp nhập với Tokopedia và lên sàn thành công với định giá tỷ USD.|kinh tế|vnexpress.net|unknow
Lạm phát toàn cầu có tín hiệu hạ nhiệt|https://vnexpress.net/lam-phat-toan-cau-co-tin-hieu-ha-nhiet-4473214.html|https://i1-kinhdoanh.vnecdn.net/2022/06/07/sjhpcptrb5kovnft3cd5bwi5ey-jpe-2055-3463-1654591457.jpg?w=220&h=132&q=100&dpr=1&fit=crop&s=7wZK_ZcMXhHOk9_VfaulZA|Ba yếu tố quan trọng về nguồn cung có dấu hiệu bớt căng thẳng, mở ra hy vọng giảm tốc cho lạm phát toàn cầu.|kinh tế|vnexpress.net|unknow
PAN huy động hơn 1.500 tỷ đồng để thâu tóm nhiều công ty|https://vnexpress.net/pan-huy-dong-hon-1-500-ty-dong-de-thau-tom-nhieu-cong-ty-4473099.html|https://i1-kinhdoanh.vnecdn.net/2022/06/07/day-chuyen-san-xuat-tom-tai-fm-1929-6956-1654573789.jpg?w=220&h=132&q=100&dpr=1&fit=crop&s=nHGr_fnV1hv0rFA6ZWA1eA|Công ty cổ phần Tập đoàn PAN dự kiến thu về hơn 1.500 tỷ đồng qua phát hành cổ phiếu để thâu tóm nhiều công ty nông nghiệp, thủy sản.|kinh tế|vnexpress.net|unknow
"Tư vấn chuyên gia | Nên đầu tư gì với 20 triệu đồng mỗi tháng?"|https://vnexpress.net/nen-dau-tu-gi-voi-20-trieu-dong-moi-thang-4470800.html|https://i1-kinhdoanh.vnecdn.net/2022/06/06/cg2a9238-1654502717-3679-1654503295.jpg?w=220&h=132&q=100&dpr=1&fit=crop&s=Rj1bW_5JLakS2hX_KdKrfg|Chuyên gia cho rằng chứng khoán là kênh phù hợp cho số vốn nhỏ và nên duy trì đầu tư đều đặn mỗi tháng vào các cổ phiếu giá trị.|kinh tế|vnexpress.net|unknow
Nguy cơ giao thương 'chia phe' tổn hại tăng trưởng toàn cầu|https://vnexpress.net/giao-thuong-chia-phe-nguy-co-ton-hai-tang-truong-toan-cau-4472753.html|https://i1-kinhdoanh.vnecdn.net/2022/06/06/5f3280faa3108348fce40adb-jpeg-7919-6580-1654507614.jpg?w=220&h=132&q=100&dpr=1&fit=crop&s=VPOlt4O_RRcF8k_99rTDjQ|Một số nhà kinh tế lo ngại việc chọn các đối tác thương mại vì lý do địa chính trị có thể khiến lạm phát tăng, tăng trưởng giảm.|kinh tế|vnexpress.net|unknow
Vietcombank miễn nhiều loại phí giao dịch cho doanh nghiệp SME|https://vnexpress.net/vietcombank-mien-nhieu-loai-phi-giao-dich-cho-doanh-nghiep-sme-4470772.html|https://i1-kinhdoanh.vnecdn.net/2022/06/07/anh-2-1654074329-1988-1654596681.png?w=220&h=132&q=100&dpr=1&fit=crop&s=BKCO5tRJWhFzN1IbKetqrg|Khách hàng doanh nghiệp vừa và nhỏ (SME) được tặng tài khoản số đẹp, miễn phí giao dịch trên ngân hàng số VCB DigiBiz, tại quầy... khi đăng ký gói giao dịch từ 1/6.|kinh tế|vnexpress.net|unknow
Chứng chỉ quỹ là gì?|https://vnexpress.net/chung-chi-quy-la-gi-4471636.html|https://i1-kinhdoanh.vnecdn.net/2022/06/03/finance-4858797-1280-2-1024x58-7241-8422-1654233327.jpg?w=220&h=132&q=100&dpr=1&fit=crop&s=23Q5LHYfdOTFJeqWUYolig|Nhà đầu tư mua chứng chỉ quỹ đồng nghĩa với việc ủy thác vốn cho các tổ chức quản lý quỹ.|kinh tế|vnexpress.net|unknow
Tắc nghẽn container có thể cao hơn năm 2021|https://vnexpress.net/tac-nghen-container-co-the-cao-hon-nam-2021-4470063.html|https://i1-kinhdoanh.vnecdn.net/2022/05/31/containerschiffgreenoakadobest-2894-3927-1653966199.jpg?w=220&h=132&q=100&dpr=1&fit=crop&s=vTGJ84DL6UZFZ2BGfn_8jw|Nhiều thương nhân và công ty vận tải lo ngại sự hỗn loạn trong vận chuyển container mùa cao điểm sắp tới thậm chí lớn hơn so với năm 2021.|kinh tế|vnexpress.net|unknow
Chiều nay chuyên gia trả lời trực tuyến về đầu tư bất động sản|https://vnexpress.net/chieu-nay-chuyen-gia-tra-loi-truc-tuyen-ve-dau-tu-bat-dong-san-4473017.html|https://i1-kinhdoanh.vnecdn.net/2022/06/07/218-1654566998-7145-1654567045.jpg?w=220&h=132&q=100&dpr=1&fit=crop&s=pqyNxLcNchKWGIYQ9f99xA|Chuyên gia có 20 năm kinh nghiệm sẽ giải đáp thắc mắc của khan giả về đầu tư bất động sản lúc 14h30, ngày 7/6.|kinh tế|vnexpress.net|unknow
Doanh thu Petrovietnam vượt 63% kế hoạch 5 tháng|https://vnexpress.net/doanh-thu-petrovietnam-vuot-63-ke-hoach-5-thang-4472875.html|https://i1-kinhdoanh.vnecdn.net/2022/06/06/22-1654517626-5514-1654517729.png?w=220&h=132&q=100&dpr=1&fit=crop&s=jqp7Astd3w5p-JcZ3GNYwA|Tổng doanh thu toàn tập đoàn ước đạt 372,2 nghìn tỷ đồng đạt 67% kế hoạch cả năm.|kinh tế|vnexpress.net|unknow
Giá trần, giá sàn trong chứng khoán là gì?|https://vnexpress.net/gia-tran-gia-san-trong-chung-khoan-la-gi-4471783.html|https://i1-kinhdoanh.vnecdn.net/2022/06/03/fortuneindia-2022-01-c841f737-8556-7166-1654247400.jpg?w=220&h=132&q=100&dpr=1&fit=crop&s=EgFaKHR3sI6U_c_CE35_4Q|Giá trần và giá sàn là mức giá cao nhất và thấp nhất có thể đặt lệnh giao dịch trong phiên.|kinh tế|vnexpress.net|unknow
3 yếu tố hút giới siêu giàu của dinh thự Elie Saab|https://vnexpress.net/3-yeu-to-hut-gioi-sieu-giau-cua-dinh-thu-elie-saab-4470350.html|https://i1-kinhdoanh.vnecdn.net/2022/06/03/Settop-1654244805-7735-1654244843.jpg?w=220&h=132&q=100&dpr=1&fit=crop&s=1q5yfYWyQbNCfJgLzhbduw|Số lượng giới hạn, các dấu ấn độc bản, giá trị cảm xúc là những yếu tố khiến dinh thự mang thương hiệu Elie Saab thu hút giới thượng lưu.|kinh tế|vnexpress.net|unknow
Khác biệt giữa bảo hiểm nhân thọ và bảo hiểm tổng quát|https://vnexpress.net/khac-biet-giua-bao-hiem-nhan-tho-va-bao-hiem-tong-quat-4472666.html|https://i1-kinhdoanh.vnecdn.net/2022/06/06/diffreence-between-li-and-gi-1-7880-4937-1654492040.png?w=220&h=132&q=100&dpr=1&fit=crop&s=Xh-TyzSxCRNvB_63T8UM9Q|Bảo hiểm nhân thọ chỉ bảo vệ sinh mạng của người mua còn bảo hiểm tổng quát chịu trách nhiệm cho mọi tổn thất tài sản được bảo hiểm của khách hàng như nhà, xe...|kinh tế|vnexpress.net|unknow
Bộ Tài chính: Thị trường chứng khoán bị ảnh hưởng nhiều bởi tâm lý|https://vnexpress.net/bo-tai-chinh-thi-truong-chung-khoan-bi-anh-huong-nhieu-boi-tam-ly-4472692.html|https://i1-kinhdoanh.vnecdn.net/2022/06/06/chungkhoan22022-1654507249-4443-1654507300.jpg?w=220&h=132&q=100&dpr=1&fit=crop&s=kRQ5r5lyWKTkp95Y_iRanw|Thị trường cổ phiếu, chứng khoán phái sinh có hiện tượng thao túng giá, làm giá ngày càng tinh vi và bị ảnh hưởng nhiều bởi tin đồn, theo Bộ Tài chính.|kinh tế|vnexpress.net|unknow
Mỹ cân nhắc dỡ bỏ một số thuế quan với hàng hoá Trung Quốc|https://vnexpress.net/my-can-nhac-do-bo-mot-so-thue-quan-voi-hang-hoa-trung-quoc-4472832.html|https://i1-kinhdoanh.vnecdn.net/2022/06/06/806x378usmullsliftingsomechina-4782-5599-1654508921.jpg?w=220&h=132&q=100&dpr=1&fit=crop&s=7rxzeXAsS0iBnU2DlpHmkA|Để chống lạm phát, Tổng thống Joe Biden đã yêu cầu xem xét lựa chọn dỡ bỏ một số thuế quan với hàng hoá Trung Quốc.|kinh tế|vnexpress.net|unknow
Cổ phiếu bất động sản giảm sâu|https://vnexpress.net/co-phieu-bat-dong-san-giam-sau-4472824.html|https://i1-kinhdoanh.vnecdn.net/2022/06/06/QUYN8396-1654508334-9168-1654508433.jpg?w=220&h=132&q=100&dpr=1&fit=crop&s=S-cANh_m2v7puqYU859_Zw|VN-Index chốt phiên 6/6 trong sắc xanh nhưng nhóm bất động sản bị bán tháo trên diện rộng, nhiều mã chạm sàn chỉ trong vài phút cuối phiên chiều.|kinh tế|vnexpress.net|unknow
Ngân hàng Nhà nước lo rủi ro lớn khi tín dụng chảy vào bất động sản|https://vnexpress.net/ngan-hang-nha-nuoc-lo-rui-ro-lon-khi-tin-dung-chay-vao-bat-dong-san-4472678.html|https://i1-kinhdoanh.vnecdn.net/2022/06/06/tiennganhangGiangHuy-165449448-8219-5091-1654494760.jpg?w=220&h=132&q=100&dpr=1&fit=crop&s=XFRcL1YTZymKl7I05_937Q|94% dư nợ bất động sản là cho vay trung, dài hạn, trong khi nguồn huy động của ngân hàng chủ yếu là ngắn hạn nên Thống đốc đánh giá đây có thể là một rủi ro.|kinh tế|vnexpress.net|unknow
Lý do giá dầu sẽ tiếp tục ở mức cao|https://vnexpress.net/ly-do-gia-dau-se-tiep-tuc-o-muc-cao-4472567.html|https://i1-kinhdoanh.vnecdn.net/2022/06/06/oilAP-1654491154-2496-1654491199.jpg?w=220&h=132&q=100&dpr=1&fit=crop&s=vBqkih-wnRYFuMKklOlThg|Giá dầu vài ngày gần đây có xu hướng tăng, tiến sát mốc khi xung đột Nga - Ukraine mới bắt đầu và chưa có dấu hiệu sớm hạ nhiệt.|kinh tế|vnexpress.net|unknow
Tiểu thương chợ nguyên liệu may mặc lớn nhất TP HCM xin ngừng bán|https://vnexpress.net/tieu-thuong-cho-nguyen-lieu-may-mac-lon-nhat-tp-hcm-xin-ngung-ban-4471690.html|https://i1-kinhdoanh.vnecdn.net/2022/06/03/tieu-thuong-1654245047-1369-1654247092.jpg?w=220&h=132&q=100&dpr=1&fit=crop&s=5XsgzwG7_7cK7hhCzJrSLw|138/150 tiểu thương chợ Đại Quang Minh đã xin tạm ngưng kinh doanh để phản đối việc Satraseco đơn phương tăng gấp đôi giá thuê sạp.|kinh tế|vnexpress.net|unknow
Giá gạo xuất khẩu tiếp tục giảm|https://vnexpress.net/gia-gao-xuat-khau-tiep-tuc-giam-4472688.html|https://i1-kinhdoanh.vnecdn.net/2022/06/06/huy-7989-1654502186-4639-1654502571.jpg?w=220&h=132&q=100&dpr=1&fit=crop&s=fATxcooJtzsMMejr3VTY4Q|Giá gạo xuất khẩu tháng 5 của Việt Nam ở mức 415-420 USD một tấn, giảm 3 USD so với tháng trước và là mức giảm tháng thứ hai liên tiếp.|kinh tế|vnexpress.net|unknow
Finhay mua lại một công ty chứng khoán|https://vnexpress.net/finhay-mua-lai-mot-cong-ty-chung-khoan-4472542.html|https://i1-kinhdoanh.vnecdn.net/2022/06/06/finhay-1654488845-4633-1654488902.jpg?w=220&h=132&q=100&dpr=1&fit=crop&s=8Vks8RiWrzadrUOBNSvByg|CEO Finhay Nghiêm Xuân Huy vừa công bố startup này đã sở hữu công ty chứng khoán Vina Securities.|kinh tế|vnexpress.net|unknow
"MPC | 'Vua tôm' muốn lãi nghìn tỷ đồng năm nay"|https://vnexpress.net/vua-tom-muon-lai-nghin-ty-dong-nam-nay-4472593.html|https://i1-kinhdoanh.vnecdn.net/2022/06/06/imgfproducttomsu-1654486155-2387-1654486202.jpg?w=220&h=132&q=100&dpr=1&fit=crop&s=lJ9GTouIxilNvv0aBPoMqw|Minh Phú đặt mục tiêu năm nay lãi sau thuế 1.266 tỷ đồng, cao kỷ lục trong lịch sử hoạt động và gần gấp đôi năm ngoái.|kinh tế|vnexpress.net|unknow
Facebook, Google, Microsoft đã nộp thuế hơn 5.100 tỷ đồng|https://vnexpress.net/facebook-google-microsoft-da-nop-thue-hon-5-100-ty-dong-4472519.html|https://i1-kinhdoanh.vnecdn.net/2022/06/06/facebook1-1654483828-7658-1654484408.jpg?w=220&h=132&q=100&dpr=1&fit=crop&s=HoN3omILsL2QYjZk7ABzqA|Đến hết tháng 4, các nền tảng kinh doanh xuyên biên giới như Facebook, Google và Microsoft đã khai, nộp 5.111 tỷ đồng vào ngân sách, theo Bộ Tài chính.|kinh tế|vnexpress.net|unknow
Chuyên gia nghĩ khác nhau về nỗi sợ lạm phát|https://vnexpress.net/chuyen-gia-nghi-khac-nhau-ve-noi-so-lam-phat-4472376.html|https://i1-kinhdoanh.vnecdn.net/2022/06/05/284332545-770064827317966-6545-1268-6793-1654443429.jpg?w=220&h=132&q=100&dpr=1&fit=crop&s=Epyr-EYSRxxOxS_2ipJObQ|"Ông Trần Đình Thiên cho rằng Việt Nam không nên ""quá lo mà bỏ lỡ cơ hội"" còn ông Vũ Thành Tự Anh cảnh báo lạm phát có thể ""đáng ngại trong tương lai""."|kinh tế|vnexpress.net|unknow
'Khủng hoảng thế giới có thể là cơ hội cho startup Fintech Việt Nam'|https://startup.vnexpress.net/tin-tuc/startup-2022/khung-hoang-the-gioi-co-the-la-co-hoi-cho-startup-fintech-viet-nam-4472506.html|https://i1-kinhdoanh.vnecdn.net/2022/06/06/giam-doc-dieu-hanh-thinkzone-a-4727-5267-1654479203.png?w=220&h=132&q=100&dpr=1&fit=crop&s=ZKe6Fx09awdQIl73EmMlew|Trước rủi ro về chênh lệch tỷ giá dòng tiền, nếu doanh nghiệp sử dụng nguồn vốn nội trong hoạt động kinh doanh tín dụng sẽ mang đến lợi thế lớn, theo CEO ThinkZone.|kinh tế|vnexpress.net|unknow
Bí quyết 'mổ nội soi' để đổi mới của doanh nghiệp ngành vàng|https://vnexpress.net/bi-quyet-mo-noi-soi-de-doi-moi-cua-doanh-nghiep-nganh-vang-4472800.html|https://i1-kinhdoanh.vnecdn.net/2022/06/06/thumbnailtap4-1654506103-16545-6209-7574-1654506190.png?w=220&h=132&q=100&dpr=1&fit=crop&s=JMJtRFv7pi9r8HGO5oTM1w|Đổi mới từng phần và khai phóng sáng tạo là những yếu tố quan trọng trong hành trình đổi mới, theo bà Cao Thị Ngọc Dung và ông Lê Trí Thông tại The Next Power.|kinh tế|vnexpress.net|unknow
Thị trường Insurtech dự kiến đạt 114 tỷ USD vào năm 2030|https://vnexpress.net/thi-truong-insurtech-du-kien-dat-114-ty-usd-vao-nam-2030-4471817.html|https://i1-kinhdoanh.vnecdn.net/2022/06/03/shutterstock-1443987389-880x54-4593-5814-1654250297.jpg?w=220&h=132&q=100&dpr=1&fit=crop&s=9bBU1LtlTit2Dn6Mi4hK7w|Quy mô thị trường Insurtech toàn cầu dự kiến đạt mức định giá 114.489 triệu USD, tăng trưởng với tốc độ CAGR 46,1% trong giai đoạn 2022–2030.|kinh tế|vnexpress.net|unknow
VietCredit ra mắt chính sách ưu đãi cho khách có lịch sử tín dụng tốt|https://vnexpress.net/vietcredit-ra-mat-chinh-sach-uu-dai-cho-khach-co-lich-su-tin-dung-tot-4472532.html|https://i1-kinhdoanh.vnecdn.net/2022/06/06/anh-2-1654483337-5840-1654483484.jpg?w=220&h=132&q=100&dpr=1&fit=crop&s=hwOS6JfOgMoORQbKZVxN7Q|Thẻ tín dụng nội địa mới cho phép khách hàng có lịch sử tín dụng tốtvẫn có thể vay tiêu dùng tại VietCredit, hạn mức đến 100 triệu đồng.|kinh tế|vnexpress.net|unknow
Logistics nâng cao năng lực thu mua hàng hóa tại chỗ như thế nào?|https://vnexpress.net/logistics-nang-cao-nang-luc-thu-mua-hang-hoa-tai-cho-nhu-the-nao-4469865.html|https://i1-kinhdoanh.vnecdn.net/2022/05/30/global-industrial-automation-m-9615-4143-1653908401.jpg?w=220&h=132&q=100&dpr=1&fit=crop&s=MsIEQVg_8sgMr0-IccS_Sw|Các doanh nghiệp logistics có thể nâng cao năng lực thu mua hàng hóa bằng tích hợp tài nguyên và tự động hóa thông qua kết nối năng lực.|kinh tế|vnexpress.net|unknow
Dự án căn hộ khoáng nóng tái hiện không gian Nhật|https://vnexpress.net/du-an-can-ho-khoang-nong-tai-hien-khong-gian-nhat-4470825.html|https://i1-kinhdoanh.vnecdn.net/2022/06/02/Anh-9-6550-1654157736.jpg?w=220&h=132&q=100&dpr=1&fit=crop&s=5AGTIUhaXVD8sUjshzQONA|TP HCM Khách hàng đến tham quan Sale Gallery của dự án Shizen Home có thể trải nghiệm văn hóa, không gian kiến trúc đặc trưng của thành phố Kyoto, Nhật Bản.|kinh tế|vnexpress.net|unknow
Thủ tướng: Việt Nam không chọn là nền kinh tế đóng|https://vnexpress.net/thu-tuong-viet-nam-khong-chon-la-nen-kinh-te-dong-4472362.html|https://i1-kinhdoanh.vnecdn.net/2022/06/05/screen-shot-2022-06-05-at-21-3-7344-4422-1654440392.png?w=220&h=132&q=100&dpr=1&fit=crop&s=9igz-XmR3i6cPl8Dy5AHJQ|Xây dựng nền kinh tế độc lập, tự chủ nhưng hội nhập sâu rộng, theo Thủ tướng Phạm Minh Chính, vừa tạo nền tảng kinh tế lâu dài, vừa giải quyết các vấn đề tình thế.|kinh tế|vnexpress.net|unknow
Công ty cho thuê trực thăng thu 2.000 tỷ một năm|https://vnexpress.net/cong-ty-cho-thue-truc-thang-thu-2-000-ty-mot-nam-4472329.html|https://i1-kinhdoanh.vnecdn.net/2022/06/05/140521hha01-1654419910-5699-1654419982.jpg?w=220&h=132&q=100&dpr=1&fit=crop&s=0l2bwGWuwgo-0DHhVAcT-Q|Năm 2021, khi nhiều doanh nghiệp hàng không bị ảnh hưởng, Tổng công ty Trực thăng Việt Nam đạt doanh thu bình quân khoảng 5,7 tỷ mỗi ngày và tăng 11% lãi.|kinh tế|vnexpress.net|unknow
'Chất lượng tín dụng doanh nghiệp bất động sản vẫn tốt'|https://vnexpress.net/chat-luong-tin-dung-doanh-nghiep-bat-dong-san-van-tot-4472314.html|https://i1-kinhdoanh.vnecdn.net/2022/06/05/88191486f9e273538541696d6190c2-6178-1338-1654417866.jpg?w=220&h=132&q=100&dpr=1&fit=crop&s=yKFobaZrKjyuvk1vO2asUQ|"Theo ông Nguyễn Quang Thuân, CEO FiinGroup, có những doanh nghiệp chất lượng tín dụng cực kỳ yếu và bị xử lý nhưng ""bình diện chung còn tương đối an toàn""."|kinh tế|vnexpress.net|unknow
'Chứng khoán đi xuống chỉ là ngắn hạn'|https://vnexpress.net/chung-khoan-di-xuong-chi-la-ngan-han-4472293.html|https://i1-kinhdoanh.vnecdn.net/2022/06/05/dsc03487-jpg-1654409337-165440-5293-7992-1654409489.jpg?w=220&h=132&q=100&dpr=1&fit=crop&s=Pnrk3zW-46ggfAmE85PUVg|Tại Diễn đàn Kinh tế Việt Nam, chuyên gia cho rằng chứng khoán đi xuống là ngắn hạn và nêu nhiều giải pháp củng cố thị trường vốn nói chung.|kinh tế|vnexpress.net|unknow
Đề xuất mua bán nhà đất phải thanh toán qua ngân hàng|https://vnexpress.net/de-xuat-mua-ban-nha-dat-phai-thanh-toan-qua-ngan-hang-4472210.html|https://i1-kinhdoanh.vnecdn.net/2022/06/05/giaodchbtngsn-1654390514-6180-1654390582.jpg?w=220&h=132&q=100&dpr=1&fit=crop&s=H23debkGH1TxSCHmQfyV3Q|Bộ Tài chính kiến nghị bổ sung quy định chuyển nhượng bất động sản phải thanh toán qua ngân hàng để kiểm soát giao dịch, quản lý thuế.|kinh tế|vnexpress.net|unknow
Lạm phát Thổ Nhĩ Kỳ lên 73%|https://vnexpress.net/lam-phat-tho-nhi-ky-len-73-4472220.html|https://i1-kinhdoanh.vnecdn.net/2022/06/05/tzazcqyrqvogpanzs6ntzutqji-165-9713-5169-1654394028.jpg?w=220&h=132&q=100&dpr=1&fit=crop&s=SAyJCjVYES6kLRjwJhJcxQ|Lạm phát của Thổ Nhĩ Kỳ trong tháng 5 đã tăng 73,5% so với cùng kỳ năm ngoái, mức cao nhất trong 23 năm.|kinh tế|vnexpress.net|unknow
WSJ: Tình trạng thiếu sữa bột tại Mỹ sẽ còn kéo dài vài tuần|https://vnexpress.net/wsj-tinh-trang-thieu-sua-bot-tai-my-se-con-keo-dai-vai-tuan-4472288.html|https://i1-kinhdoanh.vnecdn.net/2022/06/05/00032A89MM175191652861204-1654-9484-9162-1654407330.jpg?w=220&h=132&q=100&dpr=1&fit=crop&s=Hico5tmMX7duPGsMMe-pTA|Lãnh đạo các nhà sản xuất dự báo sữa công thức cho trẻ em vẫn sẽ khan hiếm bất chấp các nỗ lực gần đây của chính quyền Biden.|kinh tế|vnexpress.net|unknow
'Cân nhắc giảm thêm thuế để kìm giá xăng dầu'|https://vnexpress.net/can-nhac-giam-them-thue-de-kim-gia-xang-dau-4472121.html|https://i1-kinhdoanh.vnecdn.net/2022/06/04/DoThangHai-1654340843-6986-1654341396.jpg?w=220&h=132&q=100&dpr=1&fit=crop&s=JeZOONNa2PM7H6OvEdZf2A|Thứ trưởng Công Thương nói sẽ cùng Bộ Tài chính đề xuất cấp có thẩm quyền cân nhắc giảm thêm thuế để kìm đà tăng giá xăng dầu trong nước.|kinh tế|vnexpress.net|unknow
Phó thống đốc: Không siết tín dụng vào bất động sản|https://vnexpress.net/pho-thong-doc-khong-siet-tin-dung-vao-bat-dong-san-4472114.html|https://i1-kinhdoanh.vnecdn.net/2022/06/04/DaoMinhTuPhoThongdocNHNN-16543-8112-6404-1654339265.jpg?w=220&h=132&q=100&dpr=1&fit=crop&s=blK0b2VBaATWJHIbAdf9Hg|"Ông Đào Minh Tú nói quan điểm là kiểm soát chặt tín dụng vào một số lĩnh vực tiềm ẩn rủi ro lớn trong bất động sản, chứ không ""siết hay cắt"" tín dụng vào các lĩnh vực này."|kinh tế|vnexpress.net|unknow
Thành tỷ phú ở tuổi 87|https://vnexpress.net/thanh-ty-phu-o-tuoi-87-4472042.html|https://i1-kinhdoanh.vnecdn.net/2022/06/04/0x0-jpeg-1654326644-2278-1654327100.jpg?w=220&h=132&q=100&dpr=1&fit=crop&s=KHYGzpR6shuDu_3Yknv8PQ|Khởi nghiệp ở tuổi 60, sau 27 năm, nhà sáng lập Technoprobe và gia đình sở hữu gần 4 tỷ USD khi đưa công ty niêm yết trên sàn chứng khoán vào tháng 2/2022.|kinh tế|vnexpress.net|unknow
Dự kiến gần 150.000 tỷ đồng cho 113 dự án phục hồi kinh tế|https://vnexpress.net/du-kien-gan-150-000-ty-dong-cho-113-du-an-phuc-hoi-kinh-te-4472040.html|https://i1-kinhdoanh.vnecdn.net/2022/06/04/nguyenchidung-1654322676-7573-1654322826.jpg?w=220&h=132&q=100&dpr=1&fit=crop&s=V9rfhWzVsStDLnf8pkiw8Q|Bốn tháng sau khi chương trình phục hồi kinh tế được Quốc hội thông qua, Chính phủ thông báo vốn cho 113 nhiệm vụ, dự án khoảng 149.200 tỷ đồng.|kinh tế|vnexpress.net|unknow
Nhiều người lo mất tài sản nếu chỉ sở hữu chung cư 50 năm|https://vnexpress.net/nhieu-nguoi-lo-mat-tai-san-neu-chi-so-huu-chung-cu-50-nam-4471953.html|https://i1-kinhdoanh.vnecdn.net/2022/06/04/c25130274f49322d583ff413a752b2-3238-9945-1654316150.jpg?w=220&h=132&q=100&dpr=1&fit=crop&s=lAaMa_xAwoQDvdooF4LZ1A|Ông Phương, dân chung cư quận 8, TP HCM lo nhà hết hạn sở hữu sẽ mất trắng, không biết đi về đâu nếu dự thảo sở hữu chung cư 50 năm thành Luật.|kinh tế|vnexpress.net|unknow
Điện hạt nhân Ninh Thuận từng được triển khai ra sao|https://vnexpress.net/dien-hat-nhan-ninh-thuan-tung-duoc-trien-khai-ra-sao-4471367.html|https://i1-kinhdoanh.vnecdn.net/2022/06/04/vi-tri-nha-may-dien-hat-nhan-j-9473-8682-1654306331.jpg?w=220&h=132&q=100&dpr=1&fit=crop&s=mWvU4bpTH4ghSL7SsoZmGA|Sau nhiều năm ấp ủ, Việt Nam thông qua chủ trương làm điện hạt nhân nhưng sau 7 năm chuẩn bị, triển khai một số dự án thành phần, dự án tại Ninh Thuận được tạm dừng.|kinh tế|vnexpress.net|unknow
Chấp nhận mua bảo hiểm rồi hủy để vay được ngân hàng|https://vnexpress.net/chap-nhan-mua-bao-hiem-roi-huy-de-vay-duoc-ngan-hang-4467865.html|https://i1-kinhdoanh.vnecdn.net/2022/06/04/1baohiem282632216-103664044392-3477-6350-1654329104.jpg?w=220&h=132&q=100&dpr=1&fit=crop&s=jRL45WuyQtpvNgnpep2eeg|Không có nhu cầu cũng như khả năng tài chính tham gia thêm bảo hiểm, nhiều người đành mua rồi huỷ ngay sau năm đầu để được vay ngân hàng nhanh chóng.|kinh tế|vnexpress.net|unknow
Người Mỹ không dám ăn tiêu vì lạm phát|https://vnexpress.net/nguoi-my-khong-dam-an-tieu-vi-lam-phat-4471763.html|https://i1-kinhdoanh.vnecdn.net/2022/06/04/us-shopping-1654308805-8145-1654308820.jpg?w=220&h=132&q=100&dpr=1&fit=crop&s=-NeoPR0x_ACff6-jk5xzgA|Hàng hóa đắt đỏ khiến người Mỹ chuyển sang mua thịt và sữa loại rẻ hơn, giảm ăn hàng, làm móng và phớt lờ hàng hóa không thiết yếu.|kinh tế|vnexpress.net|unknow
Thế Giới Di Động tham vọng số một thị trường mẹ và bé|https://vnexpress.net/the-gioi-di-dong-tham-vong-so-mot-thi-truong-me-va-be-4471884.html|https://i1-kinhdoanh.vnecdn.net/2022/06/04/image-228524557-extractword-2-8393-8039-1654318175.png?w=220&h=132&q=100&dpr=1&fit=crop&s=OX5aNLPv37BzZrObIswJ3A|Tập đoàn ra mắt 50 cửa hàng thuộc chuỗi mới với danh mục hơn 5.000 sản phẩm, đầu tư kênh online, hút khách bằng giá tốt... nhắm tới mục tiêu đầu ngành.|kinh tế|vnexpress.net|unknow
Dấu ấn Hưng Thịnh trên thị trường bất động sản cao cấp|https://vnexpress.net/dau-an-hung-thinh-tren-thi-truong-bat-dong-san-cao-cap-4471148.html|https://i1-kinhdoanh.vnecdn.net/2022/06/02/Image-ExtractWord-2-Out-9849-1654156380.png?w=220&h=132&q=100&dpr=1&fit=crop&s=EvW00tpRTj0BQJFPRvZCGQ|Ngoài nhà ở, Tập đoàn Hưng Thịnh mở rộng sang bất động sản biển cao cấp với dự án MerryLand Quy Nhơn với vốn giai đoạn một hơn 2 tỷ USD tại Bình Định.|kinh tế|vnexpress.net|unknow
'Cần cơ chế đặc thù để hút đầu tư vào khai thác, thăm dò dầu khí'|https://vnexpress.net/can-co-che-dac-thu-de-hut-dau-tu-vao-khai-thac-tham-do-dau-khi-4471656.html|https://i1-kinhdoanh.vnecdn.net/2022/06/03/NguyenLamThanh-1654259986-2399-1654262802.jpg?w=220&h=132&q=100&dpr=1&fit=crop&s=bjeK6UIrRXLb76mxNRqfkg|Đại biểu Quốc hội cho rằng, mỗi mũi khoan thăm dò dầu khí tốn vài triệu USD, nếu không có cơ chế đặc thù, loại trừ trách nhiệm khó ai dám làm.|kinh tế|vnexpress.net|unknow
Bộ Xây dựng nêu phương án xử lý khi hết hạn 50 năm sử dụng chung cư|https://vnexpress.net/bo-xay-dung-neu-phuong-an-xu-ly-khi-het-han-50-nam-su-dung-chung-cu-4471853.html|https://i1-kinhdoanh.vnecdn.net/2022/06/04/c30c89e95c0ffb62e851faff2a84e1-2703-6751-1654359785.jpg?w=220&h=132&q=100&dpr=1&fit=crop&s=TbHsrHWJr2B7cPP714Spag|Trong đề xuất áp thời hạn sử dụng chung cư 50-70 năm, Bộ Xây dựng cho biết trường hợp phải phá dỡ để xây lại, người sở hữu được tái định cư tại địa điểm cũ.|kinh tế|vnexpress.net|unknow
Tiền vào chứng khoán bất ngờ giảm mạnh|https://vnexpress.net/tien-vao-chung-khoan-bat-ngo-giam-manh-4471792.html|https://i1-kinhdoanh.vnecdn.net/2022/06/03/CG2A9189-1654247951-9401-1654247955.jpg?w=220&h=132&q=100&dpr=1&fit=crop&s=ID36wgLfQtL-zaMafgr2-A|Thanh khoản sàn TP HCM tuần này cải thiện đáng kể khi mỗi phiên đều trên 16.000 tỷ đồng, nhưng đến phiên hôm nay lại rớt mạnh xuống dưới 13.000 tỷ đồng.|kinh tế|vnexpress.net|unknow
Musk muốn sa thải 10% nhân sự Tesla|https://vnexpress.net/musk-muon-sa-thai-10-nhan-su-tesla-4471771.html|https://i1-kinhdoanh.vnecdn.net/2022/06/03/musk-shanghai-1654250088-4983-1654250095.jpg?w=220&h=132&q=100&dpr=1&fit=crop&s=G3ks__ye8nJxE839C1FcRQ|"Trong email gửi các lãnh đạo hãng xe điện Tesla, Elon Musk cho biết ""có cảm giác rất xấu"" về nền kinh tế và muốn giảm 10% nhân lực."|kinh tế|vnexpress.net|unknow
Bộ Công Thương: Khó nhập xăng giá rẻ từ Malaysia|https://vnexpress.net/bo-cong-thuong-kho-nhap-xang-gia-re-tu-malaysia-4471700.html|https://i1-kinhdoanh.vnecdn.net/2022/06/03/giaxang16NgocThanh-1654245282-1534-1654245534.jpg?w=220&h=132&q=100&dpr=1&fit=crop&s=rI1tZSJghvQsJ7qS_WLc1Q|Chính phủ Malaysia trợ giá xăng, bán 13.000 đồng một lít cho dân bản địa, nhưng nếu xuất khẩu, giá sẽ theo mức chung của khu vực, không rẻ hơn Việt Nam.|kinh tế|vnexpress.net|unknow
Ông Nguyễn Ảnh Nhượng Tống rút khỏi Yeah1|https://vnexpress.net/ong-nguyen-anh-nhuong-tong-rut-khoi-yeah1-4471738.html|https://i1-kinhdoanh.vnecdn.net/2022/06/03/IMG6818JPG-1654244423-3928-1654244616.jpg?w=220&h=132&q=100&dpr=1&fit=crop&s=IczsUgM1GMMOQdh01pV5eQ|Chủ tịch Yeah1 vừa bán hết cổ phiếu đang sở hữu tại công ty này và không tự ứng cử Hội đồng quản trị nhiệm kỳ mới.|kinh tế|vnexpress.net|unknow
Thế giới nguy cơ lặp lại khủng hoảng năng lượng thập niên 70|https://vnexpress.net/the-gioi-nguy-co-lap-lai-khung-hoang-nang-luong-thap-nien-70-4471544.html|https://i1-kinhdoanh.vnecdn.net/2022/06/03/oil-3-1654233266-3600-1654233339.jpg?w=220&h=132&q=100&dpr=1&fit=crop&s=3mW14_6KhZVe_c3q4r9FFg|Giá năng lượng trên thế giới - từ xăng, khí đốt đến than đá - tăng vọt thổi bùng lo ngại tái diễn khủng hoảng dầu thập niên 70.|kinh tế|vnexpress.net|unknow
Doanh nghiệp khó khăn, thu ngân sách tăng nhờ đâu?|https://vnexpress.net/doanh-nghiep-kho-khan-thu-ngan-sach-tang-nho-dau-4469629.html|https://i1-kinhdoanh.vnecdn.net/2022/06/01/tp-hcm-1654076073-9818-1654078368.jpg?w=220&h=132&q=100&dpr=1&fit=crop&s=EHYD2LwFyD6pS490UbSeuw|Dù 2021 là một năm bĩ cực của nền kinh tế, khối doanh nghiệp tư nhân cùng với hoạt động nhập khẩu lại đóng góp chủ lực vào tăng thu ngân sách.|kinh tế|vnexpress.net|unknow
Nền tảng khoa học dữ liệu khách hàng nhận vốn từ VIISA|https://vnexpress.net/nen-tang-khoa-hoc-du-lieu-khach-hang-nhan-von-tu-viisa-4471632.html|https://i1-kinhdoanh.vnecdn.net/2022/06/03/55312d4792d9e23fbf1ef493c254da-8632-5109-1654235114.jpg?w=220&h=132&q=100&dpr=1&fit=crop&s=nF1SKxFgOHDfc3J4mlUeFA|Prime Data - nền tảng về dữ liệu khách hàng và trải nghiệm đa kênh - vừa được Quỹ đầu tư khởi nghiệp sáng tạo VIISA rót vốn.|kinh tế|vnexpress.net|unknow
Saigontourist tiếp tục lỗ nặng|https://vnexpress.net/saigontourist-tiep-tuc-lo-nang-4471621.html|https://i1-kinhdoanh.vnecdn.net/2022/06/03/ks-continental-saigon-16542307-5327-9368-1654230740.jpg?w=220&h=132&q=100&dpr=1&fit=crop&s=NhH3vpTRctakRxz28IBKlQ|Saigontourist lỗ hơn 500 tỷ đồng vào năm ngoái khi doanh thu lùi về mức thấp kỷ lục do ảnh hưởng của Covid-19.|kinh tế|vnexpress.net|unknow
Giá dầu khó giảm dù OPEC+ hứa tăng sản lượng|https://vnexpress.net/gia-dau-kho-giam-du-opec-hua-tang-san-luong-4471565.html|https://i1-kinhdoanh.vnecdn.net/2022/06/03/2021-04-28t182021z-1316645407-8274-9528-1654231692.jpg?w=220&h=132&q=100&dpr=1&fit=crop&s=DrocKoXMOJuIeSwi2wv7Pg|Dù cam kết tăng bơm dầu, các nước thành viên OPEC+ đã hoạt động hết công suất và khó tăng cung đáng kể để hạ giá.|kinh tế|vnexpress.net|unknow
Cổ phiếu của Ocean Group bị cấm giao dịch phiên sáng|https://vnexpress.net/co-phieu-cua-ocean-group-bi-cam-giao-dich-phien-sang-4471493.html|https://i1-kinhdoanh.vnecdn.net/2022/06/03/13604-1654218928-1797-1654218996.jpg?w=220&h=132&q=100&dpr=1&fit=crop&s=MMf5BEAXUIzkV7ZprpemxA|HoSE đưa cổ phiếu OGC vào diện hạn chế giao dịch từ 9/6 do quá 45 ngày chưa nộp báo cáo tài chính kiểm toán năm 2021.|kinh tế|vnexpress.net|unknow
Cổ phiếu thép - từ cơ thành nguy|https://vnexpress.net/co-phieu-thep-tu-co-thanh-nguy-4471163.html|https://i1-kinhdoanh.vnecdn.net/2022/06/02/thepHoaSenPhuongDong1618315231-5377-9986-1654152740.jpg?w=220&h=132&q=100&dpr=1&fit=crop&s=5r9QOAK898_ZwuQmbZp0Ng|Ngành thép từng được kỳ vọng là một trong số ít hưởng lợi khi căng thẳng Nga - Ukraine leo thang, nhưng các diễn biến thực tế theo hướng ngược lại.|kinh tế|vnexpress.net|unknow
Vì sao doanh nghiệp vừa và nhỏ vẫn ngại chuyển đổi số?|https://vnexpress.net/vi-sao-doanh-nghiep-vua-va-nho-van-ngai-chuyen-doi-so-4471371.html|https://i1-kinhdoanh.vnecdn.net/2022/06/02/image-641979009-extractword-2-3863-3519-1654184021.png?w=220&h=132&q=100&dpr=1&fit=crop&s=DT3tK7lpaCtmg76f9iNeQQ|"Tài chính thường là rào cản của doanh nghiệp vừa và nhỏ, nhưng theo các chuyên gia mấu chốt là do không xác định đúng ""nỗi đau"" cần giải."|kinh tế|vnexpress.net|unknow
OPEC+ tăng sản xuất dầu|https://vnexpress.net/opec-tang-san-xuat-dau-4471419.html|https://i1-kinhdoanh.vnecdn.net/2022/06/03/oil4-1654189512-3605-1654189518.jpg?w=220&h=132&q=100&dpr=1&fit=crop&s=ovK32IYabh94FGOuyASy5w|OPEC+ đồng ý tăng bơm dầu thô ra thị trường trong 2 tháng tới, khi sản lượng của Nga bắt đầu sụt giảm vì các lệnh trừng phạt.|kinh tế|vnexpress.net|unknow
Phân biệt bảo hiểm nhân thọ và phi nhân thọ|https://vnexpress.net/phan-biet-bao-hiem-nhan-tho-va-phi-nhan-tho-4471851.html|https://i1-kinhdoanh.vnecdn.net/2022/06/03/gettyimages-1297366388-3116-16-8468-5025-1654256022.jpg?w=220&h=132&q=100&dpr=1&fit=crop&s=oHhYn2iYBmsvE-Em_1xXKw|Bảo hiểm nhân thọ và phi nhân thọ đều giúp con người phòng ngừa trước những rủi ro trong cuộc sống nhưng lại mang những ý nghĩa riêng biệt.|kinh tế|vnexpress.net|unknow
Hơn 4.4 tỷ người dùng ví điện tử vào năm 2024|https://startup.vnexpress.net/tin-tuc/startup-2022/hon-4-4-ty-nguoi-dung-vi-dien-tu-vao-nam-2024-4471290.html|https://i1-kinhdoanh.vnecdn.net/2022/06/02/istockphoto-1132784547-170667a-7975-1888-1654162576.jpg?w=220&h=132&q=100&dpr=1&fit=crop&s=dtPIPKy4HyEAiQtwa6torA|Theo nghiên cứu của Merchant Machine về tiềm năng của Fintech, ví di động được dự đoán sẽ có 4,4 tỷ người dùng vào năm 2024.|kinh tế|vnexpress.net|unknow
Lợi ích khi gửi tiết kiệm online|https://vnexpress.net/loi-ich-khi-gui-tiet-kiem-online-4471089.html|https://i1-kinhdoanh.vnecdn.net/2022/06/03/Image-ExtractWord-0-Out-1937-1654244890.png?w=220&h=132&q=100&dpr=1&fit=crop&s=dJ9zwVcnWFlTpb_yvHj4rw|Gửi tiết kiệm online giúp khách hàng tiết kiệm thời gian với thao tác thực hiện đơn giản cùng lãi suất cạnh tranh.|kinh tế|vnexpress.net|unknow
S&P Ratings nâng xếp hạng tín nhiệm của Vietcombank|https://vnexpress.net/s-amp-p-ratings-nang-xep-hang-tin-nhiem-cua-vietcombank-4471295.html|https://i1-kinhdoanh.vnecdn.net/2022/06/03/vietcombank-toa-nha-tru-so-chi-6644-5126-1654235670.jpg?w=220&h=132&q=100&dpr=1&fit=crop&s=QrkMO5s6nfeZM0FWxyZNVg|Tổ chức xếp hạng quốc tế S&P Ratings nâng xếp hạng tín nhiệm của Vietcombank từ mức BB- lên BB, triển vọng ổn định.|kinh tế|vnexpress.net|unknow
Bất động sản sinh thái phía Đông TP HCM thu hút nhà đầu tư|https://vnexpress.net/bat-dong-san-sinh-thai-phia-dong-tp-hcm-thu-hut-nha-dau-tu-4471584.html|https://i1-kinhdoanh.vnecdn.net/2022/06/03/dsc01198-1654245302-1629-1654245446.jpg?w=220&h=132&q=100&dpr=1&fit=crop&s=7YYWn1QgWRlQNVK-6vDyTQ|Aqua City được đánh giá cao bởi môi trường xanh, hệ tiện ích hiện đại đồng bộ, dự kiến vận hành vào cuối năm 2022.|kinh tế|vnexpress.net|unknow
Tối nay chuyên gia 20 năm kinh nghiệm chia sẻ về đầu tư đất|https://vnexpress.net/toi-nay-chuyen-gia-20-nam-kinh-nghiem-chia-se-ve-dau-tu-dat-4471608.html|https://i1-kinhdoanh.vnecdn.net/2022/06/03/tienxaydungcaunoivinhomeshungy-6057-5510-1654229570.jpg?w=220&h=132&q=100&dpr=1&fit=crop&s=aMMvTW5LTVkTiDaPYRe-Aw|20h tối 3/6, chuyên gia sẽ chia sẻ những lưu ý khi đầu tư vào thị trường Hưng Yên và giải đáp các câu hỏi trực tuyến của độc giả về việc rót vốn vào bất động sản.|kinh tế|vnexpress.net|unknow
Có nên mua bảo hiểm nhân thọ thứ 2?|https://vnexpress.net/co-nen-mua-bao-hiem-nhan-tho-thu-2-4470827.html|https://i1-kinhdoanh.vnecdn.net/2022/06/01/bh-1654077900-9069-1654078116.png?w=220&h=132&q=100&dpr=1&fit=crop&s=2u4hmkX1giVQDAewxgfxOg|Khách hàng có thể mua hai hoặc nhiều hợp đồng bảo hiểm nhân thọ nhưng phải có quyền lợi hợp lý và thực sự phù hợp với nhu cầu.|kinh tế|vnexpress.net|unknow
CEO JPMorgan cảnh báo về 'trận cuồng phong kinh tế'|https://vnexpress.net/ceo-jpmorgan-canh-bao-ve-tran-cuong-phong-kinh-te-4471253.html|https://i1-kinhdoanh.vnecdn.net/2022/06/02/jamie-dimon-1654161694-7817-1654161755.jpg?w=220&h=132&q=100&dpr=1&fit=crop&s=aJTkxn6rqtm3L92n6wZWqg|Jamie Dimon cho biết ngân hàng lớn nhất Mỹ đang chuẩn bị cho một trận cuồng phong kinh tế, do lo ngại về Fed và giá dầu.|kinh tế|vnexpress.net|unknow
Phó thủ tướng: Gói phục hồi kinh tế làm 'thận trọng để tránh sơ suất'|https://vnexpress.net/pho-thu-tuong-goi-phuc-hoi-kinh-te-lam-than-trong-de-tranh-so-suat-4471202.html|https://i1-kinhdoanh.vnecdn.net/2022/06/02/leminhkhai-1654155859-4820-1654156094.jpg?w=220&h=132&q=100&dpr=1&fit=crop&s=XOWBPfExiBvwzgxxgdil6A|"Giải trình Quốc hội, Phó thủ tướng Lê Minh Khái nói vì sự phức tạp và số tiền lớn, gói phục hồi kinh tế cần làm ""rất thận trọng để tránh sơ suất, trách nhiệm sau này""."|kinh tế|vnexpress.net|unknow
Hơn nửa triệu đồng một kg rau cần biển|https://vnexpress.net/hon-nua-trieu-dong-mot-kg-rau-can-bien-4470686.html|https://i1-kinhdoanh.vnecdn.net/2022/06/01/rau-jpeg-1654066498-5254-1654068555.jpg?w=220&h=132&q=100&dpr=1&fit=crop&s=Yy7vf52ie7hGN4Oza0OBmQ|Mỗi kg rau cần biển hiện được bán với giá 300.000-550.000 đồng, đắt gấp đôi so với thịt bò Việt.|kinh tế|vnexpress.net|unknow
Mobifone có chủ tịch mới|https://vnexpress.net/mobifone-co-chu-tich-moi-4471126.html|https://i1-kinhdoanh.vnecdn.net/2022/06/02/5fd3afac-1471-46f2-b78e-2915a1-7466-2256-1654147348.jpg?w=220&h=132&q=100&dpr=1&fit=crop&s=naDCt-mf4KLS2gT1N2D74g|Uỷ ban Quản lý vốn Nhà nước tại doanh nghiệp vừa bổ nhiệm ông Nguyễn Hồng Hiển làm Chủ tịch HĐTV Mobifone từ ngày 1/6.|kinh tế|vnexpress.net|unknow
Nga chưa thiệt hại dù cắt khí đốt của châu Âu|https://vnexpress.net/nga-chua-thiet-hai-du-cat-khi-dot-cua-chau-au-4471103.html|https://i1-kinhdoanh.vnecdn.net/2022/06/02/khi-dot-nga-1654144354-1305-1654144540.jpg?w=220&h=132&q=100&dpr=1&fit=crop&s=qwJgxSwIb-Q860xZF5uf1g|Xuất khẩu khí đốt của Nga giảm gần 30% năm nay, nhưng giá khí đốt lại tăng gấp 5, giúp nguồn thu của họ không hao hụt.|kinh tế|vnexpress.net|unknow
Bộ trưởng Tài chính: Có trường hợp bán nhà 10 tỷ, kê khai thuế 500 triệu|https://vnexpress.net/bo-truong-tai-chinh-co-truong-hop-ban-nha-10-ty-ke-khai-thue-500-trieu-4471025.html|https://i1-kinhdoanh.vnecdn.net/2022/06/02/HoDucPhoc1-1654140862-2376-1654141118.jpg?w=220&h=132&q=100&dpr=1&fit=crop&s=iuqv0wtnEmW9n1h-a7F4Vw|Ông Hồ Đức Phớc cho biết có hiện tượng kê khai thuế chuyển nhượng bất động sản thấp hơn giá trị thực 20, thậm chí 40 lần nên cần siết lại hoạt động này.|kinh tế|vnexpress.net|unknow
Sở Giao dịch chứng khoán Việt Nam lãi nghìn tỷ|https://vnexpress.net/so-giao-dich-chung-khoan-viet-nam-lai-nghin-ty-4471041.html|https://i1-kinhdoanh.vnecdn.net/2022/06/02/QUYN8451-1654138537-9878-1654138641.jpg?w=220&h=132&q=100&dpr=1&fit=crop&s=pFwANsa1bV4sKns1PsF5oQ|Thành lập chưa đầy một năm, Sở Giao dịch chứng khoán Việt Nam báo lãi sau thuế 1.343 tỷ đồng do hợp nhất kết quả kinh doanh của HoSE và HNX.|kinh tế|vnexpress.net|unknow
Các nước ghìm giá xăng, dầu như thế nào|https://vnexpress.net/cac-nuoc-ghim-gia-xang-dau-nhu-the-nao-4470897.html|https://i1-kinhdoanh.vnecdn.net/2022/06/01/us-gas-1-1654101145-6618-1654101157.jpg?w=220&h=132&q=100&dpr=1&fit=crop&s=HcJMn__iOlA0WSzAje4eLg|Giá xăng, dầu liên tục lập đỉnh khiến nhiều quốc gia phải tìm cách hãm đà tăng bằng giảm thuế hay xả kho dự trữ.|kinh tế|vnexpress.net|unknow
Hệ lụy từ lệnh cấm dầu Nga của EU|https://vnexpress.net/he-luy-tu-lenh-cam-dau-nga-cua-eu-4470769.html|https://i1-kinhdoanh.vnecdn.net/2022/06/01/aboemd5k7jnclgakxk4n2oxezi-165-6585-4171-1654078487.jpg?w=220&h=132&q=100&dpr=1&fit=crop&s=XXgPt8w0jKMkAtxthpYJ5w|Giới phân tích cho rằng lệnh cấm dầu Nga của EU không tạo ra nhiều biến động mà chỉ củng cố dòng chảy dầu đã chuyển hướng gần đây.|kinh tế|vnexpress.net|unknow
Xi măng tiếp tục tăng giá|https://vnexpress.net/xi-mang-tiep-tuc-tang-gia-4470704.html|https://i1-kinhdoanh.vnecdn.net/2022/06/01/ong-lon-holcim-va-lafarge-ve-m-3750-1552-1654066737.jpg?w=220&h=132&q=100&dpr=1&fit=crop&s=SWeIdCCDX-F6KRdY-qhAUw|Lần thứ hai điều chỉnh trong năm, nhiều doanh nghiệp xi măng đua nhau tăng giá bán lên thêm 60.000-80.000 đồng một tấn trước áp lực nguyên liệu đầu vào.|kinh tế|vnexpress.net|unknow
NAV trong chứng khoán là gì?|https://vnexpress.net/nav-trong-chung-khoan-la-gi-4471296.html|https://i1-kinhdoanh.vnecdn.net/2022/06/02/what-is-net-asset-value-defini-9340-3979-1654162823.png?w=220&h=132&q=100&dpr=1&fit=crop&s=_gFgXOoHdMlo_VxVfs59oA|NAV là một trong những chỉ số chính để đánh giá kết quả hoạt động của các quỹ đầu tư.|kinh tế|vnexpress.net|unknow
'Muốn vượt đỉnh phải cải tiến liên tục'|https://video.vnexpress.net/tin-tuc/the-next-power/muon-vuot-dinh-phai-cai-tien-lien-tuc-4471012.html|https://i1-kinhdoanh.vnecdn.net/2022/06/02/thumbnailtp4-1654137259-4989-1-5050-3978-1654137450.png?w=220&h=132&q=100&dpr=1&fit=crop&s=fGOhbQvDa8_KJ_CFN4D41g|Nhiều người hỏi công ty đang tốt, sao cứ phải thay đổi, nhưng bà Cao Thị Ngọc Dung có bí quyết riêng của mình theo chia sẻ tại talkshow The Next Power.|kinh tế|vnexpress.net|unknow
Còn 2 ngày mua vé ưu đãi để được chuyên gia tư vấn về bất động sản|https://vnexpress.net/con-2-ngay-mua-ve-uu-dai-de-duoc-chuyen-gia-tu-van-ve-bat-dong-san-4470531.html|https://i1-kinhdoanh.vnecdn.net/2022/06/01/222-1654052167-9692-1654052175.jpg?w=220&h=132&q=100&dpr=1&fit=crop&s=HqpoX6OAyIrk-V69K4-xWA|Độc giả còn 2 ngày mua vé Regular của eBox bất động sản gồm 4 buổi livestream với giá ưu đãi giảm 31% còn 549.000 đồng.|kinh tế|vnexpress.net|unknow
Mẹo cải thiện quy trình logistics ngược|https://vnexpress.net/meo-cai-thien-quy-trinh-logistics-nguoc-4470588.html|https://i1-kinhdoanh.vnecdn.net/2022/06/01/5e9982c564d69489b4e7cd2a-5c937-5631-7200-1654056823.jpg?w=220&h=132&q=100&dpr=1&fit=crop&s=R6PF6osaxq1T0Xpyy2hBnQ|Các doanh nghiệp logistics cần hoàn thiện chính sách, đóng hàng dựa trên lợi nhuận, cố định không gian cho hàng trả lại, đầu tư giải pháp và phần mềm.|kinh tế|vnexpress.net|unknow
Đại biểu Quốc hội đề nghị giảm tiếp thuế để kìm giá xăng|https://vnexpress.net/dai-bieu-quoc-hoi-de-nghi-giam-tiep-thue-de-kim-gia-xang-4470731.html|https://i1-kinhdoanh.vnecdn.net/2022/06/01/giaxang16ngocthanh1-1654077912-3488-9965-1654090153.jpg?w=220&h=132&q=100&dpr=1&fit=crop&s=FPbVd5GZFyX5DPIgiHiAwA|Để tránh hiệu ứng domino tới các mặt hàng khác, các đại biểu đề nghị Chính phủ trình Quốc hội việc giảm thêm các loại thuế để kìm đà tăng sốc của giá xăng dầu.|kinh tế|vnexpress.net|unknow
Gói phục hồi kinh tế 'thông qua nhanh, giải ngân lại quá chậm'|https://vnexpress.net/goi-phuc-hoi-kinh-te-thong-qua-nhanh-giai-ngan-lai-qua-cham-4470669.html|https://i1-kinhdoanh.vnecdn.net/2022/06/01/VuThiLuuMai-1654073760-2988-1654073982.jpg?w=220&h=132&q=100&dpr=1&fit=crop&s=4FRMpsZCjDeT2zt292-D7Q|"Các đại biểu sốt ruột khi gói phục hồi kinh tế được Quốc hội thông qua nhanh trong bối cảnh đặc biệt nhưng lại không được giải ngân ""bằng một quyết tâm đặc biệt""."|kinh tế|vnexpress.net|unknow
Nga cắt một phần khí đốt đến Đức, Đan Mạch|https://vnexpress.net/nga-cat-mot-phan-khi-dot-den-duc-dan-mach-4470727.html|https://i1-kinhdoanh.vnecdn.net/2022/06/01/K5A2E7WXXRIHFIRUYZKYR2AXQI-165-6436-2665-1654072144.jpg?w=220&h=132&q=100&dpr=1&fit=crop&s=2JZ2hJKzXr0NomPrOv3yOA|Gazprom sẽ ngừng xuất khẩu khí đốt cho hai công ty năng lượng của Đức và Đan Mạch vì từ chối thanh toán bằng đồng ruble.|kinh tế|vnexpress.net|unknow
Giá xăng vượt 31.000 đồng một lít|https://vnexpress.net/gia-xang-vuot-31-000-dong-mot-lit-4470703.html|https://i1-kinhdoanh.vnecdn.net/2022/06/01/11xang283686988-36720468206140-8645-6514-1654071281.jpg?w=220&h=132&q=100&dpr=1&fit=crop&s=l8mgoNFsslNY1FCGOu0V8g|Từ 15h hôm nay, mỗi lít xăng E5 RON 92 tăng 600 đồng, RON 95 tăng 920 đồng và các mặt hàng dầu tăng 310-940 đồng một lít.|kinh tế|vnexpress.net|unknow
Showbiz Việt đua kinh doanh bất động sản|https://vnexpress.net/showbiz-viet-dua-kinh-doanh-bat-dong-san-4470317.html|https://i1-kinhdoanh.vnecdn.net/2022/06/01/282634343-594823898444062-5495-3270-2863-1654059566.jpg?w=220&h=132&q=100&dpr=1&fit=crop&s=olVm8Eltcm-SdmeshBlu9A|Trước đây giới showbiz Việt gia nhập ngành địa ốc như nghề tay trái, mua bán đơn lẻ, âm thầm còn nay họ đầu tư quy mô, rầm rộ hơn.|kinh tế|vnexpress.net|unknow
Xuất khẩu nông, lâm, thủy sản vượt 13 tỷ USD trong 5 tháng|https://vnexpress.net/xuat-khau-nong-lam-thuy-san-vuot-13-ty-usd-trong-5-thang-4470842.html|https://i1-kinhdoanh.vnecdn.net/2022/06/01/xuanngoc-cangu-nhatrang-9-jpg-5392-3655-1654081505.jpg?w=220&h=132&q=100&dpr=1&fit=crop&s=bv5a8EUS6KXYV8AGaY_wBg|Kim ngạch xuất khẩu hàng nông, lâm, thủy sản trong 5 tháng đầu năm ước đạt 13,08 tỷ USD, tăng 20,3% so với cùng kỳ 2021, theo Bộ Công Thương.|kinh tế|vnexpress.net|unknow
UOB Việt Nam có tổng giám đốc mới|https://vnexpress.net/uob-viet-nam-co-tong-giam-doc-moi-4470798.html|https://i1-kinhdoanh.vnecdn.net/2022/06/01/uob-1654075052-1164-1654075104.jpg?w=220&h=132&q=100&dpr=1&fit=crop&s=2ksQpzpS1CBgZ0GKHGLWqQ|Ngân hàng UOB Việt Nam hôm nay thông báo bổ nhiệm ông Victor Ngo giữ chức Tổng giám đốc, thay cho người tiền nhiệm quay về Singapore.|kinh tế|vnexpress.net|unknow
Ngành sản xuất có xu hướng tăng tốc|https://vnexpress.net/nganh-san-xuat-co-xu-huong-tang-toc-4470698.html|https://i1-kinhdoanh.vnecdn.net/2022/06/01/sanxuat14252710391425271053-16-9445-3450-1654068741.jpg?w=220&h=132&q=100&dpr=1&fit=crop&s=hSA1di0w0ryjuWXOBcSwAA|Trong tháng 5, sản lượng và số lượng đơn đặt hàng mới được ghi nhận tăng mạnh, từ đó thúc đẩy tăng việc làm và hoạt động mua hàng.|kinh tế|vnexpress.net|unknow
Ấn Độ mua dầu Nga gấp 9 lần năm ngoái|https://vnexpress.net/an-do-mua-dau-nga-gap-9-lan-nam-ngoai-4470530.html|https://i1-kinhdoanh.vnecdn.net/2022/06/01/india-1654071438-1180-1654071461.jpg?w=220&h=132&q=100&dpr=1&fit=crop&s=oNu9_KGLvmOFLzhXt7-GIg|Refinitiv ước tính 3,36 triệu tấn dầu thô Nga đã đến Ấn Độ tháng trước, gấp 9 lần trung bình tháng năm 2021.|kinh tế|vnexpress.net|unknow
Đại biểu Quốc hội đề nghị xử lý việc 'dìm, thổi, đánh võng' giá đất|https://vnexpress.net/dai-bieu-quoc-hoi-de-nghi-xu-ly-viec-dim-thoi-danh-vong-gia-dat-4470615.html|https://i1-kinhdoanh.vnecdn.net/2022/06/01/NguyenthiThuy-1654059122-9349-1654059540.jpg?w=220&h=132&q=100&dpr=1&fit=crop&s=Tl5hQ_QWlRlG8UiyuUo2iA|Đại biểu Nguyễn Thị Thủy cho rằng, đẩy giá hay thông đồng dìm giá, đánh võng giá đất... đều là rút ruột, gây thiệt hại và hệ lụy lớn cho Nhà nước.|kinh tế|vnexpress.net|unknow
Lãi suất tiền gửi tiếp tục tăng cao|https://vnexpress.net/lai-suat-tien-gui-tiep-tuc-tang-cao-4470163.html|https://i1-kinhdoanh.vnecdn.net/2022/05/31/280643309-744456096725912-8890-5071-8209-1653976873.jpg?w=220&h=132&q=100&dpr=1&fit=crop&s=DNF3YpQ8OnbCH5N2mmUDCQ|Các ngân hàng tiếp tục tăng lãi suất tiền gửi tiết kiệm với biên độ phổ biến 0,3-0,4% một năm, có nhà băng tăng đến 0,8% một năm.|kinh tế|vnexpress.net|unknow
Đồng sáng lập Dogecoin: Elon Musk là 'kẻ lừa tiền'|https://vnexpress.net/dong-sang-lap-dogecoin-elon-musk-la-ke-lua-tien-4470352.html|https://i1-kinhdoanh.vnecdn.net/2022/05/31/fjsbkctiabkmrm2jik5t3rt6om-jpe-9083-6298-1654002861.jpg?w=220&h=132&q=100&dpr=1&fit=crop&s=ExJ0zLIcYNpxF6CgRucpRw|"Nhà đồng sáng lập Dogecoin Jackson Palmer cho rằng CEO Tesla không hiểu gì về tiền số, mà chỉ ""lừa mọi người"" rằng ông rất thông thạo."|kinh tế|vnexpress.net|unknow
Bức tranh điện hạt nhân trên toàn cầu|https://vnexpress.net/buc-tranh-dien-hat-nhan-tren-toan-cau-4470388.html|https://i1-kinhdoanh.vnecdn.net/2022/06/01/bataan-1654022516-4292-1654022739.jpg?w=220&h=132&q=100&dpr=1&fit=crop&s=NEdCLZURgBqd-Uq3rJcgcQ|Philippines muốn hồi sinh nhà máy điện hạt nhân sau vài thập kỷ, Pháp sắp xây thêm lò phản ứng, còn Đức kiên quyết đóng hết nhà máy năm nay.|kinh tế|vnexpress.net|unknow
Ngành bảo hiểm toàn cầu thiệt hại 1,3 tỷ USD do xung đột ở Ukraine|https://vnexpress.net/nganh-bao-hiem-toan-cau-thiet-hai-1-3-ty-usd-do-xung-dot-o-ukraine-4470804.html|https://i1-kinhdoanh.vnecdn.net/2022/06/01/8120c6b4-a4f4-4f51-a0b3-de051a-1960-6577-1654075709.jpg?w=220&h=132&q=100&dpr=1&fit=crop&s=_eImbiOoFuT8M79rg0Te6A|Căng thẳng Nga và Ukraine khiến ngành bảo hiểm toàn cầu tổn thất 1,3 tỷ USD trong quý I, chịu ảnh hưởng nhiều nhất là các doanh nghiệp châu Âu.|kinh tế|vnexpress.net|unknow
Đặt câu hỏi và nhận giải đáp từ chuyên gia về đầu tư bất động sản|https://vnexpress.net/dat-cau-hoi-va-nhan-giai-dap-tu-chuyen-gia-ve-dau-tu-bat-dong-san-4470645.html|https://i1-kinhdoanh.vnecdn.net/2022/06/01/281697591395423267813620322276-3970-2914-1654057329.jpg?w=220&h=132&q=100&dpr=1&fit=crop&s=g5SojOztcPOSHEECTE_gPA|Khán giả có thể đặt câu hỏi và nhận giải đáp trực tiếp của chuyên gia về chủ đề bất động sản tỉnh thành, trong eBox diễn ra 20h tối thứ Sáu, ngày 3/6.|kinh tế|vnexpress.net|unknow
HDBank ưu tiên giải ngân vốn phát triển nông nghiệp|https://vnexpress.net/hdbank-uu-tien-giai-ngan-von-phat-trien-nong-nghiep-4470542.html|https://i1-kinhdoanh.vnecdn.net/2022/06/01/hdb-1-1654061882-1898-1654062085.jpg?w=220&h=132&q=100&dpr=1&fit=crop&s=0eMOX_OQxGfhs7ZETN_v-Q|HDBank thực hiện nhiều ký kết với IFC nhằm hỗ trợ doanh nghiệp tham gia chuỗi cung ứng toàn cầu với các chính sách ưu đãi về vốn tín dụng lĩnh vực nông nghiệp.|kinh tế|vnexpress.net|unknow
Container gấp giúp giải quyết tắc nghẽn chuỗi cung ứng|https://vnexpress.net/container-gap-giup-giai-quyet-tac-nghen-chuoi-cung-ung-4470283.html|https://i1-kinhdoanh.vnecdn.net/2022/05/31/6290dfb6f099c40019569e6b-16539-2359-6659-1653989528.jpg?w=220&h=132&q=100&dpr=1&fit=crop&s=XPE4V6MkXRJlnjruIUafmg|Các container gấp có thể góp phần giải quyết tình trạng tắc nghẽn tại các cảng và kho bãi, tiết kiệm chi phí và bảo vệ môi trường.|kinh tế|vnexpress.net|unknow
Ông Tào Đức Thắng: 'Sáng tạo như cơm ăn, nước uống ở Viettel'|https://vnexpress.net/ong-tao-duc-thang-sang-tao-nhu-com-an-nuoc-uong-o-viettel-4470495.html|https://i1-kinhdoanh.vnecdn.net/2022/06/01/dsc8361-6387-1654052823-165405-2155-2280-1654057256.jpg?w=220&h=132&q=100&dpr=1&fit=crop&s=twv3cUWEhKfDVM5fzT-zkw|Chủ tịch kiêm Tổng giám đốc Viettel - Tào Đức Thắng cho biết, trung bình mỗi giờ tập đoàn có thêm một ý tưởng mới.|kinh tế|vnexpress.net|unknow
Du lịch phục hồi tạo việc làm cho lao động Bình Thuận|https://vnexpress.net/du-lich-phuc-hoi-tao-viec-lam-cho-lao-dong-binh-thuan-4465459.html|https://i1-kinhdoanh.vnecdn.net/2022/05/30/image005-9366-1653887092.jpg?w=220&h=132&q=100&dpr=1&fit=crop&s=EVN1V5YTJAKzv2Ao4kBVOA|BÌNH THUẬN Các dự án đô thị du lịch, nghỉ dưỡng góp phần thúc đẩy phát triển kinh tế, xã hội, giải quyết bài toán việc làm cho địa phương.|kinh tế|vnexpress.net|unknow
Tổng giám đốc SCC: 'Thị trường địa ốc sẽ phục hồi tốt'|https://vnexpress.net/tong-giam-doc-scc-thi-truong-dia-oc-se-phuc-hoi-tot-4470109.html|https://i1-kinhdoanh.vnecdn.net/2022/05/31/cg2a8621-1653971370-1653975728-2874-1653975777.jpg?w=220&h=132&q=100&dpr=1&fit=crop&s=RcpYou2CizxFkjZD01XWDg|TP HCM Các doanh nghiệp có tiềm lực cần triển khai dự án sớm để đón đà hồi phục của thị trường, theo ông Trần Việt Anh - Tổng giám đốc SCC.|kinh tế|vnexpress.net|unknow
'Đề xuất sở hữu chung cư 50 năm là không phù hợp'|https://vnexpress.net/de-xuat-so-huu-chung-cu-50-nam-la-khong-phu-hop-4470354.html|https://i1-kinhdoanh.vnecdn.net/2022/05/31/D12346BAFB50F10F4B8E79C0370100-1350-4398-1654003376.jpg?w=220&h=132&q=100&dpr=1&fit=crop&s=cB4pqKosuh2F9PyUHj69Tw|Theo các chuyên gia, việc chỉ cấp sổ hồng căn hộ 50-70 năm đi ngược lại tâm lý sở hữu nhà lâu dài của đa số dân đô thị.|kinh tế|vnexpress.net|unknow
Uỷ ban Kinh tế cảnh báo thị trường trái phiếu tiềm ẩn rủi ro cao|https://vnexpress.net/uy-ban-kinh-te-canh-bao-thi-truong-trai-phieu-tiem-an-rui-ro-cao-4470347.html|https://i1-kinhdoanh.vnecdn.net/2022/05/31/tienNHGiangHuy-1654003163-4194-1654003220.jpg?w=220&h=132&q=100&dpr=1&fit=crop&s=1PZkYGp70ErVNTx54PAv8w|Vốn huy động qua phát hành trái phiếu riêng lẻ rồi dùng sai mục đích, chuyển 'lòng vòng' qua các doanh nghiệp, nguy cơ mất vốn gốc, lãi của nhà đầu tư.|kinh tế|vnexpress.net|unknow
Uỷ ban Kinh tế: Đấu giá rồi bỏ cọc khiến giá đất tăng cao|https://vnexpress.net/uy-ban-kinh-te-dau-gia-roi-bo-coc-khien-gia-dat-tang-cao-4470191.html|https://i1-kinhdoanh.vnecdn.net/2022/05/31/vitricaclodatoThuThiem2-165398-2236-7956-1653984694.jpg?w=220&h=132&q=100&dpr=1&fit=crop&s=wNAy7TcdElAappL7TXdr4A|Theo Uỷ ban Kinh tế của Quốc hội, việc doanh nghiệp trúng đấu giá rồi bỏ cọc nảy sinh hệ luỵ tiêu cực với toàn xã hội, trong đó ảnh hưởng là giá đất tăng cao.|kinh tế|vnexpress.net|unknow
Chứng khoán đứt mạch tăng liên tiếp|https://vnexpress.net/chung-khoan-dut-mach-tang-lien-tiep-4470257.html|https://i1-kinhdoanh.vnecdn.net/2022/05/31/wwwusnewscom-1653987631-5952-1653987714.jpg?w=220&h=132&q=100&dpr=1&fit=crop&s=OYSPTZIr7pbHwMdAiYBK3A|Cổ phiếu vốn hoá lớn bị bán mạnh khiến VN-Index rơi xuống 1.292 điểm, đứt mạch tăng 5 phiên trước đó.|kinh tế|vnexpress.net|unknow
33 container điều mất kiểm soát được trả cho doanh nghiệp Việt|https://vnexpress.net/33-container-dieu-mat-kiem-soat-duoc-tra-cho-doanh-nghiep-viet-4470146.html|https://i1-kinhdoanh.vnecdn.net/2022/05/31/dieu-jpeg-1653983009-4524-1653983302.jpg?w=220&h=132&q=100&dpr=1&fit=crop&s=eoU8TdoriXSbjQ-hPE8MlQ|33/35 container hạt điều mất kiểm soát đầu tháng 3 đều đã được tòa phán quyết trả lại cho công ty Việt Nam.|kinh tế|vnexpress.net|unknow
Bộ Công Thương: Giá xăng Việt Nam bằng mức bình quân thế giới|https://vnexpress.net/bo-cong-thuong-gia-xang-viet-nam-bang-muc-binh-quan-the-gioi-4470135.html|https://i1-kinhdoanh.vnecdn.net/2022/05/31/cg2a2067-1653983156-1653983169-4123-1653983217.jpg?w=220&h=132&q=100&dpr=1&fit=crop&s=mA8s9ItmPDh7OozBjGM5ug|Giá xăng Việt Nam thấp hơn Trung Quốc, Thái Lan, Hàn Quốc... và đứng thứ 86 trên 170 quốc gia, theo Bộ Công Thương.|kinh tế|vnexpress.net|unknow
Xuất khẩu dầu của Nga lên cao nhất một tháng|https://vnexpress.net/xuat-khau-dau-cua-nga-len-cao-nhat-mot-thang-4470156.html|https://i1-kinhdoanh.vnecdn.net/2022/05/31/oilrus-1653973931-2443-1653973935.jpg?w=220&h=132&q=100&dpr=1&fit=crop&s=hhtkJ-wolHL9cEo887Lkhg|25 triệu thùng dầu đã rời các cảng của Nga trong tuần thứ ba tháng 5, cao nhất kể từ cuối tháng 4.|kinh tế|vnexpress.net|unknow
Ông Đỗ Quang Vinh đăng ký mua 6 triệu cổ phiếu SHS|https://vnexpress.net/ong-do-quang-vinh-dang-ky-mua-6-trieu-co-phieu-shs-4470338.html|https://i1-kinhdoanh.vnecdn.net/2022/05/31/Anh536531602490084294816039357-6808-5592-1653996660.jpg?w=220&h=132&q=100&dpr=1&fit=crop&s=OyH8iOqATzAxVKCZxwlflw|Chủ tịch SHS là một trong 22 nhà đầu tư cá nhân đăng ký mua gần 31 triệu cổ phiếu còn dư trong đợt chào bán cho cổ đông vào tháng 4.|kinh tế|vnexpress.net|unknow
Giá gas tiếp đà giảm mạnh|https://vnexpress.net/gia-gas-tiep-da-giam-manh-4470337.html|https://i1-kinhdoanh.vnecdn.net/2022/05/31/gas-cut-used-7314-1653996780.jpg?w=220&h=132&q=100&dpr=1&fit=crop&s=IyZywtXWDw9AtgRxy0vEiQ|TP HCM Từ 1/6, mỗi bình gas loại 12 kg đến tay người tiêu dùng giảm 31.000 đồng, hạ xuống mức 456.000 đồng.|kinh tế|vnexpress.net|unknow
Viettel Global muốn bổ sung ngành bán buôn nông sản|https://vnexpress.net/viettel-global-muon-bo-sung-nganh-ban-buon-nong-san-4470286.html|https://i1-kinhdoanh.vnecdn.net/2022/05/31/viettelglobal3996-1653991598-6475-1653991794.jpg?w=220&h=132&q=100&dpr=1&fit=crop&s=KgCW76E2-xKYAYs0ySEELw|Viettel Global dự kiến kí hợp đồng thu mua nông sản với các công ty để trả nợ tiền mua thiết bị tại một số thị trường đang bị thiếu nguồn USD.|kinh tế|vnexpress.net|unknow
AirAsia gia nhập thị trường gọi xe Thái Lan|https://vnexpress.net/airasia-gia-nhap-thi-truong-goi-xe-thai-lan-4470254.html|https://i1-kinhdoanh.vnecdn.net/2022/05/31/AirAsiaRIde-1653989025-3224-1653989088.jpg?w=220&h=132&q=100&dpr=1&fit=crop&s=iCfzcI7-Io9vXzGArHwrPg|Hãng hàng không giá rẻ AirAsia ra mắt dịch vụ gọi xe công nghệ tại Bangkok để đón đầu nhu cầu di chuyển khi du lịch mở cửa trở lại.|kinh tế|vnexpress.net|unknow
Tăng trưởng TP HCM nửa năm có thể đạt 3%|https://vnexpress.net/tang-truong-tp-hcm-nua-nam-co-the-dat-3-4470220.html|https://i1-kinhdoanh.vnecdn.net/2022/05/31/32be4af116fe9cfaa623b910b53117-9561-3509-1653985257.jpg?w=220&h=132&q=100&dpr=1&fit=crop&s=tEKxhiodtT2bij00iI8e2A|Theo tổng kết đánh giá và dựa trên số liệu từ các kịch bản dự đoán, 6 tháng đầu năm nay, TP HCM có thể tăng trưởng 2,5-3%|kinh tế|vnexpress.net|unknow
Thu ngân sách 5 tháng đầu năm tăng tốt|https://vnexpress.net/thu-ngan-sach-5-thang-dau-nam-tang-tot-4470042.html|https://i1-kinhdoanh.vnecdn.net/2022/05/31/thungnsch-1653966305-9133-1653966367.jpg?w=220&h=132&q=100&dpr=1&fit=crop&s=1ERIBzzhYWcNOCLEuFbQOw|Thu ngân sách do ngành thuế quản lý tăng gần 17% so với cùng kỳ 2021, riêng tại TP HCM, thu dầu thô đã vượt dự toán cả năm.|kinh tế|vnexpress.net|unknow
Startup làm nông trại bên trong toà nhà chọc trời|https://vnexpress.net/startup-lam-nong-trai-ben-trong-toa-nha-choc-troi-4467101.html|https://i1-kinhdoanh.vnecdn.net/2022/05/30/tam-1653912292-3916-1653912371.jpg?w=220&h=132&q=100&dpr=1&fit=crop&s=0qKz_x-KoBrbZakULxqnuw|Khi các kệ rau ở Hong Kong trống trơn vì đứt gãy nguồn cung do Covid, Gordon Tam nhìn thấy cơ hội cho mô hình “nông trại thẳng đứng” tại các tòa nhà cao tầng.|kinh tế|vnexpress.net|unknow
